{"type":"FeatureCollection","features":[{"type":"Feature","properties":{"featurecla":"Indefinite (please verify)","adm0_a3_l":"CAN","adm0_a3_r":"USA"},"geometry":{"type":"LineString","coordinates":[[-124.7589,48.494],[-124.0051,48.2796],[-123.5851,48.2127],[-123.273,48.2667],[-123.2318,48.2892],[-123.1193,48.4154],[-123.1778,48.4665],[-123.2601,48.6826],[-123.0052,48.7567],[-123.0031,48.7854],[-123.0052,48.815],[-123.3126,48.9925]]}},{"type":"Feature","properties":{"featurecla":"International boundary (verify)","adm0_a3_l":"SWE","adm0_a3_r":"NOR"},"geometry":{"type":"LineString","coordinates":[[11.4375,58.9917],[11.3583,59.1003],[11.2035,59.0991],[11.132,59.0728],[11.0897,58.9813],[11.0543,58.9613],[10.907,58.9369]]}},{"type":"Feature","properties":{"featurecla":"International boundary (verify)","adm0_a3_l":"DNK","adm0_a3_r":"DEU"},"geometry":{"type":"MultiLineString","coordinates":[[[8.3941,55.0963],[8.4662,55.0589],[8.4768,55.0039],[8.5425,54.9734],[8.5554,54.9196],[8.6608,54.8963]],[[9.4375,54.8104],[9.5856,54.8786],[9.6047,54.8542],[9.6791,54.8275],[9.8855,54.8308],[10.0387,54.768]]]}},{"type":"Feature","properties":{"featurecla":"International boundary (verify)","adm0_a3_l":"SGP","adm0_a3_r":"MYS"},"geometry":{"type":"LineString","coordinates":[[104.0677,1.2774],[104.0647,1.3958],[104.052,1.4163],[103.9518,1.4086],[103.8404,1.4615],[103.8102,1.4601],[103.6945,1.4358],[103.6758,1.4172],[103.5774,1.2756],[103.5999,1.2059]]}},{"type":"Feature","properties":{"featurecla":"International boundary (verify)","adm0_a3_l":"URY","adm0_a3_r":"ARG"},"geometry":{"type":"LineString","coordinates":[[-58.2001,-32.4471],[-58.2067,-32.487],[-58.1616,-32.7822],[-58.111,-32.8755],[-58.0999,-32.9873],[-58.1099,-33.0419],[-58.1533,-33.0877],[-58.3643,-33.1065],[-58.3829,-33.1213],[-58.397,-33.2005],[-58.3804,-33.2876],[-58.4515,-33.4013],[-58.4513,-33.4801],[-58.4835,-33.5881],[-58.4612,-33.8004],[-58.4251,-33.9183]]}},{"type":"Feature","properties":{"featurecla":"International boundary (verify)","adm0_a3_l":"FIN","adm0_a3_r":"SWE"},"geometry":{"type":"MultiLineString","coordinates":[[[24.1586,65.799],[24.1146,65.7529],[24.1938,65.696],[24.1821,65.6691],[24.1977,65.6242],[24.117,65.5047]],[[24.1631,65.8227],[24.1588,65.7995]]]}},{"type":"Feature","properties":{"featurecla":"International boundary (verify)","adm0_a3_l":"DEU","adm0_a3_r":"POL"},"geometry":{"type":"LineString","coordinates":[[14.2639,53.7],[14.2772,53.7351],[14.2634,53.7801],[14.2013,53.8772]]}},{"type":"Feature","properties":{"featurecla":"International boundary (verify)","adm0_a3_l":"IRQ","adm0_a3_r":"IRN"},"geometry":{"type":"LineString","coordinates":[[48.5966,29.9306],[48.531,29.9614]]}},{"type":"Feature","properties":{"featurecla":"International boundary (verify)","adm0_a3_l":"BGD","adm0_a3_r":"IND"},"geometry":{"type":"LineString","coordinates":[[89.0604,22.1298],[89.0489,22.0789],[89.0725,22.0168],[89.075,21.9572],[89.07,21.9361],[89.0265,21.9162],[89.0402,21.7896],[89.1338,21.6458]]}},{"type":"Feature","properties":{"featurecla":"International boundary (verify)","adm0_a3_l":"MEX","adm0_a3_r":"BLZ"},"geometry":{"type":"MultiLineString","coordinates":[[[-88.3038,18.4814],[-88.2799,18.4685],[-88.2652,18.4165],[-88.0386,18.4159],[-88.0333,18.1836],[-87.9279,18.1661],[-87.877,18.2125],[-87.8669,18.1807],[-87.8246,18.181]],[[-92.2463,14.5463],[-92.2462,14.5463]]]}},{"type":"Feature","properties":{"featurecla":"International boundary (verify)","adm0_a3_l":"ARG","adm0_a3_r":"CHL"},"geometry":{"type":"MultiLineString","coordinates":[[[-68.6419,-54.7837],[-68.642,-54.7992]],[[-68.6541,-54.8862],[-68.664,-54.9135],[-68.2589,-54.8769],[-67.2026,-54.9187],[-66.8529,-54.9952],[-66.5213,-55.1081],[-66.4287,-55.1209]]]}},{"type":"Feature","properties":{"featurecla":"International boundary (verify)","adm0_a3_l":"IND","adm0_a3_r":"PAK"},"geometry":{"type":"LineString","coordinates":[[68.183,23.8422],[68.1548,23.7537],[68.1664,23.6835],[68.1127,23.6434]]}},{"type":"Feature","properties":{"featurecla":"International boundary (verify)","adm0_a3_l":"CAN","adm0_a3_r":"USA"},"geometry":{"type":"LineString","coordinates":[[-130.0196,55.908],[-130.0275,55.8773],[-130.1454,55.7658],[-130.1443,55.7238],[-130.106,55.6531],[-130.1244,55.5749],[-130.1145,55.5401],[-130.0512,55.4595],[-130.0214,55.3464],[-129.9798,55.3015],[-129.978,55.2732],[-130.0636,55.2186],[-130.1418,55.1441],[-130.2225,55.0274],[-130.3168,54.9368],[-130.3901,54.8809],[-130.6417,54.7605],[-130.621,54.7084]]}},{"type":"Feature","properties":{"featurecla":"International boundary (verify)","adm0_a3_l":"MAC","adm0_a3_r":"CHN"},"geometry":{"type":"LineString","coordinates":[[113.616,22.2161],[113.5388,22.2212],[113.5182,22.1835],[113.5411,22.1027],[113.633,22.1201]]}},{"type":"Feature","properties":{"featurecla":"International boundary (verify)","adm0_a3_l":"CAN","adm0_a3_r":"USA"},"geometry":{"type":"MultiLineString","coordinates":[[[-123.0277,48.9926],[-122.753,48.9925]],[[-123.3126,48.9925],[-123.0905,48.9925]]]}},{"type":"Feature","properties":{"featurecla":"International boundary (verify)","adm0_a3_l":"LTU","adm0_a3_r":"RUS"},"geometry":{"type":"LineString","coordinates":[[20.9894,55.2731],[21.2087,55.2409],[21.2675,55.2486]]}},{"type":"Feature","properties":{"featurecla":"International boundary (verify)","adm0_a3_l":"AGO","adm0_a3_r":"COD"},"geometry":{"type":"LineString","coordinates":[[13.1839,-5.8564],[13.0038,-5.8777],[12.7665,-6.0021],[12.6404,-6.015],[12.449,-6.071],[12.2765,-6.0039]]}},{"type":"Feature","properties":{"featurecla":"International boundary (verify)","adm0_a3_l":"CMR","adm0_a3_r":"NGA"},"geometry":{"type":"LineString","coordinates":[[8.5942,4.8153],[8.5657,4.8063],[8.5507,4.7182],[8.5106,4.6718]]}},{"type":"Feature","properties":{"featurecla":"International boundary (verify)","adm0_a3_l":"MYS","adm0_a3_r":"IDN"},"geometry":{"type":"MultiLineString","coordinates":[[[117.5671,4.1597],[117.6104,4.1484],[117.7036,4.1634]],[[117.907,4.1567],[117.9685,4.1543],[118.0184,4.1323]]]}},{"type":"Feature","properties":{"featurecla":"International boundary (verify)","adm0_a3_l":"BOL","adm0_a3_r":"CHL"},"geometry":{"type":"MultiLineString","coordinates":[[[-69.51,-17.5066],[-69.4971,-17.6214],[-69.3594,-17.7594],[-69.3342,-17.8058],[-69.3179,-17.9516],[-69.29,-17.9766]],[[-69.262,-17.964],[-69.2348,-17.993],[-69.1408,-18.0308]],[[-69.29,-17.9766],[-69.262,-17.964]],[[-69.0921,-18.0233],[-69.0892,-18.0831],[-69.1554,-18.1402],[-69.1412,-18.1868],[-69.1004,-18.2343],[-69.0778,-18.3988],[-69.0344,-18.4783],[-69.0338,-18.6495],[-69.0035,-18.7027],[-69.0105,-18.7445],[-68.9514,-18.8673],[-68.9598,-18.9078],[-68.9896,-18.9465],[-68.9617,-18.9694],[-68.9085,-19.0679],[-68.8154,-19.1133],[-68.6985,-19.2156],[-68.6633,-19.2736],[-68.4932,-19.377],[-68.4476,-19.4346],[-68.5102,-19.4716],[-68.631,-19.642],[-68.7032,-19.7155],[-68.6984,-19.7463],[-68.5535,-19.8579],[-68.5446,-19.9348],[-68.5745,-20.0352],[-68.5972,-20.0567]],[[-69.1408,-18.0308],[-69.0921,-18.0233]],[[-68.5972,-20.0567],[-68.6221,-20.0513]],[[-68.6221,-20.0513],[-68.7755,-20.0897],[-68.7926,-20.1066],[-68.7895,-20.1259],[-68.7263,-20.151],[-68.7295,-20.2287],[-68.6785,-20.3286],[-68.7577,-20.3643],[-68.7654,-20.4212],[-68.6855,-20.5168],[-68.481,-20.6247],[-68.4816,-20.643],[-68.5502,-20.699],[-68.5728,-20.7429],[-68.572,-20.8724],[-68.5551,-20.9139],[-68.496,-20.9416]],[[-68.4539,-20.9398],[-68.4163,-20.9598],[-68.2075,-21.2843],[-68.1937,-21.3285],[-68.1906,-21.6064],[-68.1284,-21.7123],[-68.092,-21.9684],[-67.9902,-22.0576],[-67.9606,-22.1029],[-67.9766,-22.1598],[-67.9348,-22.2517],[-67.9519,-22.3341],[-67.8592,-22.5473],[-67.8915,-22.7929],[-67.8763,-22.8336],[-67.8379,-22.8408]],[[-68.496,-20.9416],[-68.4539,-20.9398]],[[-67.6168,-22.8973],[-67.1939,-22.8222]],[[-67.833,-22.8401],[-67.8036,-22.8787],[-67.7714,-22.8887],[-67.6168,-22.8973]],[[-67.8379,-22.8408],[-67.833,-22.8401]]]}},{"type":"Feature","properties":{"featurecla":"International boundary (verify)","adm0_a3_l":"CHL","adm0_a3_r":"PER"},"geometry":{"type":"LineString","coordinates":[[-69.51,-17.5066],[-69.6839,-17.656],[-69.8181,-17.6591],[-69.8498,-17.6916],[-69.8576,-17.7342],[-69.7824,-17.9439],[-69.7831,-17.9816],[-69.8653,-18.1446],[-69.9703,-18.2506],[-70.1591,-18.326],[-70.3179,-18.3212],[-70.3947,-18.3377]]}},{"type":"Feature","properties":{"featurecla":"International boundary (verify)","adm0_a3_l":"CHL","adm0_a3_r":"ARG"},"geometry":{"type":"LineString","coordinates":[[-67.2847,-23.8341],[-67.014,-23.0007],[-67.1939,-22.8222]]}},{"type":"Feature","properties":{"featurecla":"International boundary (verify)","adm0_a3_l":"CYP","adm0_a3_r":"ESB"},"geometry":{"type":"MultiLineString","coordinates":[[[33.7779,34.9847],[33.7661,34.9903]],[[33.7661,34.9903],[33.7709,34.9801]],[[33.7819,34.9762],[33.7944,34.9778],[33.7865,34.9847]],[[33.7865,34.9847],[33.7779,34.9847]],[[33.7755,34.9801],[33.781,34.9763]],[[33.7709,34.9801],[33.7755,34.9801]]]}},{"type":"Feature","properties":{"featurecla":"International boundary (verify)","adm0_a3_l":"ESB","adm0_a3_r":"CYP"},"geometry":{"type":"MultiLineString","coordinates":[[[33.7462,35.0152],[33.7428,35.0012]],[[33.7428,35.0012],[33.7462,35.0152]]]}},{"type":"Feature","properties":{"featurecla":"Disputed (please verify)","adm0_a3_l":"CHN","adm0_a3_r":"IND"},"geometry":{"type":"MultiLineString","coordinates":[[[77.8003,35.4954],[77.8342,35.4522],[77.8831,35.4311]],[[77.9859,35.4942],[78.0443,35.4916],[78.0556,35.4529],[78.0098,35.3475],[78.0012,35.2689],[78.13,35.0554],[78.1481,34.9431],[78.2114,34.8483],[78.296,34.6247],[78.3794,34.5787],[78.6646,34.5264],[78.7507,34.4713],[78.8017,34.415],[78.9221,34.3723],[78.9762,34.3092],[78.9885,34.2631],[78.9762,34.2172],[78.9032,34.1581],[78.7301,34.0793],[78.7211,33.9944],[78.7873,33.8084],[78.7814,33.5528],[78.8243,33.4611],[78.9177,33.3863]],[[77.8831,35.4311],[77.9859,35.4942]]]}},{"type":"Feature","properties":{"featurecla":"Disputed (please verify)","adm0_a3_l":"PSX","adm0_a3_r":"ISR"},"geometry":{"type":"LineString","coordinates":[[34.2484,31.2114],[34.3509,31.2893],[34.3458,31.3577],[34.3673,31.3928],[34.556,31.5398],[34.4812,31.5831]]}},{"type":"Feature","properties":{"featurecla":"Disputed (please verify)","adm0_a3_l":"PSX","adm0_a3_r":"ISR"},"geometry":{"type":"LineString","coordinates":[[35.561,32.3847],[35.4069,32.4148],[35.3929,32.4945],[35.3631,32.5101],[35.2704,32.5105],[35.2086,32.5426],[35.0644,32.4631],[35.0216,32.3446],[34.9966,32.323],[34.9899,32.2785],[35.0094,32.2676],[35.0076,32.2444],[34.9582,32.1865],[35.0072,32.0208],[34.9867,31.9672]]}},{"type":"Feature","properties":{"featurecla":"Indefinite (please verify)","adm0_a3_l":"LBN","adm0_a3_r":"ISR"},"geometry":{"type":"MultiLineString","coordinates":[[[35.5612,33.2821],[35.5978,33.2444]],[[35.3452,33.0556],[35.4801,33.0874],[35.5123,33.1474],[35.5278,33.2443],[35.5612,33.2821]],[[35.5979,33.2444],[35.6039,33.2401]],[[35.5978,33.2444],[35.5979,33.2444]],[[35.2837,33.1012],[35.3452,33.0556]],[[35.2345,33.0909],[35.2837,33.1012]],[[35.2072,33.0948],[35.2345,33.0909]],[[35.1853,33.084],[35.2072,33.0948]],[[35.1052,33.089],[35.1853,33.084]]]}},{"type":"Feature","properties":{"featurecla":"Disputed (please verify)","adm0_a3_l":"SDS","adm0_a3_r":"ETH"},"geometry":{"type":"MultiLineString","coordinates":[[[35.3208,5.3487],[35.2507,5.4351],[35.2693,5.4918]],[[35.5982,5.3687],[35.508,5.4234],[35.4693,5.4308]],[[35.4693,5.4308],[35.4302,5.4272],[35.3675,5.368],[35.3208,5.3487]],[[35.9208,4.6193],[35.7845,4.7642],[35.7516,4.8544],[35.7559,5.0634],[35.8074,5.1447],[35.7753,5.2466],[35.8091,5.3091],[35.6583,5.3864]],[[35.6583,5.3864],[35.5982,5.3687]]]}},{"type":"Feature","properties":{"featurecla":"Indefinite (please verify)","adm0_a3_l":"SOM","adm0_a3_r":"ETH"},"geometry":{"type":"MultiLineString","coordinates":[[[47.9792,7.9966],[46.4239,6.4967],[45.936,5.9967],[44.9415,4.9115],[44.9126,4.8994]],[[44.9126,4.8994],[43.969,4.954]],[[43.969,4.954],[43.5285,4.8416],[43.1193,4.6477],[42.9604,4.5174],[42.8996,4.3611],[42.8316,4.3023],[42.2973,4.2017],[42.1029,4.1919],[41.9235,4.0706],[41.9175,4.0205],[41.885,3.9772]]]}},{"type":"Feature","properties":{"featurecla":"Disputed (please verify)","adm0_a3_l":"SDS","adm0_a3_r":"KEN"},"geometry":{"type":"LineString","coordinates":[[35.7394,4.6811],[35.7784,4.6783],[35.7812,4.6199]]}},{"type":"Feature","properties":{"featurecla":"Disputed (please verify)","adm0_a3_l":"TZA","adm0_a3_r":"MWI"},"geometry":{"type":"MultiLineString","coordinates":[[[34.0127,-9.4775],[34.0798,-9.511],[34.2881,-9.7085],[34.3179,-9.7192],[34.3317,-9.7692],[34.5247,-10.0088],[34.5378,-10.0539],[34.5247,-10.0948],[34.5856,-10.29],[34.5651,-10.4098],[34.593,-10.4817],[34.5811,-10.5397],[34.6089,-10.582]],[[33.9119,-9.718],[33.9549,-9.6606],[33.9645,-9.5947],[33.9459,-9.55],[34.0127,-9.4775]],[[34.6176,-10.5815],[34.66,-10.6655],[34.6476,-10.7084],[34.675,-10.7524],[34.6567,-10.7699],[34.6455,-10.9132],[34.593,-11.0162],[34.6211,-11.1197],[34.7079,-11.195],[34.7287,-11.254],[34.7575,-11.2776],[34.737,-11.2968],[34.7656,-11.3451]],[[34.6089,-10.582],[34.6176,-10.5815]],[[34.7923,-11.3309],[34.8866,-11.3754],[34.9607,-11.4985],[34.9646,-11.5736]],[[34.7656,-11.3451],[34.7923,-11.3309]]]}},{"type":"Feature","properties":{"featurecla":"Disputed (please verify)","adm0_a3_l":"CHN","adm0_a3_r":"IND"},"geometry":{"type":"MultiLineString","coordinates":[[[96.2947,28.9923],[96.3666,29.0365],[96.4576,28.9946],[96.4521,28.9704],[96.4922,28.948],[96.5108,28.8855],[96.5767,28.8085],[96.598,28.7099],[96.501,28.6876],[96.5024,28.6445],[96.3365,28.4797],[96.3019,28.4207],[96.3696,28.3781],[96.5615,28.4473],[96.7169,28.4365],[96.9658,28.3305],[97.0784,28.3751],[97.2105,28.3081],[97.2297,28.2746],[97.3235,28.2175]],[[91.6283,27.8527],[91.6801,27.8498],[91.7299,27.8041],[91.8266,27.8076],[91.8649,27.73],[91.9522,27.7248],[91.9889,27.7694],[92.0649,27.7617],[92.1263,27.8127],[92.2396,27.8653],[92.3039,27.7862],[92.3292,27.8329],[92.3501,27.8025],[92.3679,27.8038],[92.3928,27.856],[92.4276,27.8212],[92.4751,27.8466],[92.575,27.8478],[92.6365,27.8954],[92.6837,27.9105],[92.7364,27.9859],[92.6893,28.0483],[92.6389,28.0575],[92.6786,28.1331],[92.7792,28.1959],[92.7902,28.1789],[92.8348,28.1835],[92.9038,28.2497],[92.9749,28.2823],[93.2078,28.3405],[93.2181,28.3946],[93.1863,28.432],[93.287,28.5205],[93.3172,28.6035],[93.4462,28.6719],[93.6255,28.6724],[93.7225,28.6966],[93.7817,28.6805],[93.8631,28.7049],[93.9278,28.6828],[93.9816,28.7681],[93.992,28.8446],[94.1354,28.8978],[94.1737,28.9302],[94.2502,28.9331],[94.3473,29.0243],[94.2708,29.0979],[94.2875,29.1479],[94.3358,29.1496],[94.3964,29.2071],[94.5148,29.2211],[94.5999,29.3166],[94.6304,29.3195],[94.7042,29.2847],[94.7677,29.2139],[94.7615,29.1747],[94.7766,29.1667],[94.9891,29.154],[95.1997,29.0942],[95.2249,29.0594],[95.3674,29.0365],[95.4876,29.069],[95.5214,29.1379],[95.5153,29.2094],[95.5502,29.2125],[95.5644,29.2456],[95.7172,29.2183],[95.7474,29.2737],[95.7448,29.3404],[95.7959,29.3529],[95.8631,29.324],[95.9537,29.3592],[96.142,29.3685],[96.1763,29.2865],[96.2353,29.2412],[96.2678,29.2417],[96.3371,29.2797],[96.3662,29.2572],[96.3164,29.1719],[96.2101,29.1458],[96.1746,29.1088],[96.1953,28.9411],[96.2486,28.9453],[96.2973,28.9951]]]}},{"type":"Feature","properties":{"featurecla":"Line of control (please verify)","name":"Ceasefire Lines 1974","adm0_a3_l":"SYR","adm0_a3_r":"ISR"},"geometry":{"type":"LineString","coordinates":[[35.8211,33.4067],[35.8099,33.36],[35.7638,33.3344],[35.8021,33.3125],[35.7686,33.2727],[35.8036,33.2485],[35.8077,33.2017],[35.8302,33.19],[35.8115,33.1119],[35.8489,33.0987],[35.859,32.9902],[35.8881,32.9449],[35.8497,32.8958],[35.8342,32.8279],[35.7576,32.7443]]}},{"type":"Feature","properties":{"featurecla":"Disputed (please verify)","adm0_a3_l":"SOL","adm0_a3_r":"SOM"},"geometry":{"type":"LineString","coordinates":[[47.9792,7.9966],[48.9391,9.4512],[48.9391,11.2491]]}},{"type":"Feature","properties":{"featurecla":"Disputed (please verify)","adm0_a3_l":"SUR","adm0_a3_r":"FRA"},"geometry":{"type":"MultiLineString","coordinates":[[[-54.2112,3.1274],[-54.1766,3.2006],[-54.0802,3.3097]],[[-54.5512,2.3381],[-54.5203,2.3489],[-54.4934,2.4171],[-54.4235,2.4359],[-54.3756,2.4838],[-54.2853,2.678],[-54.1702,2.8531],[-54.1913,2.8773],[-54.163,2.956],[-54.1851,2.9978],[-54.1692,3.0107],[-54.1907,3.0591],[-54.1747,3.0939],[-54.188,3.131]],[[-54.188,3.131],[-54.2112,3.1274]],[[-54.5848,2.3483],[-54.5512,2.3381]],[[-54.6153,2.3263],[-54.5848,2.3483]]]}},{"type":"Feature","properties":{"featurecla":"Disputed (please verify)","adm0_a3_l":"GUY","adm0_a3_r":"SUR"},"geometry":{"type":"MultiLineString","coordinates":[[[-57.2649,3.1326],[-57.286,3.1424],[-57.2749,3.169],[-57.2925,3.2763],[-57.2805,3.3298],[-57.3084,3.3949]],[[-57.3084,3.3949],[-57.3668,3.3656]],[[-57.3668,3.3656],[-57.425,3.3875]],[[-57.425,3.3875],[-57.4309,3.3606],[-57.4763,3.3389]],[[-57.4763,3.3389],[-57.5353,3.3678]],[[-57.5353,3.3678],[-57.5542,3.3467]],[[-57.5542,3.3467],[-57.5964,3.3672]],[[-57.2092,3.0241],[-57.2222,3.0783],[-57.2486,3.1124],[-57.2395,3.1479]],[[-57.2395,3.1479],[-57.2649,3.1326]],[[-57.2232,3.0248],[-57.2092,3.0241]],[[-57.1746,2.819],[-57.2023,2.8462],[-57.2196,2.9083],[-57.1838,2.9447],[-57.1886,2.9595],[-57.2346,2.9704],[-57.2232,3.0248]],[[-57.1371,2.7711],[-57.1334,2.8326]],[[-57.1334,2.8326],[-57.1746,2.819]],[[-57.048,2.6365],[-57.1029,2.7405],[-57.0899,2.7739],[-57.0995,2.7786]],[[-57.0995,2.7786],[-57.1371,2.7711]],[[-56.9941,2.5049],[-56.9971,2.5551],[-57.0272,2.5936],[-57.0272,2.6482]],[[-57.0272,2.6482],[-57.048,2.6365]],[[-56.4818,1.9416],[-56.5,1.97],[-56.5798,2.0168],[-56.7052,2.0296],[-56.8015,2.166],[-56.8262,2.2617],[-56.8801,2.2948],[-56.895,2.3621],[-56.9308,2.3933],[-56.9596,2.5247]],[[-56.9596,2.5247],[-56.9941,2.5049]]]}},{"type":"Feature","properties":{"featurecla":"Line of control (please verify)","name":"Military Demarcation Line 1953","adm0_a3_l":"PRK","adm0_a3_r":"KOR"},"geometry":{"type":"MultiLineString","coordinates":[[[127.9718,38.3],[128.1085,38.3235],[128.2256,38.3998],[128.2811,38.4844],[128.2811,38.5844],[128.3649,38.6243]],[[127.7537,38.3254],[127.8008,38.2939]],[[127.4719,38.2959],[127.7537,38.3254]],[[127.3771,38.3185],[127.4719,38.2959]],[[127.2538,38.31],[127.3771,38.3185]],[[127.222,38.3127],[127.2538,38.31]],[[126.6675,37.8278],[126.6658,37.9376],[126.7619,37.979],[126.8473,38.082],[126.9198,38.1346],[126.9719,38.2189],[127.0905,38.2859],[127.222,38.3127]],[[127.8669,38.3048],[127.9718,38.3]],[[127.8008,38.2939],[127.8669,38.3048]]]}},{"type":"Feature","properties":{"featurecla":"Line of control (please verify)","adm0_a3_l":"SAH","adm0_a3_r":"MAR"},"geometry":{"type":"MultiLineString","coordinates":[[[-8.817,27.6615],[-8.7734,27.46],[-8.8017,27.3604],[-8.7958,27.3077],[-8.7529,27.1905],[-8.7529,27.1505],[-8.7939,27.1202],[-9.0834,27.0899]],[[-9.0834,27.0899],[-9.2075,27.0997]],[[-9.2075,27.0997],[-9.4121,27.088],[-9.4863,27.0499],[-9.7344,26.8604],[-9.8994,26.8497]],[[-10.2505,26.8604],[-10.5503,26.9903],[-10.7568,27.0196]],[[-10.7568,27.0196],[-10.9218,27.0098],[-11.3916,26.8829],[-11.3603,26.793],[-11.3159,26.7442],[-11.3159,26.6836],[-11.3369,26.6329],[-11.5107,26.4698],[-11.6835,26.213],[-11.7172,26.1036],[-12.0298,26.0304],[-12.06,25.9903],[-12.0801,25.8702],[-12.1699,25.6397],[-12.31,25.1104],[-12.4301,24.8302],[-12.6298,24.6798],[-12.9902,24.4698],[-13.06,24.4005],[-13.23,24.0899],[-13.31,23.9806],[-13.77,23.7901],[-13.8398,23.7501],[-13.8901,23.6905],[-14.02,23.4103],[-14.1001,23.0997],[-14.1699,22.7599],[-14.1899,22.4503],[-14.2202,22.3096],[-14.3101,22.1905],[-14.4399,22.0802],[-14.4599,22.0401],[-14.6299,21.8604],[-14.6098,21.7501],[-14.6699,21.5997],[-14.75,21.5001],[-14.8398,21.4503],[-15.1499,21.4405]],[[-9.8994,26.8497],[-10.0317,26.9102]],[[-10.0317,26.9102],[-10.1884,26.8604],[-10.2505,26.8604]],[[-15.4599,21.4503],[-15.9199,21.5001]],[[-15.9199,21.5001],[-16.73,21.4698],[-17.0137,21.42]],[[-15.1499,21.4405],[-15.29,21.4503]],[[-15.29,21.4503],[-15.4599,21.4503]]]}},{"type":"Feature","properties":{"featurecla":"International boundary (verify)","adm0_a3_l":"NIC","adm0_a3_r":"CRI"},"geometry":{"type":"LineString","coordinates":[[-84.3555,10.9946],[-84.3107,10.9194],[-84.2084,10.861],[-84.2046,10.837],[-84.2271,10.8193],[-84.1916,10.7817]]}},{"type":"Feature","properties":{"featurecla":"International boundary (verify)","adm0_a3_l":"COD","adm0_a3_r":"COG"},"geometry":{"type":"MultiLineString","coordinates":[[[18.6264,3.4769],[18.6424,3.3238],[18.6311,3.179],[18.6131,3.1282],[18.5284,3.0648],[18.3932,2.7137],[18.3137,2.576],[18.233,2.5026],[18.1991,2.3891],[18.1638,2.321],[18.1112,2.2653],[18.0724,2.16],[18.0714,1.5515],[18.0123,1.422],[17.9562,1.1717],[17.8666,1.0166],[17.8779,0.8679],[17.9077,0.7405],[17.8932,0.6077],[17.9499,0.4915],[17.9455,0.3773],[17.854,0.2411],[17.7571,-0.0095],[17.7164,-0.1958],[17.7495,-0.5234],[17.4115,-0.9183],[17.308,-1.015],[17.0226,-1.097],[16.8332,-1.269],[16.6362,-1.6208],[16.6042,-1.7541],[16.514,-1.8874],[16.2313,-2.129],[16.1946,-2.182],[16.1749,-2.3031],[16.1917,-2.3469],[16.2256,-2.6352],[16.177,-2.8825],[16.1934,-3.2384],[16.2275,-3.2899],[16.2256,-3.3132],[16.1155,-3.5442],[16.0533,-3.62],[15.9911,-3.7389],[15.9121,-3.9174],[15.8442,-3.9656],[15.7112,-3.9922],[15.5338,-4.058],[15.4904,-4.1752],[15.4589,-4.2139],[15.204,-4.339],[15.0979,-4.4999],[15.0228,-4.5471],[14.931,-4.6469],[14.8312,-4.8151],[14.7022,-4.8896],[14.6345,-4.9036]],[[14.4007,-4.8863],[14.4109,-4.7011],[14.3658,-4.6273],[14.3508,-4.559],[14.4246,-4.5023],[14.4697,-4.4293],[14.3927,-4.3528],[14.3871,-4.2771]],[[14.3871,-4.2771],[14.28,-4.3128],[14.1847,-4.3775],[14.0211,-4.4154],[13.9346,-4.4985]],[[13.8763,-4.4917],[13.8329,-4.4412],[13.79,-4.4246]],[[13.79,-4.4246],[13.711,-4.4645],[13.7218,-4.561],[13.6991,-4.6427],[13.7059,-4.6943]],[[13.9346,-4.4985],[13.9044,-4.4898]],[[13.9044,-4.4898],[13.8763,-4.4917]],[[13.3926,-4.8853],[13.3588,-4.7948],[13.274,-4.7558],[13.1821,-4.6861],[13.1124,-4.5769]],[[13.1124,-4.5769],[13.088,-4.5795],[13.0715,-4.6016],[13.0737,-4.6353]],[[13.7059,-4.6943],[13.6901,-4.6911]],[[13.6901,-4.6911],[13.6665,-4.7327]],[[13.6665,-4.7327],[13.634,-4.7257]],[[13.634,-4.7257],[13.5707,-4.7859]],[[13.5707,-4.7859],[13.5262,-4.7543]],[[13.5262,-4.7543],[13.4823,-4.7748],[13.4935,-4.7997],[13.3926,-4.8853]],[[14.5325,-4.8562],[14.5015,-4.8407]],[[14.5015,-4.8407],[14.4007,-4.8863]],[[14.6345,-4.9036],[14.5539,-4.8552]],[[14.5539,-4.8552],[14.5325,-4.8562]]]}},{"type":"Feature","properties":{"featurecla":"International boundary (verify)","adm0_a3_l":"BTN","adm0_a3_r":"CHN"},"geometry":{"type":"LineString","coordinates":[[91.6283,27.8527],[91.6528,27.9167],[91.638,27.9397],[91.4188,27.9947],[91.3414,28.0306],[91.2902,28.0914],[91.2697,28.0729],[91.1947,28.0706],[91.0926,27.9717],[91.0519,27.9628],[90.9751,27.9821],[90.9095,28.0327],[90.7269,28.0617],[90.6675,28.0903],[90.5753,28.0658],[90.4752,28.0723]]}},{"type":"Feature","properties":{"featurecla":"International boundary (verify)","adm0_a3_l":"BLR","adm0_a3_r":"UKR"},"geometry":{"type":"MultiLineString","coordinates":[[[31.4749,52.1178],[31.6499,52.0968]],[[31.229,52.0382],[31.3044,52.0975],[31.3831,52.1175],[31.4749,52.1178]],[[31.6499,52.0968],[31.7643,52.1006]],[[31.0963,52.0796],[31.229,52.0382]],[[30.9152,51.9926],[30.9501,52.0068],[30.9113,52.0226],[30.9344,52.0697],[31.0963,52.0796]],[[30.9028,52.0],[30.9152,51.9926]],[[30.7795,51.8979],[30.8106,51.9184],[30.8031,51.9391],[30.858,51.9576],[30.9028,52.0]],[[25.1833,51.9498],[25.352,51.9215],[25.6835,51.918]],[[24.7218,51.8823],[25.0027,51.9105],[25.1833,51.9498]],[[25.7679,51.9285],[25.9811,51.9035]],[[25.6835,51.918],[25.7679,51.9285]],[[26.0506,51.9048],[26.1753,51.8567],[26.4078,51.8506],[26.4192,51.8209],[26.4456,51.8056],[26.6657,51.8014],[26.9208,51.7425]],[[25.9811,51.9035],[26.0506,51.9048]],[[30.7497,51.8996],[30.7795,51.8979]],[[30.6182,51.4597],[30.5629,51.5218],[30.584,51.5423],[30.5226,51.5627],[30.5431,51.5826],[30.5151,51.6037],[30.5566,51.6236],[30.5703,51.6999],[30.625,51.7061],[30.6462,51.7545],[30.6182,51.7613],[30.6706,51.7905],[30.662,51.8194],[30.7497,51.8996]],[[24.6398,51.8921],[24.7218,51.8823]],[[23.9413,51.5819],[23.9813,51.586],[24.2441,51.7182],[24.2723,51.7429],[24.3115,51.8276],[24.3696,51.8751],[24.6398,51.8921]],[[27.0216,51.7645],[27.1779,51.7471],[27.189,51.6638],[27.2236,51.6537]],[[26.9208,51.7425],[27.0216,51.7645]],[[27.2479,51.6557],[27.2775,51.6511],[27.254,51.5954],[27.2675,51.5875]],[[27.2236,51.6537],[27.2479,51.6557]],[[28.21,51.652],[28.2451,51.6406],[28.2578,51.6018],[28.3109,51.5744],[28.3469,51.5252]],[[28.0708,51.5576],[28.21,51.652]],[[23.7262,51.6449],[23.8849,51.6199],[23.9413,51.5819]],[[23.6154,51.5131],[23.6287,51.5312],[23.5944,51.605],[23.629,51.629],[23.7262,51.6449]],[[29.0837,51.6312],[29.1604,51.6033],[29.2265,51.5191],[29.2278,51.4556],[29.2649,51.4329],[29.297,51.3737],[29.3199,51.3656]],[[28.7288,51.4013],[28.7516,51.4287],[28.7522,51.4837],[28.7999,51.5326],[28.8636,51.5589],[28.9808,51.5695],[29.0436,51.6262],[29.0837,51.6312]],[[27.4773,51.6237],[27.6927,51.5892],[27.7052,51.5684],[27.6641,51.4929],[27.7143,51.4637]],[[27.3884,51.5907],[27.4773,51.6237]],[[27.8542,51.6153],[27.9548,51.5608],[28.0708,51.5576]],[[27.7143,51.4637],[27.7873,51.5109],[27.7995,51.5852],[27.8542,51.6153]],[[27.3291,51.597],[27.3884,51.5907]],[[27.2675,51.5875],[27.3291,51.597]],[[28.4884,51.572],[28.6039,51.5535],[28.6373,51.4496],[28.6636,51.434]],[[28.3469,51.5252],[28.4353,51.5661],[28.4884,51.572]],[[23.6062,51.5174],[23.6154,51.5131]],[[29.6608,51.4931],[29.7,51.4837],[29.7379,51.4395],[29.8286,51.43]],[[29.4464,51.3849],[29.4663,51.3851],[29.5055,51.4375],[29.6608,51.4931]],[[30.1486,51.4844],[30.3202,51.4021],[30.33,51.3704],[30.3171,51.3406],[30.3838,51.2939]],[[29.9126,51.4574],[30.0087,51.4821],[30.1486,51.4844]],[[29.8863,51.4648],[29.9126,51.4574]],[[29.8286,51.43],[29.8863,51.4648]],[[30.6048,51.4612],[30.6182,51.4597]],[[30.5396,51.2352],[30.5799,51.3037],[30.6383,51.3359],[30.6324,51.3641],[30.6445,51.3727],[30.6182,51.4187],[30.584,51.4392],[30.6048,51.4612]],[[28.6911,51.4434],[28.7288,51.4013]],[[28.6636,51.434],[28.6911,51.4434]],[[29.4027,51.3961],[29.4464,51.3849]],[[29.3199,51.3656],[29.4027,51.3961]],[[30.4135,51.2941],[30.4807,51.2589]],[[30.3838,51.2939],[30.4135,51.2941]],[[30.4947,51.2599],[30.5396,51.2352]],[[30.4807,51.2589],[30.4947,51.2599]]]}},{"type":"Feature","properties":{"featurecla":"International boundary (verify)","adm0_a3_l":"ZAF","adm0_a3_r":"NAM"},"geometry":{"type":"MultiLineString","coordinates":[[[17.2452,-28.2374],[17.2131,-28.2321],[17.192,-28.2088],[17.1809,-28.0995],[17.1363,-28.0847],[17.0978,-28.0312],[17.0764,-28.0268]],[[17.0764,-28.0268],[17.012,-28.0583]],[[17.012,-28.0583],[16.9854,-28.0522]],[[16.9854,-28.0522],[16.9475,-28.0727]],[[16.9475,-28.0727],[16.9196,-28.0583]],[[16.9196,-28.0583],[16.893,-28.0826],[16.8782,-28.172]],[[16.852,-28.1683],[16.8438,-28.1639]],[[16.8438,-28.1639],[16.8357,-28.1742],[16.8564,-28.2066],[16.8411,-28.2099]],[[16.8782,-28.172],[16.8687,-28.1679]],[[16.8687,-28.1679],[16.852,-28.1683]],[[16.8411,-28.2099],[16.8198,-28.2097]],[[16.8198,-28.2097],[16.8152,-28.2708]],[[17.4409,-28.7096],[17.4036,-28.7043],[17.4206,-28.5934],[17.4096,-28.5714],[17.373,-28.5594],[17.3242,-28.4705],[17.3412,-28.4428],[17.3913,-28.4188],[17.4021,-28.3678],[17.3345,-28.2229]],[[17.3345,-28.2229],[17.2452,-28.2374]],[[16.8152,-28.2708],[16.7865,-28.2576]],[[16.7865,-28.2576],[16.7644,-28.2832],[16.8039,-28.3661],[16.7785,-28.383],[16.7693,-28.4426],[16.7205,-28.496]],[[19.9817,-28.4223],[19.9402,-28.4302]],[[19.9402,-28.4302],[19.9079,-28.4265]],[[19.9079,-28.4265],[19.8256,-28.4767],[19.7481,-28.4871],[19.6883,-28.516],[19.5792,-28.5252],[19.5117,-28.598],[19.4724,-28.6927],[19.339,-28.7375]],[[16.7205,-28.496],[16.7038,-28.4945],[16.6835,-28.4562]],[[16.6835,-28.4562],[16.5974,-28.5262],[16.4871,-28.5729]],[[17.661,-28.7723],[17.6071,-28.7557],[17.598,-28.6896],[17.5829,-28.6802]],[[17.5829,-28.6802],[17.4409,-28.7096]],[[19.339,-28.7375],[19.3045,-28.7187]],[[19.3045,-28.7187],[19.2659,-28.7426],[19.245,-28.7925],[19.2884,-28.8831],[19.2437,-28.8919],[19.1615,-28.9454],[19.0817,-28.9594]],[[18.1851,-28.9022],[18.0824,-28.876],[17.9133,-28.7813],[17.7463,-28.7486]],[[17.7463,-28.7486],[17.661,-28.7723]],[[19.0817,-28.9594],[19.0601,-28.9357],[19.0069,-28.9263],[18.9545,-28.8667],[18.7457,-28.8399]],[[18.7457,-28.8399],[18.5539,-28.8647],[18.4962,-28.8883]],[[18.4962,-28.8883],[18.475,-28.874]],[[18.475,-28.874],[18.3976,-28.8989]],[[18.3976,-28.8989],[18.3087,-28.88]],[[18.3087,-28.88],[18.1851,-28.9022]]]}},{"type":"Feature","properties":{"featurecla":"Indefinite (please verify)","adm0_a3_l":"ISR","adm0_a3_r":"LBN"},"geometry":{"type":"LineString","coordinates":[[35.8211,33.4067],[35.7694,33.3426],[35.7162,33.3267]]}},{"type":"Feature","properties":{"featurecla":"International boundary (verify)","adm0_a3_l":"SYR","adm0_a3_r":"LBN"},"geometry":{"type":"LineString","coordinates":[[35.8701,33.4312],[35.8211,33.4067]]}},{"type":"Feature","properties":{"featurecla":"Indefinite (please verify)","adm0_a3_l":"SYR","adm0_a3_r":"LBN"},"geometry":{"type":"MultiLineString","coordinates":[[[36.3089,34.6875],[36.3474,34.6441],[36.3912,34.6225]],[[36.2012,34.6245],[36.2715,34.631],[36.2882,34.6756],[36.3089,34.6875]],[[35.9826,34.6502],[36.0608,34.6279]],[[35.9699,34.6498],[35.9826,34.6502]],[[36.1783,34.6353],[36.2012,34.6245]],[[36.1559,34.6269],[36.1783,34.6353]],[[36.0872,34.631],[36.1559,34.6269]],[[36.0608,34.6279],[36.0872,34.631]],[[36.4402,34.6294],[36.4291,34.5932]],[[36.3912,34.6225],[36.4402,34.6294]],[[36.4291,34.5932],[36.4037,34.6038]],[[36.4037,34.6038],[36.3889,34.5962],[36.3835,34.5538],[36.3199,34.5141],[36.3382,34.4933]],[[36.3923,34.5001],[36.4335,34.4943],[36.4498,34.4645],[36.5019,34.4303]],[[36.3382,34.4933],[36.3923,34.5001]],[[36.5092,34.4324],[36.5306,34.4142],[36.5186,34.3536],[36.563,34.3085]],[[36.5019,34.4303],[36.5092,34.4324]],[[36.5703,34.309],[36.582,34.2999],[36.5675,34.2441],[36.6041,34.1991],[36.4884,34.0886],[36.4752,34.0535],[36.4451,34.0461]],[[36.563,34.3085],[36.5703,34.309]],[[36.4451,34.0461],[36.4122,34.0536]],[[36.4122,34.0536],[36.318,33.9805],[36.2672,33.9104],[36.3111,33.872],[36.3676,33.8575],[36.3696,33.837],[36.3383,33.8212]],[[36.3383,33.8212],[36.2318,33.8525]],[[36.2318,33.8525],[36.1657,33.8298]],[[36.1657,33.8298],[36.1383,33.8506]],[[36.1383,33.8506],[36.0504,33.8164],[35.9484,33.7092],[35.9472,33.6731],[35.9254,33.6617],[35.9216,33.6403],[36.0385,33.5863],[36.0198,33.5526],[35.9803,33.5339]],[[35.9803,33.5339],[35.9568,33.5342]],[[35.9568,33.5342],[35.9219,33.5146],[35.9354,33.4943],[35.9195,33.4624],[35.8701,33.4312]]]}},{"type":"Feature","properties":{"featurecla":"International boundary (verify)","adm0_a3_l":"SXM","adm0_a3_r":"MAF"},"geometry":{"type":"LineString","coordinates":[[-63.0176,18.0334],[-63.107,18.0621]]}},{"type":"Feature","properties":{"featurecla":"International boundary (verify)","adm0_a3_l":"OMN","adm0_a3_r":"ARE"},"geometry":{"type":"MultiLineString","coordinates":[[[56.2358,25.2112],[56.3444,25.2665],[56.3491,25.294],[56.2606,25.3311]],[[56.2606,25.3311],[56.2336,25.3125],[56.2449,25.278],[56.2084,25.2554],[56.2076,25.2208],[56.2358,25.2112]]]}},{"type":"Feature","properties":{"featurecla":"International boundary (verify)","adm0_a3_l":"MOZ","adm0_a3_r":"MWI"},"geometry":{"type":"MultiLineString","coordinates":[[[34.6941,-12.0004],[34.7383,-12.0095],[34.7624,-12.0403],[34.7325,-12.109],[34.689,-12.1245]],[[34.689,-12.1245],[34.669,-12.1178],[34.6559,-12.0763],[34.6941,-12.0004]]]}},{"type":"Feature","properties":{"featurecla":"International boundary (verify)","adm0_a3_l":"MOZ","adm0_a3_r":"MWI"},"geometry":{"type":"LineString","coordinates":[[34.5616,-11.9786],[34.5626,-11.978]]}},{"type":"Feature","properties":{"featurecla":"International boundary (verify)","adm0_a3_l":"UZB","adm0_a3_r":"KGZ"},"geometry":{"type":"MultiLineString","coordinates":[[[71.7418,39.9008],[71.7671,39.9154],[71.7855,39.9897]],[[71.7855,39.9897],[71.6655,39.9402],[71.7418,39.9008]]]}},{"type":"Feature","properties":{"featurecla":"International boundary (verify)","adm0_a3_l":"KAZ","adm0_a3_r":"CHN"},"geometry":{"type":"MultiLineString","coordinates":[[[87.1163,49.1298],[87.3238,49.0853]],[[86.9754,49.0924],[87.1163,49.1298]],[[86.8873,49.1068],[86.9754,49.0924]],[[86.4306,48.4859],[86.5651,48.5273],[86.6055,48.5901],[86.7445,48.7035],[86.7392,48.7835],[86.7895,48.8391],[86.718,48.9125],[86.7139,48.9699],[86.8382,49.0939],[86.8873,49.1068]],[[86.3338,48.4904],[86.4306,48.4859]],[[86.192,48.4182],[86.3338,48.4904]],[[86.006,48.4296],[86.192,48.4182]],[[85.4986,47.0518],[85.5568,47.1787],[85.6597,47.2065],[85.679,47.2749],[85.6704,47.3843],[85.5846,47.4929],[85.5954,47.6241],[85.5154,47.9203],[85.5618,48.0307],[85.5864,48.1412],[85.7474,48.3901],[85.7837,48.4076],[86.006,48.4296]],[[83.0991,47.2197],[83.1504,47.2115],[83.222,47.1719],[83.3534,47.145],[83.5245,47.0671],[83.9053,46.974]],[[82.3275,45.4933],[82.2915,45.5332],[82.3046,45.5829],[82.3722,45.7342],[82.4889,45.9017],[82.5683,46.1965],[82.6744,46.3311],[82.839,46.7324],[82.9855,46.9425],[83.0135,47.1946],[83.0991,47.2197]],[[85.4321,47.0531],[85.4986,47.0518]],[[85.3037,47.0394],[85.4321,47.0531]],[[85.2461,47.0444],[85.3037,47.0394]],[[84.7396,46.8148],[84.916,46.8506],[84.9758,46.902],[85.0482,46.9207],[85.1674,46.993],[85.2051,47.0337],[85.2461,47.0444]],[[84.2658,47.0001],[84.3886,46.993]],[[84.0696,46.9644],[84.1581,46.9931],[84.2658,47.0001]],[[84.4059,46.9942],[84.521,46.9698]],[[84.3886,46.993],[84.4059,46.9942]],[[84.616,46.9863],[84.6635,46.9839],[84.7317,46.9478],[84.7516,46.918],[84.7496,46.8825],[84.7155,46.8352],[84.7396,46.8148]],[[84.521,46.9698],[84.616,46.9863]],[[83.9992,46.9743],[84.0696,46.9644]],[[83.9053,46.974],[83.9992,46.9743]],[[82.4758,45.1157],[82.5397,45.1237],[82.5852,45.1768],[82.6338,45.3394],[82.632,45.4158],[82.6157,45.4354],[82.513,45.4658],[82.3276,45.4933]],[[82.3276,45.4933],[82.3275,45.4933]],[[81.6652,45.348],[81.7393,45.3381],[81.7652,45.3077],[81.7936,45.1956],[81.8753,45.1811],[81.9501,45.1445]],[[80.8276,45.1258],[81.542,45.2933],[81.6652,45.348]],[[82.2453,45.2318],[82.3418,45.2049],[82.4758,45.1157]],[[81.9501,45.1445],[82.2453,45.2318]],[[80.7457,45.1443],[80.8276,45.1258]],[[80.5368,45.1011],[80.7457,45.1443]],[[80.4676,45.1063],[80.5368,45.1011]],[[80.365,45.0432],[80.3901,45.0458],[80.4251,45.0921],[80.4676,45.1063]],[[80.2905,45.0462],[80.365,45.0432]],[[80.219,45.026],[80.2905,45.0462]],[[80.1476,45.0345],[80.219,45.026]],[[80.0394,44.7905],[79.9917,44.7936],[79.843,44.8735],[79.8582,44.9037],[80.0617,45.019],[80.1476,45.0345]],[[80.7315,43.1011],[80.7734,43.1129],[80.7934,43.1495],[80.7652,43.1999],[80.7558,43.2576],[80.7355,43.2889],[80.6429,43.3262],[80.6942,43.3947],[80.7127,43.4589],[80.4762,43.9102],[80.4231,43.9721],[80.4038,44.0489],[80.3389,44.1215],[80.3732,44.231],[80.3304,44.4531],[80.3838,44.6028],[80.3558,44.6529],[80.3763,44.6713],[80.4762,44.6937],[80.4974,44.7149],[80.4762,44.7354],[80.2183,44.8181]],[[80.2183,44.8181],[80.0394,44.7905]],[[80.6185,43.1343],[80.66,43.1328],[80.7315,43.1011]],[[80.3168,42.8156],[80.5486,42.8785],[80.5429,42.9167],[80.4077,42.9547],[80.3551,43.0006],[80.3681,43.0285],[80.6185,43.1343]],[[80.2649,42.8237],[80.3168,42.8156]],[[80.2103,42.1895],[80.2491,42.2049],[80.2684,42.238],[80.1962,42.4346],[80.2105,42.4908],[80.1624,42.5524],[80.14,42.623],[80.2275,42.791],[80.2649,42.8237]]]}},{"type":"Feature","properties":{"featurecla":"International boundary (verify)","adm0_a3_l":"TJK","adm0_a3_r":"UZB"},"geometry":{"type":"MultiLineString","coordinates":[[[70.6451,40.9352],[70.6167,40.9935],[70.5659,41.0184]],[[70.5659,41.0184],[70.5498,41.0152],[70.5615,40.9946],[70.6451,40.9352]]]}},{"type":"Feature","properties":{"featurecla":"International boundary (verify)","adm0_a3_l":"LTU","adm0_a3_r":"BLR"},"geometry":{"type":"MultiLineString","coordinates":[[[26.5423,55.3076],[26.4455,55.3375],[26.5078,55.4391],[26.5433,55.4596],[26.5321,55.5163],[26.5956,55.568],[26.6077,55.6165],[26.5945,55.667]],[[26.5789,55.1185],[26.6163,55.1354],[26.6339,55.1922],[26.657,55.2153],[26.7656,55.2467],[26.8007,55.2733],[26.7686,55.3002],[26.6027,55.3169]],[[26.6027,55.3169],[26.5423,55.3076]],[[26.4734,55.1457],[26.5789,55.1185]],[[26.4203,55.1281],[26.4734,55.1457]],[[26.3095,55.1446],[26.4203,55.1281]],[[25.9811,54.9427],[26.1386,54.9689],[26.2246,55.0549],[26.233,55.1116],[26.2644,55.1401],[26.3095,55.1446]],[[25.9079,54.9481],[25.9811,54.9427]],[[25.564,54.3031],[25.5287,54.321],[25.53,54.3461],[25.6126,54.4218],[25.6309,54.5084],[25.7404,54.5685],[25.7399,54.6077],[25.7084,54.663],[25.7243,54.7801],[25.7785,54.8053],[25.7827,54.8697],[25.8467,54.9062],[25.8585,54.933],[25.9079,54.9481]],[[25.7233,54.281],[25.6823,54.3256]],[[25.6823,54.3256],[25.564,54.3031]],[[25.4594,54.2989],[25.5455,54.2275]],[[25.2876,54.2452],[25.3697,54.2479],[25.4594,54.2989]],[[25.7281,54.1452],[25.7631,54.1564],[25.7719,54.2179],[25.7892,54.2362],[25.7347,54.2832]],[[25.7347,54.2832],[25.7233,54.281]],[[25.2241,54.2585],[25.2876,54.2452]],[[25.0271,54.1279],[25.072,54.1322],[25.1565,54.1757],[25.1935,54.2437],[25.2241,54.2585]],[[25.5455,54.2275],[25.5221,54.2286]],[[25.5221,54.2286],[25.4993,54.2118],[25.529,54.1957],[25.4858,54.1754],[25.4933,54.1575],[25.6316,54.1283]],[[24.9023,54.1498],[25.0271,54.1279]],[[24.7239,53.9634],[24.8064,53.9753],[24.8214,54.0199],[24.7843,54.0962],[24.8182,54.1101],[24.8216,54.1345],[24.9023,54.1498]],[[25.6906,54.1482],[25.7281,54.1452]],[[25.6316,54.1283],[25.6906,54.1482]],[[24.6706,53.9943],[24.7239,53.9634]],[[24.3779,53.8868],[24.5287,53.9584],[24.6706,53.9943]],[[24.1696,53.9589],[24.2011,53.9525],[24.2571,53.894],[24.2764,53.8918]],[[23.9813,53.9304],[24.1696,53.9589]],[[23.9198,53.9478],[23.9813,53.9304]],[[23.8206,53.9193],[23.9198,53.9478]],[[23.4856,53.9393],[23.6271,53.8982]],[[23.7872,53.9279],[23.8206,53.9193]],[[23.6271,53.8982],[23.7872,53.9279]],[[24.3102,53.8927],[24.3779,53.8868]],[[24.2764,53.8918],[24.3102,53.8927]]]}},{"type":"Feature","properties":{"featurecla":"International boundary (verify)","adm0_a3_l":"URY","adm0_a3_r":"BRA"},"geometry":{"type":"LineString","coordinates":[[-57.511,-30.2767],[-57.5675,-30.2563],[-57.6028,-30.1905]]}},{"type":"Feature","properties":{"featurecla":"International boundary (verify)","adm0_a3_l":"CHN","adm0_a3_r":"MNG"},"geometry":{"type":"MultiLineString","coordinates":[[[116.6843,49.8233],[116.0378,48.8701],[116.048,48.7998],[116.0282,48.7675],[115.8004,48.5304],[115.7866,48.493],[115.8093,48.274],[115.8,48.2423],[115.5142,48.1316],[115.5757,47.9097],[115.8527,47.7056],[115.9145,47.6839]],[[87.9076,48.7588],[87.8211,48.7883],[87.7961,48.8398],[87.7379,48.8694],[87.7569,48.9204],[87.8726,48.968],[87.8722,49.0041],[87.8219,49.0287],[87.8355,49.1007],[87.8163,49.1658]],[[88.0283,48.5396],[87.983,48.5523],[87.9428,48.5995],[88.055,48.6734],[88.0594,48.7081],[87.9524,48.7611]],[[87.9524,48.7611],[87.9076,48.7588]],[[88.1835,48.4928],[88.052,48.5432]],[[88.052,48.5432],[88.0283,48.5396]],[[88.4396,48.3937],[88.3834,48.4087],[88.3049,48.469],[88.2178,48.495]],[[88.2178,48.495],[88.1835,48.4928]],[[88.6554,48.1712],[88.5808,48.212],[88.5588,48.2881],[88.5651,48.343],[88.4791,48.4001]],[[88.4791,48.4001],[88.4396,48.3937]],[[88.8315,48.1052],[88.6807,48.173]],[[88.6807,48.173],[88.6554,48.1712]],[[89.0456,47.993],[88.9323,48.097],[88.8893,48.1109]],[[88.8893,48.1109],[88.8315,48.1052]],[[89.4254,48.0216],[89.3543,48.0388]],[[89.3543,48.0388],[89.2187,47.977]],[[89.7835,47.8185],[89.7513,47.8243],[89.7234,47.8782],[89.6553,47.8998],[89.6274,47.9439],[89.5832,47.962],[89.5719,48.0205],[89.5418,48.031]],[[89.5418,48.031],[89.4254,48.0216]],[[118.1825,48.0282],[118.28,47.9981],[118.4728,47.9894],[118.5423,47.9662],[118.7674,47.7562],[119.0835,47.6616],[119.1339,47.5275],[119.3101,47.4761],[119.3178,47.4621],[119.2819,47.4149],[119.3207,47.407],[119.476,47.3092],[119.5251,47.2508],[119.5874,47.2384],[119.7,47.1595],[119.754,47.0944],[119.7701,46.993],[119.8523,46.9107],[119.8964,46.8986],[119.8814,46.8729],[119.9029,46.8424],[119.8831,46.753],[119.907,46.7183],[119.8344,46.651]],[[117.9728,47.9979],[118.1825,48.0282]],[[117.8152,48.0048],[117.9728,47.9979]],[[117.3608,47.6509],[117.4365,47.7305],[117.5272,47.7865],[117.7417,47.9776],[117.8152,48.0048]],[[89.2187,47.977],[89.0458,47.993]],[[89.0458,47.993],[89.0456,47.993]],[[90.7819,46.9863],[90.7121,47.0147],[90.4687,47.3089],[90.4872,47.3782],[90.4482,47.404],[90.4412,47.493],[90.3816,47.5384],[90.3274,47.623],[90.3448,47.6586],[90.12,47.7301],[90.0588,47.7895],[90.0599,47.8688],[89.9632,47.8887]],[[89.9632,47.8887],[89.9467,47.8832],[89.9214,47.8321],[89.7835,47.8185]],[[116.822,47.8763],[117.0697,47.8102],[117.3171,47.6541],[117.3608,47.6509]],[[116.4289,47.8351],[116.822,47.8763]],[[116.2439,47.8629],[116.4289,47.8351]],[[115.9145,47.6839],[115.9729,47.7091],[116.0843,47.8069],[116.2439,47.8629]],[[90.9055,45.186],[90.8732,45.1862],[90.8544,45.2706],[90.7966,45.2928],[90.7905,45.3377],[90.738,45.4417],[90.6511,45.4931],[90.7108,45.7522],[90.9192,45.9501],[90.9862,45.9931],[91.0024,46.0218],[90.9959,46.1137],[90.9488,46.1683],[90.8962,46.302],[90.9358,46.3439],[91.0475,46.5664],[90.9959,46.5946],[91.0156,46.7032],[91.0048,46.7404],[90.9253,46.8131],[90.9328,46.8748],[90.8698,46.9603],[90.8055,46.9868]],[[90.8055,46.9868],[90.7819,46.9863]],[[118.9071,46.7094],[118.8465,46.7655]],[[118.8465,46.7655],[118.8162,46.7582],[118.7538,46.6912],[118.7201,46.6767]],[[119.3169,46.6117],[119.037,46.6687],[118.9672,46.7405]],[[118.9672,46.7405],[118.9071,46.7094]],[[118.4728,46.6857],[118.3008,46.7248]],[[118.3008,46.7248],[118.2383,46.7154],[118.1555,46.6746],[118.0839,46.6683],[118.0055,46.627],[117.9006,46.6076],[117.7976,46.5203],[117.6962,46.5123]],[[118.7201,46.6767],[118.6094,46.7058]],[[118.6094,46.7058],[118.552,46.6858],[118.4728,46.6857]],[[119.8344,46.651],[119.7963,46.6588]],[[119.7963,46.6588],[119.7403,46.6133],[119.6801,46.5916]],[[119.5759,46.6192],[119.5013,46.628]],[[119.5013,46.628],[119.3169,46.6117]],[[119.6801,46.5916],[119.6022,46.6197]],[[119.6022,46.6197],[119.5759,46.6192]],[[117.6962,46.5123],[117.6252,46.5357],[117.5682,46.6035]],[[117.5682,46.6035],[117.5018,46.5773]],[[117.5018,46.5773],[117.4729,46.5847]],[[117.4729,46.5847],[117.3938,46.5714],[117.4125,46.5246],[117.3575,46.4484],[117.3531,46.3795],[117.3375,46.3573],[117.3017,46.3501]],[[117.3017,46.3501],[116.8146,46.3867]],[[116.8146,46.3867],[116.722,46.3287],[116.5683,46.2909],[116.5251,46.2268],[116.3572,46.1056],[116.2132,45.9082],[116.2071,45.8809],[116.2516,45.8033],[116.2304,45.7698],[116.1699,45.7091],[116.0633,45.6733]],[[116.0633,45.6733],[116.012,45.6786]],[[116.012,45.6786],[115.6378,45.4444],[115.3373,45.3947],[115.1263,45.3944],[114.9389,45.3738]],[[114.9389,45.3738],[114.7033,45.4272]],[[114.7033,45.4272],[114.5238,45.3803],[114.5023,45.3032],[114.4189,45.2015],[114.1493,45.0301],[114.0893,44.9618],[114.0171,44.9273],[113.8893,44.9083],[113.6725,44.7682],[113.6048,44.7397]],[[91.3467,45.1137],[91.1843,45.1538],[91.1013,45.2107],[91.0113,45.2189]],[[91.0113,45.2189],[90.9055,45.186]],[[91.534,45.0711],[91.4385,45.1461]],[[91.4385,45.1461],[91.3467,45.1137]],[[112.1076,45.0674],[112.0115,45.0875]],[[112.0115,45.0875],[111.9583,45.0845],[111.9267,45.0609],[111.8433,45.0395],[111.7385,44.9663],[111.5514,44.6932],[111.5382,44.5834],[111.4241,44.448],[111.3971,44.3874],[111.4106,44.3261],[111.4906,44.2826],[111.5194,44.1886],[111.5438,44.1567],[111.6681,44.0413],[111.8114,43.9643],[111.9306,43.8201],[111.9479,43.757],[111.9334,43.6966],[111.8458,43.6669]],[[91.663,45.0595],[91.564,45.0771]],[[91.564,45.0771],[91.534,45.0711]],[[92.2189,45.0101],[92.0757,45.0689],[92.0094,45.0762]],[[92.0094,45.0762],[91.9191,45.0656]],[[91.9191,45.0656],[91.747,45.0724]],[[91.747,45.0724],[91.663,45.0595]],[[113.6048,44.7397],[113.5324,44.7453],[113.4732,44.7707],[113.1049,44.7944],[112.7485,44.8653],[112.586,44.9238],[112.5239,44.9933],[112.4413,45.0524],[112.3796,45.0707]],[[112.3796,45.0707],[112.1076,45.0674]],[[92.9749,45.0047],[92.8476,45.0391]],[[92.8476,45.0391],[92.7989,45.0332]],[[92.7989,45.0332],[92.7527,45.038]],[[92.7527,45.038],[92.4751,44.9975]],[[92.3474,45.0076],[92.2854,45.0195]],[[92.2854,45.0195],[92.2189,45.0101]],[[92.4751,44.9975],[92.3965,45.0131]],[[92.3965,45.0131],[92.3474,45.0076]],[[93.269,44.9801],[93.1392,45.0099]],[[93.1392,45.0099],[93.0524,45.0035]],[[93.0524,45.0035],[93.0139,45.0093]],[[93.0139,45.0093],[92.9749,45.0047]],[[94.0586,44.6513],[93.9274,44.6729],[93.6883,44.8911],[93.5253,44.9513],[93.4206,44.9551],[93.3172,44.9859]],[[93.3172,44.9859],[93.269,44.9801]],[[94.3664,44.5043],[94.3385,44.5121],[94.2775,44.5896],[94.195,44.6543],[94.149,44.6672]],[[94.149,44.6672],[94.0586,44.6513]],[[95.0368,44.255],[94.6982,44.3435],[94.5881,44.4361],[94.4301,44.5045]],[[94.4301,44.5045],[94.3664,44.5043]],[[96.3793,42.7205],[96.3506,42.7409],[96.3372,42.8665],[96.3187,42.9101],[95.8744,43.2471],[95.8328,43.4089],[95.6925,43.6305],[95.5892,43.8695],[95.5353,43.9577],[95.5103,43.9791],[95.319,44.0171],[95.3227,44.1582],[95.3475,44.2149],[95.3892,44.2608],[95.3977,44.2805],[95.3794,44.2871]],[[95.3794,44.2871],[95.0368,44.255]],[[111.8458,43.6669],[111.7726,43.6693]],[[111.7726,43.6693],[111.5677,43.5025],[111.4014,43.4755],[111.3386,43.4382],[110.9734,43.3156],[110.6801,43.0577],[110.6082,42.9447],[110.4494,42.8373],[110.4067,42.7686],[110.1399,42.6826],[110.0427,42.636]],[[99.4745,42.5642],[97.1933,42.7873]],[[97.1933,42.7873],[96.3793,42.7205]],[[101.2187,42.5298],[100.017,42.6765]],[[100.017,42.6765],[99.4745,42.5642]],[[110.0427,42.636],[109.9873,42.6365]],[[109.9873,42.6365],[109.9127,42.6288],[109.6673,42.549],[109.5103,42.4647]],[[103.1044,41.9936],[102.0342,42.1846],[101.9742,42.2079],[101.8865,42.278],[101.7354,42.4612],[101.6376,42.5154],[101.4107,42.5449]],[[101.4107,42.5449],[101.2187,42.5298]],[[109.5103,42.4647],[109.5049,42.4649]],[[109.5049,42.4649],[109.4851,42.4493],[109.2534,42.4259]],[[108.3198,42.4326],[108.1774,42.4543]],[[108.1774,42.4543],[106.7678,42.2866],[105.8686,41.9935],[105.3582,41.7858],[105.2009,41.7435],[105.0148,41.5961],[104.9738,41.5861]],[[109.2534,42.4259],[108.9945,42.4495]],[[108.9945,42.4495],[108.7969,42.3984]],[[108.7969,42.3984],[108.5365,42.4351]],[[108.5365,42.4351],[108.3198,42.4326]],[[103.721,41.7556],[103.1044,41.9936]],[[104.9738,41.5861],[104.8923,41.6448],[104.5049,41.6566],[104.5008,41.8706]],[[104.5008,41.8706],[103.721,41.7556]]]}},{"type":"Feature","properties":{"featurecla":"International boundary (verify)","adm0_a3_l":"RUS","adm0_a3_r":"CHN"},"geometry":{"type":"MultiLineString","coordinates":[[[87.514,49.1196],[87.8163,49.1658]],[[87.5061,49.1209],[87.514,49.1196]],[[87.4004,49.071],[87.4756,49.0876],[87.5061,49.1209]],[[87.3238,49.0853],[87.4004,49.071]]]}},{"type":"Feature","properties":{"featurecla":"International boundary (verify)","adm0_a3_l":"DEU","adm0_a3_r":"CZE"},"geometry":{"type":"MultiLineString","coordinates":[[[14.3194,51.04],[14.3978,51.0131]],[[14.3465,50.8802],[14.3759,50.896],[14.3819,50.9209],[14.3183,50.9375],[14.2928,50.9535],[14.3038,50.9697],[14.2383,50.9825],[14.2636,51.0214],[14.3194,51.04]],[[14.4821,51.0372],[14.5029,51.0085],[14.5743,50.9755],[14.5504,50.9121],[14.5618,50.9064]],[[14.4621,51.0197],[14.4821,51.0372]],[[14.4258,51.0209],[14.4621,51.0197]],[[14.3978,51.0131],[14.4258,51.0209]],[[14.6171,50.9209],[14.6346,50.9094],[14.6132,50.8456],[14.7592,50.8102]],[[14.5618,50.9064],[14.6171,50.9209]],[[14.2681,50.8841],[14.3465,50.8802]],[[14.0157,50.8018],[14.1908,50.8479],[14.2321,50.8794],[14.2681,50.8841]],[[14.7592,50.8102],[14.7851,50.8201],[14.8104,50.8584]],[[13.9791,50.8048],[14.0157,50.8018]],[[13.9107,50.7788],[13.9791,50.8048]],[[13.901,50.7806],[13.9107,50.7788]],[[13.8166,50.7213],[13.8754,50.7365],[13.8833,50.7732],[13.901,50.7806]],[[13.7707,50.7246],[13.8166,50.7213]],[[13.6918,50.7118],[13.7707,50.7246]],[[13.6019,50.7122],[13.6918,50.7118]],[[13.4293,50.5943],[13.4982,50.6292],[13.4933,50.6432],[13.5272,50.6757],[13.5156,50.691],[13.6019,50.7122]],[[13.3688,50.6283],[13.4293,50.5943]],[[13.2846,50.569],[13.3688,50.6283]],[[13.2323,50.582],[13.2846,50.569]],[[13.1601,50.497],[13.1991,50.5253],[13.2323,50.582]],[[13.1074,50.499],[13.1601,50.497]],[[13.0604,50.4906],[13.1074,50.499]],[[13.0263,50.4976],[13.0604,50.4906]],[[12.9526,50.4042],[12.9966,50.4337],[13.0096,50.4927],[13.0263,50.4976]],[[12.8174,50.443],[12.9526,50.4042]],[[12.7881,50.4343],[12.8174,50.443]],[[12.7703,50.4359],[12.7881,50.4343]],[[12.6788,50.3937],[12.7703,50.4359]],[[12.6254,50.3999],[12.6788,50.3937]],[[12.4628,50.3405],[12.4751,50.3694],[12.5102,50.3888],[12.6254,50.3999]],[[12.4538,50.3407],[12.4628,50.3405]],[[12.3004,50.1608],[12.3144,50.1673],[12.3087,50.2171],[12.3365,50.2586],[12.3982,50.3152],[12.4538,50.3407]],[[12.0761,50.3152],[12.1493,50.3117],[12.1685,50.303],[12.178,50.2688],[12.2396,50.2566],[12.2299,50.2348],[12.2543,50.2174],[12.2732,50.1723],[12.3004,50.1608]],[[12.3982,49.9928],[12.2469,50.045],[12.2325,50.0805],[12.1879,50.1028],[12.175,50.1826],[12.0796,50.2427],[12.111,50.2766],[12.0761,50.3152]],[[12.4825,49.8272],[12.5241,49.905],[12.4627,49.9313],[12.4682,49.9702],[12.3992,49.9928]],[[12.3992,49.9928],[12.3982,49.9928]],[[12.4625,49.8312],[12.4825,49.8272]],[[12.605,49.5128],[12.575,49.5299],[12.5466,49.5956],[12.502,49.6197],[12.4964,49.67],[12.4196,49.7002],[12.3836,49.7429],[12.4527,49.7797],[12.4625,49.8312]],[[12.8567,49.3222],[12.7779,49.3325],[12.7293,49.3911],[12.6435,49.4295],[12.6155,49.5138]],[[12.6155,49.5138],[12.605,49.5128]],[[13.4823,48.9376],[13.3985,48.9777],[13.3724,49.0385],[13.2995,49.0936],[13.1785,49.1183],[13.0113,49.2678],[12.9998,49.2949],[12.8847,49.3396]],[[12.8847,49.3396],[12.8567,49.3222]],[[13.5905,48.9448],[13.5159,48.9702]],[[13.5159,48.9702],[13.4823,48.9376]],[[13.8157,48.7664],[13.7247,48.8673],[13.6374,48.8935],[13.6087,48.9462]],[[13.6087,48.9462],[13.5905,48.9448]]]}},{"type":"Feature","properties":{"featurecla":"International boundary (verify)","adm0_a3_l":"LVA","adm0_a3_r":"EST"},"geometry":{"type":"MultiLineString","coordinates":[[[25.3337,58.0318],[25.2996,58.0656],[25.2635,58.0751]],[[25.2635,58.0751],[25.2495,58.0512],[25.2844,58.0081],[25.2168,57.9854]],[[25.2168,57.9854],[25.167,58.0587],[25.141,58.068]],[[25.141,58.068],[25.0706,58.0636],[24.9493,58.0064],[24.8725,58.0004],[24.8168,57.9767]],[[25.6251,57.9103],[25.5794,57.9195],[25.5417,57.9628],[25.4572,57.9841],[25.3565,58.0348]],[[25.3565,58.0348],[25.3337,58.0318]],[[24.8168,57.9767],[24.7335,57.9922]],[[24.7335,57.9922],[24.7004,57.9542],[24.6241,57.944]],[[24.6241,57.944],[24.5539,57.9474]],[[24.5539,57.9474],[24.4416,57.9081],[24.4015,57.8665],[24.3497,57.8586]],[[26.4996,57.5158],[26.4309,57.5617],[26.2972,57.5991],[26.1685,57.704],[26.0247,57.7744],[26.0145,57.8428],[25.7926,57.856],[25.715,57.9234]],[[25.715,57.9234],[25.6251,57.9103]],[[24.3497,57.8586],[24.3062,57.8682]],[[26.9116,57.6134],[26.8727,57.6272]],[[26.8727,57.6272],[26.7781,57.5685]],[[27.32,57.5161],[27.0854,57.5494],[26.9811,57.609],[26.9292,57.6156]],[[26.9292,57.6156],[26.9116,57.6134]],[[26.7781,57.5685],[26.7005,57.5708]],[[26.7005,57.5708],[26.6343,57.5544],[26.5799,57.5178]],[[26.5799,57.5178],[26.5422,57.5282]],[[26.5422,57.5282],[26.4996,57.5158]],[[27.3529,57.5276],[27.32,57.5161]]]}},{"type":"Feature","properties":{"featurecla":"International boundary (verify)","adm0_a3_l":"RUS","adm0_a3_r":"LVA"},"geometry":{"type":"MultiLineString","coordinates":[[[27.5282,57.5285],[27.5113,57.4304],[27.8277,57.305],[27.8461,57.2673],[27.8243,57.1591],[27.6822,57.1037],[27.7455,57.068],[27.7507,57.0424],[27.7151,56.9574],[27.6284,56.8442],[27.6612,56.8393]],[[27.3529,57.5276],[27.5282,57.5285]],[[27.7864,56.8713],[27.8308,56.8643],[27.9135,56.8202],[27.9189,56.8059],[27.8655,56.7427],[27.981,56.687],[28.011,56.5876],[28.1322,56.536],[28.0933,56.5016],[28.1643,56.438],[28.1671,56.3699],[28.2173,56.2707],[28.1489,56.1424]],[[27.6612,56.8393],[27.7864,56.8713]]]}},{"type":"Feature","properties":{"featurecla":"International boundary (verify)","adm0_a3_l":"LVA","adm0_a3_r":"LTU"},"geometry":{"type":"MultiLineString","coordinates":[[[24.871,56.4426],[24.9101,56.422],[24.9732,56.3008],[25.0731,56.1978],[25.1092,56.1831],[25.4548,56.1496]],[[24.8377,56.4039],[24.871,56.4426]],[[22.0941,56.4174],[22.2149,56.3904]],[[21.0534,56.0726],[21.1904,56.0845],[21.2296,56.1632],[21.3276,56.2244],[21.4193,56.2374],[21.596,56.3079],[21.6845,56.3101],[22.0941,56.4174]],[[22.9245,56.4121],[22.957,56.402],[23.0167,56.3238],[23.0623,56.3042]],[[22.6663,56.3491],[22.9245,56.4121]],[[24.8156,56.4088],[24.8377,56.4039]],[[24.4472,56.2605],[24.539,56.2876],[24.6786,56.3773],[24.8156,56.4088]],[[22.5117,56.396],[22.6047,56.3791],[22.6663,56.3491]],[[22.2149,56.3904],[22.5117,56.396]],[[23.2884,56.373],[23.5176,56.3287]],[[23.0623,56.3042],[23.1127,56.3109],[23.1726,56.358],[23.2884,56.373]],[[23.7067,56.3544],[23.725,56.3288],[23.7561,56.326]],[[23.6794,56.3519],[23.7067,56.3544]],[[23.6099,56.3538],[23.6794,56.3519]],[[23.5176,56.3287],[23.6099,56.3538]],[[23.825,56.3349],[23.9813,56.3124],[24.1389,56.2574]],[[23.7561,56.326],[23.825,56.3349]],[[24.3185,56.2986],[24.4472,56.2605]],[[24.1389,56.2574],[24.3185,56.2986]],[[25.5228,56.1566],[25.59,56.1411]],[[25.4548,56.1496],[25.5228,56.1566]],[[25.6497,56.1438],[25.7088,56.081],[26.1786,55.8496],[26.2797,55.7432],[26.481,55.6783],[26.5945,55.667]],[[25.59,56.1411],[25.6497,56.1438]]]}},{"type":"Feature","properties":{"featurecla":"International boundary (verify)","adm0_a3_l":"SWE","adm0_a3_r":"NOR"},"geometry":{"type":"MultiLineString","coordinates":[[[20.6232,69.0364],[20.1023,69.0221],[20.3411,68.9101],[20.3522,68.7857],[20.2366,68.6591],[20.1518,68.6068],[19.9622,68.5412],[20.2459,68.4774],[20.0103,68.3639],[19.931,68.3502]],[[18.7003,68.4956],[18.6446,68.5012],[18.4362,68.5739]],[[18.4362,68.5739],[18.1615,68.5302],[18.1357,68.3957],[18.1886,68.1987],[18.1667,68.1585],[17.9508,67.9911],[17.8954,67.9697]],[[19.931,68.3502],[19.0381,68.5056]],[[19.0381,68.5056],[18.7003,68.4956]],[[17.8954,67.9697],[17.3215,68.1053]],[[17.3215,68.1053],[17.2201,68.0401],[16.7829,67.897],[16.6087,67.6473],[16.483,67.5578],[16.4286,67.534],[16.1807,67.4964],[16.1271,67.4228],[16.4379,67.2003],[16.4156,67.0527],[16.0388,66.8875],[15.6695,66.5994],[15.4263,66.4912],[15.4821,66.3408],[15.4819,66.2749],[15.0534,66.1533],[14.5405,66.1254],[14.6489,65.8024],[14.5607,65.7011],[14.5104,65.4647],[14.5143,65.3181],[14.3802,65.2403],[14.3107,65.0841],[13.6428,64.584],[13.9401,64.4913],[14.0609,64.4766],[14.0969,64.4653],[14.1156,64.4412],[14.1605,64.1872],[13.9823,64.0195],[13.9394,64.0095]],[[13.9394,64.0095],[13.2341,64.0909]],[[13.2341,64.0909],[12.9824,64.0588],[12.6819,63.9564],[12.2932,63.657],[12.1703,63.5981],[12.2198,63.4743],[11.9924,63.2889],[12.2227,63.0015],[12.0933,62.9074],[12.1562,62.7337],[12.0912,62.5863],[12.3143,62.2861],[12.3175,62.234],[12.1617,61.7248],[12.4165,61.5823],[12.6138,61.547],[12.8869,61.3615],[12.8398,61.227],[12.7467,61.1515],[12.7135,61.0612],[12.6825,61.0403]],[[12.6825,61.0403],[12.5697,61.0506]],[[12.5697,61.0506],[12.2533,61.0017],[12.377,60.7541],[12.4825,60.6573],[12.6086,60.4865],[12.5936,60.395],[12.4873,60.2959],[12.5216,60.1976],[12.5109,60.118],[12.4468,60.0511],[12.2906,59.9587],[12.1027,59.894]],[[12.1027,59.894],[11.9422,59.902]],[[11.9422,59.902],[11.8496,59.8724],[11.843,59.8384],[11.9021,59.7851],[11.8917,59.7058],[11.8284,59.6597],[11.6749,59.6071],[11.6774,59.5591],[11.784,59.3606],[11.8117,59.2497],[11.7756,59.2025],[11.7453,59.0922],[11.6644,58.9201],[11.6116,58.8932],[11.5471,58.8847]],[[11.5471,58.8847],[11.452,58.896],[11.4532,58.9605],[11.4375,58.9917]]]}},{"type":"Feature","properties":{"featurecla":"International boundary (verify)","adm0_a3_l":"NOR","adm0_a3_r":"FIN"},"geometry":{"type":"MultiLineString","coordinates":[[[27.8669,70.0753],[27.9272,70.0533],[28.1674,69.8943],[28.3812,69.8562],[28.3797,69.8224],[28.4046,69.8023],[29.1471,69.6639],[29.2032,69.586],[29.3445,69.4644],[29.2293,69.3769],[28.8522,69.2035],[28.8276,69.0908],[28.9541,69.0273]],[[27.7922,70.0589],[27.8669,70.0753]],[[27.6651,70.0683],[27.7922,70.0589]],[[27.1003,69.9018],[27.3118,69.9295],[27.3524,69.9487],[27.3232,69.9597],[27.3345,69.9686],[27.5633,70.0236],[27.6126,70.0621],[27.6651,70.0683]],[[26.8646,69.9381],[26.9511,69.9202]],[[26.7719,69.9284],[26.8646,69.9381]],[[26.707,69.9351],[26.7719,69.9284]],[[25.6024,68.8721],[25.6516,68.8835],[25.7539,68.9784],[25.8047,69.0061],[25.7502,69.0592],[25.7712,69.1351],[25.7341,69.1913],[25.7372,69.2182],[25.7866,69.3128],[25.8774,69.3708],[25.8414,69.4178],[25.8867,69.4552],[25.8857,69.4791],[25.9064,69.5019],[25.8867,69.5209],[25.9603,69.5487],[26.004,69.5872],[26.0051,69.6108],[25.9644,69.6427],[25.9688,69.6632],[26.032,69.6967],[26.1983,69.7154],[26.3168,69.7949],[26.4187,69.8356],[26.4479,69.856],[26.4359,69.8742],[26.5007,69.9183],[26.707,69.9351]],[[26.9811,69.9233],[27.1003,69.9018]],[[26.9511,69.9202],[26.9811,69.9233]],[[21.3136,69.2914],[21.6629,69.2632],[22.0231,69.012],[22.1607,68.9561],[22.2002,68.9085],[22.2772,68.8575],[22.3714,68.8226],[22.3967,68.7318],[22.4287,68.7101]],[[21.0715,69.0367],[21.1564,69.0876],[21.0336,69.1812],[21.063,69.2149],[21.0984,69.2395],[21.3136,69.2914]],[[20.7444,69.1044],[21.0715,69.0367]],[[20.6232,69.0364],[20.7444,69.1044]],[[25.4811,68.8877],[25.6024,68.8721]],[[25.0069,68.6146],[25.1324,68.6476],[25.1496,68.7646],[25.2013,68.8126],[25.3872,68.8746],[25.4811,68.8877]],[[23.8526,68.8167],[23.929,68.8162],[24.1312,68.7762],[24.1869,68.7445],[24.3325,68.7086],[24.6634,68.6661],[24.7542,68.6379],[24.8792,68.5548]],[[23.1976,68.618],[23.4816,68.6856],[23.7348,68.7154],[23.7872,68.7998],[23.8526,68.8167]],[[22.5701,68.7268],[22.8517,68.6757]],[[22.4287,68.7101],[22.5701,68.7268]],[[23.0193,68.6867],[23.0715,68.6809],[23.1976,68.618]],[[22.8517,68.6757],[23.0193,68.6867]],[[24.9812,68.6151],[25.0069,68.6146]],[[24.8792,68.5548],[24.9052,68.557],[24.9812,68.6151]]]}},{"type":"Feature","properties":{"featurecla":"International boundary (verify)","adm0_a3_l":"KHM","adm0_a3_r":"VNM"},"geometry":{"type":"MultiLineString","coordinates":[[[107.4238,14.419],[107.4557,14.4339],[107.5053,14.541],[107.504,14.6021],[107.5324,14.6779],[107.5204,14.7046]],[[107.4078,14.433],[107.4238,14.419]],[[107.3716,13.9963],[107.3431,14.0206],[107.3447,14.0813],[107.3199,14.1198],[107.3586,14.2386],[107.3518,14.342],[107.3869,14.4219],[107.4078,14.433]],[[107.393,12.2528],[107.4159,12.2541],[107.4496,12.299],[107.5143,12.3438],[107.5567,12.4727],[107.5651,12.6064],[107.5359,12.7996],[107.4874,12.8706],[107.4661,12.9522],[107.4811,12.9888],[107.4604,13.0216],[107.6105,13.4004],[107.5969,13.5351],[107.5143,13.6926],[107.4382,13.7985],[107.448,13.9093],[107.4307,13.9845],[107.409,13.9999]],[[107.409,13.9999],[107.3716,13.9963]],[[107.3202,12.3292],[107.393,12.2528]],[[106.8793,12.0627],[106.9777,12.0972],[107.1525,12.277],[107.3202,12.3292]],[[106.803,12.0685],[106.8793,12.0627]],[[106.6805,11.9651],[106.7016,11.9708],[106.7492,12.0523],[106.803,12.0685]],[[106.4291,11.9768],[106.4737,11.9521]],[[106.4128,11.6618],[106.435,11.6773],[106.3978,11.7621],[106.4388,11.8637],[106.394,11.9698],[106.4291,11.9768]],[[106.6306,11.9762],[106.6805,11.9651]],[[106.6386,11.9611],[106.6306,11.9762]],[[106.5045,11.9734],[106.6386,11.9611]],[[106.4737,11.9521],[106.5045,11.9734]],[[106.0154,11.7705],[106.2236,11.725],[106.2873,11.6746]],[[105.9341,11.6429],[106.0154,11.7705]],[[106.3543,11.6901],[106.4128,11.6618]],[[106.2873,11.6746],[106.3543,11.6901]],[[105.8579,11.6616],[105.9341,11.6429]],[[106.0866,11.0563],[105.9888,11.177],[105.8999,11.2186],[105.8867,11.2679],[105.8444,11.2899],[105.8738,11.4282],[105.8578,11.5356],[105.7904,11.5874],[105.8049,11.6249],[105.8579,11.6616]],[[106.1808,10.9703],[106.1603,11.0535],[106.1135,11.0869]],[[106.1135,11.0869],[106.0866,11.0563]],[[105.7261,11.0184],[105.7697,10.9965],[105.8475,10.8554],[105.8787,10.8281]],[[105.4739,10.9409],[105.6322,10.974],[105.7261,11.0184]],[[106.1491,10.9713],[106.1808,10.9703]],[[106.1773,10.7669],[106.1218,10.9252],[106.1282,10.9657],[106.1491,10.9713]],[[105.4105,10.963],[105.4739,10.9409]],[[105.3179,10.8388],[105.4105,10.963]],[[105.0779,10.9469],[105.0975,10.9143],[105.2533,10.8835],[105.3179,10.8388]],[[104.7738,10.5153],[104.8544,10.5313],[104.9314,10.6307],[105.0667,10.7139],[105.0114,10.8838],[105.0779,10.9469]],[[105.9313,10.8964],[106.0179,10.8198],[106.155,10.7848],[106.1773,10.7669]],[[105.8787,10.8281],[105.9087,10.8384],[105.9313,10.8964]],[[104.6255,10.5334],[104.7738,10.5153]],[[104.4696,10.4158],[104.4943,10.4277],[104.5668,10.5281],[104.6255,10.5334]],[[104.4513,10.4197],[104.4696,10.4158]]]}},{"type":"Feature","properties":{"featurecla":"International boundary (verify)","adm0_a3_l":"BOL","adm0_a3_r":"PER"},"geometry":{"type":"LineString","coordinates":[[-69.5101,-17.5054],[-69.51,-17.5066]]}},{"type":"Feature","properties":{"featurecla":"International boundary (verify)","adm0_a3_l":"LUX","adm0_a3_r":"DEU"},"geometry":{"type":"MultiLineString","coordinates":[[[6.1012,50.0634],[6.1175,50.1205]],[[6.1619,49.9425],[6.0964,50.0486],[6.1072,50.0638]],[[6.1072,50.0638],[6.1012,50.0634]],[[6.3107,49.8345],[6.2868,49.861],[6.2227,49.8871],[6.1727,49.9562]],[[6.1727,49.9562],[6.1619,49.9425]],[[6.4145,49.8055],[6.3256,49.8404]],[[6.3256,49.8404],[6.3107,49.8345]],[[6.5026,49.7957],[6.4625,49.8055]],[[6.4625,49.8055],[6.4145,49.8055]],[[6.5023,49.7959],[6.5026,49.7957]],[[6.4997,49.7122],[6.4855,49.7338],[6.5023,49.7959]],[[6.491,49.7144],[6.4997,49.7122]],[[6.3453,49.4553],[6.3564,49.5776],[6.4179,49.6391],[6.4027,49.6558],[6.4917,49.7008],[6.491,49.7144]]]}},{"type":"Feature","properties":{"featurecla":"International boundary (verify)","adm0_a3_l":"OMN","adm0_a3_r":"ARE"},"geometry":{"type":"MultiLineString","coordinates":[[[56.1513,26.0748],[56.1835,26.0145],[56.1706,25.8768],[56.1397,25.823],[56.172,25.7653],[56.1412,25.7327],[56.1451,25.6708],[56.2215,25.6138]],[[56.0774,26.061],[56.1513,26.0748]],[[56.2215,25.6138],[56.2791,25.6274]]]}},{"type":"Feature","properties":{"featurecla":"International boundary (verify)","adm0_a3_l":"BEL","adm0_a3_r":"FRA"},"geometry":{"type":"MultiLineString","coordinates":[[[2.5218,51.0875],[2.557,51.0012],[2.6085,50.9611],[2.6117,50.9412],[2.5769,50.9115],[2.5967,50.8676],[2.5867,50.8454],[2.6204,50.8165],[2.6506,50.8122]],[[2.6692,50.8139],[2.6919,50.8088],[2.7682,50.7332],[2.8869,50.6966]],[[2.6506,50.8122],[2.6692,50.8139]],[[3.1033,50.7841],[3.1462,50.7689],[3.189,50.7151],[3.2324,50.6959],[3.2438,50.6721],[3.2298,50.6554],[3.271,50.5269],[3.3611,50.4898]],[[2.8869,50.6966],[2.9484,50.7487],[3.1033,50.7841]],[[3.4771,50.5199],[3.498,50.5119],[3.4867,50.4927],[3.4991,50.4868],[3.5864,50.4835],[3.6281,50.4644],[3.6444,50.4455],[3.6617,50.3193],[3.6969,50.2982]],[[3.3611,50.4898],[3.4771,50.5199]],[[3.7987,50.3485],[3.8959,50.3253]],[[3.7039,50.3043],[3.7415,50.3431],[3.7987,50.3485]],[[4.0033,50.3441],[4.0979,50.2948],[4.1437,50.2516]],[[3.8959,50.3253],[4.0033,50.3441]],[[3.7022,50.3053],[3.7039,50.3043]],[[3.6969,50.2982],[3.7022,50.3053]],[[4.1628,50.273],[4.2037,50.252],[4.1527,50.2045],[4.1282,50.1462],[4.1258,50.1282],[4.1399,50.1236]],[[4.1437,50.2516],[4.1628,50.273]],[[4.8156,50.1613],[4.8314,50.1434]],[[4.4351,49.9323],[4.6567,49.9891],[4.6819,50.0839],[4.8156,50.1613]],[[4.8627,50.1476],[4.8629,50.0841]],[[4.8314,50.1434],[4.8627,50.1476]],[[4.1706,50.1305],[4.21,50.0601],[4.1373,50.0251],[4.1282,50.0058],[4.1396,49.9745]],[[4.1399,50.1236],[4.1706,50.1305]],[[4.8629,50.0841],[4.8521,50.0916]],[[4.8521,50.0916],[4.7839,49.9583],[4.8602,49.9133],[4.8349,49.853],[4.849,49.7942],[4.8842,49.7841]],[[4.1396,49.9745],[4.1317,49.975]],[[4.1317,49.975],[4.2011,49.953]],[[4.2776,49.9602],[4.4351,49.9323]],[[4.2011,49.953],[4.2776,49.9602]],[[4.971,49.7971],[5.0819,49.7527],[5.1364,49.7053],[5.1925,49.6828]],[[4.8842,49.7841],[4.971,49.7971]],[[5.2592,49.6913],[5.2994,49.6625],[5.293,49.6172],[5.3145,49.6111]],[[5.1925,49.6828],[5.2592,49.6913]],[[5.3349,49.6258],[5.4021,49.6025],[5.4502,49.5458],[5.4561,49.4989],[5.4777,49.4952]],[[5.3145,49.6111],[5.3349,49.6258]],[[5.7463,49.5494],[5.7907,49.5378]],[[5.7103,49.5311],[5.7463,49.5494]],[[5.6446,49.5438],[5.7103,49.5311]],[[5.5875,49.5124],[5.6446,49.5438]],[[5.5476,49.5234],[5.5875,49.5124]],[[5.4777,49.4952],[5.5476,49.5234]]]}},{"type":"Feature","properties":{"featurecla":"International boundary (verify)","adm0_a3_l":"LUX","adm0_a3_r":"BEL"},"geometry":{"type":"MultiLineString","coordinates":[[[6.0386,50.1484],[5.9983,50.175]],[[5.9983,50.175],[5.9616,50.1656],[5.9411,50.1283],[5.8724,50.0969],[5.8644,50.0675],[5.8377,50.0474],[5.8364,50.0186],[5.8027,50.0025],[5.8126,49.9776],[5.7637,49.9468],[5.719,49.8914],[5.7581,49.8582]],[[6.1175,50.1205],[6.0842,50.1593]],[[6.0842,50.1593],[6.0386,50.1484]],[[5.7581,49.8582],[5.7319,49.86]],[[5.7319,49.86],[5.7277,49.8002],[5.7785,49.773],[5.8054,49.7219],[5.8373,49.7129]],[[5.8437,49.7143],[5.8573,49.7004],[5.8458,49.6666],[5.8855,49.6435],[5.83,49.5828],[5.8469,49.5767],[5.8374,49.5611],[5.7907,49.5378]],[[5.8373,49.7129],[5.8437,49.7143]]]}},{"type":"Feature","properties":{"featurecla":"International boundary (verify)","adm0_a3_l":"GEO","adm0_a3_r":"RUS"},"geometry":{"type":"MultiLineString","coordinates":[[[40.5196,43.5052],[40.2331,43.5758],[40.1643,43.5758]],[[40.1643,43.5758],[40.0728,43.5511],[39.986,43.389]],[[41.0425,43.3698],[40.875,43.4556],[40.7402,43.4953],[40.6519,43.539]],[[40.6519,43.539],[40.5196,43.5052]],[[41.2788,43.3332],[41.1467,43.3799]],[[41.1467,43.3799],[41.0425,43.3698]],[[41.6141,43.213],[41.5775,43.2153],[41.5061,43.2598],[41.4276,43.2832],[41.3807,43.3348],[41.3503,43.3434]],[[41.3503,43.3434],[41.2788,43.3332]],[[42.6152,43.137],[42.4229,43.229],[42.3546,43.236]],[[42.3546,43.236],[42.1854,43.2255],[42.0434,43.1806]],[[41.8203,43.2012],[41.6874,43.2202]],[[41.6874,43.2202],[41.6141,43.213]],[[42.0434,43.1806],[41.89,43.207]],[[41.89,43.207],[41.8203,43.2012]],[[43.9397,42.5522],[43.8854,42.5792],[43.7511,42.5987],[43.7226,42.6249],[43.7257,42.6544],[43.8118,42.7173],[43.8006,42.7465],[43.6628,42.7798],[43.5863,42.8356],[43.5174,42.8605],[43.1556,42.9424],[42.9989,43.0422],[43.0001,43.0987],[42.9148,43.1219],[42.8298,43.1688],[42.7515,43.177]],[[42.7515,43.177],[42.6736,43.1659],[42.6152,43.137]],[[45.0481,42.6859],[44.8594,42.7595]],[[44.8594,42.7595],[44.7735,42.6096]],[[44.7735,42.6096],[44.7364,42.6776],[44.695,42.7142],[44.5583,42.7531]],[[44.5583,42.7531],[44.4792,42.7443],[44.3607,42.7038],[44.272,42.7024],[44.1974,42.6291],[44.0551,42.6153],[43.9397,42.5522]],[[45.356,42.52],[45.3227,42.5301],[45.2827,42.5864],[45.1842,42.6748],[45.123,42.7023]],[[45.123,42.7023],[45.0481,42.6859]],[[45.9664,42.0221],[45.9341,42.0285],[45.8814,42.102],[45.8116,42.1155],[45.6314,42.2012],[45.6214,42.2245],[45.7396,42.4715],[45.6987,42.5076],[45.6207,42.5304],[45.4793,42.5423]],[[45.4793,42.5423],[45.356,42.52]],[[46.0267,42.0168],[45.9952,42.0335]],[[45.9952,42.0335],[45.9664,42.0221]],[[46.1299,41.9845],[46.075,41.9935],[46.0585,42.0203]],[[46.0585,42.0203],[46.0267,42.0168]],[[46.4309,41.8904],[46.3821,41.9252],[46.2942,41.9386],[46.2062,41.9961]],[[46.2062,41.9961],[46.1299,41.9845]]]}},{"type":"Feature","properties":{"featurecla":"International boundary (verify)","adm0_a3_l":"ALB","adm0_a3_r":"MKD"},"geometry":{"type":"MultiLineString","coordinates":[[[20.496,41.3378],[20.5234,41.3568],[20.5402,41.4007],[20.4909,41.436],[20.4835,41.4655],[20.452,41.4936],[20.4442,41.5497],[20.5074,41.5623],[20.5347,41.5853],[20.5004,41.7341],[20.5509,41.7935],[20.5417,41.8616],[20.5671,41.8732]],[[20.4817,41.3412],[20.496,41.3378]],[[20.6189,41.0824],[20.577,41.0935],[20.5655,41.1474],[20.5127,41.2101],[20.4831,41.2895],[20.4817,41.3412]],[[20.7661,40.8937],[20.7172,40.9132],[20.6641,41.0591],[20.6315,41.0829]],[[20.6315,41.0829],[20.6189,41.0824]],[[20.9653,40.8494],[20.9567,40.8948],[20.9399,40.9071],[20.8374,40.9241]],[[20.8374,40.9241],[20.7661,40.8937]]]}},{"type":"Feature","properties":{"featurecla":"International boundary (verify)","adm0_a3_l":"ARM","adm0_a3_r":"AZE"},"geometry":{"type":"MultiLineString","coordinates":[[[44.9795,41.082],[45.0189,41.0749],[45.03,41.0463],[45.0157,41.0232]],[[45.0157,41.0232],[44.9669,41.0448],[44.964,41.0738],[44.9795,41.082]]]}},{"type":"Feature","properties":{"featurecla":"International boundary (verify)","adm0_a3_l":"ALB","adm0_a3_r":"KOS"},"geometry":{"type":"MultiLineString","coordinates":[[[20.1524,42.4937],[20.065,42.5468]],[[20.2496,42.3186],[20.2296,42.3267],[20.2188,42.3714],[20.1928,42.3937],[20.2047,42.4201],[20.1526,42.4937]],[[20.1526,42.4937],[20.1524,42.4937]],[[20.5671,41.8732],[20.5625,41.9001],[20.5993,41.9606],[20.5522,42.0738],[20.5386,42.1501],[20.457,42.2505],[20.318,42.3198]],[[20.318,42.3198],[20.2496,42.3186]]]}},{"type":"Feature","properties":{"featurecla":"International boundary (verify)","adm0_a3_l":"GEO","adm0_a3_r":"TUR"},"geometry":{"type":"MultiLineString","coordinates":[[[42.661,41.5883],[42.8199,41.5723],[42.8027,41.5341],[42.7665,41.5043],[42.83,41.4725]],[[42.4379,41.4309],[42.4838,41.4422],[42.5355,41.4935],[42.5652,41.5671],[42.661,41.5883]],[[41.5208,41.5142],[41.64,41.4787]],[[41.948,41.5056],[42.0196,41.4851]],[[41.813,41.4218],[41.894,41.4855],[41.948,41.5056]],[[42.1432,41.5003],[42.2133,41.4802]],[[42.1118,41.4935],[42.1432,41.5003]],[[42.868,41.5002],[42.889,41.47],[42.9577,41.437],[43.0021,41.3827],[43.1239,41.3129],[43.184,41.299],[43.1572,41.2697],[43.1031,41.2488],[43.1303,41.2423]],[[42.83,41.4725],[42.868,41.5002]],[[42.0835,41.5001],[42.1118,41.4935]],[[42.0196,41.4851],[42.0835,41.5001]],[[41.695,41.4891],[41.7068,41.4632],[41.761,41.4535],[41.813,41.4218]],[[41.64,41.4787],[41.695,41.4891]],[[42.2625,41.4823],[42.4379,41.4309]],[[42.2133,41.4802],[42.2625,41.4823]],[[43.1523,41.2442],[43.1922,41.225],[43.2306,41.1726]],[[43.1303,41.2423],[43.1523,41.2442]],[[43.3518,41.1936],[43.4376,41.1562],[43.4518,41.1326],[43.4404,41.1066]],[[43.2306,41.1726],[43.3518,41.1936]]]}},{"type":"Feature","properties":{"featurecla":"International boundary (verify)","adm0_a3_l":"FRA","adm0_a3_r":"DEU"},"geometry":{"type":"LineString","coordinates":[[6.3539,49.4548],[6.3453,49.4553]]}},{"type":"Feature","properties":{"featurecla":"International boundary (verify)","adm0_a3_l":"FRA","adm0_a3_r":"LUX"},"geometry":{"type":"MultiLineString","coordinates":[[[5.9607,49.4413],[5.9281,49.4823],[5.8396,49.4999],[5.7907,49.5378]],[[6.3453,49.4553],[6.1936,49.4994]],[[6.1936,49.4994],[6.1361,49.4953],[6.1426,49.4861],[6.1073,49.4825],[6.078,49.452],[5.9607,49.4413]]]}},{"type":"Feature","properties":{"featurecla":"International boundary (verify)","adm0_a3_l":"MAR","adm0_a3_r":"ESP"},"geometry":{"type":"LineString","coordinates":[[-5.3407,35.8474],[-5.3989,35.9245]]}},{"type":"Feature","properties":{"featurecla":"International boundary (verify)","adm0_a3_l":"CHN","adm0_a3_r":"LAO"},"geometry":{"type":"MultiLineString","coordinates":[[[101.7506,22.496],[101.7849,22.4722],[101.8178,22.4063],[101.8679,22.3788]],[[101.588,22.2714],[101.6437,22.3647],[101.6545,22.4461],[101.7132,22.4915],[101.7506,22.496]],[[101.995,22.4474],[102.0855,22.4291],[102.1073,22.3975]],[[101.8679,22.3788],[101.8916,22.4297],[101.995,22.4474]],[[102.1073,22.3975],[102.1187,22.3975]],[[101.5637,22.2768],[101.588,22.2714]],[[101.796,21.2029],[101.8193,21.216],[101.8202,21.2473],[101.7365,21.2923],[101.7151,21.3211],[101.7297,21.4742],[101.7482,21.5145],[101.7362,21.5709],[101.7936,21.5882],[101.8038,21.6259],[101.7559,21.6487],[101.7548,21.6898],[101.7285,21.7175],[101.7511,21.8161],[101.6737,21.9314],[101.6163,21.9536],[101.5554,22.0903],[101.5615,22.1761],[101.5157,22.2454],[101.5637,22.2768]],[[101.159,21.5527],[101.1866,21.5353],[101.1714,21.4034],[101.2265,21.3709]],[[101.2308,21.3718],[101.2074,21.3148],[101.2204,21.2963],[101.209,21.2455],[101.2753,21.1741]],[[101.2265,21.3709],[101.2308,21.3718]],[[101.4951,21.2428],[101.5797,21.2276],[101.5772,21.1852],[101.5965,21.1734]],[[101.2753,21.1741],[101.3815,21.2225],[101.4951,21.2428]],[[101.7736,21.2074],[101.796,21.2029]],[[101.7179,21.1345],[101.7667,21.1506],[101.7601,21.196],[101.7736,21.2074]],[[101.6359,21.1895],[101.6551,21.1892],[101.6883,21.1458],[101.7179,21.1345]],[[101.5965,21.1734],[101.6359,21.1895]]]}},{"type":"Feature","properties":{"featurecla":"International boundary (verify)","adm0_a3_l":"KGZ","adm0_a3_r":"CHN"},"geometry":{"type":"MultiLineString","coordinates":[[[80.1819,42.021],[80.2312,42.0337],[80.2576,42.0653],[80.2103,42.1895]],[[79.9309,42.0233],[80.1819,42.021]],[[79.703,41.8749],[79.7475,41.8797],[79.7833,41.9051],[79.8268,41.9922],[79.9309,42.0233]],[[79.6557,41.8758],[79.703,41.8749]],[[79.3674,41.7724],[79.6557,41.8758]],[[79.3041,41.7876],[79.3674,41.7724]],[[78.0572,41.0343],[78.176,41.1055],[78.2754,41.2289],[78.3495,41.2704],[78.3597,41.2875],[78.3393,41.344],[78.3599,41.3775],[78.5104,41.4544],[78.6192,41.4781],[78.6583,41.5325],[78.8073,41.5784],[78.9158,41.6332],[78.9762,41.6418],[79.3041,41.7876]],[[77.8667,41.0641],[78.0572,41.0343]],[[77.6318,40.9958],[77.7976,41.0547],[77.8667,41.0641]],[[77.0077,41.0442],[77.1188,41.0117],[77.2432,41.0057]],[[76.3135,40.3433],[76.4765,40.4361],[76.5564,40.5657],[76.6208,40.6113],[76.6308,40.7289],[76.6742,40.7954],[76.7625,40.847],[76.7668,40.9447],[76.861,41.0132],[77.0077,41.0442]],[[77.333,41.0206],[77.5035,40.9811]],[[77.2432,41.0057],[77.333,41.0206]],[[77.5807,40.9977],[77.6318,40.9958]],[[77.5035,40.9811],[77.5807,40.9977]],[[75.5238,40.6332],[75.5599,40.6329],[75.5877,40.6119],[75.6179,40.494],[75.6669,40.4502],[75.6383,40.3861],[75.6563,40.3231],[75.6818,40.2917]],[[75.1939,40.4413],[75.5238,40.6332]],[[74.8564,40.5132],[75.0391,40.4411]],[[74.8309,40.3199],[74.8621,40.3262],[74.8539,40.3588],[74.7874,40.4207],[74.8201,40.494],[74.8564,40.5132]],[[75.1381,40.4639],[75.1939,40.4413]],[[75.0391,40.4411],[75.1381,40.4639]],[[76.2442,40.4412],[76.2734,40.4341],[76.3135,40.3433]],[[76.1514,40.3681],[76.2442,40.4412]],[[76.0761,40.392],[76.1514,40.3681]],[[75.8805,40.2953],[75.9215,40.3091],[75.9624,40.3573],[76.0761,40.392]],[[74.7247,40.3375],[74.8309,40.3199]],[[74.3029,40.0901],[74.3699,40.1058],[74.5654,40.247],[74.7247,40.3375]],[[75.772,40.3102],[75.8805,40.2953]],[[75.6818,40.2917],[75.772,40.3102]],[[74.2031,40.1099],[74.3029,40.0901]],[[73.6326,39.4483],[73.8383,39.4757],[73.8705,39.5468],[73.9268,39.5929],[73.8935,39.7104],[73.8198,39.7667],[73.832,39.8237],[73.8807,39.865],[73.8932,39.9181],[73.944,39.9701],[73.9767,40.0436],[74.2031,40.1099]]]}},{"type":"Feature","properties":{"featurecla":"International boundary (verify)","adm0_a3_l":"GEO","adm0_a3_r":"ARM"},"geometry":{"type":"MultiLineString","coordinates":[[[44.9172,41.2618],[44.9552,41.2627],[45.0024,41.2905]],[[44.8207,41.2733],[44.9172,41.2618]],[[44.8215,41.2062],[44.8577,41.2193],[44.8095,41.2444],[44.8013,41.2585],[44.8207,41.2733]],[[44.191,41.23],[44.285,41.1909]],[[44.1036,41.1752],[44.1444,41.1861],[44.1684,41.2236],[44.191,41.23]],[[44.6129,41.2231],[44.8215,41.2062]],[[44.5515,41.177],[44.6129,41.2231]],[[44.3449,41.2132],[44.4549,41.1805]],[[44.285,41.1909],[44.3449,41.2132]],[[44.5166,41.2068],[44.5515,41.177]],[[44.4549,41.1805],[44.5166,41.2068]],[[44.0613,41.1842],[44.1036,41.1752]],[[43.7297,41.1067],[43.8632,41.159],[43.9558,41.1605],[44.0613,41.1842]],[[43.5666,41.1241],[43.7297,41.1067]],[[43.4603,41.1045],[43.5666,41.1241]],[[43.4404,41.1066],[43.4603,41.1045]]]}},{"type":"Feature","properties":{"featurecla":"International boundary (verify)","adm0_a3_l":"KGZ","adm0_a3_r":"KAZ"},"geometry":{"type":"MultiLineString","coordinates":[[[75.2046,42.8452],[74.8629,42.9758],[74.7139,42.9999],[74.6113,43.0582],[74.5582,43.115],[74.4006,43.1595],[74.1788,43.2617]],[[74.1788,43.2617],[74.2139,43.2026],[74.0399,43.1819]],[[74.0399,43.1819],[73.9653,43.2169]],[[73.9653,43.2169],[73.9351,43.1997],[73.9017,43.131],[73.8643,43.1161]],[[73.8643,43.1161],[73.8228,43.1173]],[[73.8228,43.1173],[73.5709,43.0319],[73.493,42.895],[73.5036,42.7941],[73.4239,42.6628],[73.41,42.5896],[73.433,42.5248],[73.5055,42.4209],[73.5051,42.4029],[73.4769,42.3991]],[[77.3281,42.8976],[77.1787,42.9132],[77.124,42.9589],[76.9569,42.9885]],[[76.9569,42.9885],[76.8335,42.9717],[76.7795,42.9393]],[[76.7795,42.9393],[76.7613,42.9421]],[[76.7613,42.9421],[76.6888,42.9103]],[[75.9991,42.9176],[75.859,42.9398]],[[75.859,42.9398],[75.7821,42.9333],[75.7276,42.8487],[75.6753,42.8154],[75.6204,42.8053]],[[76.1638,42.9212],[76.0906,42.9343]],[[76.0906,42.9343],[75.9991,42.9176]],[[77.4618,42.9144],[77.4186,42.9222]],[[77.4186,42.9222],[77.3281,42.8976]],[[76.3405,42.9017],[76.2545,42.9212]],[[76.2545,42.9212],[76.1638,42.9212]],[[76.585,42.8948],[76.4805,42.917]],[[76.4805,42.917],[76.4141,42.8855]],[[77.5744,42.8878],[77.5016,42.9145]],[[77.5016,42.9145],[77.4618,42.9144]],[[76.6888,42.9103],[76.6443,42.9111]],[[76.6443,42.9111],[76.585,42.8948]],[[76.4141,42.8855],[76.383,42.9101]],[[76.383,42.9101],[76.3405,42.9017]],[[77.81,42.8713],[77.7812,42.8956],[77.6478,42.9095]],[[77.6478,42.9095],[77.5744,42.8878]],[[78.0306,42.8547],[77.8839,42.8932]],[[77.8839,42.8932],[77.81,42.8713]],[[79.0309,42.7562],[78.6871,42.8046],[78.5943,42.8502],[78.4296,42.8807]],[[78.4296,42.8807],[78.3112,42.8505]],[[78.3112,42.8505],[78.2298,42.865]],[[78.2298,42.865],[78.1836,42.8601]],[[78.1836,42.8601],[78.1379,42.862]],[[78.1379,42.862],[78.0306,42.8547]],[[75.4966,42.8239],[75.2712,42.8458]],[[75.2712,42.8458],[75.2046,42.8452]],[[72.1049,42.7503],[71.8477,42.8341]],[[71.8477,42.8341],[71.6935,42.8118],[71.5663,42.7572]],[[75.6204,42.8053],[75.536,42.827]],[[75.536,42.827],[75.4966,42.8239]],[[71.4771,42.7835],[71.4288,42.7956]],[[71.4288,42.7956],[71.4046,42.7949],[71.3298,42.737]],[[79.5719,42.4495],[79.4257,42.4696],[79.353,42.5773],[79.2064,42.6565],[79.1761,42.7139],[79.1808,42.7755],[79.1483,42.791]],[[79.1483,42.791],[79.0309,42.7562]],[[71.5663,42.7572],[71.5042,42.7896]],[[71.5042,42.7896],[71.4771,42.7835]],[[72.5118,42.6776],[72.2924,42.7611],[72.1641,42.7651]],[[72.1641,42.7651],[72.1049,42.7503]],[[71.3298,42.737],[71.2625,42.7536]],[[71.2625,42.7536],[71.2114,42.7052],[71.149,42.6779],[71.1481,42.6174],[71.127,42.5906],[71.0032,42.5635],[71.0127,42.526],[71.0577,42.4934]],[[72.9423,42.536],[72.8408,42.5557],[72.7806,42.6204],[72.7258,42.6529],[72.5838,42.6783]],[[72.5838,42.6783],[72.5118,42.6776]],[[73.4769,42.3991],[73.3262,42.4287],[73.3166,42.4937],[73.3014,42.5071],[73.0706,42.5519]],[[73.0706,42.5519],[72.9423,42.536]],[[71.0579,42.4934],[71.0642,42.4703],[71.041,42.4548]],[[71.0577,42.4934],[71.0579,42.4934]],[[71.041,42.4548],[70.9771,42.4788]],[[70.9771,42.4788],[70.9361,42.4316],[70.9327,42.3762],[70.8527,42.3061],[70.8978,42.2616],[70.9478,42.2481]],[[80.2103,42.1895],[80.1666,42.2087],[80.077,42.3058],[79.9179,42.4244],[79.6525,42.4611]],[[79.6525,42.4611],[79.5719,42.4495]]]}},{"type":"Feature","properties":{"featurecla":"International boundary (verify)","adm0_a3_l":"BRA","adm0_a3_r":"GUY"},"geometry":{"type":"MultiLineString","coordinates":[[[-60.1766,5.2271],[-60.2134,5.2672]],[[-60.2134,5.2672],[-60.2737,5.2474],[-60.3331,5.1938],[-60.355,5.1932]],[[-60.112,4.5022],[-60.1488,4.513],[-60.1615,4.5652],[-60.1348,4.5935],[-60.0877,4.6075],[-60.0385,4.708],[-59.9815,5.0574],[-59.9831,5.0859],[-60.0912,5.1582],[-60.1317,5.2434]],[[-60.1317,5.2434],[-60.1766,5.2271]],[[-60.5538,5.1881],[-60.673,5.213]],[[-60.673,5.213],[-60.7399,5.2021]],[[-60.355,5.1932],[-60.3989,5.2083]],[[-60.3989,5.2083],[-60.4198,5.2072],[-60.449,5.1742]],[[-60.449,5.1742],[-60.4974,5.1959]],[[-60.4974,5.1959],[-60.5538,5.1881]],[[-60.0556,4.4916],[-60.0986,4.526]],[[-60.0986,4.526],[-60.112,4.5022]],[[-59.9146,4.4744],[-59.9647,4.5065]],[[-59.9647,4.5065],[-59.9846,4.4888]],[[-59.9846,4.4888],[-60.0207,4.4989]],[[-60.0207,4.4989],[-60.0556,4.4916]],[[-59.8632,4.4607],[-59.8858,4.4847]],[[-59.8858,4.4847],[-59.9146,4.4744]],[[-59.59,3.9667],[-59.5954,3.9964],[-59.6633,4.0797],[-59.6462,4.134],[-59.7267,4.1765],[-59.7385,4.2028],[-59.7245,4.2641],[-59.7385,4.2866],[-59.6936,4.3407],[-59.6867,4.3812],[-59.8096,4.4657]],[[-59.8096,4.4657],[-59.8262,4.4546]],[[-59.8262,4.4546],[-59.8524,4.4608]],[[-59.8524,4.4608],[-59.8632,4.4607]],[[-59.8414,3.4254],[-59.8214,3.4844],[-59.863,3.5524],[-59.8629,3.5817],[-59.8377,3.6093],[-59.7555,3.6381],[-59.6862,3.6902],[-59.6718,3.7562],[-59.5986,3.8024],[-59.5963,3.8759],[-59.5277,3.9395],[-59.5368,3.9577],[-59.5804,3.9671]],[[-59.5804,3.9671],[-59.59,3.9667]],[[-59.7375,1.8508],[-59.7588,1.8621],[-59.7651,1.9046],[-59.7371,2.0304],[-59.753,2.0755],[-59.7354,2.1135],[-59.7417,2.2638],[-59.9031,2.3596],[-59.9068,2.4588],[-59.9407,2.563],[-59.971,2.5926],[-59.965,2.6134],[-60.0001,2.694],[-59.9692,3.0427],[-59.9116,3.1264],[-59.9216,3.1501],[-59.9032,3.1587],[-59.9167,3.1942],[-59.8432,3.349],[-59.8218,3.3566],[-59.824,3.4317]],[[-59.824,3.4317],[-59.8414,3.4254]],[[-56.9769,1.9146],[-57.0375,1.9324],[-57.1045,2.0215]],[[-57.1045,2.0215],[-57.2384,1.9485]],[[-57.2384,1.9485],[-57.3194,1.9771]],[[-57.3194,1.9771],[-57.4295,1.9003],[-57.4648,1.8157],[-57.5313,1.7315],[-57.5612,1.709],[-57.6386,1.6962]],[[-56.4818,1.9416],[-56.5749,1.9055]],[[-56.5749,1.9055],[-56.6396,1.9369]],[[-56.6396,1.9369],[-56.684,1.9121]],[[-56.7927,1.8735],[-56.8776,1.8856],[-56.9435,1.9183]],[[-56.9435,1.9183],[-56.9769,1.9146]],[[-56.684,1.9121],[-56.7242,1.9161]],[[-56.7242,1.9161],[-56.7927,1.8735]],[[-59.6555,1.8397],[-59.7172,1.8581]],[[-59.7172,1.8581],[-59.7375,1.8508]],[[-59.6282,1.7188],[-59.6825,1.7656],[-59.6491,1.8414]],[[-59.6491,1.8414],[-59.6555,1.8397]],[[-59.368,1.5204],[-59.4168,1.5553],[-59.5307,1.7031],[-59.5727,1.7272]],[[-59.5727,1.7272],[-59.6282,1.7188]],[[-57.6386,1.6962],[-57.7588,1.7135]],[[-57.7588,1.7135],[-57.9222,1.6425]],[[-57.9222,1.6425],[-57.985,1.6577]],[[-57.985,1.6577],[-57.987,1.5868],[-58.0112,1.5362],[-58.0272,1.5169],[-58.0691,1.509]],[[-58.2197,1.5561],[-58.282,1.5666],[-58.3205,1.6012]],[[-58.3205,1.6012],[-58.3514,1.5533],[-58.3903,1.5308],[-58.3864,1.4902],[-58.4989,1.4574],[-58.5137,1.4389],[-58.4811,1.3339],[-58.5271,1.2668]],[[-58.0691,1.509],[-58.1486,1.5191],[-58.1873,1.5676]],[[-58.1873,1.5676],[-58.2197,1.5561]],[[-58.834,1.1858],[-58.8979,1.2178],[-58.9275,1.2842],[-58.9665,1.3102],[-59.2599,1.3874],[-59.3477,1.526]],[[-59.3477,1.526],[-59.368,1.5204]],[[-58.5271,1.2668],[-58.557,1.2869]],[[-58.557,1.2869],[-58.5805,1.2727]],[[-58.5805,1.2727],[-58.6826,1.2825]],[[-58.6826,1.2825],[-58.7092,1.2723],[-58.7719,1.2013],[-58.834,1.1858]]]}},{"type":"Feature","properties":{"featurecla":"International boundary (verify)","adm0_a3_l":"DNK","adm0_a3_r":"DEU"},"geometry":{"type":"MultiLineString","coordinates":[[[8.8242,54.9059],[9.1948,54.8504],[9.2264,54.8059],[9.317,54.8016]],[[8.7328,54.8891],[8.8242,54.9059]],[[8.6608,54.8963],[8.7328,54.8891]],[[9.385,54.8194],[9.4221,54.8073]],[[9.317,54.8016],[9.385,54.8194]],[[9.4221,54.8073],[9.4375,54.8104]]]}},{"type":"Feature","properties":{"featurecla":"International boundary (verify)","adm0_a3_l":"BRA","adm0_a3_r":"PER"},"geometry":{"type":"LineString","coordinates":[[-69.5962,-10.952],[-69.5776,-10.9523]]}},{"type":"Feature","properties":{"featurecla":"International boundary (verify)","adm0_a3_l":"TUN","adm0_a3_r":"LBY"},"geometry":{"type":"MultiLineString","coordinates":[[[10.6836,31.957],[10.8056,32.0324],[10.8732,32.1367],[11.444,32.3685],[11.5464,32.4343],[11.5641,32.4655],[11.5606,32.5076],[11.4499,32.638],[11.4565,32.9021],[11.5051,33.1812]],[[10.6285,31.9741],[10.6836,31.957]],[[10.4278,31.7146],[10.4989,31.7443],[10.5846,31.8403],[10.6059,31.9536],[10.6285,31.9741]],[[10.3154,31.7158],[10.4278,31.7146]],[[9.5197,30.2289],[9.7435,30.3313],[9.8713,30.3552],[10.1012,30.6417],[10.1922,30.7313],[10.2539,30.8418],[10.2702,30.9156],[10.245,30.9857],[10.2448,31.0782],[10.1062,31.4292],[10.1326,31.5176],[10.1965,31.5786],[10.264,31.6805],[10.3154,31.7158]]]}},{"type":"Feature","properties":{"featurecla":"International boundary (verify)","adm0_a3_l":"AZE","adm0_a3_r":"ARM"},"geometry":{"type":"MultiLineString","coordinates":[[[45.0024,41.2905],[45.0394,41.2312],[45.0349,41.1977],[45.1344,41.1879],[45.1998,41.1427],[45.201,41.1267],[45.1667,41.1078]],[[45.1667,41.1078],[45.0678,41.1109]],[[45.0678,41.1109],[45.0572,41.0788],[45.111,41.0495]],[[45.12,41.0796],[45.2216,41.0144],[45.3354,40.9938]],[[45.111,41.0495],[45.12,41.0796]],[[45.4191,41.0173],[45.4164,40.9613],[45.4793,40.9299],[45.5379,40.8759],[45.5992,40.8627],[45.601,40.8406],[45.5559,40.7766],[45.3988,40.7089],[45.3736,40.6753],[45.3735,40.6327],[45.4446,40.5664],[45.4554,40.5236],[45.4854,40.5053],[45.5262,40.441],[45.5854,40.3987],[45.8817,40.2604]],[[45.3354,40.9938],[45.4191,41.0173]],[[45.9246,40.2662],[45.9811,40.2178],[45.963,40.1417],[45.9095,40.0827],[45.8872,40.0184],[45.8039,40.0045]],[[45.8817,40.2604],[45.9246,40.2662]],[[45.8039,40.0045],[45.6396,40.0254]],[[45.6396,40.0254],[45.5763,39.9939],[45.5794,39.9702],[45.7428,39.9405],[45.8168,39.8392],[45.8619,39.8045],[45.9792,39.7685],[46.0451,39.6876],[46.1317,39.6522],[46.1696,39.6041],[46.2065,39.5879]],[[46.3095,39.6205],[46.3437,39.6186],[46.4162,39.574]],[[46.2065,39.5879],[46.3095,39.6205]],[[46.4793,39.5787],[46.512,39.5676],[46.5273,39.5382],[46.492,39.5102],[46.4982,39.4738],[46.4057,39.4512],[46.374,39.436],[46.3609,39.4103],[46.3746,39.3788],[46.4953,39.324],[46.5177,39.2788],[46.5979,39.2251],[46.6026,39.2155],[46.5141,39.1844]],[[46.4162,39.574],[46.4793,39.5787]],[[46.5141,39.1844],[46.4183,39.2119]],[[46.4183,39.2119],[46.3953,39.1952],[46.3963,39.1644],[46.4793,39.1148],[46.4919,39.0819],[46.4751,38.9511],[46.514,38.8822]]]}},{"type":"Feature","properties":{"featurecla":"International boundary (verify)","adm0_a3_l":"ARM","adm0_a3_r":"AZE"},"geometry":{"type":"MultiLineString","coordinates":[[[45.0335,39.7704],[45.0675,39.7572],[45.1413,39.6844],[45.1559,39.6492],[45.1444,39.5898],[45.1679,39.5655]],[[44.8931,39.7184],[45.0335,39.7704]],[[44.8493,39.7189],[44.8931,39.7184]],[[44.7746,39.7028],[44.8493,39.7189]],[[45.26,39.5997],[45.313,39.5338],[45.3749,39.5259],[45.4461,39.4875]],[[45.1679,39.5655],[45.26,39.5997]],[[45.7379,39.5698],[45.7971,39.5363],[45.8031,39.4482],[45.765,39.3895],[45.767,39.3544],[45.8237,39.3431],[45.9858,39.2494],[45.9551,39.2032],[45.9581,39.1515],[46.0255,39.0638],[46.1359,38.8637]],[[45.4461,39.4875],[45.5864,39.5454],[45.7379,39.5698]]]}},{"type":"Feature","properties":{"featurecla":"International boundary (verify)","adm0_a3_l":"HUN","adm0_a3_r":"ROU"},"geometry":{"type":"MultiLineString","coordinates":[[[22.563,47.7572],[22.6377,47.7716],[22.7039,47.8172],[22.7518,47.8277],[22.7636,47.8748],[22.8361,47.9025],[22.8776,47.9467]],[[22.4544,47.7874],[22.563,47.7572]],[[22.3683,47.7312],[22.4073,47.7431],[22.4237,47.7826],[22.4544,47.7874]],[[22.3221,47.7359],[22.3683,47.7312]],[[21.3744,46.6184],[21.4362,46.6737],[21.5018,46.7035],[21.5052,46.7232],[21.4705,46.743],[21.5029,46.8053],[21.5366,46.835],[21.5834,46.8479],[21.5899,46.9089],[21.6485,46.943],[21.6714,46.9934],[21.6328,47.0227],[21.7638,47.1052],[21.7799,47.1407],[21.8199,47.1727],[21.8236,47.2149],[21.8622,47.2974],[21.919,47.3497],[21.9815,47.3661],[22.0016,47.3938],[21.9889,47.4929],[22.0079,47.5174],[22.0996,47.5709],[22.1621,47.5862],[22.2079,47.6737],[22.2731,47.7238],[22.3221,47.7359]],[[21.3376,46.6204],[21.3744,46.6184]],[[21.1349,46.2785],[21.1645,46.3183],[21.1788,46.3845],[21.2807,46.4164],[21.2451,46.4769],[21.2476,46.4975],[21.2913,46.5467],[21.301,46.6039],[21.3376,46.6204]],[[21.1056,46.2787],[21.1349,46.2785]],[[21.0335,46.2313],[21.1056,46.2787]],[[20.8196,46.2717],[20.8751,46.2544]],[[20.7366,46.1867],[20.7393,46.2375],[20.8196,46.2717]],[[20.9066,46.2622],[20.9617,46.2483]],[[20.8751,46.2544],[20.9066,46.2622]],[[20.9992,46.2516],[21.0335,46.2313]],[[20.9617,46.2483],[20.9992,46.2516]],[[20.7178,46.19],[20.7366,46.1867]],[[20.6076,46.1295],[20.6835,46.1447],[20.7178,46.19]],[[20.4685,46.1741],[20.6076,46.1295]],[[20.2428,46.1081],[20.2832,46.1438],[20.4442,46.1469],[20.4685,46.1741]]]}},{"type":"Feature","properties":{"featurecla":"International boundary (verify)","adm0_a3_l":"UZB","adm0_a3_r":"KGZ"},"geometry":{"type":"MultiLineString","coordinates":[[[70.9359,42.0369],[70.9771,42.0442],[71.1184,42.1229],[71.2382,42.1602],[71.2532,42.1976],[71.0458,42.291]],[[71.0458,42.291],[70.9478,42.2481]],[[70.8867,42.0385],[70.9359,42.0369]],[[70.4772,41.4047],[70.4532,41.4055],[70.399,41.465],[70.3444,41.4938],[70.2034,41.5056],[70.1665,41.5202],[70.1483,41.5525],[70.1693,41.5783],[70.4537,41.7121],[70.5065,41.7856],[70.6489,41.8874],[70.814,41.9195],[70.8455,42.0304],[70.8867,42.0385]],[[71.6814,41.4228],[71.6711,41.4376],[71.6894,41.5146],[71.6714,41.5474],[71.6495,41.5499]],[[71.6495,41.5499],[71.6153,41.5321],[71.5955,41.4938],[71.6374,41.4313],[71.6188,41.3778],[71.5855,41.3235],[71.5238,41.2967]],[[70.7704,41.2385],[70.7563,41.2696],[70.7692,41.3521],[70.7036,41.4455],[70.6678,41.4714]],[[70.6678,41.4714],[70.4772,41.4047]],[[71.8977,41.1849],[71.8716,41.1945],[71.8688,41.2792],[71.847,41.3418],[71.7368,41.4554]],[[71.7368,41.4554],[71.7216,41.4248]],[[71.7216,41.4248],[71.6961,41.4474]],[[71.6961,41.4474],[71.6814,41.4228]],[[71.5238,41.2967],[71.4188,41.3474]],[[71.4188,41.3474],[71.4215,41.1621],[71.4161,41.1274],[71.3937,41.1127]],[[70.9342,41.1914],[70.8285,41.2491]],[[70.8285,41.2491],[70.7704,41.2385]],[[72.1651,40.9994],[72.1856,41.0411],[72.1746,41.1414],[72.1584,41.1879],[72.1329,41.1993]],[[72.1329,41.1993],[72.0338,41.1566]],[[71.1801,41.1081],[71.1231,41.1582],[70.9771,41.1963]],[[70.9771,41.1963],[70.9342,41.1914]],[[72.0338,41.1566],[71.977,41.1952]],[[71.977,41.1952],[71.8977,41.1849]],[[71.2761,41.1132],[71.2415,41.1752],[71.2064,41.1888]],[[71.2064,41.1888],[71.1857,41.1802],[71.1801,41.1081]],[[71.3937,41.1127],[71.3252,41.1573]],[[71.3252,41.1573],[71.2761,41.1132]],[[72.7012,40.8632],[72.6195,40.8801],[72.5456,40.9565],[72.4834,40.9706],[72.4819,41.0088],[72.3952,41.022],[72.3324,41.0728]],[[72.3324,41.0728],[72.2898,41.0235],[72.1651,40.9994]],[[72.8703,40.8182],[72.8687,40.8641],[72.8301,40.8721]],[[72.8301,40.8721],[72.7012,40.8632]],[[73.0536,40.8363],[73.0034,40.8702]],[[73.0034,40.8702],[72.8703,40.8182]],[[72.7192,40.5649],[72.7484,40.5751],[72.76,40.6418],[72.7839,40.6697],[72.891,40.6951],[73.118,40.7829],[73.1486,40.8137],[73.1434,40.8338],[73.1125,40.8392]],[[73.1125,40.8392],[73.0536,40.8363]],[[72.3816,40.6121],[72.4479,40.5605],[72.5858,40.5087]],[[72.3705,40.3856],[72.3941,40.3894],[72.4252,40.436],[72.4157,40.4793],[72.3635,40.5123],[72.3701,40.5577],[72.3485,40.5854],[72.3519,40.602],[72.3816,40.6121]],[[72.6642,40.5778],[72.7192,40.5649]],[[72.5858,40.5087],[72.6409,40.5199],[72.6642,40.5778]],[[72.2359,40.4599],[72.2636,40.4525],[72.2165,40.4349],[72.2244,40.4224]],[[72.0048,40.2373],[72.0254,40.2509],[71.9582,40.2865],[71.9567,40.3157],[72.0696,40.3694],[72.0993,40.4264],[72.1659,40.4544],[72.2359,40.4599]],[[72.2696,40.424],[72.3705,40.3856]],[[72.2244,40.4224],[72.2696,40.424]],[[71.2538,40.3244],[71.3136,40.2927]],[[71.1694,40.2614],[71.201,40.2638],[71.2538,40.3244]],[[71.3449,40.2952],[71.4414,40.2609],[71.4984,40.2105],[71.5683,40.1966]],[[71.3136,40.2927],[71.3449,40.2952]],[[71.0532,40.2742],[71.1694,40.2614]],[[70.959,40.2384],[70.9951,40.2666],[71.0532,40.2742]],[[71.6283,40.2589],[71.6602,40.2245],[71.6731,40.1479],[71.6933,40.1411]],[[71.5683,40.1966],[71.593,40.1984],[71.6283,40.2589]],[[71.873,40.2508],[71.9518,40.2409]],[[71.6933,40.1411],[71.7759,40.1799],[71.8365,40.2492],[71.873,40.2508]],[[71.9692,40.2444],[72.0048,40.2373]],[[71.9518,40.2409],[71.9692,40.2444]]]}},{"type":"Feature","properties":{"featurecla":"International boundary (verify)","adm0_a3_l":"POL","adm0_a3_r":"SVK"},"geometry":{"type":"MultiLineString","coordinates":[[[19.4434,49.6018],[19.5052,49.5634],[19.5568,49.4539],[19.6348,49.4413],[19.627,49.4019],[19.7063,49.3875]],[[19.315,49.524],[19.4434,49.6018]],[[19.2842,49.5242],[19.315,49.524]],[[19.1166,49.3909],[19.1725,49.4023],[19.1894,49.4422],[19.209,49.445],[19.2205,49.493],[19.2842,49.5242]],[[18.8332,49.5103],[18.9611,49.4928],[18.9567,49.4004],[18.9818,49.3868]],[[21.2605,49.4494],[21.4279,49.4098]],[[21.1726,49.3983],[21.2605,49.4494]],[[21.6012,49.4265],[21.6663,49.4018]],[[21.4962,49.4124],[21.6012,49.4265]],[[21.1094,49.4246],[21.1726,49.3983]],[[20.919,49.2903],[21.0172,49.3524],[21.0725,49.3572],[21.0685,49.3814],[21.0333,49.3997],[21.1094,49.4246]],[[21.4815,49.4152],[21.4962,49.4124]],[[21.4279,49.4098],[21.4815,49.4152]],[[19.0676,49.4061],[19.1166,49.3909]],[[18.9818,49.3868],[19.0676,49.4061]],[[21.6818,49.4041],[21.7576,49.3489]],[[21.6663,49.4018],[21.6818,49.4041]],[[20.4375,49.4025],[20.544,49.3708]],[[20.3705,49.3817],[20.4221,49.383],[20.4219,49.4002],[20.4375,49.4025]],[[20.6739,49.4023],[20.7783,49.3312],[20.8165,49.3214]],[[20.6361,49.3983],[20.6739,49.4023]],[[20.6145,49.4004],[20.6361,49.3983]],[[20.544,49.3708],[20.6145,49.4004]],[[19.7601,49.3977],[19.7836,49.3576],[19.7797,49.2934],[19.8086,49.2709],[19.7478,49.2059],[19.832,49.1859]],[[19.7063,49.3875],[19.7601,49.3977]],[[20.3295,49.3918],[20.3705,49.3817]],[[20.1604,49.3056],[20.2072,49.3342],[20.2844,49.3386],[20.3074,49.3866],[20.3295,49.3918]],[[21.8196,49.3772],[21.9645,49.3086],[21.9932,49.2782],[22.0124,49.2111],[22.1657,49.1711]],[[21.7576,49.3489],[21.8196,49.3772]],[[20.8336,49.3221],[20.919,49.2903]],[[20.8165,49.3214],[20.8336,49.3221]],[[20.1359,49.3089],[20.1604,49.3056]],[[20.0505,49.1732],[20.07,49.1831],[20.086,49.243],[20.1359,49.3089]],[[19.9379,49.2251],[20.0505,49.1732]],[[19.832,49.1859],[19.9379,49.2251]],[[22.1897,49.173],[22.2089,49.164],[22.2085,49.1442],[22.2629,49.1306]],[[22.1657,49.1711],[22.1897,49.173]],[[22.3182,49.132],[22.3901,49.093],[22.5396,49.0722]],[[22.2629,49.1306],[22.3182,49.132]]]}},{"type":"Feature","properties":{"featurecla":"International boundary (verify)","adm0_a3_l":"GBR","adm0_a3_r":"IRL"},"geometry":{"type":"MultiLineString","coordinates":[[[-7.2471,55.0693],[-7.2912,55.0466],[-7.355,55.0409],[-7.4053,55.0036],[-7.4087,54.9511],[-7.4453,54.9322],[-7.4551,54.863],[-7.5434,54.7931],[-7.5431,54.7417],[-7.5561,54.7384]],[[-7.6154,54.7393],[-7.6497,54.7449]],[[-7.6497,54.7449],[-7.7705,54.706]],[[-7.5561,54.7384],[-7.5854,54.7447]],[[-7.5854,54.7447],[-7.6154,54.7393]],[[-7.7705,54.706],[-7.8459,54.731]],[[-7.8459,54.731],[-7.9297,54.6967],[-7.9071,54.6867],[-7.9066,54.6613],[-7.838,54.6312]],[[-7.815,54.6395],[-7.7536,54.6145]],[[-7.838,54.6312],[-7.815,54.6395]],[[-7.7212,54.6259],[-7.7079,54.6042],[-7.8871,54.5321]],[[-7.7536,54.6145],[-7.7212,54.6259]],[[-7.8871,54.5321],[-8.0022,54.5434]],[[-8.0022,54.5434],[-8.0724,54.4871],[-8.1738,54.4617],[-8.0565,54.3659],[-8.0022,54.3579],[-7.9508,54.3009],[-7.8803,54.287],[-7.8564,54.2114],[-7.7821,54.2]],[[-7.0178,54.4132],[-6.8797,54.3416],[-6.8567,54.2928],[-6.8822,54.2773],[-6.8377,54.2605],[-6.7878,54.203],[-6.7328,54.1836]],[[-7.1681,54.335],[-7.0493,54.4115],[-7.0178,54.4132]],[[-7.1856,54.3369],[-7.1681,54.335]],[[-7.1924,54.3074],[-7.1856,54.3369]],[[-7.1937,54.3075],[-7.1924,54.3074]],[[-7.1992,54.3035],[-7.1937,54.3075]],[[-7.2067,54.3049],[-7.1992,54.3035]],[[-7.2938,54.122],[-7.2458,54.167],[-7.2611,54.1809],[-7.2491,54.1974],[-7.1533,54.2242],[-7.1597,54.2407],[-7.1459,54.2521],[-7.1815,54.2698],[-7.1755,54.2837],[-7.209,54.2934],[-7.2067,54.3049]],[[-7.7226,54.2023],[-7.6327,54.1685],[-7.609,54.1399],[-7.5023,54.1251]],[[-7.7821,54.2],[-7.7226,54.2023]],[[-6.7065,54.1989],[-6.6403,54.168],[-6.6346,54.1501],[-6.6664,54.1148],[-6.6571,54.0919],[-6.6725,54.0684],[-6.6165,54.0373]],[[-6.7328,54.1836],[-6.7065,54.1989]],[[-7.2955,54.1651],[-7.2938,54.122]],[[-7.327,54.1136],[-7.3103,54.1147],[-7.3332,54.1494],[-7.2955,54.1651]],[[-7.4396,54.1469],[-7.4147,54.1457],[-7.4223,54.1355]],[[-7.5023,54.1251],[-7.4396,54.1469]],[[-7.4122,54.1364],[-7.3902,54.1212]],[[-7.4223,54.1355],[-7.4122,54.1364]],[[-7.3755,54.1233],[-7.327,54.1136]],[[-7.3902,54.1212],[-7.3755,54.1233]],[[-6.3548,54.1107],[-6.3271,54.0979]],[[-6.4339,54.0553],[-6.3712,54.0668],[-6.3548,54.1107]],[[-6.2847,54.1052],[-6.2699,54.0979]],[[-6.3271,54.0979],[-6.2847,54.1052]],[[-6.4509,54.0684],[-6.4339,54.0553]],[[-6.564,54.049],[-6.4509,54.0684]],[[-6.5872,54.0533],[-6.564,54.049]],[[-6.6165,54.0373],[-6.5872,54.0533]]]}},{"type":"Feature","properties":{"featurecla":"International boundary (verify)","adm0_a3_l":"CZE","adm0_a3_r":"POL"},"geometry":{"type":"MultiLineString","coordinates":[[[15.1079,50.981],[15.004,51.0207]],[[15.004,51.0207],[14.961,50.9927],[14.9966,50.9592],[14.9821,50.8591]],[[15.3703,50.7726],[15.3497,50.7837],[15.341,50.8317],[15.2878,50.8549],[15.2654,50.8823],[15.2531,50.9141],[15.2698,50.9527],[15.2271,50.9774],[15.1702,50.978],[15.1444,51.0116]],[[15.1444,51.0116],[15.1079,50.981]],[[14.9821,50.8591],[14.8679,50.8644]],[[14.8679,50.8644],[14.8317,50.858]],[[14.8317,50.858],[14.8104,50.8584]],[[15.6843,50.7314],[15.6419,50.7558],[15.4418,50.8002]],[[15.4418,50.8002],[15.4001,50.798],[15.3703,50.7726]],[[15.8546,50.6737],[15.7922,50.7427],[15.7674,50.7442]],[[15.7674,50.7442],[15.6843,50.7314]],[[15.982,50.6036],[15.9932,50.6494],[15.9715,50.6786],[15.9415,50.6884]],[[15.9415,50.6884],[15.8546,50.6737]],[[16.3884,50.5213],[16.3945,50.5593],[16.4259,50.5676],[16.4168,50.5866],[16.3316,50.644],[16.232,50.6609]],[[16.232,50.6609],[16.1755,50.6241]],[[16.1755,50.6241],[16.0865,50.6468]],[[16.0865,50.6468],[16.0245,50.6086],[15.982,50.6036]],[[16.3355,50.4904],[16.3912,50.5218]],[[16.3912,50.5218],[16.3884,50.5213]],[[16.3034,50.496],[16.3355,50.4904]],[[16.218,50.4371],[16.2112,50.4513],[16.3034,50.496]],[[16.198,50.44],[16.218,50.4371]],[[16.2625,50.3644],[16.232,50.4026],[16.1996,50.4063],[16.198,50.44]],[[16.9588,50.4146],[16.893,50.4329]],[[16.893,50.4329],[16.8658,50.4224],[16.8659,50.4084],[16.9265,50.3193],[16.9878,50.2849],[17.0128,50.2317],[17.0084,50.21]],[[17.1454,50.3767],[16.9819,50.4164]],[[16.9819,50.4164],[16.9588,50.4146]],[[17.2699,50.3178],[17.2109,50.3364],[17.1759,50.3808]],[[17.1759,50.3808],[17.1454,50.3767]],[[16.6606,50.093],[16.5667,50.1422],[16.535,50.2077],[16.4378,50.298],[16.371,50.3184],[16.3342,50.3719]],[[16.3342,50.3719],[16.2625,50.3644]],[[17.355,50.2533],[17.3191,50.3082],[17.3375,50.313],[17.3168,50.3186]],[[17.3168,50.3186],[17.2699,50.3178]],[[17.6484,50.1018],[17.5821,50.1532],[17.7382,50.2024],[17.7476,50.2175],[17.7192,50.2528],[17.7345,50.2895],[17.691,50.3151]],[[17.691,50.3151],[17.6467,50.2711],[17.6064,50.2582]],[[17.4296,50.2398],[17.388,50.2726]],[[17.388,50.2726],[17.3659,50.2716],[17.355,50.2533]],[[17.6064,50.2582],[17.517,50.2684]],[[17.517,50.2684],[17.4694,50.2656],[17.4296,50.2398]],[[17.0084,50.21],[16.9603,50.232]],[[16.9603,50.232],[16.9463,50.2131]],[[16.9463,50.2131],[16.9278,50.2173]],[[16.9278,50.2173],[16.8576,50.1877]],[[16.8576,50.1877],[16.8376,50.1886]],[[16.8376,50.1886],[16.7953,50.1744],[16.7012,50.0949],[16.6606,50.093]],[[17.8757,49.9687],[17.8394,49.9736],[17.7746,50.0152],[17.7195,50.0809],[17.732,50.0949],[17.6776,50.1077]],[[17.6776,50.1077],[17.6484,50.1018]],[[18.2925,49.9078],[18.2559,49.946],[18.0982,49.989],[18.0851,49.9988],[18.0916,50.0172],[18.0024,50.0468]],[[18.0024,50.0468],[18.0122,50.0227]],[[18.0201,50.0243],[18.0357,50.0172],[18.0324,50.0028],[17.8757,49.9687]],[[18.0122,50.0227],[18.0201,50.0243]],[[18.4818,49.8966],[18.3688,49.932]],[[18.3688,49.932],[18.3285,49.9288]],[[18.3307,49.9288],[18.2925,49.9078]],[[18.3285,49.9288],[18.3307,49.9288]],[[18.7277,49.6689],[18.6177,49.7139],[18.5668,49.8048],[18.5663,49.8316],[18.5938,49.8522],[18.5673,49.8615],[18.5592,49.9072],[18.5444,49.913]],[[18.5444,49.913],[18.4818,49.8966]],[[18.8332,49.5103],[18.8202,49.5903],[18.7735,49.6758]],[[18.7735,49.6758],[18.7277,49.6689]]]}},{"type":"Feature","properties":{"featurecla":"International boundary (verify)","adm0_a3_l":"KGZ","adm0_a3_r":"TJK"},"geometry":{"type":"MultiLineString","coordinates":[[[70.959,40.2384],[70.9795,40.2141],[70.9629,40.1897],[70.8985,40.1626]],[[70.1688,40.1317],[70.0046,40.2088],[69.9696,40.2116]],[[69.9696,40.2116],[69.5588,40.1017]],[[70.8985,40.1626],[70.8452,40.1718]],[[70.8452,40.1718],[70.8067,40.1562]],[[70.8067,40.1562],[70.7977,40.1619]],[[70.7977,40.1619],[70.6394,40.0849],[70.614,39.9758],[70.5766,39.9522],[70.5009,39.9406],[70.4772,39.9009]],[[70.4772,39.9009],[70.4556,39.9068],[70.4509,39.9374],[70.4732,39.9701],[70.5209,39.9937],[70.5356,40.016],[70.5255,40.0337],[70.3243,40.0775],[70.2635,40.1243],[70.2185,40.1341]],[[70.2185,40.1341],[70.1688,40.1317]],[[69.5588,40.1017],[69.518,40.1251]],[[69.518,40.1251],[69.4631,40.0254],[69.5016,39.9225],[69.4054,39.8961]],[[69.4054,39.8961],[69.3573,39.9595],[69.314,39.9869]],[[69.314,39.9869],[69.2407,39.8289],[69.2263,39.751],[69.2875,39.6778],[69.2862,39.5397],[69.3003,39.5156]],[[70.2007,39.6195],[70.2148,39.5911],[70.206,39.5241],[70.2233,39.5191]],[[70.1324,39.55],[70.2007,39.6195]],[[71.4595,39.6121],[71.5109,39.5841],[71.5314,39.5531],[71.4921,39.4937],[71.5129,39.4588],[71.6028,39.4423]],[[71.2493,39.5144],[71.3685,39.5915],[71.4595,39.6121]],[[70.4772,39.6012],[70.5436,39.5743]],[[70.3843,39.5709],[70.4772,39.6012]],[[70.5803,39.5795],[70.6221,39.5635],[70.656,39.4937],[70.6997,39.4722],[70.6981,39.419],[70.7133,39.3984],[70.7701,39.3821]],[[70.5436,39.5743],[70.5803,39.5795]],[[69.6694,39.5778],[69.8304,39.5362]],[[69.4773,39.5304],[69.5823,39.5736],[69.6694,39.5778]],[[70.3432,39.5769],[70.3843,39.5709]],[[70.2233,39.5191],[70.3432,39.5769]],[[70.0404,39.5736],[70.1324,39.55]],[[69.9788,39.5344],[70.0404,39.5736]],[[69.3616,39.5529],[69.4122,39.525]],[[69.3003,39.5156],[69.3616,39.5529]],[[69.9078,39.5485],[69.9788,39.5344]],[[69.8304,39.5362],[69.9078,39.5485]],[[69.4553,39.5305],[69.4773,39.5304]],[[69.4122,39.525],[69.4553,39.5305]],[[71.18,39.523],[71.2493,39.5144]],[[70.9771,39.3949],[71.0093,39.4076],[71.0629,39.4956],[71.18,39.523]],[[73.5122,39.4674],[73.6326,39.4483]],[[73.136,39.3535],[73.3264,39.3909],[73.3432,39.4307],[73.3676,39.4438],[73.5122,39.4674]],[[71.7244,39.4594],[71.7518,39.3997],[71.7109,39.321],[71.7329,39.2851],[71.7704,39.2695]],[[71.6028,39.4423],[71.7244,39.4594]],[[70.9034,39.4209],[70.9771,39.3949]],[[70.8642,39.4006],[70.9034,39.4209]],[[70.8553,39.4017],[70.8642,39.4006]],[[70.7701,39.3821],[70.8553,39.4017]],[[72.6337,39.3945],[72.8353,39.3562]],[[72.5758,39.3593],[72.6337,39.3945]],[[72.519,39.3757],[72.5758,39.3593]],[[72.4604,39.3441],[72.519,39.3757]],[[73.0711,39.3707],[73.136,39.3535]],[[72.9943,39.3478],[73.0711,39.3707]],[[72.0498,39.3689],[72.0781,39.3366],[72.0948,39.2751],[72.2033,39.2408],[72.2289,39.1892]],[[71.7704,39.2695],[72.0498,39.3689]],[[72.8937,39.3639],[72.9943,39.3478]],[[72.8353,39.3562],[72.8937,39.3639]],[[72.4107,39.3513],[72.4604,39.3441]],[[72.2289,39.1892],[72.3163,39.3288],[72.4107,39.3513]]]}},{"type":"Feature","properties":{"featurecla":"International boundary (verify)","adm0_a3_l":"ALB","adm0_a3_r":"GRC"},"geometry":{"type":"MultiLineString","coordinates":[[[20.9119,40.4595],[20.9465,40.4829],[20.9579,40.5149],[21.0135,40.5489],[21.0367,40.6397],[21.0186,40.6909],[20.9437,40.7653],[20.967,40.802],[20.9653,40.8494]],[[20.8668,40.4721],[20.9119,40.4595]],[[20.5529,40.0654],[20.6476,40.094],[20.6682,40.1381],[20.6604,40.1789],[20.6964,40.2151],[20.6991,40.2784],[20.7366,40.3036],[20.7704,40.3626],[20.7706,40.422],[20.8092,40.4366],[20.8267,40.4648],[20.8668,40.4721]],[[20.4999,40.0715],[20.5529,40.0654]],[[20.466,40.0608],[20.4999,40.0715]],[[20.4328,40.0638],[20.466,40.0608]],[[20.3716,39.7843],[20.389,39.7981],[20.393,39.8355],[20.318,39.9184],[20.2979,39.9869],[20.3765,39.9937],[20.4004,40.0453],[20.4328,40.0638]],[[20.2884,39.8066],[20.3716,39.7843]],[[20.246,39.6629],[20.249,39.6848],[20.2965,39.7174],[20.2757,39.7601],[20.2847,39.7803],[20.273,39.7965],[20.2884,39.8066]],[[20.0161,39.7014],[20.1841,39.637]],[[19.9999,39.6935],[20.0161,39.7014]],[[20.2286,39.6692],[20.246,39.6629]],[[20.1841,39.637],[20.2286,39.6692]]]}},{"type":"Feature","properties":{"featurecla":"International boundary (verify)","adm0_a3_l":"UZB","adm0_a3_r":"KGZ"},"geometry":{"type":"MultiLineString","coordinates":[[[71.1769,40.042],[71.0788,40.0786],[71.0086,40.1578]],[[71.0086,40.1578],[70.9771,40.1446],[70.953,40.0792],[70.9945,40.0089],[71.0458,39.992],[71.0504,39.9629],[71.0076,39.9112],[71.0219,39.8808]],[[71.1137,39.8745],[71.2191,39.9009],[71.2211,39.9317],[71.177,39.9682],[71.1747,39.994],[71.2373,40.0311],[71.244,40.0468],[71.2237,40.0579]],[[71.2237,40.0579],[71.1769,40.042]],[[71.061,39.9041],[71.1137,39.8745]],[[71.0219,39.8808],[71.061,39.9041]]]}},{"type":"Feature","properties":{"featurecla":"International boundary (verify)","adm0_a3_l":"ZMB","adm0_a3_r":"MWI"},"geometry":{"type":"MultiLineString","coordinates":[[[32.9375,-9.4878],[32.9209,-9.4079]],[[33.0001,-9.6328],[32.9747,-9.6013],[32.992,-9.5018],[32.9619,-9.4804]],[[32.9619,-9.4804],[32.9375,-9.4878]],[[33.434,-10.8081],[33.501,-10.7692],[33.5769,-10.6576],[33.6578,-10.6013],[33.6742,-10.577],[33.6654,-10.5151],[33.6382,-10.5116],[33.5592,-10.4043],[33.5293,-10.3186],[33.5333,-10.2312],[33.4805,-10.1771],[33.3041,-10.0638],[33.31,-10.0127],[33.3656,-9.8988],[33.3435,-9.8314],[33.2878,-9.8038],[33.2167,-9.7271],[33.2046,-9.6981],[33.2143,-9.6547],[33.1954,-9.6163],[33.0983,-9.5885]],[[33.0983,-9.5885],[33.0804,-9.6623]],[[33.0804,-9.6623],[33.0583,-9.6543],[33.0357,-9.617]],[[33.0357,-9.617],[33.0001,-9.6328]],[[33.3855,-10.8009],[33.434,-10.8081]],[[33.2734,-10.8656],[33.3191,-10.8181],[33.3855,-10.8009]],[[33.2508,-10.8625],[33.2734,-10.8656]],[[33.2396,-10.9031],[33.2326,-10.8833],[33.2508,-10.8625]],[[33.2652,-11.4231],[33.2735,-11.3696],[33.2989,-11.3531],[33.2983,-11.3292],[33.3909,-11.1648],[33.3037,-11.0346],[33.2803,-10.9133],[33.2659,-10.9011]],[[33.2659,-10.9011],[33.2396,-10.9031]],[[33.2397,-11.4024],[33.2652,-11.4231]],[[33.2493,-11.5778],[33.2126,-11.5638],[33.2338,-11.514],[33.2397,-11.4024]],[[33.3846,-12.34],[33.3495,-12.3279],[33.3,-12.1959],[33.2527,-12.1395],[33.2549,-12.0726],[33.3127,-11.8987],[33.2975,-11.8625],[33.314,-11.7722],[33.3026,-11.6097],[33.2669,-11.5756]],[[33.2669,-11.5756],[33.2493,-11.5778]],[[33.4974,-12.3315],[33.4583,-12.3181]],[[33.4583,-12.3181],[33.3846,-12.34]],[[33.3283,-12.5376],[33.4511,-12.453],[33.4653,-12.4091],[33.5271,-12.3556],[33.5141,-12.331]],[[33.5141,-12.331],[33.4974,-12.3315]],[[33.2897,-12.5242],[33.3283,-12.5376]],[[33.163,-12.6204],[33.227,-12.5791],[33.2551,-12.5319],[33.2897,-12.5242]],[[33.0577,-12.5834],[33.0813,-12.6048]],[[32.7102,-13.5753],[32.8131,-13.5282],[32.8191,-13.4717],[32.8743,-13.4432],[32.8921,-13.4048],[32.9379,-13.2559],[32.9982,-13.2024],[32.9659,-13.1168],[32.9815,-13.0061],[33.0136,-12.9172],[32.947,-12.8432],[32.9411,-12.7699],[33.0248,-12.6127],[33.0577,-12.5834]],[[33.1304,-12.5837],[33.163,-12.6204]],[[33.0813,-12.6048],[33.1304,-12.5837]],[[32.6773,-13.5678],[32.7102,-13.5753]],[[32.9444,-13.9329],[32.9239,-13.8804],[32.8741,-13.8206],[32.763,-13.7772],[32.7574,-13.7502],[32.8134,-13.7112],[32.7699,-13.6469],[32.6751,-13.6281],[32.6633,-13.5963],[32.6773,-13.5678]],[[33.2027,-14.0139],[33.1403,-13.925]],[[33.1403,-13.925],[33.1116,-13.9646],[33.063,-13.9817],[33.0182,-14.0462],[32.9998,-14.0505]],[[32.9998,-14.0505],[32.9713,-14.0059],[32.9763,-13.9445],[32.9625,-13.932]],[[32.9625,-13.932],[32.9444,-13.9329]]]}},{"type":"Feature","properties":{"featurecla":"International boundary (verify)","adm0_a3_l":"SVK","adm0_a3_r":"UKR"},"geometry":{"type":"LineString","coordinates":[[22.1328,48.4048],[22.1483,48.5088],[22.1387,48.5696],[22.2432,48.6512],[22.3103,48.6817],[22.3308,48.7564],[22.3657,48.7944],[22.3689,48.8565],[22.4118,48.8878],[22.449,48.9714],[22.5205,48.9929],[22.5396,49.0722]]}},{"type":"Feature","properties":{"featurecla":"International boundary (verify)","adm0_a3_l":"MOZ","adm0_a3_r":"MWI"},"geometry":{"type":"MultiLineString","coordinates":[[[34.5984,-11.9705],[34.6275,-11.9873],[34.6412,-12.0179],[34.6111,-12.0725]],[[34.5626,-11.978],[34.5984,-11.9705]],[[34.6111,-12.0725],[34.5441,-12.0114],[34.5616,-11.9786]]]}},{"type":"Feature","properties":{"featurecla":"International boundary (verify)","adm0_a3_l":"GIN","adm0_a3_r":"SLE"},"geometry":{"type":"MultiLineString","coordinates":[[[-11.2727,9.996],[-11.1885,9.9726],[-11.1603,9.8728],[-11.086,9.8262],[-11.0101,9.7427],[-10.9685,9.6542],[-10.9401,9.6397],[-10.9291,9.6057],[-10.8526,9.5121],[-10.8549,9.4553],[-10.8115,9.4083],[-10.8318,9.3921],[-10.8017,9.3873]],[[-12.1413,9.8749],[-11.9218,9.9222],[-11.9101,9.9925],[-11.2727,9.996]],[[-12.2767,9.9293],[-12.1413,9.8749]],[[-12.5256,9.7321],[-12.5083,9.8604],[-12.427,9.8976],[-12.2767,9.9293]],[[-12.5307,9.7328],[-12.5256,9.7321]],[[-12.6149,9.6001],[-12.5823,9.6834],[-12.5307,9.7328]],[[-12.6246,9.6013],[-12.6149,9.6001]],[[-12.7229,9.3921],[-12.7016,9.4202],[-12.6686,9.5424],[-12.6246,9.6013]],[[-12.7372,9.3972],[-12.7229,9.3921]],[[-12.8569,9.2785],[-12.7642,9.3477],[-12.7678,9.3723],[-12.7372,9.3972]],[[-10.7952,9.3885],[-10.7854,9.3872]],[[-10.8017,9.3873],[-10.7952,9.3885]],[[-10.7748,9.3873],[-10.6751,9.3065],[-10.6852,9.2245],[-10.7247,9.1945],[-10.7535,9.1201],[-10.7463,9.0838],[-10.7104,9.073]],[[-10.7854,9.3872],[-10.7748,9.3873]],[[-12.937,9.2871],[-12.9175,9.267]],[[-13.1311,9.0415],[-13.0289,9.096],[-12.9842,9.1723],[-12.9592,9.1778],[-12.9784,9.2128],[-12.9738,9.2416],[-12.937,9.2871]],[[-12.8761,9.2798],[-12.8569,9.2785]],[[-12.9175,9.267],[-12.8761,9.2798]],[[-13.2075,9.0767],[-13.1311,9.0415]],[[-13.3011,9.0415],[-13.2075,9.0767]],[[-10.6691,9.0744],[-10.5941,9.0541],[-10.6119,8.9451],[-10.5997,8.8154],[-10.4819,8.6725],[-10.5033,8.6316],[-10.5654,8.6128],[-10.6319,8.532],[-10.6691,8.3991],[-10.725,8.3199],[-10.7353,8.2873],[-10.7152,8.2696]],[[-10.7104,9.073],[-10.6691,9.0744]],[[-10.3443,8.4991],[-10.2937,8.4831]],[[-10.5727,8.3046],[-10.4602,8.3922],[-10.4024,8.481],[-10.3443,8.4991]],[[-10.2937,8.4831],[-10.2822,8.4846]],[[-10.6598,8.3333],[-10.5727,8.3046]],[[-10.7152,8.2696],[-10.7079,8.3031],[-10.6598,8.3333]]]}},{"type":"Feature","properties":{"featurecla":"International boundary (verify)","adm0_a3_l":"SLE","adm0_a3_r":"LBR"},"geometry":{"type":"LineString","coordinates":[[-11.4762,6.9194],[-11.4367,6.9385],[-11.4347,6.9808],[-11.3977,7.0128],[-11.3897,7.0735],[-11.3551,7.0841],[-11.3732,7.1388],[-11.3172,7.2136],[-11.2179,7.2541],[-11.1263,7.368],[-10.9779,7.4849],[-10.8746,7.5309],[-10.7306,7.7055],[-10.6152,7.769],[-10.6121,8.0319],[-10.5672,8.0632],[-10.5292,8.1243],[-10.3846,8.1421],[-10.3209,8.1831],[-10.3313,8.2723],[-10.2829,8.4329],[-10.2822,8.4846]]}},{"type":"Feature","properties":{"featurecla":"International boundary (verify)","adm0_a3_l":"SDN","adm0_a3_r":"CAF"},"geometry":{"type":"MultiLineString","coordinates":[[[22.8611,10.9192],[22.8632,10.8918],[23.0056,10.6868],[23.1094,10.6145],[23.2912,10.4397],[23.624,9.9078],[23.6448,9.8631],[23.674,9.6903],[23.6691,9.652],[23.6061,9.5372],[23.6275,9.4351]],[[23.635,9.4354],[23.6469,9.4184],[23.6205,9.3229],[23.6322,9.2776],[23.5495,9.1853],[23.5218,9.1754]],[[23.6275,9.4351],[23.635,9.4354]],[[23.5218,9.1754],[23.4894,9.1767]],[[23.4894,9.1767],[23.4577,9.1462],[23.4357,9.0189],[23.4514,8.9742],[23.4781,8.9589]],[[23.5426,8.9973],[23.5601,8.9965],[23.5675,8.9748],[23.5536,8.8832],[23.4823,8.7834],[23.4901,8.7326],[23.5257,8.7015]],[[23.4781,8.9589],[23.5055,8.9611],[23.5426,8.9973]],[[23.5964,8.7341],[23.6571,8.71]],[[23.5257,8.7015],[23.5964,8.7341]],[[23.8034,8.7221],[23.8667,8.7078]],[[23.7213,8.702],[23.8034,8.7221]],[[23.9223,8.7134],[23.9813,8.6942]],[[23.8667,8.7078],[23.9223,8.7134]],[[23.6891,8.7107],[23.7213,8.702]],[[23.6571,8.71],[23.6891,8.7107]],[[24.0096,8.6989],[24.114,8.6816]],[[23.9813,8.6942],[24.0096,8.6989]],[[24.114,8.6816],[24.1703,8.6893]]]}},{"type":"Feature","properties":{"featurecla":"International boundary (verify)","adm0_a3_l":"SDS","adm0_a3_r":"CAF"},"geometry":{"type":"MultiLineString","coordinates":[[[24.2177,8.6915],[24.2358,8.682],[24.2113,8.6271],[24.2505,8.5796],[24.1932,8.5324],[24.1372,8.4389],[24.1216,8.3723],[24.1314,8.3431],[24.1799,8.2977],[24.281,8.2665]],[[24.1703,8.6893],[24.2177,8.6915]],[[24.4311,8.2714],[24.4715,8.2289],[24.5447,8.2061]],[[24.3321,8.2457],[24.4311,8.2714]],[[24.2955,8.2665],[24.3321,8.2457]],[[24.281,8.2665],[24.2955,8.2665]],[[24.6149,8.2171],[24.8321,8.1657],[24.918,8.087],[24.9581,7.9892],[25.0293,7.9188],[25.0896,7.8849]],[[24.5447,8.2061],[24.6149,8.2171]],[[25.1486,7.8926],[25.2297,7.8516],[25.2699,7.7608],[25.275,7.642],[25.1652,7.5799],[25.1904,7.5012],[25.3162,7.4172],[25.3468,7.345],[25.4812,7.2662]],[[25.0896,7.8849],[25.1486,7.8926]],[[25.5003,7.2728],[25.5924,7.2112],[25.7051,7.1664]],[[25.4812,7.2662],[25.5003,7.2728]],[[25.7245,7.1667],[25.7862,7.1427],[25.8008,7.1049],[25.8775,7.0877],[25.8887,7.0519],[25.9605,7.0245],[25.9695,7.0036],[26.0261,6.9967],[26.0506,6.8967]],[[25.7051,7.1664],[25.7245,7.1667]],[[26.0692,6.8991],[26.0912,6.8303],[26.1476,6.8047],[26.2362,6.72],[26.378,6.6533],[26.3799,6.6198],[26.305,6.4969],[26.2702,6.4657],[26.2891,6.4594],[26.2896,6.3872],[26.3758,6.3126],[26.452,6.2803],[26.4649,6.2244]],[[26.0506,6.8967],[26.0692,6.8991]],[[26.4795,6.2251],[26.509,6.2055],[26.5095,6.1864],[26.4293,6.1131],[26.4248,6.0724]],[[26.4649,6.2244],[26.4795,6.2251]],[[26.481,6.105],[26.4988,6.0998],[26.5436,6.0308],[26.6343,6.0065]],[[26.4248,6.0724],[26.481,6.105]],[[26.705,6.0098],[26.7944,5.9705],[26.8189,5.8946],[26.8422,5.8843]],[[26.6343,6.0065],[26.705,6.0098]],[[26.8821,5.8919],[26.9165,5.8496],[26.9375,5.8485]],[[26.8422,5.8843],[26.8821,5.8919]],[[26.9811,5.8592],[27.0454,5.7849]],[[26.9375,5.8485],[26.9811,5.8592]],[[27.0727,5.7912],[27.1238,5.7687],[27.1363,5.734],[27.1824,5.7075],[27.1964,5.6615],[27.2184,5.6453],[27.2107,5.6016],[27.2226,5.5844]],[[27.0454,5.7849],[27.0727,5.7912]],[[27.2475,5.5926],[27.2607,5.5503],[27.2181,5.4255],[27.2378,5.3232],[27.3013,5.2052],[27.3858,5.1438],[27.4021,5.1045],[27.4413,5.0707]],[[27.2226,5.5844],[27.2475,5.5926]]]}},{"type":"Feature","properties":{"featurecla":"International boundary (verify)","adm0_a3_l":"SDS","adm0_a3_r":"COD"},"geometry":{"type":"MultiLineString","coordinates":[[[27.4413,5.0707],[27.4363,5.0132],[27.5013,4.9633],[27.5146,4.9224],[27.5527,4.9005],[27.6588,4.8797],[27.6991,4.7874]],[[27.7348,4.7932],[27.7631,4.7571],[27.7724,4.5958],[27.8569,4.5525]],[[27.6991,4.7874],[27.7348,4.7932]],[[29.4726,4.6722],[29.5133,4.6521]],[[29.2874,4.3836],[29.4026,4.5121],[29.4427,4.5834],[29.4492,4.6571],[29.4726,4.6722]],[[29.535,4.6607],[29.6185,4.6416],[29.7229,4.5782]],[[29.5133,4.6521],[29.535,4.6607]],[[29.7451,4.5839],[29.7967,4.556],[29.7777,4.5239],[29.7762,4.4056],[29.7878,4.3688],[29.8149,4.3468]],[[29.7229,4.5782],[29.7451,4.5839]],[[27.9292,4.57],[27.9512,4.556]],[[27.9079,4.5487],[27.9292,4.57]],[[27.9625,4.5574],[28.014,4.55],[28.0112,4.4801],[28.0497,4.4191]],[[27.9512,4.556],[27.9625,4.5574]],[[27.8855,4.5567],[27.9079,4.5487]],[[27.8569,4.5525],[27.8855,4.5567]],[[28.7554,4.554],[28.7836,4.5304],[28.79,4.4886],[28.8153,4.4783]],[[28.5482,4.3708],[28.5705,4.4051],[28.6386,4.4321],[28.6952,4.5326],[28.7554,4.554]],[[28.9862,4.4959],[29.056,4.4365]],[[28.9036,4.4786],[28.9862,4.4959]],[[28.8562,4.4825],[28.9036,4.4786]],[[28.8153,4.4783],[28.8562,4.4825]],[[28.0856,4.4433],[28.1017,4.4421],[28.1587,4.3608],[28.217,4.342]],[[28.0497,4.4191],[28.0856,4.4433]],[[29.0589,4.4377],[29.1961,4.3371]],[[29.056,4.4365],[29.0589,4.4377]],[[29.2674,4.3879],[29.2874,4.3836]],[[29.1961,4.3371],[29.2213,4.3407],[29.2428,4.3874],[29.2674,4.3879]],[[28.5193,4.3744],[28.5482,4.3708]],[[28.3815,4.2753],[28.4254,4.2908],[28.4824,4.359],[28.5193,4.3744]],[[28.3032,4.3522],[28.3369,4.3275],[28.3574,4.2829],[28.3815,4.2753]],[[28.217,4.342],[28.3032,4.3522]],[[29.8607,4.3473],[29.9303,4.3087],[29.9401,4.2883],[29.9241,4.2456],[29.9426,4.2338]],[[29.8149,4.3468],[29.8607,4.3473]],[[29.9542,4.2338],[29.9894,4.2178],[30.0429,4.1331],[30.1227,4.1025],[30.1894,3.9561],[30.2709,3.9494],[30.4189,3.8797],[30.4859,3.8656]],[[29.9426,4.2338],[29.9542,4.2338]],[[30.5155,3.8709],[30.5389,3.8415],[30.5629,3.6949],[30.543,3.6129],[30.5726,3.601]],[[30.4859,3.8656],[30.5155,3.8709]],[[30.7469,3.6749],[30.7651,3.6617],[30.7791,3.6026],[30.8377,3.5627],[30.8277,3.5111],[30.8395,3.4902]],[[30.6934,3.6319],[30.7469,3.6749]],[[30.6654,3.6321],[30.6934,3.6319]],[[30.5726,3.601],[30.6654,3.6321]]]}},{"type":"Feature","properties":{"featurecla":"International boundary (verify)","adm0_a3_l":"DJI","adm0_a3_r":"SOL"},"geometry":{"type":"LineString","coordinates":[[42.9237,10.9988],[43.2407,11.4879]]}},{"type":"Feature","properties":{"featurecla":"International boundary (verify)","adm0_a3_l":"ETH","adm0_a3_r":"DJI"},"geometry":{"type":"MultiLineString","coordinates":[[[41.9375,10.9298],[41.9169,10.9471],[41.7738,10.9801],[41.7613,10.9962],[41.7856,11.0674],[41.788,11.2597],[41.7491,11.538],[41.7924,11.7045],[41.8082,11.7362],[41.9364,11.8274],[42.3795,12.4659]],[[42.8733,10.9782],[42.7718,10.9965],[42.7296,11.065],[42.6156,11.0897]],[[42.6156,11.0897],[42.4797,11.0591],[42.3918,11.0059]],[[42.3918,11.0059],[42.3385,11.0155]],[[42.3385,11.0155],[42.2973,11.0038]],[[42.2973,11.0038],[42.2794,11.0044]],[[42.2794,11.0044],[42.2216,10.9843]],[[42.9237,10.9988],[42.9081,11.0042]],[[42.9081,11.0042],[42.8733,10.9782]],[[42.2216,10.9843],[42.1514,10.9962]],[[42.1514,10.9962],[42.0963,10.9903],[42.0384,10.9504],[41.9375,10.9298]]]}},{"type":"Feature","properties":{"featurecla":"International boundary (verify)","adm0_a3_l":"TZA","adm0_a3_r":"COD"},"geometry":{"type":"LineString","coordinates":[[29.4042,-4.4498],[29.4013,-4.5869],[29.321,-4.8363],[29.3238,-4.9202],[29.3778,-5.0875],[29.4556,-5.23],[29.4964,-5.3917],[29.5935,-5.6203],[29.6124,-5.7044],[29.603,-5.7817],[29.4961,-5.9387],[29.4761,-6.0021],[29.5377,-6.3124],[29.6339,-6.4469],[29.707,-6.6193],[29.8731,-6.7542],[30.0127,-6.8252],[30.0909,-6.89],[30.2945,-7.1494],[30.3696,-7.3103],[30.4416,-7.5963],[30.655,-7.9274],[30.7521,-8.1941]]}},{"type":"Feature","properties":{"featurecla":"International boundary (verify)","adm0_a3_l":"ERI","adm0_a3_r":"DJI"},"geometry":{"type":"MultiLineString","coordinates":[[[42.8901,12.6154],[43.1177,12.7079]],[[42.8688,12.6262],[42.8901,12.6154]],[[42.6783,12.36],[42.7499,12.4171],[42.7923,12.4292],[42.7852,12.5172],[42.8688,12.6262]],[[42.4485,12.5234],[42.5216,12.4962],[42.6783,12.36]],[[42.3795,12.4659],[42.4485,12.5234]]]}},{"type":"Feature","properties":{"featurecla":"International boundary (verify)","adm0_a3_l":"CZE","adm0_a3_r":"AUT"},"geometry":{"type":"MultiLineString","coordinates":[[[15.004,49.0098],[15.1374,48.993],[15.1419,48.9375],[15.1618,48.9372]],[[14.9193,48.7616],[14.9511,48.7803],[14.9381,48.8028],[14.9682,48.885],[14.9646,48.9717],[14.9789,49.0063],[15.004,49.0098]],[[15.2746,48.9867],[15.4504,48.9448],[15.5213,48.9085],[15.7038,48.855]],[[15.1618,48.9372],[15.2432,48.9529],[15.2746,48.9867]],[[15.8185,48.8723],[15.8333,48.852],[15.8776,48.8417]],[[15.7038,48.855],[15.8185,48.8723]],[[15.886,48.842],[15.8758,48.8331]],[[15.8776,48.8417],[15.886,48.842]],[[15.8884,48.8351],[15.9081,48.8197]],[[15.8758,48.8331],[15.8884,48.8351]],[[15.9251,48.8226],[15.9318,48.8064],[16.0854,48.7429]],[[15.9081,48.8197],[15.9251,48.8226]],[[16.5195,48.8056],[16.6431,48.7783],[16.662,48.74],[16.691,48.7321]],[[16.4819,48.7994],[16.5195,48.8056]],[[16.4531,48.8022],[16.4819,48.7994]],[[16.3583,48.7273],[16.4531,48.8022]],[[14.8155,48.7803],[14.9193,48.7616]],[[14.6756,48.5762],[14.6957,48.5895],[14.7038,48.6731],[14.7754,48.724],[14.8004,48.7765],[14.8155,48.7803]],[[13.8157,48.7664],[13.9823,48.7065],[14.0321,48.6673],[14.0283,48.654]],[[16.1778,48.7465],[16.3176,48.7328]],[[16.0854,48.7429],[16.1778,48.7465]],[[16.3395,48.7356],[16.3583,48.7273]],[[16.3176,48.7328],[16.3395,48.7356]],[[16.729,48.7331],[16.7989,48.7092]],[[16.691,48.7321],[16.729,48.7331]],[[16.8566,48.7198],[16.8967,48.697],[16.9105,48.6308],[16.945,48.6042]],[[16.7989,48.7092],[16.8566,48.7198]],[[14.0283,48.654],[14.0235,48.6546]],[[14.0235,48.6546],[14.0062,48.6395],[14.0408,48.6012],[14.3157,48.5579]],[[14.4582,48.6432],[14.5338,48.6087]],[[14.3157,48.5579],[14.4054,48.5863],[14.4582,48.6432]],[[14.5942,48.6213],[14.6129,48.5997]],[[14.5338,48.6087],[14.5942,48.6213]],[[14.6282,48.6033],[14.6756,48.5762]],[[14.6129,48.5997],[14.6282,48.6033]]]}},{"type":"Feature","properties":{"featurecla":"International boundary (verify)","adm0_a3_l":"TUR","adm0_a3_r":"IRQ"},"geometry":{"type":"MultiLineString","coordinates":[[[42.7805,37.3755],[42.8141,37.3468],[42.937,37.3202]],[[42.3572,37.11],[42.5613,37.1466],[42.7157,37.3553],[42.7805,37.3755]],[[43.1148,37.3711],[43.2786,37.3077]],[[42.937,37.3202],[43.1148,37.3711]],[[43.3242,37.3222],[43.4796,37.2434]],[[43.2786,37.3077],[43.3242,37.3222]],[[44.0356,37.3182],[44.1845,37.2792],[44.2232,37.2541],[44.2483,37.1697],[44.1892,37.1292],[44.18,37.0876],[44.2343,36.9837],[44.2848,36.9692]],[[43.8094,37.1997],[43.8936,37.2249],[43.9904,37.3125],[44.0356,37.3182]],[[43.5295,37.2539],[43.6183,37.227]],[[43.4796,37.2434],[43.5295,37.2539]],[[43.7208,37.2326],[43.7706,37.2258],[43.8094,37.1997]],[[43.6183,37.227],[43.7208,37.2326]],[[44.6289,37.179],[44.7338,37.1672],[44.7661,37.1419]],[[44.2848,36.9692],[44.3066,36.9772],[44.3431,37.0424],[44.4544,37.0763],[44.5394,37.1437],[44.6289,37.179]]]}},{"type":"Feature","properties":{"featurecla":"International boundary (verify)","adm0_a3_l":"AUT","adm0_a3_r":"HUN"},"geometry":{"type":"MultiLineString","coordinates":[[[16.9027,47.682],[17.0754,47.7085],[17.0506,47.731],[17.0406,47.8011],[17.0556,47.8124],[17.0041,47.8633],[17.0676,47.8816],[17.0875,47.9226],[17.0741,47.9321],[17.0957,47.9557],[17.0856,47.9701],[17.1483,48.0054]],[[16.5678,47.7542],[16.6899,47.7296],[16.7304,47.6859],[16.7975,47.6755]],[[16.4545,47.6818],[16.5129,47.706],[16.5311,47.743],[16.5678,47.7542]],[[16.8502,47.7129],[16.8647,47.6867],[16.9027,47.682]],[[16.7975,47.6755],[16.8502,47.7129]],[[16.4391,47.6905],[16.4545,47.6818]],[[16.4819,47.639],[16.4078,47.6613],[16.4391,47.6905]],[[16.5755,47.6249],[16.5096,47.6431]],[[16.5096,47.6431],[16.4819,47.639]],[[16.4819,47.3923],[16.6409,47.4529],[16.6368,47.4932],[16.688,47.5226],[16.6814,47.5506],[16.6506,47.5666],[16.6477,47.6061],[16.6084,47.6288]],[[16.6084,47.6288],[16.5755,47.6249]],[[16.4566,47.4118],[16.4819,47.3923]],[[16.4188,47.1837],[16.4093,47.2037],[16.4214,47.2431],[16.4732,47.2768],[16.4244,47.3452],[16.434,47.3968],[16.4566,47.4118]],[[16.4471,47.1397],[16.4337,47.1458],[16.4418,47.1771],[16.4267,47.1841]],[[16.4267,47.1841],[16.4188,47.1837]],[[16.4156,46.9894],[16.4864,46.9986],[16.4676,47.0184],[16.4247,47.0241],[16.4972,47.0546],[16.4543,47.0817],[16.5095,47.1375],[16.4809,47.1508]],[[16.4809,47.1508],[16.4471,47.1397]],[[16.2885,47.0056],[16.3259,47.0004]],[[16.094,46.8628],[16.2239,46.9411],[16.2329,46.9661],[16.2885,47.0056]],[[16.3666,47.0038],[16.4156,46.9894]],[[16.3259,47.0004],[16.3666,47.0038]]]}},{"type":"Feature","properties":{"featurecla":"International boundary (verify)","adm0_a3_l":"CHE","adm0_a3_r":"ITA"},"geometry":{"type":"LineString","coordinates":[[7.0221,45.9253],[7.0902,45.8805],[7.1535,45.8765],[7.2867,45.9134],[7.3938,45.9157],[7.5411,45.9841],[7.643,45.9663],[7.7063,45.9257],[7.8437,45.9192],[7.8838,45.9739],[7.9984,46.0106],[8.0253,46.0911],[8.1106,46.127],[8.1323,46.1594],[8.1295,46.196],[8.0731,46.2536],[8.0873,46.2718],[8.1926,46.3092],[8.2815,46.3701],[8.2975,46.3875],[8.2866,46.4054],[8.3163,46.4337],[8.3992,46.4522],[8.4279,46.4487],[8.4458,46.4124],[8.4232,46.2758],[8.4381,46.2354],[8.5103,46.2079],[8.6018,46.1228],[8.6775,46.0958],[8.7239,46.1095],[8.809,46.0897],[8.8344,46.0664],[8.7679,45.9831],[8.871,45.9471],[8.9121,45.8834],[8.9,45.8264],[8.9396,45.8348],[9.0024,45.8207],[9.0631,45.899],[9.0108,45.9267],[8.9805,45.9644],[9.0156,45.9931],[9.0021,46.0393],[9.0592,46.0618],[9.0906,46.1382],[9.1632,46.1723],[9.1813,46.2041],[9.2248,46.2312],[9.2752,46.3314],[9.2609,46.4167],[9.238,46.4365],[9.2632,46.4851],[9.331,46.5015],[9.3846,46.4664],[9.4346,46.4983],[9.4444,46.3753],[9.4826,46.3568],[9.5365,46.2986],[9.6743,46.2918],[9.7084,46.3117],[9.7201,46.3509],[9.7681,46.3386],[9.9184,46.3712],[9.964,46.3561],[9.9776,46.2981],[10.0317,46.2601],[10.0427,46.2205],[10.1179,46.2311],[10.1589,46.2624],[10.0924,46.3381],[10.1408,46.4029],[10.0263,46.4463],[10.044,46.467],[10.0281,46.4839],[10.0328,46.533],[10.0712,46.5644],[10.0878,46.6044],[10.1921,46.6268],[10.2338,46.618],[10.2347,46.5753],[10.2954,46.5511],[10.444,46.5377],[10.4659,46.5785],[10.4591,46.6236],[10.3956,46.6388],[10.3692,46.6724],[10.3944,46.7008],[10.3997,46.7355],[10.4287,46.7556],[10.4172,46.7988],[10.4449,46.8232],[10.4538,46.8644]]}},{"type":"Feature","properties":{"featurecla":"International boundary (verify)","adm0_a3_l":"CHE","adm0_a3_r":"AUT"},"geometry":{"type":"MultiLineString","coordinates":[[[9.8606,47.0016],[9.858,47.0155],[9.6523,47.0579]],[[9.6523,47.0579],[9.5999,47.0535]],[[9.5999,47.0535],[9.5812,47.0569]],[[10.132,46.8466],[9.8751,46.9274],[9.8608,46.9492],[9.8668,47.0019]],[[9.8668,47.0019],[9.8606,47.0016]],[[10.3843,46.9932],[10.3734,46.9963]],[[10.3734,46.9963],[10.3137,46.9643],[10.2957,46.9227],[10.2708,46.9219]],[[10.4538,46.8644],[10.4585,46.9366],[10.3844,46.9932]],[[10.3844,46.9932],[10.3843,46.9932]],[[10.2708,46.9219],[10.2513,46.9254]],[[10.2513,46.9254],[10.2199,46.9058],[10.2014,46.8668],[10.132,46.8466]]]}},{"type":"Feature","properties":{"featurecla":"International boundary (verify)","adm0_a3_l":"TUR","adm0_a3_r":"IRN"},"geometry":{"type":"MultiLineString","coordinates":[[[44.5904,39.7715],[44.6465,39.7195],[44.807,39.6399]],[[44.2949,39.3812],[44.3687,39.4036],[44.4048,39.4344],[44.414,39.5609],[44.4576,39.6387],[44.4595,39.6985],[44.5904,39.7715]],[[44.1765,39.4115],[44.2949,39.3812]],[[44.0992,39.3985],[44.1765,39.4115]],[[44.077,39.4006],[44.0992,39.3985]],[[44.3634,38.3646],[44.2866,38.391],[44.297,38.6223],[44.2825,38.6454],[44.2443,38.659],[44.2605,38.6792],[44.2486,38.7218],[44.2798,38.8142],[44.275,38.8436],[44.2058,38.8757],[44.1392,38.9938],[44.1791,39.0349],[44.1699,39.0744],[44.1948,39.1205],[44.1866,39.1451],[44.0777,39.2001],[44.0694,39.287],[44.0149,39.3741],[44.077,39.4006]],[[44.2544,37.8708],[44.2196,37.8753],[44.2021,37.8972],[44.2255,37.9293],[44.2215,37.9688],[44.2959,38.079],[44.3338,38.1009],[44.3271,38.1284],[44.3606,38.1479],[44.3724,38.2495],[44.4592,38.3224],[44.4511,38.354],[44.4091,38.3818]],[[44.4091,38.3818],[44.3634,38.3646]],[[44.4121,37.8077],[44.3779,37.8541],[44.3192,37.8769]],[[44.3192,37.8769],[44.2544,37.8708]],[[44.4505,37.7666],[44.4291,37.7791],[44.4255,37.8108]],[[44.4255,37.8108],[44.4121,37.8077]],[[44.6616,37.3757],[44.6382,37.4126],[44.5721,37.4308],[44.5718,37.5392],[44.5874,37.584],[44.5409,37.6327],[44.5453,37.663],[44.5984,37.707],[44.5594,37.752],[44.5065,37.7793]],[[44.5065,37.7793],[44.4505,37.7666]],[[44.7661,37.1419],[44.7535,37.2153],[44.7985,37.2603],[44.8016,37.2927],[44.7214,37.3433],[44.698,37.38]],[[44.698,37.38],[44.6616,37.3757]]]}},{"type":"Feature","properties":{"featurecla":"International boundary (verify)","adm0_a3_l":"POL","adm0_a3_r":"LTU"},"geometry":{"type":"MultiLineString","coordinates":[[[22.9297,54.3803],[22.8376,54.4009]],[[22.8376,54.4009],[22.7672,54.3563]],[[23.0501,54.2948],[23.0321,54.3096],[23.0416,54.341],[22.9897,54.3534],[22.9524,54.3831]],[[22.9524,54.3831],[22.9297,54.3803]],[[23.4856,53.9393],[23.4593,53.9923],[23.4965,54.022],[23.4962,54.0446],[23.449,54.1549],[23.316,54.2363],[23.1171,54.3035]],[[23.1171,54.3035],[23.0501,54.2948]]]}},{"type":"Feature","properties":{"featurecla":"International boundary (verify)","adm0_a3_l":"TZA","adm0_a3_r":"ZMB"},"geometry":{"type":"MultiLineString","coordinates":[[[30.7521,-8.1941],[30.7783,-8.2891],[30.8919,-8.4792],[30.9924,-8.5759],[31.0778,-8.6163],[31.1198,-8.6166]],[[31.2068,-8.5808],[31.2609,-8.624]],[[31.1198,-8.6166],[31.2068,-8.5808]],[[31.3533,-8.5872],[31.3726,-8.6239],[31.3988,-8.6338]],[[31.2609,-8.624],[31.3533,-8.5872]],[[31.4124,-8.6323],[31.539,-8.7036],[31.5534,-8.8091],[31.5764,-8.8397],[31.6727,-8.913],[31.7098,-8.9197]],[[31.3988,-8.6338],[31.4124,-8.6323]],[[31.7876,-8.8922],[31.9366,-8.9326],[31.9178,-8.9731],[31.9177,-9.0225],[31.9381,-9.0618],[31.9806,-9.0719]],[[31.7098,-8.9197],[31.7876,-8.8922]],[[32.0317,-9.046],[32.0964,-9.0691]],[[31.9806,-9.0719],[32.0317,-9.046]],[[32.125,-9.0637],[32.2113,-9.1268],[32.2527,-9.1365]],[[32.0964,-9.0691],[32.125,-9.0637]],[[32.383,-9.1339],[32.4597,-9.168],[32.518,-9.2582],[32.7132,-9.2858],[32.7596,-9.34]],[[32.2527,-9.1365],[32.383,-9.1339]],[[32.777,-9.3382],[32.9209,-9.4079]],[[32.7596,-9.34],[32.777,-9.3382]]]}},{"type":"Feature","properties":{"featurecla":"International boundary (verify)","adm0_a3_l":"DEU","adm0_a3_r":"NLD"},"geometry":{"type":"MultiLineString","coordinates":[[[7.1946,53.245],[7.1954,53.185],[7.1719,53.1377],[7.1928,52.998],[7.1619,52.9326],[7.062,52.824],[7.0367,52.6474],[7.0185,52.626]],[[6.9184,52.6322],[6.8654,52.642]],[[6.8654,52.642],[6.7705,52.641],[6.7018,52.6191],[6.704,52.5831],[6.7438,52.5597],[6.6717,52.5417],[6.6951,52.4756],[6.7148,52.4616],[6.9002,52.4319]],[[7.0185,52.626],[6.9677,52.6367]],[[6.9677,52.6367],[6.9184,52.6322]],[[6.9733,52.4514],[7.0482,52.3651],[7.0125,52.2849],[7.0263,52.2306],[6.8848,52.1603],[6.8307,52.1129],[6.7499,52.1029],[6.673,52.0501],[6.675,52.0348],[6.7782,52.0013],[6.8092,51.9795],[6.8107,51.9606],[6.7167,51.8993],[6.6282,51.8975],[6.4425,51.8484]],[[6.9002,52.4319],[6.9733,52.4514]],[[6.2252,51.8625],[6.127,51.8967]],[[6.127,51.8967],[6.093,51.8853],[6.1561,51.8421]],[[6.345,51.8211],[6.342,51.8367],[6.2564,51.8668]],[[6.2564,51.8668],[6.2252,51.8625]],[[6.4425,51.8484],[6.3785,51.8601]],[[6.3785,51.8601],[6.3825,51.8276],[6.345,51.8211]],[[6.1561,51.8421],[6.084,51.8537]],[[6.084,51.8537],[5.9315,51.8156],[5.9641,51.7766],[5.9624,51.7564],[5.9401,51.7426],[5.9492,51.7294]],[[5.9783,51.7298],[6.022,51.7095],[6.0086,51.6812],[6.0315,51.663],[6.0992,51.6445],[6.0865,51.5955],[6.1933,51.5093],[6.2053,51.4584],[6.1936,51.3445],[6.1478,51.3182],[6.0566,51.2117],[6.0608,51.1709],[6.0843,51.1627]],[[5.9492,51.7294],[5.9783,51.7298]],[[6.1341,51.1842],[6.1571,51.1793],[6.1263,51.1646],[6.1473,51.1523],[6.1324,51.1398],[5.9829,51.0747],[5.9196,51.0297]],[[6.0843,51.1627],[6.1341,51.1842]],[[5.9196,51.0297],[5.8805,51.0521]],[[5.8805,51.0521],[5.8525,51.0428],[5.8746,50.9654]],[[5.9277,50.9777],[5.9678,50.971]],[[5.8746,50.9654],[5.9277,50.9777]],[[6.0037,50.9737],[5.9999,50.9294],[6.0637,50.9075],[6.0628,50.8629],[6.0456,50.8442]],[[5.9678,50.971],[6.0037,50.9737]],[[6.0456,50.8442],[6.023,50.8454]],[[6.023,50.8454],[5.984,50.7922]],[[5.984,50.7922],[5.9688,50.7946]],[[5.9688,50.7946],[5.9949,50.7499]]]}},{"type":"Feature","properties":{"featurecla":"International boundary (verify)","adm0_a3_l":"LIE","adm0_a3_r":"AUT"},"geometry":{"type":"LineString","coordinates":[[9.5812,47.0569],[9.6157,47.1068],[9.5818,47.1549],[9.5521,47.1669],[9.5629,47.1977],[9.5404,47.2291],[9.5471,47.243],[9.5212,47.2628]]}},{"type":"Feature","properties":{"featurecla":"International boundary (verify)","adm0_a3_l":"GIN","adm0_a3_r":"CIV"},"geometry":{"type":"MultiLineString","coordinates":[[[-8.1469,9.8647],[-8.1495,9.9053],[-8.1747,9.933],[-8.1363,9.9694],[-8.1585,9.9849],[-8.1477,10.01],[-8.1088,10.0542],[-8.0349,10.0858],[-7.9897,10.162]],[[-8.0099,9.3836],[-8.0704,9.3975],[-8.1576,9.5309],[-8.1281,9.8662]],[[-8.1281,9.8662],[-8.1469,9.8647]],[[-7.8787,9.1639],[-7.9296,9.1839],[-7.9306,9.2203],[-7.8654,9.4099],[-7.9119,9.4187]],[[-7.9119,9.4187],[-8.0099,9.3836]],[[-7.831,8.7477],[-7.9589,8.782],[-7.9689,8.8128],[-7.9318,8.9966],[-7.827,9.0578],[-7.7468,9.0764],[-7.8562,9.1702]],[[-7.8562,9.1702],[-7.8787,9.1639]],[[-7.7207,8.3685],[-7.6624,8.3749],[-7.6896,8.4387],[-7.6792,8.5051],[-7.6916,8.6061],[-7.8161,8.7535]],[[-7.8161,8.7535],[-7.831,8.7477]],[[-8.0766,8.5033],[-8.0425,8.4872]],[[-8.1505,8.4865],[-8.0766,8.5033]],[[-7.9705,8.497],[-7.9439,8.4846],[-7.9129,8.4342],[-7.8656,8.4209]],[[-8.0157,8.4872],[-7.9705,8.497]],[[-8.1863,8.4937],[-8.1505,8.4865]],[[-8.0855,8.162],[-8.1829,8.1917],[-8.266,8.246],[-8.2453,8.2851],[-8.2353,8.3795],[-8.2544,8.4465],[-8.1863,8.4937]],[[-8.0249,8.4886],[-8.0157,8.4872]],[[-8.0425,8.4872],[-8.0249,8.4886]],[[-7.8238,8.4779],[-7.771,8.3865],[-7.7207,8.3685]],[[-7.8656,8.4209],[-7.8486,8.4286],[-7.8457,8.4743],[-7.8238,8.4779]],[[-7.9626,8.0152],[-8.0213,8.1027],[-8.0033,8.184]],[[-8.0033,8.184],[-8.0855,8.162]],[[-8.012,8.0356],[-7.9626,8.0152]],[[-8.0538,8.0288],[-8.012,8.0356]],[[-8.0691,8.0293],[-8.0538,8.0288]],[[-8.229,7.5443],[-8.2002,7.5763],[-8.1979,7.6186],[-8.1274,7.713],[-8.1151,7.7769],[-8.0983,7.7919],[-8.1312,7.8424],[-8.1289,7.8826],[-8.0791,7.9577],[-8.0691,8.0293]],[[-8.4148,7.6129],[-8.3909,7.5858]],[[-8.4854,7.558],[-8.4148,7.6129]],[[-8.3368,7.5978],[-8.229,7.5443]],[[-8.3909,7.5858],[-8.3368,7.5978]]]}},{"type":"Feature","properties":{"featurecla":"International boundary (verify)","adm0_a3_l":"FRA","adm0_a3_r":"ITA"},"geometry":{"type":"LineString","coordinates":[[7.5023,43.7922],[7.4779,43.8655],[7.6309,43.9935],[7.6534,44.0397],[7.6899,44.0673],[7.6919,44.0846],[7.6419,44.1436],[7.6556,44.1761],[7.3406,44.1237],[7.145,44.2072],[6.9734,44.2494],[6.8698,44.3629],[6.8772,44.4144],[6.9178,44.4363],[6.8613,44.4749],[6.8357,44.534],[6.9456,44.6254],[6.9343,44.6467],[6.9599,44.6832],[7.0552,44.6849],[6.9984,44.7938],[7.0049,44.828],[6.9327,44.8617],[6.8471,44.8591],[6.7454,44.9078],[6.7279,44.9287],[6.7235,45.0134],[6.6517,45.0357],[6.6366,45.0745],[6.6027,45.1034],[6.7364,45.1573],[6.8441,45.1301],[6.8767,45.1412],[6.8735,45.1659],[6.9138,45.1702],[6.9587,45.2098],[7.0297,45.2282],[7.0555,45.2137],[7.1084,45.2592],[7.0926,45.324],[7.1607,45.4109],[7.0968,45.4354],[7.072,45.47],[6.9828,45.5111],[6.9529,45.5943],[6.9634,45.6407],[6.8161,45.6969],[6.7959,45.7181],[6.782,45.7775],[6.8008,45.8265],[6.8434,45.8386],[6.8644,45.8269],[6.8735,45.8448],[6.949,45.8578],[7.0221,45.9253]]}},{"type":"Feature","properties":{"featurecla":"International boundary (verify)","adm0_a3_l":"RUS","adm0_a3_r":"FIN"},"geometry":{"type":"MultiLineString","coordinates":[[[28.9541,69.0273],[28.8335,68.9845],[28.4102,68.8985],[28.4131,68.8801],[28.4442,68.8658]],[[28.6457,68.8717],[28.7283,68.865],[28.8015,68.8355],[28.7164,68.728],[28.4599,68.5424],[28.4474,68.5149],[28.6638,68.204],[28.7272,68.1727],[29.3309,68.0727],[29.6512,67.8236],[30.0094,67.6858],[29.9777,67.6622],[29.9599,67.5716],[29.9162,67.5081],[29.5198,67.2982],[29.4907,67.263],[29.4294,67.2328],[29.0999,66.9912],[29.0515,66.9078],[29.0892,66.8375],[29.3222,66.6801],[29.4094,66.5685],[29.5245,66.4912],[29.5697,66.3782],[29.6509,66.2879],[29.9002,66.1081],[29.9585,65.9739],[30.0835,65.8046],[30.1163,65.6872],[30.0985,65.6564]],[[28.4442,68.8658],[28.6457,68.8717]],[[30.0985,65.6564],[30.003,65.6781]],[[30.003,65.6781],[29.7029,65.6294],[29.8386,65.5649],[29.7263,65.4915],[29.7201,65.3291],[29.5801,65.2354],[29.6267,65.2152]],[[29.7668,65.2174],[29.8332,65.205],[29.8393,65.1669],[29.8082,65.1353],[29.8502,65.1215],[29.8456,65.108],[29.6273,65.0622],[29.5984,65.0344],[29.5881,64.9914],[29.6336,64.9072],[29.6983,64.8391],[29.7803,64.7956],[30.0625,64.7842],[30.1189,64.7679],[30.1091,64.7201],[30.1705,64.6817],[30.1878,64.6624],[30.1808,64.6428],[30.1364,64.6154],[29.9548,64.569],[29.9905,64.5042],[30.0704,64.4719],[30.0325,64.3969],[30.0931,64.3612],[30.3211,64.3177],[30.446,64.2508],[30.5362,64.2347],[30.5585,64.2197],[30.5328,64.1625],[30.5864,64.0847],[30.5805,64.0511],[30.5523,64.0217],[30.3286,63.896],[30.2656,63.8307],[30.2015,63.7926],[29.9808,63.7415],[30.0011,63.7153],[30.2425,63.5818],[30.3805,63.5325],[30.4611,63.4729],[30.8209,63.3757],[30.9749,63.2892],[31.204,63.2127],[31.2257,63.196],[31.2628,63.1006],[31.4806,62.9863],[31.5358,62.9195],[31.5695,62.9059],[31.4413,62.7887],[31.3633,62.6516],[31.2841,62.573],[31.2438,62.5033],[31.1686,62.476],[31.1234,62.4348],[30.9806,62.3588],[30.9256,62.3021],[30.6477,62.1928],[30.6072,62.1513],[30.3396,61.9917],[29.9777,61.7282],[29.8422,61.6602],[29.7791,61.5931],[29.6351,61.5111],[29.517,61.4751],[29.4634,61.4138],[29.3184,61.3384],[29.2032,61.2459],[28.7976,61.0968],[28.6146,60.9619],[28.4809,60.9335],[28.3359,60.8594],[28.2439,60.7916],[28.1481,60.7577],[27.8079,60.553]],[[29.6267,65.2152],[29.7668,65.2174]]]}},{"type":"Feature","properties":{"featurecla":"International boundary (verify)","adm0_a3_l":"RUS","adm0_a3_r":"NOR"},"geometry":{"type":"MultiLineString","coordinates":[[[30.841,69.8058],[30.844,69.7662],[30.8771,69.7376],[30.8843,69.7024],[30.9277,69.6721],[30.927,69.5784],[30.8982,69.5442],[30.853,69.5274],[30.7553,69.5215]],[[30.7553,69.5215],[30.5117,69.5363],[30.2944,69.6202],[30.1861,69.6413]],[[30.1861,69.6413],[30.1191,69.6346],[30.2088,69.6087],[30.2316,69.5583],[30.2106,69.5282],[30.1548,69.5061],[30.1234,69.4419],[29.9481,69.3656],[29.7514,69.3572],[29.6043,69.3152],[29.3768,69.3016],[29.3345,69.2774],[29.3023,69.2008],[29.221,69.0984],[29.0648,69.0347]],[[29.0648,69.0347],[29.0081,69.0369]],[[29.0081,69.0369],[28.9541,69.0273]]]}},{"type":"Feature","properties":{"featurecla":"International boundary (verify)","adm0_a3_l":"ARE","adm0_a3_r":"OMN"},"geometry":{"type":"MultiLineString","coordinates":[[[56.078,24.7298],[56.1183,24.7354],[56.1712,24.824],[56.2417,24.8424],[56.3083,24.8952],[56.329,24.9727],[56.3833,24.9782]],[[55.9354,24.9777],[56.0056,24.9562],[56.0293,24.8612]],[[55.8472,24.2114],[55.7677,24.2249],[55.7541,24.2455],[55.8074,24.3408],[55.8109,24.3892],[55.7746,24.4259],[55.7598,24.5585],[55.8182,24.6434],[55.7948,24.7039],[55.7887,24.8552],[55.8294,24.9212],[55.897,24.9686],[55.9354,24.9777]],[[56.0293,24.8612],[55.9784,24.8861]],[[55.9784,24.8861],[55.9609,24.8812],[55.9648,24.8539],[56.0021,24.823],[56.0315,24.7541],[56.078,24.7298]],[[55.8071,24.0075],[55.9868,24.0654],[55.9979,24.0813],[55.9332,24.2207],[55.9032,24.2322]],[[55.9032,24.2322],[55.8472,24.2114]],[[55.7624,24.0281],[55.8071,24.0075]],[[55.7126,24.0192],[55.7624,24.0281]],[[55.6469,24.025],[55.7126,24.0192]],[[55.1868,22.7036],[55.1913,22.9955],[55.2259,23.1213],[55.3211,23.2751],[55.3753,23.4693],[55.4453,23.5523],[55.4783,23.6764],[55.5383,23.77],[55.5306,23.8747],[55.4616,23.9306],[55.4568,23.9632],[55.6469,24.025]]]}},{"type":"Feature","properties":{"featurecla":"International boundary (verify)","adm0_a3_l":"AZE","adm0_a3_r":"RUS"},"geometry":{"type":"MultiLineString","coordinates":[[[46.4523,41.8862],[46.4309,41.8904]],[[46.5676,41.7867],[46.5443,41.8148],[46.5435,41.8743],[46.4793,41.887]],[[46.4793,41.887],[46.4523,41.8862]],[[47.027,41.5569],[47.0039,41.6054],[46.916,41.6809],[46.9022,41.7128],[46.8348,41.7302],[46.7691,41.7757],[46.7324,41.8514]],[[46.7324,41.8514],[46.5676,41.7867]],[[48.579,41.8453],[48.4554,41.7144],[48.393,41.5989],[48.2018,41.4935],[48.0535,41.4613],[48.0016,41.3621],[47.9792,41.3524]],[[47.5678,41.2055],[47.5292,41.2166],[47.501,41.2463],[47.3756,41.2594],[47.2508,41.316],[47.2391,41.4157],[47.1593,41.5035],[47.1414,41.5524],[47.1075,41.5699]],[[47.1075,41.5699],[47.027,41.5569]],[[47.9792,41.3524],[47.9532,41.3558]],[[47.9532,41.3558],[47.8921,41.2833],[47.8946,41.2193],[47.7437,41.1927]],[[47.7437,41.1927],[47.6225,41.2291]],[[47.6225,41.2291],[47.5678,41.2055]]]}},{"type":"Feature","properties":{"featurecla":"International boundary (verify)","adm0_a3_l":"BRA","adm0_a3_r":"SUR"},"geometry":{"type":"MultiLineString","coordinates":[[[-54.8419,2.4335],[-54.8803,2.4473],[-54.9786,2.5431],[-54.9591,2.609]],[[-54.9591,2.609],[-55.0177,2.5906],[-55.1209,2.5248]],[[-55.1209,2.5248],[-55.1366,2.5338],[-55.1378,2.5622]],[[-55.1378,2.5622],[-55.172,2.5593],[-55.2519,2.4979]],[[-55.7243,2.3969],[-55.7546,2.4094],[-55.7736,2.4401],[-55.8538,2.4626],[-55.925,2.5157],[-55.971,2.5303]],[[-55.971,2.5303],[-55.9969,2.5033],[-56.0133,2.3988],[-56.0622,2.3416]],[[-55.2519,2.4979],[-55.3028,2.5197]],[[-55.3028,2.5197],[-55.3378,2.5113],[-55.3711,2.4425],[-55.3996,2.4302]],[[-54.702,2.3957],[-54.7032,2.4458],[-54.743,2.4665]],[[-54.743,2.4665],[-54.8419,2.4335]],[[-55.3996,2.4302],[-55.5113,2.4364]],[[-55.5113,2.4364],[-55.5682,2.4313]],[[-55.5682,2.4313],[-55.6083,2.434]],[[-55.6083,2.434],[-55.7243,2.3969]],[[-54.7073,2.3959],[-54.702,2.3957]],[[-54.6729,2.316],[-54.7041,2.3248],[-54.7073,2.3959]],[[-56.0622,2.3416],[-56.0915,2.3519]],[[-56.0915,2.3519],[-56.1168,2.3331],[-56.1468,2.2562],[-56.0729,2.2415],[-56.054,2.2241],[-56.0313,2.1635],[-55.9151,2.0377],[-55.922,1.8862],[-55.9538,1.8533],[-56.0197,1.8335]],[[-54.6153,2.3263],[-54.6729,2.316]],[[-56.4152,1.9197],[-56.4818,1.9416]],[[-56.2579,1.8856],[-56.3672,1.9289]],[[-56.3672,1.9289],[-56.4152,1.9197]],[[-56.0197,1.8335],[-56.2098,1.8885]],[[-56.2098,1.8885],[-56.2579,1.8856]]]}},{"type":"Feature","properties":{"featurecla":"International boundary (verify)","adm0_a3_l":"AZE","adm0_a3_r":"GEO"},"geometry":{"type":"MultiLineString","coordinates":[[[46.4309,41.8904],[46.3713,41.8057],[46.3137,41.7567],[46.2769,41.7493]],[[46.2769,41.7493],[46.2301,41.7573]],[[46.2301,41.7573],[46.189,41.7401],[46.1795,41.7059],[46.1928,41.6102],[46.2197,41.5933]],[[46.2539,41.6159],[46.3139,41.4937],[46.5916,41.3729],[46.6074,41.345]],[[46.2197,41.5933],[46.2539,41.6159]],[[45.3968,41.4233],[45.2817,41.4529]],[[45.2817,41.4529],[45.0024,41.2905]],[[46.0174,41.1638],[45.8207,41.2088],[45.7511,41.241],[45.6859,41.2962],[45.7441,41.3354],[45.5118,41.3946],[45.45,41.4322]],[[45.45,41.4322],[45.3968,41.4233]],[[46.6229,41.3496],[46.6917,41.2685]],[[46.6074,41.345],[46.6229,41.3496]],[[46.6917,41.2685],[46.6834,41.2695]],[[46.6834,41.2695],[46.6445,41.208],[46.6211,41.1146],[46.5821,41.0917]],[[46.4749,41.0441],[46.4126,41.0919],[46.3323,41.1159],[46.2106,41.2002]],[[46.2106,41.2002],[46.1131,41.196],[46.0174,41.1638]],[[46.5821,41.0917],[46.5435,41.097]],[[46.5435,41.097],[46.4968,41.0448],[46.4749,41.0441]]]}},{"type":"Feature","properties":{"featurecla":"International boundary (verify)","adm0_a3_l":"ARM","adm0_a3_r":"AZE"},"geometry":{"type":"MultiLineString","coordinates":[[[45.1877,40.9984],[45.2205,40.9791],[45.2099,40.968]],[[45.2099,40.968],[45.1868,40.9708],[45.1772,40.9938],[45.1877,40.9984]]]}},{"type":"Feature","properties":{"featurecla":"International boundary (verify)","adm0_a3_l":"AZE","adm0_a3_r":"ARM"},"geometry":{"type":"MultiLineString","coordinates":[[[45.5202,40.6604],[45.5607,40.6476],[45.5137,40.602]],[[45.5137,40.602],[45.4793,40.6098],[45.4713,40.6299],[45.4793,40.6502],[45.5202,40.6604]]]}},{"type":"Feature","properties":{"featurecla":"International boundary (verify)","adm0_a3_l":"SRB","adm0_a3_r":"HUN"},"geometry":{"type":"MultiLineString","coordinates":[[[19.7905,46.1291],[19.6478,46.1739]],[[19.6478,46.1739],[19.5897,46.166]],[[19.5897,46.166],[19.5684,46.1664]],[[19.5684,46.1664],[19.502,46.1456],[19.4875,46.1342],[19.4993,46.1086],[19.3789,46.0337],[19.307,46.0266],[19.2635,45.9814],[19.2357,45.9777]],[[20.035,46.143],[19.9292,46.1635]],[[19.9292,46.1635],[19.7905,46.1291]],[[20.138,46.1365],[20.0984,46.155]],[[20.0984,46.155],[20.035,46.143]],[[20.2428,46.1081],[20.1705,46.1455]],[[20.1705,46.1455],[20.138,46.1365]],[[19.2357,45.9777],[19.148,45.9841],[19.0885,46.0188]],[[19.0885,46.0188],[19.0654,46.012],[19.0486,45.9634],[19.0309,45.96]],[[19.0309,45.96],[19.0056,45.9626]],[[19.0056,45.9626],[18.9787,45.9472],[18.9818,45.9218]],[[18.9818,45.9218],[18.9013,45.9312]]]}},{"type":"Feature","properties":{"featurecla":"International boundary (verify)","adm0_a3_l":"SEN","adm0_a3_r":"MLI"},"geometry":{"type":"MultiLineString","coordinates":[[[-11.8226,13.3067],[-11.8546,13.3506],[-11.8976,13.3712],[-11.8904,13.4651],[-12.0152,13.5644],[-12.0976,13.7044],[-12.0123,13.7512],[-11.9788,13.7848],[-11.9629,13.8295],[-11.9629,13.9092],[-12.0253,13.9852],[-11.9976,14.1662],[-12.0443,14.2649],[-12.1196,14.3106],[-12.1156,14.3551],[-12.2217,14.3912],[-12.2364,14.5195],[-12.2042,14.5543],[-12.165,14.6419],[-12.1898,14.656],[-12.1803,14.6928],[-12.2228,14.7033],[-12.2641,14.7749]],[[-11.6945,13.3792],[-11.7412,13.4078]],[[-11.7412,13.4078],[-11.7666,13.3832],[-11.7751,13.3433],[-11.8226,13.3067]],[[-11.6329,13.3544],[-11.6498,13.3841]],[[-11.6498,13.3841],[-11.6945,13.3792]],[[-11.4231,12.956],[-11.4387,12.9589],[-11.423,13.0094],[-11.459,13.0547],[-11.4503,13.0751],[-11.5331,13.1118],[-11.5385,13.163],[-11.5723,13.2171],[-11.5543,13.2569],[-11.6058,13.3197],[-11.6131,13.3608]],[[-11.6131,13.3608],[-11.6329,13.3544]],[[-11.4073,12.9163],[-11.3844,12.9331],[-11.4018,12.9895]],[[-11.4018,12.9895],[-11.4231,12.956]],[[-11.4207,12.922],[-11.4073,12.9163]],[[-11.4298,12.5083],[-11.4678,12.5435],[-11.4374,12.5708],[-11.4368,12.6375],[-11.4619,12.6731],[-11.4374,12.7122],[-11.4022,12.7317],[-11.4085,12.8045],[-11.4321,12.8293],[-11.4207,12.922]],[[-11.4005,12.4795],[-11.417,12.5293]],[[-11.417,12.5293],[-11.4298,12.5083]],[[-11.3884,12.4039],[-11.3778,12.4802],[-11.3904,12.4975]],[[-11.3904,12.4975],[-11.4005,12.4795]]]}},{"type":"Feature","properties":{"featurecla":"International boundary (verify)","adm0_a3_l":"FRA","adm0_a3_r":"BRA"},"geometry":{"type":"MultiLineString","coordinates":[[[-51.9558,3.7244],[-51.9401,3.734],[-51.9387,3.7736],[-51.8997,3.7967],[-51.8186,3.8911],[-51.7832,3.9809],[-51.6832,4.0394]],[[-51.9633,3.7255],[-51.9558,3.7244]],[[-52.2512,3.2431],[-52.0928,3.4814],[-52.0936,3.5069],[-52.066,3.5289],[-52.0128,3.6191],[-51.9884,3.7046],[-51.9633,3.7255]],[[-52.267,3.2449],[-52.2512,3.2431]],[[-52.9231,2.1937],[-52.8627,2.2742],[-52.6906,2.373],[-52.5904,2.5047],[-52.5519,2.5866],[-52.5758,2.6337],[-52.543,2.6515],[-52.4553,2.865],[-52.4093,2.8973],[-52.4222,2.9275],[-52.3516,3.066],[-52.3553,3.1516],[-52.267,3.2449]],[[-53.7648,2.3687],[-53.7374,2.3491],[-53.7422,2.3085],[-53.5318,2.247]],[[-53.9012,2.2645],[-53.8668,2.3049],[-53.8309,2.3101],[-53.801,2.3538],[-53.7648,2.3687]],[[-53.3441,2.3496],[-53.2342,2.251],[-53.2722,2.22],[-53.2685,2.1957]],[[-53.5318,2.247],[-53.4621,2.259],[-53.3785,2.3076],[-53.3441,2.3496]],[[-54.6153,2.3263],[-54.5443,2.3002],[-54.5264,2.2827],[-54.5491,2.2794],[-54.5458,2.2686],[-54.4927,2.2227],[-54.3878,2.1963]],[[-53.9329,2.2696],[-53.9012,2.2645]],[[-54.028,2.1786],[-53.9461,2.222],[-53.9329,2.2696]],[[-53.1134,2.2193],[-53.0612,2.1863],[-52.9809,2.1733]],[[-53.2685,2.1957],[-53.1134,2.2193]],[[-54.3805,2.1977],[-54.3229,2.1573],[-54.2638,2.1482]],[[-54.3878,2.1963],[-54.3805,2.1977]],[[-52.9341,2.1964],[-52.9231,2.1937]],[[-52.9809,2.1733],[-52.9341,2.1964]],[[-54.0485,2.1888],[-54.028,2.1786]],[[-54.1349,2.1107],[-54.0984,2.128],[-54.0767,2.1837],[-54.0485,2.1888]],[[-54.1945,2.1631],[-54.1349,2.1107]],[[-54.2638,2.1482],[-54.1945,2.1631]]]}},{"type":"Feature","properties":{"featurecla":"International boundary (verify)","adm0_a3_l":"GIN","adm0_a3_r":"SEN"},"geometry":{"type":"MultiLineString","coordinates":[[[-13.3386,12.6392],[-13.4048,12.6618],[-13.7283,12.6734]],[[-13.2547,12.6418],[-13.2841,12.6533]],[[-13.2841,12.6533],[-13.3386,12.6392]],[[-13.2019,12.6334],[-13.2215,12.6484]],[[-13.2215,12.6484],[-13.2547,12.6418]],[[-13.1273,12.6348],[-13.1453,12.6439]],[[-13.1453,12.6439],[-13.1547,12.6328]],[[-13.1547,12.6328],[-13.1692,12.6388]],[[-13.1692,12.6388],[-13.1763,12.6377]],[[-13.0346,12.4706],[-13.0783,12.4962],[-13.0593,12.6035],[-13.0917,12.6382]],[[-13.0917,12.6382],[-13.1273,12.6348]],[[-13.1763,12.6377],[-13.1852,12.6378]],[[-13.1852,12.6378],[-13.2019,12.6334]],[[-12.7527,12.4324],[-12.8386,12.4664],[-12.8492,12.495],[-12.9131,12.5363]],[[-12.9131,12.5363],[-12.9495,12.5359],[-12.9695,12.4768],[-12.9974,12.4659]],[[-12.9974,12.4659],[-13.0152,12.4727]],[[-13.0152,12.4727],[-13.0346,12.4706]],[[-12.5794,12.3612],[-12.648,12.4258],[-12.6881,12.436]],[[-12.6881,12.436],[-12.7527,12.4324]],[[-11.3884,12.4039],[-11.5154,12.4316]],[[-11.5154,12.4316],[-11.6431,12.4176],[-11.7578,12.3833]],[[-11.7578,12.3833],[-11.8396,12.3867],[-11.9239,12.4188]],[[-11.9239,12.4188],[-11.9976,12.3864]],[[-11.9976,12.3864],[-12.0792,12.4081]],[[-12.0792,12.4081],[-12.1219,12.3987],[-12.192,12.3488],[-12.3609,12.3056]],[[-12.3609,12.3056],[-12.4234,12.3691],[-12.5051,12.3903]],[[-12.5051,12.3903],[-12.5794,12.3612]]]}},{"type":"Feature","properties":{"featurecla":"International boundary (verify)","adm0_a3_l":"BEN","adm0_a3_r":"NGA"},"geometry":{"type":"MultiLineString","coordinates":[[[3.695,11.1191],[3.6625,11.1431],[3.4684,11.4195],[3.5049,11.5566],[3.5964,11.6958]],[[3.7569,10.4053],[3.7943,10.4449],[3.7954,10.4965],[3.8374,10.5999],[3.8371,10.6548],[3.8229,10.7032],[3.7833,10.717],[3.73,10.8077],[3.7541,10.9071],[3.7118,11.0519],[3.7221,11.1123],[3.7044,11.1208]],[[3.7044,11.1208],[3.695,11.1191]],[[3.6717,10.4421],[3.7569,10.4053]],[[3.5131,9.8466],[3.5996,9.9687],[3.6123,10.0703],[3.664,10.1231],[3.6646,10.1622],[3.5876,10.2442],[3.5724,10.2857],[3.626,10.4073],[3.6717,10.4421]],[[3.4529,9.8531],[3.5131,9.8466]],[[3.2991,9.634],[3.3316,9.652],[3.3386,9.6782],[3.3149,9.7591],[3.3259,9.8017],[3.4529,9.8531]],[[3.2618,9.6386],[3.2991,9.634]],[[2.9714,9.0605],[3.076,9.0952],[3.1514,9.2886],[3.1326,9.4573],[3.2436,9.5844],[3.2457,9.6337],[3.2618,9.6386]],[[2.9299,9.0784],[2.9714,9.0605]],[[2.8463,9.0508],[2.8884,9.0754],[2.9299,9.0784]],[[2.7692,9.057],[2.8463,9.0508]],[[2.7833,7.4192],[2.7923,7.4776],[2.7206,7.5866],[2.7244,7.8077],[2.6711,7.8979],[2.6871,7.9335],[2.7084,8.138],[2.7344,8.19],[2.6971,8.3207],[2.7037,8.4179],[2.7448,8.4983],[2.7232,8.7829],[2.7511,8.8034],[2.7625,8.8957],[2.7478,8.9148],[2.7702,8.9672],[2.7692,9.057]],[[2.7513,7.4236],[2.7833,7.4192]],[[2.7038,6.3684],[2.7154,6.4945],[2.7373,6.558],[2.7311,6.6418],[2.7786,6.6988],[2.7733,6.755],[2.7363,6.7698],[2.7236,6.7997],[2.7369,6.8633],[2.7151,6.9798],[2.7797,7.0413],[2.7353,7.096],[2.7621,7.1622],[2.7412,7.4082],[2.7513,7.4236]]]}},{"type":"Feature","properties":{"featurecla":"International boundary (verify)","adm0_a3_l":"AGO","adm0_a3_r":"COG"},"geometry":{"type":"MultiLineString","coordinates":[[[12.8148,-4.4129],[12.7617,-4.3912]],[[12.7617,-4.3912],[12.6238,-4.5593],[12.4141,-4.6089]],[[13.0737,-4.6353],[13.0272,-4.6122],[12.922,-4.5023],[12.8543,-4.4031]],[[12.8543,-4.4031],[12.8148,-4.4129]],[[12.4141,-4.6089],[12.387,-4.6055]],[[12.387,-4.6055],[12.3741,-4.6832],[12.3324,-4.7659],[12.2352,-4.804]],[[12.2352,-4.804],[12.2041,-4.7635]],[[12.2041,-4.7635],[12.1876,-4.768],[12.1308,-4.9129],[12.0096,-5.0196]]]}},{"type":"Feature","properties":{"featurecla":"International boundary (verify)","adm0_a3_l":"HRV","adm0_a3_r":"HUN"},"geometry":{"type":"MultiLineString","coordinates":[[[16.5776,46.4707],[16.5153,46.5017]],[[16.7551,46.3819],[16.6593,46.4642],[16.5943,46.483]],[[16.5943,46.483],[16.5776,46.4707]],[[16.8275,46.374],[16.7693,46.3961]],[[16.7693,46.3961],[16.7551,46.3819]],[[17.3271,45.972],[17.2901,45.9846],[17.3168,45.9977],[17.2759,46.012],[17.2486,46.0802],[17.2086,46.1166],[17.1012,46.1282],[16.9748,46.2106],[16.8892,46.2922],[16.8655,46.3591],[16.8324,46.3819]],[[16.8324,46.3819],[16.8275,46.374]],[[17.3453,45.9557],[17.3379,45.9846]],[[17.3379,45.9846],[17.3271,45.972]],[[17.4062,45.9437],[17.3892,45.9631]],[[17.3892,45.9631],[17.3453,45.9557]],[[17.8581,45.7717],[17.8092,45.8144],[17.6565,45.8454],[17.6458,45.8918],[17.5911,45.9362],[17.4267,45.9567]],[[17.4267,45.9567],[17.4062,45.9437]],[[18.9013,45.9312],[18.8178,45.9055]],[[18.8178,45.9055],[18.8049,45.9136]],[[18.8049,45.9136],[18.7755,45.8828]],[[18.7755,45.8828],[18.6743,45.9104]],[[18.6743,45.9104],[18.633,45.8919],[18.5735,45.8167],[18.5042,45.784]],[[18.0805,45.7717],[17.9754,45.7921]],[[17.9754,45.7921],[17.8898,45.7921],[17.8581,45.7717]],[[18.5042,45.784],[18.4818,45.7914]],[[18.4818,45.7914],[18.3976,45.7413]],[[18.3177,45.7473],[18.2112,45.7854]],[[18.2112,45.7854],[18.0805,45.7717]],[[18.3976,45.7413],[18.3512,45.7584]],[[18.3512,45.7584],[18.3177,45.7473]]]}},{"type":"Feature","properties":{"featurecla":"International boundary (verify)","adm0_a3_l":"HRV","adm0_a3_r":"SVN"},"geometry":{"type":"LineString","coordinates":[[13.6429,45.4594],[13.6428,45.4594]]}},{"type":"Feature","properties":{"featurecla":"International boundary (verify)","adm0_a3_l":"SVN","adm0_a3_r":"HUN"},"geometry":{"type":"MultiLineString","coordinates":[[[16.3434,46.7142],[16.2982,46.7758],[16.3298,46.8344],[16.272,46.864]],[[16.272,46.864],[16.1354,46.8558]],[[16.1354,46.8558],[16.094,46.8628]],[[16.5153,46.5017],[16.5008,46.5448],[16.3764,46.6291],[16.3684,46.643],[16.4105,46.6684],[16.405,46.6873],[16.3576,46.699],[16.3573,46.7158]],[[16.3573,46.7158],[16.3434,46.7142]]]}},{"type":"Feature","properties":{"featurecla":"International boundary (verify)","adm0_a3_l":"SAU","adm0_a3_r":"QAT"},"geometry":{"type":"MultiLineString","coordinates":[[[51.0389,24.5599],[50.9286,24.5872],[50.8079,24.7466]],[[51.2153,24.6259],[51.1475,24.5763],[51.0389,24.5599]]]}},{"type":"Feature","properties":{"featurecla":"International boundary (verify)","adm0_a3_l":"ZWE","adm0_a3_r":"BWA"},"geometry":{"type":"MultiLineString","coordinates":[[[25.2598,-17.7941],[25.2194,-17.8798],[25.255,-18.0011],[25.2964,-18.0686],[25.3875,-18.139],[25.5085,-18.3991],[25.6221,-18.5011],[25.6695,-18.566],[25.7619,-18.6303],[25.7795,-18.7388],[25.8153,-18.814],[25.9407,-18.9213],[25.9678,-19.001],[25.9486,-19.1033],[26.0344,-19.2437],[26.1555,-19.5372],[26.1945,-19.5602],[26.3035,-19.5773],[26.3335,-19.613],[26.3122,-19.6514],[26.3852,-19.6791],[26.4319,-19.7365],[26.5493,-19.7841],[26.5956,-19.8556],[26.6738,-19.8834],[26.7139,-19.9274],[26.8119,-19.9464],[26.9611,-20.0072]],[[26.9943,-20.0068],[27.0601,-20.0276],[27.1198,-20.0739]],[[26.9611,-20.0072],[26.9943,-20.0068]],[[27.1297,-20.0729],[27.2018,-20.093],[27.266,-20.2342],[27.284,-20.3515],[27.2684,-20.4958]],[[27.1198,-20.0739],[27.1297,-20.0729]],[[27.3407,-20.473],[27.5341,-20.483]],[[27.2684,-20.4958],[27.3407,-20.473]],[[27.5909,-20.4733],[27.6838,-20.4961],[27.7056,-20.5267],[27.6825,-20.6373],[27.7096,-20.7567],[27.676,-20.8667],[27.6666,-21.0712],[27.7092,-21.1345],[27.7938,-21.1974],[27.8944,-21.3243],[27.8978,-21.3554],[27.9502,-21.4383],[27.9399,-21.478],[27.9581,-21.5115]],[[27.5341,-20.483],[27.5909,-20.4733]],[[27.9637,-21.5105],[28.0026,-21.5642],[28.0329,-21.5779],[28.3219,-21.6035],[28.4646,-21.6603]],[[27.9581,-21.5115],[27.9637,-21.5105]],[[28.554,-21.6366],[28.6297,-21.6513],[28.8609,-21.7574],[28.9808,-21.7748],[29.0553,-21.81],[29.0179,-21.8981],[29.0216,-21.9828],[29.0708,-22.051],[29.1449,-22.0753]],[[28.4646,-21.6603],[28.554,-21.6366]],[[29.2393,-22.0726],[29.2736,-22.1251],[29.3501,-22.1867]],[[29.1449,-22.0753],[29.2393,-22.0726]]]}},{"type":"Feature","properties":{"featurecla":"Indefinite (please verify)","adm0_a3_l":"PAK","adm0_a3_r":"CHN"},"geometry":{"type":"MultiLineString","coordinates":[[[76.1898,35.805],[76.1381,35.8267],[76.1147,35.9418],[76.09,35.9781],[75.953,36.0073],[75.9,36.0635],[75.9014,36.1136],[75.9715,36.155],[75.9701,36.2023],[76.0144,36.2304],[75.9688,36.302],[75.9874,36.4212],[75.9768,36.4618]],[[76.7774,35.6461],[76.7454,35.655],[76.6767,35.7138],[76.5708,35.7513],[76.5511,35.784],[76.5653,35.8655],[76.5555,35.8979],[76.5372,35.9025]],[[76.5372,35.9025],[76.5002,35.8715],[76.4321,35.8605],[76.3841,35.8282]],[[76.3841,35.8282],[76.3489,35.831]],[[76.3489,35.831],[76.2966,35.8095]],[[76.2966,35.8095],[76.2604,35.8178]],[[76.2604,35.8178],[76.1898,35.805]]]}},{"type":"Feature","properties":{"featurecla":"International boundary (verify)","adm0_a3_l":"TUR","adm0_a3_r":"BGR"},"geometry":{"type":"MultiLineString","coordinates":[[[27.5464,41.9012],[27.3969,41.9893],[27.3053,42.0776],[27.2382,42.0979]],[[27.2382,42.0979],[27.2038,42.0881],[27.1738,42.0571]],[[27.116,42.0618],[27.0465,42.0829]],[[27.0465,42.0829],[26.9302,41.9945]],[[27.1738,42.0571],[27.1272,42.0626]],[[27.1272,42.0626],[27.116,42.0618]],[[26.9302,41.9945],[26.9115,41.9968]],[[26.9115,41.9968],[26.8903,41.9854]],[[27.917,41.9779],[27.843,41.9958]],[[27.843,41.9958],[27.824,41.9935]],[[27.824,41.9935],[27.816,41.9951]],[[27.816,41.9951],[27.8027,41.96],[27.8153,41.9468],[27.7898,41.9427]],[[26.8903,41.9854],[26.8717,41.9881]],[[26.8717,41.9881],[26.8194,41.9657]],[[26.8194,41.9657],[26.7806,41.9834]],[[26.7806,41.9834],[26.7176,41.9573]],[[28.0168,41.9725],[27.9659,41.9821]],[[27.9659,41.9821],[27.917,41.9779]],[[26.7176,41.9573],[26.6236,41.969]],[[26.6236,41.969],[26.5471,41.9269],[26.5598,41.9073],[26.5395,41.838],[26.4784,41.8133]],[[27.7898,41.9427],[27.6871,41.9686]],[[27.6871,41.9686],[27.6093,41.9535],[27.5981,41.9386]],[[27.5981,41.9386],[27.5905,41.9429]],[[27.5905,41.9429],[27.5508,41.9242],[27.5627,41.9064],[27.5464,41.9012]],[[26.4784,41.8133],[26.3755,41.8166]],[[26.3755,41.8166],[26.32,41.7655],[26.3334,41.713]]]}},{"type":"Feature","properties":{"featurecla":"International boundary (verify)","adm0_a3_l":"THA","adm0_a3_r":"KHM"},"geometry":{"type":"MultiLineString","coordinates":[[[103.6472,14.444],[103.6715,14.4296],[103.6749,14.3865],[103.7942,14.3648]],[[103.5961,14.4043],[103.6472,14.444]],[[104.7717,14.4399],[104.8385,14.4114]],[[104.7129,14.4068],[104.7717,14.4399]],[[104.6929,14.434],[104.7129,14.4068]],[[104.6514,14.4089],[104.6929,14.434]],[[103.5502,14.4219],[103.5961,14.4043]],[[103.4497,14.3716],[103.5502,14.4219]],[[104.6266,14.4193],[104.6514,14.4089]],[[104.5428,14.3604],[104.5946,14.41],[104.6266,14.4193]],[[104.8574,14.4141],[104.9738,14.3806],[104.9759,14.3011],[105.0077,14.2438],[105.0473,14.2141]],[[104.8385,14.4114],[104.8574,14.4141]],[[104.177,14.4042],[104.2013,14.378]],[[104.1409,14.366],[104.177,14.4042]],[[104.2475,14.4011],[104.4526,14.3569]],[[104.2013,14.378],[104.2475,14.4011]],[[103.4225,14.3848],[103.4497,14.3716]],[[103.3414,14.3509],[103.4225,14.3848]],[[104.1102,14.3804],[104.1409,14.366]],[[104.0014,14.3451],[104.1102,14.3804]],[[104.4926,14.374],[104.5428,14.3604]],[[104.4526,14.3569],[104.4926,14.374]],[[103.824,14.368],[103.8852,14.3404]],[[103.7942,14.3648],[103.824,14.368]],[[103.974,14.3673],[104.0014,14.3451]],[[103.8852,14.3404],[103.9198,14.3646],[103.974,14.3673]],[[103.2737,14.3511],[103.3414,14.3509]],[[102.4522,13.5622],[102.5132,13.5672],[102.5977,13.6054],[102.5411,13.6486],[102.5424,13.6697],[102.6986,13.7618],[102.7728,13.9361],[102.8698,14.0206],[102.8762,14.0713],[102.9341,14.201],[103.0049,14.2288],[103.118,14.3132],[103.2737,14.3511]],[[105.0473,14.2141],[105.1014,14.2305],[105.155,14.3305],[105.1843,14.3457]],[[102.3713,13.5689],[102.4522,13.5622]],[[102.9136,11.6459],[102.9288,11.6687],[102.9138,11.7655],[102.843,11.866],[102.7711,12.0374],[102.7,12.1387],[102.6922,12.1785],[102.7201,12.3612],[102.7651,12.4163],[102.7621,12.4361],[102.5885,12.6098],[102.5018,12.6498],[102.4793,12.6771],[102.478,12.7196],[102.5066,12.7875],[102.4648,12.9275],[102.4789,12.9536],[102.4672,12.9695],[102.4902,12.9961],[102.3821,13.1366],[102.3282,13.2752],[102.3301,13.4964],[102.3134,13.541],[102.3322,13.5646],[102.3713,13.5689]]]}},{"type":"Feature","properties":{"featurecla":"International boundary (verify)","adm0_a3_l":"MAR","adm0_a3_r":"ESP"},"geometry":{"type":"MultiLineString","coordinates":[[[-2.943,35.2679],[-2.9669,35.3139],[-2.9478,35.3298]],[[-2.9129,35.2769],[-2.943,35.2679]]]}},{"type":"Feature","properties":{"featurecla":"International boundary (verify)","adm0_a3_l":"BTN","adm0_a3_r":"IND"},"geometry":{"type":"LineString","coordinates":[[88.8923,27.3155],[88.8846,27.2863],[88.8614,27.2704],[88.7759,27.2409],[88.7301,27.151],[88.8276,27.0979],[88.8456,27.0496],[88.8517,26.9454],[88.9066,26.9811],[88.9323,26.9192],[89.0216,26.9127],[89.0607,26.8815],[89.0965,26.8214],[89.1281,26.8135],[89.2128,26.813],[89.2736,26.8439],[89.3417,26.8543],[89.4429,26.797],[89.5465,26.7975],[89.6114,26.766],[89.5975,26.721],[89.6098,26.7122],[89.6852,26.7246],[89.8173,26.6962],[89.835,26.7315],[89.8904,26.7149],[90.0892,26.7417],[90.1522,26.7718],[90.1774,26.8321],[90.2109,26.8515],[90.2844,26.8571],[90.3488,26.8967],[90.3826,26.8918],[90.5878,26.7801],[90.7171,26.767],[91.0074,26.7821],[91.0621,26.8046],[91.1982,26.8023],[91.2966,26.7746],[91.3456,26.7947],[91.3885,26.8585],[91.4202,26.8715],[91.4751,26.8655],[91.5206,26.7976],[91.5937,26.8108],[91.7021,26.8035],[91.8251,26.8585],[91.8439,26.8494],[91.8631,26.8048],[91.8787,26.803],[91.8859,26.8309],[91.874,26.8443],[91.8955,26.8535],[91.8931,26.8814],[91.9257,26.8787],[91.9751,26.8466],[92.0359,26.8548],[92.0728,26.8878],[92.0839,26.9373],[92.067,26.9949],[91.9999,27.0715],[91.9879,27.1223],[92.0368,27.2365],[92.0888,27.2923],[92.0236,27.4468],[91.9751,27.4724],[91.7271,27.4599],[91.6574,27.4792],[91.6045,27.5321],[91.5733,27.6197],[91.5799,27.658],[91.6267,27.7164],[91.6358,27.7825],[91.566,27.8211],[91.5644,27.8514],[91.6283,27.8527]]}},{"type":"Feature","properties":{"featurecla":"International boundary (verify)","adm0_a3_l":"THA","adm0_a3_r":"MYS"},"geometry":{"type":"MultiLineString","coordinates":[[[100.1876,6.708],[100.2275,6.6889]],[[100.1273,6.4423],[100.1457,6.5395],[100.1672,6.5661],[100.164,6.6837],[100.1876,6.708]],[[100.2517,6.7011],[100.2808,6.6889],[100.3292,6.5578],[100.4265,6.5139]],[[100.2275,6.6889],[100.2517,6.7011]],[[100.4523,6.5169],[100.6307,6.4448]],[[100.4265,6.5139],[100.4523,6.5169]],[[100.73,6.4932],[100.7339,6.4564],[100.7516,6.4488]],[[100.6307,6.4448],[100.73,6.4932]],[[100.7619,6.449],[100.8056,6.4148],[100.833,6.2367]],[[100.7516,6.4488],[100.7619,6.449]],[[100.9743,6.2726],[101.0231,6.241]],[[100.9101,6.2358],[100.9743,6.2726]],[[101.7842,5.7381],[101.9129,5.8593],[101.9347,5.9817],[102.06,6.0948],[102.0731,6.2575]],[[101.069,6.2509],[101.091,6.2132],[101.0892,6.1888],[101.0534,6.1576],[101.0525,6.1346],[101.0943,6.0858],[101.0788,5.9382],[101.0711,5.9198],[101.0153,5.8983],[100.9653,5.7924],[101.0084,5.7257]],[[101.0231,6.241],[101.069,6.2509]],[[100.8551,6.2479],[100.9101,6.2358]],[[100.833,6.2367],[100.8551,6.2479]],[[101.5579,5.9113],[101.6341,5.8556],[101.6504,5.7826],[101.6867,5.7612]],[[101.1222,5.6299],[101.2123,5.6815],[101.249,5.787],[101.5579,5.9113]],[[101.7268,5.7865],[101.7842,5.7381]],[[101.6867,5.7612],[101.7268,5.7865]],[[101.0274,5.7266],[101.0598,5.7096],[101.1222,5.6299]],[[101.0084,5.7257],[101.0274,5.7266]]]}},{"type":"Feature","properties":{"featurecla":"International boundary (verify)","adm0_a3_l":"ITA","adm0_a3_r":"SMR"},"geometry":{"type":"MultiLineString","coordinates":[[[12.4822,43.9826],[12.4924,43.9564],[12.4783,43.917],[12.4605,43.8953],[12.4295,43.8921]],[[12.4295,43.8921],[12.3856,43.9245],[12.3957,43.9484],[12.4822,43.9826]]]}},{"type":"Feature","properties":{"featurecla":"International boundary (verify)","adm0_a3_l":"DEU","adm0_a3_r":"BEL"},"geometry":{"type":"MultiLineString","coordinates":[[[5.9949,50.7499],[6.0115,50.7085],[6.0248,50.7076]],[[6.0644,50.7145],[6.1002,50.7013],[6.1611,50.6422],[6.1478,50.6368],[6.1594,50.6224],[6.2491,50.6144],[6.2329,50.5871],[6.1607,50.5436],[6.1773,50.5302],[6.1708,50.518],[6.2171,50.486]],[[6.0248,50.7076],[6.0644,50.7145]],[[6.2556,50.4946],[6.3369,50.481],[6.3233,50.466],[6.3512,50.4336],[6.3377,50.3681],[6.3745,50.3155],[6.3355,50.3039]],[[6.2171,50.486],[6.2556,50.4946]],[[6.3355,50.3039],[6.2995,50.3089]],[[6.2995,50.3089],[6.2694,50.2865],[6.2718,50.2674],[6.1468,50.214],[6.1651,50.1819],[6.1232,50.1649],[6.1158,50.1455],[6.1295,50.134],[6.1175,50.1205]]]}},{"type":"Feature","properties":{"featurecla":"International boundary (verify)","adm0_a3_l":"DOM","adm0_a3_r":"HTI"},"geometry":{"type":"MultiLineString","coordinates":[[[-71.7574,19.7101],[-71.7431,19.6001],[-71.7151,19.5375],[-71.7039,19.4146],[-71.7335,19.3555],[-71.7765,19.3275],[-71.7165,19.2478],[-71.6391,19.2121],[-71.6437,19.1525],[-71.6614,19.1176],[-71.7837,18.9963],[-71.8481,18.9755],[-71.8654,18.9644],[-71.8625,18.9471]],[[-71.8197,18.9578],[-71.7871,18.95],[-71.7335,18.8826],[-71.7203,18.7654],[-71.7441,18.7114],[-71.7943,18.6792],[-71.8416,18.618],[-71.8803,18.6054]],[[-71.8625,18.9471],[-71.8197,18.9578]],[[-71.8803,18.6054],[-71.9555,18.6186]],[[-71.9555,18.6186],[-72.0098,18.5988],[-71.9041,18.4848],[-71.9122,18.4307],[-71.8582,18.4136],[-71.8264,18.3762],[-71.7093,18.3133],[-71.774,18.2015],[-71.7607,18.0868],[-71.7762,18.0393]]]}},{"type":"Feature","properties":{"featurecla":"International boundary (verify)","adm0_a3_l":"NGA","adm0_a3_r":"TCD"},"geometry":{"type":"LineString","coordinates":[[14.0649,13.078],[13.6073,13.7041]]}},{"type":"Feature","properties":{"featurecla":"International boundary (verify)","adm0_a3_l":"IRQ","adm0_a3_r":"KWT"},"geometry":{"type":"MultiLineString","coordinates":[[[47.6742,30.0982],[47.7314,30.0886],[47.948,29.994]],[[46.5324,29.0957],[46.7119,29.2714],[46.8534,29.4446],[46.9578,29.6204],[46.9888,29.7127],[47.1105,29.9609],[47.1447,30.0033],[47.3582,30.0921],[47.6742,30.0982]]]}},{"type":"Feature","properties":{"featurecla":"International boundary (verify)","adm0_a3_l":"CHN","adm0_a3_r":"IND"},"geometry":{"type":"MultiLineString","coordinates":[[[88.594,28.1066],[88.652,28.0694],[88.7356,28.0553],[88.8175,27.9949]],[[88.5021,28.0289],[88.594,28.1066]],[[88.4754,28.0362],[88.5021,28.0289]],[[88.163,27.9469],[88.3788,27.9826],[88.4754,28.0362]],[[88.8177,27.9949],[88.8107,27.9279],[88.8516,27.8772],[88.8539,27.8437],[88.8057,27.6551],[88.7416,27.5317],[88.7576,27.5114],[88.7544,27.4642],[88.7736,27.4085],[88.8923,27.3155]],[[88.8175,27.9949],[88.8177,27.9949]],[[88.1267,27.9504],[88.163,27.9469]],[[88.1182,27.8609],[88.0975,27.904],[88.0999,27.9283],[88.1267,27.9504]]]}},{"type":"Feature","properties":{"featurecla":"International boundary (verify)","adm0_a3_l":"GTM","adm0_a3_r":"SLV"},"geometry":{"type":"LineString","coordinates":[[-90.0982,13.7309],[-90.1143,13.7963],[-90.107,13.8441],[-90.0474,13.8943],[-90.023,13.937],[-89.8908,14.0359],[-89.8359,14.0591],[-89.7623,14.03],[-89.7476,14.0376],[-89.7526,14.0752],[-89.6898,14.17],[-89.6383,14.2006],[-89.5245,14.2318],[-89.5586,14.3028],[-89.5984,14.328],[-89.5761,14.3531],[-89.5841,14.4018],[-89.5552,14.4108],[-89.5414,14.3815],[-89.503,14.4201],[-89.4311,14.4187],[-89.3982,14.4454],[-89.3969,14.426],[-89.3906,14.436],[-89.3616,14.4155]]}},{"type":"Feature","properties":{"featurecla":"International boundary (verify)","adm0_a3_l":"TLS","adm0_a3_r":"IDN"},"geometry":{"type":"MultiLineString","coordinates":[[[124.2575,-9.5012],[124.3101,-9.4887],[124.3323,-9.4666],[124.3479,-9.3746],[124.4318,-9.2908],[124.4505,-9.1802]],[[124.03,-9.342],[124.0627,-9.3979],[124.1211,-9.4269]],[[124.1975,-9.3732],[124.2469,-9.4215],[124.2575,-9.5012]],[[124.1211,-9.4269],[124.1672,-9.3806],[124.1975,-9.3732]]]}},{"type":"Feature","properties":{"featurecla":"International boundary (verify)","adm0_a3_l":"TLS","adm0_a3_r":"IDN"},"geometry":{"type":"MultiLineString","coordinates":[[[124.9195,-8.962],[124.9079,-9.0375],[124.9479,-9.0785]],[[125.0868,-8.9862],[125.1624,-9.0606],[125.1425,-9.1891]],[[124.9479,-9.0785],[125.0518,-9.035],[125.0868,-8.9862]],[[125.0739,-9.2113],[125.0072,-9.1861]],[[125.0072,-9.1861],[124.9745,-9.1919],[124.9579,-9.2119],[124.9602,-9.276],[125.0234,-9.3456],[125.0616,-9.4858]],[[125.1425,-9.1891],[125.1179,-9.1876]],[[125.1179,-9.1876],[125.0739,-9.2113]]]}},{"type":"Feature","properties":{"featurecla":"International boundary (verify)","adm0_a3_l":"BRN","adm0_a3_r":"MYS"},"geometry":{"type":"MultiLineString","coordinates":[[[115.3463,4.3138],[115.3583,4.3503],[115.2856,4.4354],[115.2725,4.4747],[115.2727,4.6368],[115.2074,4.8256],[115.1468,4.8856],[115.1462,4.9085]],[[115.0298,4.8206],[115.0268,4.66],[115.0798,4.504],[115.0918,4.4054],[115.113,4.3824],[115.1908,4.3568]],[[115.2207,4.3598],[115.2551,4.3392]],[[115.1908,4.3568],[115.2207,4.3598]],[[115.2743,4.34],[115.3463,4.3138]],[[115.2551,4.3392],[115.2743,4.34]]]}},{"type":"Feature","properties":{"featurecla":"International boundary (verify)","adm0_a3_l":"MYS","adm0_a3_r":"IDN"},"geometry":{"type":"MultiLineString","coordinates":[[[116.5222,4.3968],[116.5902,4.3311]],[[116.4684,4.3123],[116.4941,4.3249],[116.4865,4.3488],[116.5222,4.3968]],[[115.8561,4.3908],[115.8788,4.3521],[115.9772,4.3286],[115.9936,4.2889],[116.0206,4.2709]],[[115.7569,4.2222],[115.8175,4.2813],[115.831,4.3761],[115.8561,4.3908]],[[116.3107,4.3834],[116.3442,4.3569]],[[116.2288,4.3561],[116.3107,4.3834]],[[116.1258,4.3789],[116.2288,4.3561]],[[116.0206,4.2709],[116.1099,4.3451],[116.1258,4.3789]],[[116.7117,4.3668],[116.8045,4.3301]],[[116.6418,4.3339],[116.68,4.3399],[116.7117,4.3668]],[[116.3513,4.3579],[116.3911,4.2947],[116.4113,4.2887]],[[116.3442,4.3569],[116.3513,4.3579]],[[117.2027,4.3561],[117.3566,4.2595],[117.4365,4.1856],[117.5146,4.1719]],[[116.9806,4.3296],[117.1647,4.3331],[117.2027,4.3561]],[[116.9243,4.345],[116.9806,4.3296]],[[116.8045,4.3301],[116.9243,4.345]],[[116.6155,4.3441],[116.6418,4.3339]],[[116.5902,4.3311],[116.6155,4.3441]],[[116.4464,4.3173],[116.4684,4.3123]],[[116.4113,4.2887],[116.4464,4.3173]],[[115.7326,4.2394],[115.7569,4.2222]],[[115.585,3.4168],[115.6006,3.4412],[115.5727,3.5042],[115.5446,3.669],[115.5886,3.8576],[115.5383,3.8978],[115.5388,3.9206],[115.581,3.9469],[115.6095,3.9969],[115.6469,4.1691],[115.7326,4.2394]],[[117.5422,4.1738],[117.5671,4.1597]],[[117.5146,4.1719],[117.5422,4.1738]],[[115.5572,3.4255],[115.585,3.4168]],[[115.31,2.9859],[115.4641,3.0308],[115.4822,3.111],[115.517,3.1573],[115.4828,3.2065],[115.5176,3.3572],[115.5572,3.4255]],[[115.2421,3.0416],[115.31,2.9859]],[[115.0825,2.5944],[115.0565,2.6086],[115.0719,2.6718],[115.057,2.7113],[115.1046,2.7615],[115.0669,2.8282],[115.1228,2.9129],[115.208,2.9807],[115.2421,3.0416]],[[114.973,2.3575],[115.105,2.4657],[115.1927,2.4905],[115.2061,2.5099],[115.177,2.5742],[115.115,2.6079]],[[115.115,2.6079],[115.0825,2.5944]],[[114.9345,2.3607],[114.973,2.3575]],[[114.7922,2.0348],[114.7703,2.0582],[114.753,2.1348],[114.7788,2.2472],[114.9133,2.284],[114.9153,2.3321],[114.9345,2.3607]],[[109.6453,2.0832],[109.6003,1.9831],[109.5294,1.9052],[109.5347,1.839],[109.567,1.7926],[109.6418,1.781],[109.647,1.6176],[109.7664,1.4965],[109.7815,1.4563]],[[114.5222,1.4294],[114.5616,1.45],[114.5632,1.5364],[114.6503,1.6415],[114.6801,1.7633],[114.6795,1.8407],[114.832,1.9025],[114.8453,2.025],[114.8314,2.0448]],[[114.8314,2.0448],[114.7922,2.0348]],[[112.855,1.5827],[112.9077,1.5705]],[[112.8015,1.5438],[112.855,1.5827]],[[112.956,1.5723],[113.0234,1.537],[113.0073,1.4733],[112.9553,1.4236],[112.9732,1.4151]],[[112.9077,1.5705],[112.956,1.5723]],[[112.4705,1.5677],[112.8015,1.5438]],[[112.0541,1.1336],[112.1001,1.1549],[112.184,1.369],[112.1818,1.4],[112.1541,1.4095],[112.1616,1.4345],[112.2952,1.5038],[112.3985,1.5233],[112.4705,1.5677]],[[114.3749,1.5069],[114.5222,1.4294]],[[114.1734,1.4205],[114.3749,1.5069]],[[109.8006,1.4668],[109.8255,1.4176],[109.8629,1.4015]],[[109.7815,1.4563],[109.8006,1.4668]],[[114.0943,1.4657],[114.1734,1.4205]],[[113.6248,1.2276],[113.8082,1.3397],[113.8912,1.435],[114.0943,1.4657]],[[113.0506,1.4348],[113.089,1.4313],[113.1728,1.3837],[113.276,1.3689],[113.3237,1.3514],[113.3976,1.2939],[113.4429,1.2924]],[[112.9732,1.4151],[113.0506,1.4348]],[[109.8827,1.4038],[109.9202,1.3948],[109.9638,1.2986],[110.0307,1.2536],[110.0518,1.2155],[110.1704,1.1745],[110.2728,0.9911]],[[109.8629,1.4015],[109.8827,1.4038]],[[113.5034,1.3145],[113.5462,1.3016],[113.6248,1.2276]],[[113.4429,1.2924],[113.5034,1.3145]],[[111.9734,1.134],[112.0541,1.1336]],[[111.7628,0.993],[111.8231,1.0085],[111.9101,1.114],[111.9734,1.134]],[[111.1976,1.0752],[111.3955,1.0063]],[[110.7767,0.9033],[110.797,0.9497],[110.8804,1.0105],[110.9734,1.0177],[111.1976,1.0752]],[[111.6374,1.0322],[111.7628,0.993]],[[111.5032,0.9584],[111.5389,0.9977],[111.6374,1.0322]],[[111.4545,1.0226],[111.4824,1.0129],[111.5032,0.9584]],[[111.3955,1.0063],[111.4545,1.0226]],[[110.3008,0.9977],[110.3641,0.9814],[110.4603,0.8797],[110.5539,0.8514]],[[110.2728,0.9911],[110.3008,0.9977]],[[110.7583,0.9145],[110.7767,0.9033]],[[110.7248,0.8973],[110.7583,0.9145]],[[110.7094,0.9014],[110.7248,0.8973]],[[110.6613,0.8721],[110.7094,0.9014]],[[110.6134,0.894],[110.6613,0.8721]],[[110.5539,0.8514],[110.6134,0.894]]]}},{"type":"Feature","properties":{"featurecla":"International boundary (verify)","adm0_a3_l":"AUT","adm0_a3_r":"ITA"},"geometry":{"type":"MultiLineString","coordinates":[[[12.1806,47.0852],[12.2042,47.0797],[12.2036,47.0533],[12.1112,46.993],[12.1417,46.928],[12.1269,46.9089],[12.2666,46.8681],[12.2691,46.7886],[12.3427,46.7651],[12.3704,46.7112],[12.405,46.6901],[12.562,46.6512]],[[11.7349,46.9706],[11.8995,47.0277],[12.015,47.0405],[12.1806,47.0852]],[[11.4718,47.0071],[11.5244,46.9883]],[[11.4112,46.9705],[11.4718,47.0071]],[[11.5965,47.0004],[11.648,46.9933]],[[11.5244,46.9883],[11.5965,47.0004]],[[11.6648,46.9933],[11.7349,46.9706]],[[11.6573,46.9925],[11.6648,46.9933]],[[11.6485,46.9933],[11.6573,46.9925]],[[11.648,46.9933],[11.6485,46.9933]],[[11.3138,46.9873],[11.4112,46.9705]],[[10.9827,46.7677],[11.0528,46.8149],[11.0919,46.9124],[11.1566,46.9565],[11.3138,46.9873]],[[10.4538,46.8644],[10.5277,46.8432]],[[10.6471,46.8638],[10.739,46.8295],[10.7487,46.8194],[10.7169,46.7952],[10.7337,46.7862]],[[10.5277,46.8432],[10.6471,46.8638]],[[10.7548,46.7908],[10.8049,46.7766]],[[10.7337,46.7862],[10.7548,46.7908]],[[10.8239,46.7803],[10.8704,46.7641]],[[10.8049,46.7766],[10.8239,46.7803]],[[10.9309,46.774],[10.9827,46.7677]],[[10.8704,46.7641],[10.9309,46.774]],[[12.6202,46.6565],[12.7066,46.6377]],[[12.562,46.6512],[12.6202,46.6565]],[[12.7399,46.643],[12.8304,46.6096],[13.0645,46.598],[13.2714,46.5508]],[[12.7066,46.6377],[12.7399,46.643]],[[13.3733,46.5658],[13.417,46.5605]],[[13.2714,46.5508],[13.3733,46.5658]],[[13.478,46.5636],[13.5068,46.5469],[13.6853,46.5176]],[[13.417,46.5605],[13.478,46.5636]],[[13.6853,46.5176],[13.701,46.5197]]]}},{"type":"Feature","properties":{"featurecla":"International boundary (verify)","adm0_a3_l":"FRA","adm0_a3_r":"MCO"},"geometry":{"type":"MultiLineString","coordinates":[[[7.407,43.7635],[7.4375,43.7434]],[[7.3658,43.7227],[7.3727,43.7458],[7.407,43.7635]]]}},{"type":"Feature","properties":{"featurecla":"International boundary (verify)","adm0_a3_l":"DZA","adm0_a3_r":"MLI"},"geometry":{"type":"LineString","coordinates":[[-4.8216,24.9951],[-4.8212,24.9948]]}},{"type":"Feature","properties":{"featurecla":"International boundary (verify)","adm0_a3_l":"SVN","adm0_a3_r":"ITA"},"geometry":{"type":"MultiLineString","coordinates":[[[13.701,46.5197],[13.6884,46.4678],[13.6588,46.4451]],[[13.6588,46.4451],[13.6341,46.4457]],[[13.6341,46.4457],[13.6002,46.4426],[13.53,46.3883],[13.4341,46.3539],[13.3653,46.2903],[13.4101,46.208]],[[13.4228,46.2286],[13.5102,46.214],[13.5845,46.1813]],[[13.4101,46.208],[13.4374,46.2109],[13.4228,46.2286]],[[13.6139,46.1835],[13.6374,46.1804],[13.645,46.1617],[13.6164,46.125],[13.5051,46.066],[13.4823,46.0448],[13.49,46.0256],[13.4618,46.0064],[13.5094,45.9674]],[[13.5845,46.1813],[13.6139,46.1835]],[[13.6059,45.9854],[13.6228,45.9664],[13.5693,45.8645],[13.566,45.8303],[13.5813,45.8092],[13.7787,45.7434],[13.8584,45.6494],[13.8947,45.6318],[13.8478,45.5847],[13.8005,45.5812]],[[13.5094,45.9674],[13.6059,45.9854]],[[13.8005,45.5812],[13.7611,45.5962]],[[13.7611,45.5962],[13.7118,45.5932]]]}},{"type":"Feature","properties":{"featurecla":"International boundary (verify)","adm0_a3_l":"SWZ","adm0_a3_r":"MOZ"},"geometry":{"type":"LineString","coordinates":[[32.1139,-26.84],[32.1071,-26.5003],[32.0598,-26.4148],[32.0399,-26.2837],[32.0814,-26.1488],[32.0575,-26.0412],[32.0706,-26.0098],[32.004,-25.9944],[31.9492,-25.9581]]}},{"type":"Feature","properties":{"featurecla":"International boundary (verify)","adm0_a3_l":"RWA","adm0_a3_r":"BDI"},"geometry":{"type":"MultiLineString","coordinates":[[[30.3786,-2.3031],[30.4151,-2.3131]],[[30.2627,-2.3584],[30.3168,-2.3476],[30.3786,-2.3031]],[[30.4185,-2.3118],[30.4885,-2.3838],[30.5546,-2.4006]],[[30.4151,-2.3131],[30.4185,-2.3118]],[[29.9419,-2.3166],[29.9839,-2.3448]],[[29.8034,-2.7673],[29.8629,-2.7317],[29.8979,-2.6711],[29.9079,-2.5354],[29.9296,-2.4598],[29.9288,-2.3225],[29.9419,-2.3166]],[[30.2075,-2.3392],[30.2627,-2.3584]],[[30.1168,-2.4315],[30.1562,-2.419],[30.2075,-2.3392]],[[29.9923,-2.344],[30.1168,-2.4315]],[[29.9839,-2.3448],[29.9923,-2.344]],[[29.1134,-2.5946],[29.3066,-2.6601],[29.3097,-2.691],[29.3375,-2.7238],[29.3181,-2.7626],[29.3397,-2.8264]],[[29.0154,-2.7207],[29.0326,-2.6207],[29.0553,-2.5984],[29.1134,-2.5946]],[[29.7562,-2.7599],[29.8034,-2.7673]],[[29.6975,-2.8083],[29.7296,-2.7996],[29.7373,-2.7693],[29.7562,-2.7599]],[[29.6193,-2.7877],[29.6975,-2.8083]],[[29.5741,-2.8061],[29.6193,-2.7877]],[[29.4254,-2.8034],[29.5041,-2.8269]],[[29.3397,-2.8264],[29.4254,-2.8034]],[[29.5638,-2.8057],[29.5741,-2.8061]],[[29.5041,-2.8269],[29.5638,-2.8057]]]}},{"type":"Feature","properties":{"featurecla":"International boundary (verify)","adm0_a3_l":"BGD","adm0_a3_r":"MMR"},"geometry":{"type":"MultiLineString","coordinates":[[[92.5706,21.2473],[92.6143,21.2631],[92.6429,21.2984],[92.5927,21.4702],[92.5756,21.734],[92.593,21.8869],[92.5759,21.9776]],[[92.3227,21.4619],[92.3679,21.4354],[92.3896,21.3765],[92.4654,21.3598]],[[92.2845,21.4191],[92.3227,21.4619]],[[92.2529,21.4195],[92.2845,21.4191]],[[92.2651,21.0611],[92.2243,21.0932],[92.175,21.1756],[92.1837,21.3172],[92.2363,21.4171],[92.2529,21.4195]],[[92.4987,21.3666],[92.5245,21.3611],[92.5706,21.2473]],[[92.4654,21.3598],[92.4987,21.3666]]]}},{"type":"Feature","properties":{"featurecla":"International boundary (verify)","adm0_a3_l":"ESP","adm0_a3_r":"FRA"},"geometry":{"type":"MultiLineString","coordinates":[[[-1.7474,43.291],[-1.7558,43.3185],[-1.7969,43.3411],[-1.7941,43.386]],[[-1.6111,43.2458],[-1.639,43.2557],[-1.645,43.2924],[-1.683,43.3049]],[[-1.683,43.3049],[-1.7474,43.291]],[[-1.4664,43.2608],[-1.559,43.2841]],[[-1.559,43.2841],[-1.6111,43.2458]],[[-1.3831,43.0292],[-1.4571,43.0451],[-1.4878,43.0818],[-1.4258,43.1353],[-1.3997,43.2067],[-1.4035,43.2433],[-1.4442,43.2651]],[[-1.4442,43.2651],[-1.4664,43.2608]],[[-1.1499,43.0057],[-1.2937,43.0552],[-1.3151,43.0829],[-1.286,43.1092],[-1.3086,43.1136]],[[-1.3086,43.1136],[-1.3483,43.0931],[-1.3576,43.0468],[-1.3831,43.0292]],[[-0.8635,42.9431],[-0.9815,42.957],[-1.0285,42.9867],[-1.1124,43.0083]],[[-1.1124,43.0083],[-1.1499,43.0057]],[[-0.7203,42.8766],[-0.7459,42.8939],[-0.7597,42.9465],[-0.7864,42.9533]],[[-0.7864,42.9533],[-0.8635,42.9431]],[[-0.6036,42.7968],[-0.6483,42.8498],[-0.7105,42.8777]],[[-0.7105,42.8777],[-0.7203,42.8766]],[[0.7763,42.8325],[0.7068,42.8466]],[[0.7068,42.8466],[0.6563,42.8384],[0.6397,42.7747],[0.6507,42.7634],[0.6335,42.7448],[0.6596,42.7299],[0.6654,42.6987],[0.6436,42.6845]],[[-0.2084,42.7839],[-0.2351,42.7862],[-0.3228,42.8425]],[[-0.3228,42.8425],[-0.343,42.8227]],[[0.9211,42.7844],[0.7957,42.8338]],[[0.7957,42.8338],[0.7763,42.8325]],[[-0.343,42.8227],[-0.3517,42.8292]],[[-0.3517,42.8292],[-0.4545,42.7889]],[[-0.4545,42.7889],[-0.5339,42.808]],[[-0.5339,42.808],[-0.5356,42.7842],[-0.569,42.7726]],[[-0.569,42.7726],[-0.5873,42.7968]],[[-0.5873,42.7968],[-0.6036,42.7968]],[[1.1625,42.7057],[1.1343,42.716],[1.0891,42.7713],[0.9503,42.7961]],[[0.9503,42.7961],[0.9211,42.7844]],[[-0.0389,42.6851],[-0.119,42.7169],[-0.1578,42.7607],[-0.1614,42.7953]],[[-0.1614,42.7953],[-0.2084,42.7839]],[[0.2754,42.6687],[0.2384,42.7104],[0.1692,42.7265]],[[0.1692,42.7265],[-0.0389,42.6851]],[[0.4093,42.6823],[0.3542,42.7175]],[[0.3542,42.7175],[0.2754,42.6687]],[[1.4293,42.5954],[1.3611,42.6867],[1.3382,42.6944],[1.3426,42.7087],[1.1959,42.7136]],[[1.1959,42.7136],[1.1625,42.7057]],[[0.4835,42.6853],[0.4669,42.6904]],[[0.4669,42.6904],[0.4093,42.6823]],[[0.6436,42.6845],[0.6082,42.688]],[[0.6082,42.688],[0.4835,42.6853]]]}},{"type":"Feature","properties":{"featurecla":"International boundary (verify)","adm0_a3_l":"FRA","adm0_a3_r":"AND"},"geometry":{"type":"MultiLineString","coordinates":[[[1.5431,42.6494],[1.6083,42.6181],[1.722,42.6099],[1.7133,42.5895],[1.7651,42.5634],[1.7217,42.5485],[1.707,42.5028]],[[1.4984,42.6402],[1.5431,42.6494]],[[1.4668,42.6415],[1.4984,42.6402]],[[1.4293,42.5954],[1.4514,42.6021],[1.4668,42.6415]]]}},{"type":"Feature","properties":{"featurecla":"International boundary (verify)","adm0_a3_l":"FRA","adm0_a3_r":"ESP"},"geometry":{"type":"MultiLineString","coordinates":[[[1.707,42.5028],[1.9275,42.4369],[1.9637,42.3672],[2.0092,42.3471]],[[2.9337,42.4702],[2.9661,42.461]],[[2.8841,42.4492],[2.9337,42.4702]],[[2.9831,42.4693],[3.0296,42.4657],[3.0536,42.4376],[3.1117,42.425]],[[2.9661,42.461],[2.9831,42.4693]],[[2.8669,42.4496],[2.8841,42.4492]],[[2.7677,42.4096],[2.8669,42.4496]],[[3.1117,42.425],[3.181,42.4315]],[[2.2774,42.4286],[2.4225,42.3837],[2.4456,42.352],[2.5148,42.3257]],[[2.1842,42.4118],[2.2774,42.4286]],[[2.137,42.4162],[2.1842,42.4118]],[[2.0092,42.3471],[2.0633,42.3579],[2.137,42.4162]],[[2.7285,42.414],[2.7677,42.4096]],[[2.6354,42.3379],[2.6622,42.339],[2.6403,42.3728],[2.6482,42.3815],[2.7285,42.414]],[[2.5674,42.3526],[2.6354,42.3379]],[[2.5148,42.3257],[2.5674,42.3526]]]}},{"type":"Feature","properties":{"featurecla":"International boundary (verify)","adm0_a3_l":"FRA","adm0_a3_r":"ESP"},"geometry":{"type":"MultiLineString","coordinates":[[[1.968,42.4857],[1.9995,42.4439],[1.9834,42.4413]],[[1.9834,42.4413],[1.9475,42.4512],[1.968,42.4857]]]}},{"type":"Feature","properties":{"featurecla":"International boundary (verify)","adm0_a3_l":"AND","adm0_a3_r":"ESP"},"geometry":{"type":"MultiLineString","coordinates":[[[1.4293,42.5954],[1.4065,42.5292]],[[1.429,42.5315],[1.45,42.5041],[1.4076,42.4868],[1.4364,42.441],[1.5085,42.4287]],[[1.4065,42.5292],[1.429,42.5315]],[[1.6742,42.4905],[1.707,42.5028]],[[1.657,42.4976],[1.6742,42.4905]],[[1.5085,42.4287],[1.5444,42.4504],[1.6395,42.4664],[1.657,42.4976]]]}},{"type":"Feature","properties":{"featurecla":"International boundary (verify)","adm0_a3_l":"TJK","adm0_a3_r":"CHN"},"geometry":{"type":"MultiLineString","coordinates":[[[74.0289,38.5272],[73.9329,38.5297],[73.8164,38.5866],[73.7364,38.7217],[73.7359,38.8004],[73.6808,38.873],[73.7172,38.9186],[73.8096,38.9327],[73.8291,38.9602],[73.816,38.9938],[73.7093,39.0655],[73.6738,39.1426],[73.6078,39.2073],[73.6023,39.2358],[73.6438,39.3513],[73.6326,39.4483]],[[74.2214,38.6497],[74.1234,38.6695]],[[74.1234,38.6695],[74.0844,38.614],[74.0373,38.5985],[74.0588,38.547],[74.0289,38.5272]],[[74.7191,38.5215],[74.6461,38.5611],[74.3134,38.6692]],[[74.3134,38.6692],[74.2214,38.6497]],[[74.8923,37.2311],[74.9515,37.2813],[75.0684,37.3121],[75.0918,37.3784],[75.1641,37.4006],[75.0534,37.4938],[74.9452,37.5486],[74.8919,37.5992],[74.8861,37.6535],[74.9652,37.7675],[74.9493,37.7953],[74.8861,37.8306],[74.9137,37.8808],[74.8908,37.8977],[74.8928,37.994],[74.8804,38.0217],[74.8099,38.0532],[74.7907,38.0814],[74.7711,38.2915],[74.7843,38.3257],[74.8383,38.3794],[74.8444,38.4172],[74.8329,38.4636],[74.742,38.5231]],[[74.742,38.5231],[74.7191,38.5215]]]}},{"type":"Feature","properties":{"featurecla":"International boundary (verify)","adm0_a3_l":"CHN","adm0_a3_r":"AFG"},"geometry":{"type":"MultiLineString","coordinates":[[[74.794,37.2139],[74.7374,37.2961],[74.7215,37.2978]],[[74.7215,37.2978],[74.615,37.2284]],[[74.615,37.2284],[74.59,37.2434]],[[74.59,37.2434],[74.4873,37.2259],[74.4567,37.1773],[74.4203,37.1681]],[[74.8923,37.2311],[74.794,37.2139]],[[74.4203,37.1681],[74.3823,37.172]],[[74.3823,37.172],[74.3661,37.1478],[74.3826,37.1266],[74.4766,37.0831],[74.5424,37.0217]]]}},{"type":"Feature","properties":{"featurecla":"International boundary (verify)","adm0_a3_l":"AFG","adm0_a3_r":"TJK"},"geometry":{"type":"MultiLineString","coordinates":[[[74.5212,37.3756],[74.5127,37.3772]],[[74.5298,37.3758],[74.5212,37.3756]]]}},{"type":"Feature","properties":{"featurecla":"International boundary (verify)","adm0_a3_l":"AFG","adm0_a3_r":"TJK"},"geometry":{"type":"LineString","coordinates":[[74.6604,37.394],[74.5298,37.3758]]}},{"type":"Feature","properties":{"featurecla":"International boundary (verify)","adm0_a3_l":"AFG","adm0_a3_r":"TJK"},"geometry":{"type":"LineString","coordinates":[[74.8923,37.2311],[74.8626,37.2446],[74.7885,37.3312],[74.6604,37.394]]}},{"type":"Feature","properties":{"featurecla":"International boundary (verify)","adm0_a3_l":"MKD","adm0_a3_r":"GRC"},"geometry":{"type":"MultiLineString","coordinates":[[[22.826,41.341],[22.917,41.3358]],[[22.7049,41.1397],[22.7272,41.1658],[22.7513,41.3152],[22.826,41.341]],[[22.6445,41.1802],[22.7049,41.1397]],[[22.5492,41.1185],[22.6073,41.136],[22.6445,41.1802]],[[22.2058,41.1614],[22.3026,41.1455],[22.3151,41.1244]],[[22.1034,41.1215],[22.2058,41.1614]],[[22.0482,41.1519],[22.1034,41.1215]],[[21.737,40.9192],[21.7781,40.9337],[21.7837,40.9642],[21.8807,41.0384],[21.9091,41.0975],[22.0482,41.1519]],[[22.3677,41.1324],[22.4515,41.1137]],[[22.3151,41.1244],[22.3677,41.1324]],[[22.5166,41.1222],[22.5492,41.1185]],[[22.4515,41.1137],[22.5166,41.1222]],[[21.6851,40.928],[21.737,40.9192]],[[21.6439,40.8945],[21.6569,40.9182],[21.6851,40.928]],[[21.4294,40.909],[21.5095,40.9005],[21.5816,40.8663]],[[21.261,40.8608],[21.3293,40.8663],[21.3813,40.9005],[21.4294,40.909]],[[21.6295,40.8951],[21.6439,40.8945]],[[21.5816,40.8663],[21.6295,40.8951]],[[21.183,40.8702],[21.261,40.8608]],[[20.9653,40.8494],[21.183,40.8702]]]}},{"type":"Feature","properties":{"featurecla":"International boundary (verify)","adm0_a3_l":"MKD","adm0_a3_r":"KOS"},"geometry":{"type":"MultiLineString","coordinates":[[[21.4993,42.2387],[21.4815,42.2478]],[[21.4815,42.2478],[21.4676,42.2351]],[[21.5618,42.2472],[21.4993,42.2387]],[[21.4676,42.2351],[21.4363,42.2469]],[[21.4363,42.2469],[21.4199,42.2401],[21.4298,42.2158],[21.4191,42.215]],[[21.4191,42.215],[21.3843,42.2249]],[[21.3843,42.2249],[21.3538,42.216],[21.295,42.149],[21.3013,42.1006],[21.2889,42.0897]],[[21.2889,42.0897],[21.2378,42.0974],[21.1644,42.167],[21.0985,42.196]],[[21.0985,42.196],[21.0039,42.142],[20.7849,42.082],[20.7654,42.0643],[20.7431,41.9935],[20.7505,41.9068],[20.7233,41.8666],[20.6815,41.844]],[[20.6815,41.844],[20.6434,41.8736]],[[20.6434,41.8736],[20.6024,41.8499]],[[20.6024,41.8499],[20.5671,41.8732]]]}},{"type":"Feature","properties":{"featurecla":"International boundary (verify)","adm0_a3_l":"MKD","adm0_a3_r":"KOS"},"geometry":{"type":"LineString","coordinates":[[21.5641,42.2463],[21.5618,42.2472]]}},{"type":"Feature","properties":{"featurecla":"International boundary (verify)","adm0_a3_l":"MKD","adm0_a3_r":"SRB"},"geometry":{"type":"MultiLineString","coordinates":[[[22.345,42.3134],[22.2916,42.3284],[22.2689,42.3703]],[[22.2689,42.3703],[22.0609,42.3011]],[[22.0609,42.3011],[21.929,42.3351]],[[21.929,42.3351],[21.8774,42.3082]],[[21.8774,42.3082],[21.8374,42.3086]],[[21.8374,42.3086],[21.677,42.2349]],[[21.575,42.242],[21.5641,42.2463]],[[21.677,42.2349],[21.6247,42.2428]],[[21.6247,42.2428],[21.575,42.242]]]}},{"type":"Feature","properties":{"featurecla":"International boundary (verify)","adm0_a3_l":"SRB","adm0_a3_r":"BGR"},"geometry":{"type":"MultiLineString","coordinates":[[[22.5752,44.0614],[22.6047,44.0794],[22.6062,44.1746],[22.6488,44.214],[22.6916,44.2284]],[[22.5546,44.0624],[22.5752,44.0614]],[[22.6069,43.4274],[22.5189,43.4742],[22.4785,43.5592],[22.4663,43.6491],[22.4049,43.6872],[22.3885,43.7583],[22.3495,43.8079],[22.3996,43.9933],[22.4343,44.014],[22.5037,44.0199],[22.5546,44.0624]],[[22.6742,43.3941],[22.6285,43.4283]],[[22.6285,43.4283],[22.6069,43.4274]],[[22.6662,42.8719],[22.7388,42.8974],[22.7764,42.9797],[22.829,42.9935],[22.8842,43.0367],[22.9017,43.0697],[22.9556,43.1083],[22.9846,43.1746],[22.9814,43.199],[22.8978,43.2203],[22.827,43.2814],[22.8045,43.329],[22.6932,43.3949]],[[22.6932,43.3949],[22.6742,43.3941]],[[22.5909,42.8869],[22.6662,42.8719]],[[22.5376,42.8683],[22.5909,42.8869]],[[22.5198,42.8704],[22.5376,42.8683]],[[22.345,42.3134],[22.424,42.3259],[22.4698,42.3917],[22.5088,42.4049],[22.5331,42.4576],[22.5249,42.5077],[22.4253,42.5729],[22.4421,42.6817],[22.4829,42.7338],[22.4258,42.8098],[22.5198,42.8704]]]}},{"type":"Feature","properties":{"featurecla":"International boundary (verify)","adm0_a3_l":"KGZ","adm0_a3_r":"TJK"},"geometry":{"type":"LineString","coordinates":[[70.4837,39.8822],[70.4987,39.8819]]}},{"type":"Feature","properties":{"featurecla":"International boundary (verify)","adm0_a3_l":"KGZ","adm0_a3_r":"TJK"},"geometry":{"type":"MultiLineString","coordinates":[[[70.5816,39.7666],[70.4901,39.8502],[70.4837,39.8822]],[[70.4987,39.8819],[70.655,39.8498]],[[70.6866,39.8609],[70.6989,39.8584],[70.7048,39.8221],[70.5816,39.7666]],[[70.655,39.8498],[70.6866,39.8609]]]}},{"type":"Feature","properties":{"featurecla":"International boundary (verify)","adm0_a3_l":"MKD","adm0_a3_r":"BGR"},"geometry":{"type":"MultiLineString","coordinates":[[[22.7251,42.0425],[22.5311,42.1291],[22.4814,42.1933],[22.345,42.3134]],[[22.7989,42.0212],[22.7706,42.044]],[[22.7706,42.044],[22.7251,42.0425]],[[22.917,41.3358],[22.9409,41.3498],[22.9373,41.4108],[22.9546,41.4324],[22.9361,41.6262],[22.9986,41.6931],[23.0089,41.7399],[22.9912,41.761],[22.9397,41.7767],[22.9014,41.8604],[22.8808,41.8727],[22.8437,42.0145],[22.8213,42.0254]],[[22.8213,42.0254],[22.7989,42.0212]]]}},{"type":"Feature","properties":{"featurecla":"International boundary (verify)","adm0_a3_l":"MNE","adm0_a3_r":"HRV"},"geometry":{"type":"LineString","coordinates":[[18.4374,42.5592],[18.4371,42.4934],[18.4929,42.4424],[18.4964,42.4163]]}},{"type":"Feature","properties":{"featurecla":"International boundary (verify)","adm0_a3_l":"HRV","adm0_a3_r":"BIH"},"geometry":{"type":"MultiLineString","coordinates":[[[17.7867,42.9014],[17.7016,42.9195]],[[17.7016,42.9195],[17.6533,42.8909]],[[18.3116,42.6012],[18.2241,42.6281],[17.9953,42.7404],[17.9045,42.8045],[17.8585,42.817],[17.8272,42.8531],[17.8118,42.9099]],[[17.8118,42.9099],[17.7867,42.9014]],[[18.4374,42.5592],[18.3853,42.5665],[18.3387,42.6025]],[[18.3387,42.6025],[18.3116,42.6012]]]}},{"type":"Feature","properties":{"featurecla":"International boundary (verify)","adm0_a3_l":"UGA","adm0_a3_r":"RWA"},"geometry":{"type":"MultiLineString","coordinates":[[[30.4456,-1.0587],[30.4718,-1.0668]],[[30.4032,-1.0704],[30.4456,-1.0587]],[[30.3528,-1.0608],[30.4032,-1.0704]],[[29.9174,-1.4752],[30.0387,-1.425],[30.0608,-1.3897],[30.1472,-1.3451],[30.1656,-1.2775],[30.2122,-1.2595],[30.2567,-1.2172],[30.2875,-1.1554],[30.3174,-1.137],[30.3375,-1.0662],[30.3528,-1.0608]],[[29.8161,-1.3226],[29.8642,-1.3703],[29.8807,-1.4536],[29.9174,-1.4752]],[[29.7749,-1.3663],[29.8161,-1.3226]],[[29.7348,-1.3482],[29.7749,-1.3663]],[[29.6181,-1.3906],[29.7348,-1.3482]],[[29.5779,-1.3884],[29.6181,-1.3906]]]}},{"type":"Feature","properties":{"featurecla":"Lease limit","adm0_a3_l":"CUB","adm0_a3_r":"USG"},"geometry":{"type":"MultiLineString","coordinates":[[[-75.095,19.9716],[-75.095,19.8972]],[[-75.137,19.9716],[-75.095,19.9716]]]}},{"type":"Feature","properties":{"featurecla":"International boundary (verify)","adm0_a3_l":"CHN","adm0_a3_r":"IND"},"geometry":{"type":"MultiLineString","coordinates":[[[80.2162,30.5668],[80.3259,30.5465],[80.5251,30.4586]],[[80.1798,30.5595],[80.2162,30.5668]],[[80.5753,30.4663],[80.7231,30.392],[80.7817,30.321],[80.976,30.2552],[81.0033,30.2127],[80.996,30.197]],[[80.5251,30.4586],[80.5753,30.4663]]]}},{"type":"Feature","properties":{"featurecla":"International boundary (verify)","adm0_a3_l":"SRB","adm0_a3_r":"KOS"},"geometry":{"type":"MultiLineString","coordinates":[[[20.7944,43.2631],[20.8647,43.2173]],[[20.6409,43.1153],[20.6001,43.1738],[20.604,43.198],[20.7944,43.2631]],[[20.8647,43.2173],[20.8515,43.2198]],[[20.8515,43.2198],[20.8386,43.1705],[21.0052,43.0991],[21.0926,43.0907],[21.124,43.0583],[21.1479,42.9926],[21.1654,42.9851]],[[20.5843,43.0069],[20.6173,43.0221],[20.6649,43.0854],[20.6692,43.1098],[20.6517,43.1163]],[[20.6517,43.1163],[20.6409,43.1153]],[[20.5624,43.0095],[20.5843,43.0069]],[[20.3454,42.8274],[20.4763,42.8555],[20.4988,42.8779],[20.451,42.922],[20.4595,42.95],[20.5305,42.9752],[20.5624,43.0095]],[[21.1931,42.9979],[21.2253,42.9736],[21.2324,42.9109],[21.2716,42.8843]],[[21.1654,42.9851],[21.1931,42.9979]],[[21.295,42.8844],[21.4084,42.847],[21.3787,42.7441],[21.4055,42.7353]],[[21.2716,42.8843],[21.295,42.8844]],[[21.4418,42.7361],[21.5652,42.7202],[21.6294,42.6722]],[[21.4055,42.7353],[21.4418,42.7361]],[[21.7089,42.6872],[21.7644,42.6696],[21.7728,42.6475],[21.7347,42.6242],[21.7177,42.5512],[21.619,42.4492],[21.6174,42.3866],[21.516,42.3419],[21.5149,42.3178],[21.5641,42.2463]],[[21.6294,42.6722],[21.7089,42.6872]]]}},{"type":"Feature","properties":{"featurecla":"International boundary (verify)","adm0_a3_l":"KOS","adm0_a3_r":"MNE"},"geometry":{"type":"MultiLineString","coordinates":[[[20.3454,42.8274],[20.2176,42.8027],[20.2084,42.7633],[20.1834,42.7425]],[[20.1834,42.7425],[20.0763,42.7734]],[[20.0763,42.7734],[20.0347,42.7514],[20.0248,42.7234],[20.1039,42.6531],[20.065,42.5468]]]}},{"type":"Feature","properties":{"featurecla":"International boundary (verify)","adm0_a3_l":"SRB","adm0_a3_r":"MNE"},"geometry":{"type":"MultiLineString","coordinates":[[[19.1953,43.5328],[19.1752,43.5096],[19.1922,43.4545],[19.3723,43.3842],[19.5809,43.1878],[19.6846,43.1567]],[[19.7055,43.1662],[19.7818,43.0965],[19.8383,43.0884]],[[19.6846,43.1567],[19.7055,43.1662]],[[19.9166,43.1171],[20.1169,42.9767],[20.1946,42.9668],[20.3371,42.907],[20.3536,42.891],[20.3454,42.8274]],[[19.8383,43.0884],[19.9166,43.1171]]]}},{"type":"Feature","properties":{"featurecla":"International boundary (verify)","adm0_a3_l":"HND","adm0_a3_r":"SLV"},"geometry":{"type":"MultiLineString","coordinates":[[[-89.3616,14.4155],[-89.154,14.3513]],[[-89.1133,14.3971],[-89.0918,14.3748],[-89.0945,14.3449],[-89.033,14.3237],[-89.0181,14.2717],[-88.9835,14.2421],[-88.9572,14.1852]],[[-89.154,14.3513],[-89.1133,14.3971]],[[-88.9216,14.1999],[-88.8813,14.1842],[-88.8388,14.1004]],[[-88.9572,14.1852],[-88.9216,14.1999]],[[-88.7464,14.1113],[-88.7466,14.0525],[-88.7049,14.038],[-88.6909,14.01]],[[-88.7773,14.0997],[-88.7464,14.1113]],[[-88.8212,14.1029],[-88.7773,14.0997]],[[-88.8388,14.1004],[-88.8212,14.1029]],[[-88.6593,14.0161],[-88.514,13.9876],[-88.4979,13.9684]],[[-88.6909,14.01],[-88.6593,14.0161]],[[-88.2351,13.9929],[-88.1775,13.9852]],[[-88.2428,13.9367],[-88.2351,13.9929]],[[-88.1254,13.9913],[-88.0875,13.9805],[-88.0153,13.8664]],[[-88.1775,13.9852],[-88.1254,13.9913]],[[-88.4979,13.9684],[-88.5023,13.9689]],[[-88.5023,13.9689],[-88.4968,13.8512]],[[-88.2516,13.9381],[-88.2428,13.9367]],[[-88.3262,13.8851],[-88.2516,13.9381]],[[-87.8179,13.9159],[-87.7906,13.8705],[-87.7036,13.815],[-87.755,13.6899],[-87.7601,13.6169],[-87.7841,13.5605],[-87.7899,13.5328],[-87.7692,13.5064]],[[-87.8705,13.8896],[-87.8179,13.9159]],[[-87.9001,13.8941],[-87.8705,13.8896]],[[-87.9253,13.8796],[-87.9001,13.8941]],[[-87.9548,13.8925],[-87.9253,13.8796]],[[-88.0153,13.8664],[-87.9548,13.8925]],[[-88.3486,13.8914],[-88.3262,13.8851]],[[-88.3601,13.8724],[-88.3486,13.8914]],[[-88.3929,13.8798],[-88.3601,13.8724]],[[-88.4968,13.8512],[-88.3929,13.8798]],[[-87.748,13.5132],[-87.7257,13.499],[-87.7212,13.4608],[-87.8172,13.4066]],[[-87.7692,13.5064],[-87.748,13.5132]]]}},{"type":"Feature","properties":{"featurecla":"International boundary (verify)","adm0_a3_l":"HND","adm0_a3_r":"NIC"},"geometry":{"type":"MultiLineString","coordinates":[[[-85.0482,14.6058],[-85.0202,14.6337],[-85.0539,14.6631],[-85.033,14.6696],[-85.0157,14.7282],[-84.9844,14.7522]],[[-85.0864,14.5445],[-85.0222,14.6058]],[[-85.0222,14.6058],[-85.0482,14.6058]],[[-85.1375,14.5785],[-85.0864,14.5445]],[[-85.3478,14.2492],[-85.3214,14.2813],[-85.1902,14.3096],[-85.158,14.3383],[-85.1719,14.381],[-85.2058,14.4072],[-85.1785,14.4276],[-85.1785,14.4556],[-85.1518,14.486],[-85.1375,14.5785]],[[-85.3585,14.2509],[-85.3478,14.2492]],[[-85.6477,13.9878],[-85.5936,14.0335],[-85.528,14.0509],[-85.5106,14.0938],[-85.4317,14.1328],[-85.3585,14.2509]],[[-86.0202,14.0552],[-86.0284,13.9961],[-85.9155,13.9074]],[[-86.4101,13.749],[-86.3252,13.7638],[-86.2841,13.8457],[-86.1105,14.0371],[-86.0202,14.0552]],[[-85.6504,13.9879],[-85.6477,13.9878]],[[-85.6577,13.982],[-85.6504,13.9879]],[[-85.6662,13.9845],[-85.6577,13.982]],[[-85.6992,13.9615],[-85.6662,13.9845]],[[-85.7273,13.965],[-85.6992,13.9615]],[[-85.7425,13.8237],[-85.723,13.8634],[-85.7474,13.8883],[-85.7273,13.965]],[[-85.8836,13.9139],[-85.802,13.8402]],[[-85.9155,13.9074],[-85.8836,13.9139]],[[-85.7787,13.8409],[-85.7425,13.8237]],[[-85.802,13.8402],[-85.7787,13.8409]],[[-86.5417,13.7821],[-86.4908,13.7595]],[[-86.6627,13.7647],[-86.5417,13.7821]],[[-86.4482,13.773],[-86.4101,13.749]],[[-86.4908,13.7595],[-86.4482,13.773]],[[-86.7063,13.77],[-86.6627,13.7647]],[[-86.7493,13.2613],[-86.7118,13.2857],[-86.7019,13.3142],[-86.7099,13.3489],[-86.7402,13.3819],[-86.7243,13.4394],[-86.7566,13.5594],[-86.7516,13.6244],[-86.7741,13.6546],[-86.7702,13.7252],[-86.7614,13.7493],[-86.7063,13.77]],[[-86.8334,13.2933],[-86.7493,13.2613]],[[-87.035,12.9798],[-86.9229,13.0864],[-86.9349,13.1855],[-86.9189,13.2298],[-86.8334,13.2933]],[[-87.0847,12.9959],[-87.035,12.9798]],[[-87.314,12.9816],[-87.0847,12.9959]]]}},{"type":"Feature","properties":{"featurecla":"International boundary (verify)","adm0_a3_l":"HND","adm0_a3_r":"NIC"},"geometry":{"type":"MultiLineString","coordinates":[[[-83.3903,15.031],[-83.3494,14.9968]],[[-83.4592,14.9825],[-83.4155,14.9969],[-83.3903,15.031]],[[-83.499,15.0127],[-83.4592,14.9825]],[[-83.5132,14.9689],[-83.5125,15.0065],[-83.499,15.0127]],[[-83.3171,15.0076],[-83.273,15.003],[-83.2857,14.9921],[-83.2662,14.9825]],[[-83.3494,14.9968],[-83.3171,15.0076]],[[-83.1437,14.9949],[-83.1304,14.997]],[[-83.1774,14.9968],[-83.1437,14.9949]],[[-83.2177,14.9825],[-83.1774,14.9968]],[[-83.262,14.9832],[-83.2177,14.9825]],[[-83.2662,14.9825],[-83.262,14.9832]],[[-83.523,14.9777],[-83.5132,14.9689]],[[-83.5269,14.9484],[-83.523,14.9777]],[[-83.5474,14.9552],[-83.5269,14.9484]],[[-83.6231,14.8727],[-83.6043,14.9092],[-83.5405,14.9416],[-83.5474,14.9552]],[[-83.6721,14.8896],[-83.6231,14.8727]],[[-83.7124,14.8385],[-83.7106,14.8783],[-83.6721,14.8896]],[[-83.7339,14.853],[-83.7124,14.8385]],[[-83.8695,14.7771],[-83.8012,14.8038],[-83.8211,14.8255],[-83.7653,14.8288],[-83.7339,14.853]],[[-84.8181,14.8287],[-84.7702,14.8051],[-84.7555,14.7815],[-84.7669,14.7669],[-84.747,14.7645],[-84.7453,14.7391],[-84.6993,14.6747]],[[-84.9844,14.7522],[-84.9042,14.817],[-84.8181,14.8287]],[[-83.9247,14.8038],[-83.8838,14.7771]],[[-84.0236,14.7583],[-83.9247,14.7634],[-83.9247,14.8038]],[[-84.1044,14.7939],[-84.0647,14.7703]],[[-84.1023,14.7319],[-84.0954,14.7436],[-84.1227,14.7845],[-84.1044,14.7939]],[[-83.8899,14.7907],[-83.8695,14.7771]],[[-83.8838,14.7771],[-83.8899,14.7907]],[[-84.0478,14.7708],[-84.0236,14.7583]],[[-84.0647,14.7703],[-84.0478,14.7708]],[[-84.2492,14.7594],[-84.1829,14.7139]],[[-84.2878,14.6672],[-84.2673,14.6777],[-84.2673,14.7467],[-84.2492,14.7594]],[[-84.1196,14.7361],[-84.1023,14.7319]],[[-84.1829,14.7139],[-84.1196,14.7361]],[[-84.3629,14.7156],[-84.3384,14.6747],[-84.2878,14.6672]],[[-84.4827,14.6195],[-84.4084,14.6494],[-84.3629,14.7156]],[[-84.6808,14.6855],[-84.5274,14.6604],[-84.5342,14.6337]],[[-84.6993,14.6747],[-84.6808,14.6855]],[[-84.519,14.6383],[-84.4827,14.6195]],[[-84.5342,14.6337],[-84.519,14.6383]]]}},{"type":"Feature","properties":{"featurecla":"International boundary (verify)","adm0_a3_l":"COL","adm0_a3_r":"ECU"},"geometry":{"type":"MultiLineString","coordinates":[[[-78.8287,1.4343],[-78.7195,1.3411],[-78.6843,1.2819],[-78.6413,1.2594]],[[-78.6115,1.2664],[-78.5701,1.1958]],[[-78.6413,1.2594],[-78.6115,1.2664]],[[-78.5406,1.2054],[-78.4852,1.1926],[-78.3492,1.0558],[-78.2502,1.0196],[-78.12,0.9212],[-77.9282,0.8724]],[[-78.5701,1.1958],[-78.5406,1.2054]],[[-77.9231,0.875],[-77.8926,0.8231],[-77.8277,0.8089]],[[-77.9282,0.8724],[-77.9231,0.875]],[[-77.7279,0.8433],[-77.6733,0.8196],[-77.6668,0.7477],[-77.6456,0.7163],[-77.5433,0.6564]],[[-77.8277,0.8089],[-77.7279,0.8433]],[[-77.5093,0.6612],[-77.4681,0.6509],[-77.4244,0.4083],[-77.3625,0.3748],[-77.2069,0.3342]],[[-77.5433,0.6564],[-77.5093,0.6612]],[[-76.3005,0.4616],[-76.2437,0.4154],[-76.1776,0.4001]],[[-76.4069,0.4001],[-76.3654,0.407],[-76.3005,0.4616]],[[-76.4164,0.4019],[-76.4069,0.4001]],[[-76.5654,0.2161],[-76.408,0.2545],[-76.4164,0.4019]],[[-76.1558,0.4013],[-76.1363,0.3967],[-76.1196,0.3518]],[[-76.1776,0.4001],[-76.1558,0.4013]],[[-76.0535,0.3635],[-75.9271,0.181],[-75.8179,0.1001],[-75.7316,0.0712]],[[-76.1196,0.3518],[-76.0535,0.3635]],[[-77.1174,0.3576],[-77.0829,0.3489],[-77.0446,0.3057],[-76.9459,0.2871],[-76.8968,0.2453],[-76.8673,0.2395]],[[-77.2069,0.3342],[-77.1174,0.3576]],[[-76.7245,0.2776],[-76.6269,0.2585],[-76.5654,0.2161]],[[-76.7496,0.2327],[-76.7344,0.2331],[-76.7369,0.2729],[-76.7245,0.2776]],[[-76.7979,0.25],[-76.7496,0.2327]],[[-76.8673,0.2395],[-76.7979,0.25]],[[-75.6467,0.0854],[-75.4649,-0.0397],[-75.2835,-0.107]],[[-75.7316,0.0712],[-75.6467,0.0854]]]}},{"type":"Feature","properties":{"featurecla":"International boundary (verify)","adm0_a3_l":"GUY","adm0_a3_r":"SUR"},"geometry":{"type":"MultiLineString","coordinates":[[[-57.3317,5.3076],[-57.3323,5.3279],[-57.2652,5.4034],[-57.2477,5.4849]],[[-57.2983,5.311],[-57.3084,5.3135]],[[-57.3084,5.3135],[-57.3317,5.3076]],[[-57.2717,5.2229],[-57.2855,5.2308],[-57.292,5.3113]],[[-57.292,5.3113],[-57.2983,5.311]],[[-57.2333,5.1421],[-57.1849,5.1831],[-57.2476,5.2718]],[[-57.2476,5.2718],[-57.2674,5.2663],[-57.2538,5.2349],[-57.2717,5.2229]],[[-57.2777,5.1769],[-57.2473,5.1724],[-57.2333,5.1421]],[[-57.2905,5.0203],[-57.2805,5.0261],[-57.3214,5.0702],[-57.2777,5.1769]],[[-57.3152,5.0261],[-57.2905,5.0203]],[[-57.4903,4.9914],[-57.3152,5.0261]],[[-57.5176,5.0124],[-57.4903,4.9914]],[[-57.6101,4.9914],[-57.5176,5.0124]],[[-57.6494,5.0084],[-57.6101,4.9914]],[[-57.7985,4.9231],[-57.7623,4.9355],[-57.7205,4.9898],[-57.6494,5.0084]],[[-57.8302,4.9331],[-57.7985,4.9231]],[[-57.5964,3.3672],[-57.6499,3.3859],[-57.6625,3.4071],[-57.644,3.5167],[-57.7029,3.5557],[-57.7261,3.6072],[-57.8298,3.6624],[-57.8751,3.8122],[-57.9421,3.9054],[-58.0321,3.9877],[-58.0677,4.1511],[-58.052,4.1931],[-57.9538,4.299],[-57.9527,4.4097],[-57.9219,4.4509],[-57.8374,4.6509],[-57.8845,4.7629],[-57.9254,4.7961],[-57.9185,4.8298],[-57.8302,4.9331]]]}},{"type":"Feature","properties":{"featurecla":"International boundary (verify)","adm0_a3_l":"SUR","adm0_a3_r":"FRA"},"geometry":{"type":"MultiLineString","coordinates":[[[-54.218,3.8576],[-54.3539,4.0417],[-54.3386,4.1523],[-54.4066,4.1915],[-54.3941,4.2698],[-54.4334,4.3764],[-54.4508,4.4842],[-54.4235,4.6043],[-54.4355,4.7094],[-54.4787,4.7552],[-54.4867,4.903],[-54.4508,4.9367],[-54.4486,5.0243],[-54.3436,5.1564],[-54.3113,5.2258],[-54.171,5.3484]],[[-54.0501,3.6345],[-54.0944,3.7471],[-54.1255,3.7887],[-54.1874,3.8147],[-54.2145,3.8582]],[[-54.2145,3.8582],[-54.218,3.8576]],[[-54.0802,3.3097],[-54.0557,3.3777],[-54.003,3.4554],[-54.0063,3.531],[-53.9888,3.611],[-54.0179,3.6415]],[[-54.0179,3.6415],[-54.0501,3.6345]]]}},{"type":"Feature","properties":{"featurecla":"International boundary (verify)","adm0_a3_l":"ARG","adm0_a3_r":"BOL"},"geometry":{"type":"MultiLineString","coordinates":[[[-65.7446,-22.114],[-65.8046,-22.0858],[-65.9327,-21.9446],[-66.0465,-21.918],[-66.0636,-21.864],[-66.0945,-21.8329],[-66.2225,-21.7869]],[[-66.2225,-21.7869],[-66.24,-21.7924],[-66.3098,-22.0782]],[[-62.6504,-22.2345],[-62.6793,-22.1948],[-62.7835,-22.1309],[-62.8044,-22.0041],[-62.862,-21.9932]],[[-62.862,-21.9932],[-63.0104,-22.0008]],[[-63.7404,-22.0506],[-63.8131,-22.003],[-63.9064,-21.9972]],[[-63.9064,-21.9972],[-63.9509,-22.0108],[-63.9681,-22.0665],[-64.0044,-22.0993],[-64.051,-22.2292],[-64.0862,-22.2579],[-64.1605,-22.4385],[-64.2508,-22.5407],[-64.3253,-22.8719]],[[-63.0104,-22.0008],[-63.6394,-21.9975]],[[-63.6394,-21.9975],[-63.6939,-22.012],[-63.7404,-22.0506]],[[-66.3098,-22.0782],[-66.3141,-22.0758]],[[-66.3141,-22.0758],[-66.3775,-22.1271],[-66.6268,-22.1926],[-66.6414,-22.2125]],[[-65.4573,-22.1014],[-65.5799,-22.0865]],[[-65.5799,-22.0865],[-65.7446,-22.114]],[[-64.7229,-22.1833],[-64.8325,-22.1375],[-65.0204,-22.0966]],[[-65.0204,-22.0966],[-65.4573,-22.1014]],[[-64.3253,-22.8719],[-64.3439,-22.8637],[-64.36,-22.803],[-64.3557,-22.7519],[-64.4537,-22.6429],[-64.4283,-22.5423],[-64.4981,-22.4728],[-64.5313,-22.4257],[-64.5246,-22.3854],[-64.572,-22.3432],[-64.5423,-22.2915],[-64.5518,-22.255],[-64.5962,-22.2066],[-64.6874,-22.1729]],[[-64.6874,-22.1729],[-64.7229,-22.1833]],[[-66.6414,-22.2125],[-66.6993,-22.2008]],[[-66.6993,-22.2008],[-66.7489,-22.2449],[-66.7905,-22.3883],[-66.7851,-22.4276],[-66.9087,-22.4675],[-66.9936,-22.5258]],[[-66.9936,-22.5258],[-67.0157,-22.5238]],[[-67.0157,-22.5238],[-67.0327,-22.5246],[-67.0266,-22.6394],[-67.1132,-22.7101],[-67.1939,-22.8222]]]}},{"type":"Feature","properties":{"featurecla":"International boundary (verify)","adm0_a3_l":"ARG","adm0_a3_r":"PRY"},"geometry":{"type":"MultiLineString","coordinates":[[[-62.2756,-22.5135],[-62.2872,-22.4839],[-62.3683,-22.4644],[-62.4706,-22.3818],[-62.5234,-22.3649],[-62.5647,-22.322],[-62.6253,-22.305],[-62.6196,-22.255],[-62.6504,-22.2345]],[[-62.2025,-22.6272],[-62.2528,-22.6036],[-62.2332,-22.5563],[-62.2688,-22.513]],[[-62.2688,-22.513],[-62.2756,-22.5135]],[[-61.6669,-23.2829],[-61.7443,-23.2348],[-61.7585,-23.1774],[-61.845,-23.0972],[-61.9564,-23.0344],[-61.9921,-22.9981],[-62.0358,-22.8849],[-62.1883,-22.7083],[-62.1759,-22.6849],[-62.195,-22.6736],[-62.1966,-22.6265]],[[-62.1966,-22.6265],[-62.2025,-22.6272]],[[-61.2077,-23.5576],[-61.2726,-23.5236],[-61.297,-23.4814],[-61.5011,-23.4078],[-61.5263,-23.3747],[-61.5161,-23.345],[-61.5546,-23.3384],[-61.6196,-23.2829]],[[-61.6196,-23.2829],[-61.6669,-23.2829]],[[-60.9748,-23.8241],[-61.0158,-23.7967],[-61.05,-23.7347],[-61.1188,-23.6664],[-61.1099,-23.607],[-61.1877,-23.5562]],[[-61.1877,-23.5562],[-61.2077,-23.5576]],[[-60.8169,-23.8741],[-60.9367,-23.8138]],[[-60.9367,-23.8138],[-60.9748,-23.8241]],[[-60.6897,-23.8936],[-60.7293,-23.8721]],[[-60.7293,-23.8721],[-60.8169,-23.8741]],[[-60.4231,-23.9885],[-60.5775,-23.9442],[-60.5946,-23.9065],[-60.6437,-23.8914]],[[-60.6437,-23.8914],[-60.6897,-23.8936]],[[-60.328,-24.018],[-60.3874,-23.9872]],[[-60.3874,-23.9872],[-60.4231,-23.9885]],[[-58.3233,-24.9953],[-58.4508,-24.8617],[-58.6942,-24.812],[-58.7375,-24.7828],[-58.8092,-24.7768],[-59.0009,-24.6442],[-59.341,-24.4876],[-59.4659,-24.3536],[-59.54,-24.3088],[-59.6105,-24.2896],[-59.6736,-24.2254],[-60.0517,-24.0029]],[[-60.0517,-24.0029],[-60.2181,-24.0274]],[[-60.2181,-24.0274],[-60.2964,-24.0164]],[[-60.2964,-24.0164],[-60.328,-24.018]],[[-58.124,-25.0129],[-58.2241,-24.9412]],[[-58.2241,-24.9412],[-58.3233,-24.9953]],[[-58.0321,-25.0451],[-58.1115,-25.0123]],[[-58.1115,-25.0123],[-58.124,-25.0129]],[[-57.6388,-25.6158],[-57.5753,-25.5644],[-57.5569,-25.4598],[-57.5653,-25.4304],[-57.6408,-25.3726],[-57.6715,-25.2901],[-57.7218,-25.2461],[-57.766,-25.1679],[-57.8707,-25.0853],[-57.9838,-25.0742],[-58.0098,-25.0425]],[[-58.0098,-25.0425],[-58.0321,-25.0451]],[[-54.6002,-25.5749],[-54.5834,-25.6448],[-54.5985,-25.6538]],[[-57.6681,-25.6123],[-57.6388,-25.6158]],[[-57.6982,-25.6536],[-57.679,-25.647],[-57.6681,-25.6123]],[[-54.5985,-25.6538],[-54.6337,-25.6521]],[[-54.6337,-25.6521],[-54.6431,-25.6879],[-54.6172,-25.7735],[-54.5879,-25.8108],[-54.6152,-25.8829],[-54.6064,-25.9466],[-54.6623,-25.9799],[-54.6425,-26.0628],[-54.6638,-26.1492],[-54.6383,-26.197],[-54.6643,-26.2362],[-54.6637,-26.3084],[-54.6977,-26.4282],[-54.7898,-26.5285],[-54.7849,-26.6228],[-54.8173,-26.6658]],[[-57.7087,-25.6529],[-57.6982,-25.6536]],[[-58.124,-26.2019],[-58.0865,-26.1272],[-57.9882,-26.0885],[-57.8597,-25.9943],[-57.8596,-25.9809],[-57.9058,-25.9686],[-57.8514,-25.9084],[-57.8754,-25.8761],[-57.8019,-25.8314],[-57.8206,-25.7783],[-57.7511,-25.7349],[-57.7404,-25.7221],[-57.7746,-25.7017],[-57.7413,-25.6619],[-57.7087,-25.6529]],[[-58.1513,-26.1814],[-58.124,-26.2019]],[[-58.1957,-26.6575],[-58.1786,-26.6507],[-58.1923,-26.6128],[-58.1649,-26.5923],[-58.2134,-26.5445],[-58.2059,-26.4794],[-58.1854,-26.4517],[-58.2131,-26.4186],[-58.1676,-26.335],[-58.17,-26.2703],[-58.106,-26.2395],[-58.1513,-26.1814]],[[-58.2323,-26.6486],[-58.1957,-26.6575]],[[-58.2593,-26.7645],[-58.2323,-26.6486]],[[-54.8173,-26.6658],[-54.835,-26.6544]],[[-54.835,-26.6544],[-54.9033,-26.6599],[-54.9753,-26.7878],[-55.0609,-26.8052],[-55.1258,-26.8636],[-55.1223,-26.9417],[-55.1616,-26.9573]],[[-58.2714,-26.7643],[-58.2593,-26.7645]],[[-58.2886,-26.8115],[-58.2748,-26.7984],[-58.2879,-26.7686],[-58.2714,-26.7643]],[[-58.3233,-26.8038],[-58.2886,-26.8115]],[[-58.5115,-27.0602],[-58.4666,-26.9759],[-58.4816,-26.9638],[-58.4755,-26.938],[-58.3158,-26.8741],[-58.3524,-26.8305],[-58.3233,-26.8038]],[[-55.1616,-26.9573],[-55.2806,-26.9343]],[[-55.2806,-26.9343],[-55.414,-26.9799],[-55.4428,-27.0155],[-55.4513,-27.0821],[-55.4864,-27.1001]],[[-58.536,-27.0362],[-58.5115,-27.0602]],[[-58.6042,-27.3163],[-58.6016,-27.2457],[-58.6524,-27.198],[-58.6533,-27.1563],[-58.6161,-27.1238],[-58.5655,-27.116],[-58.5597,-27.0634],[-58.536,-27.0362]],[[-55.4864,-27.1001],[-55.514,-27.0975]],[[-55.514,-27.0975],[-55.5338,-27.0994],[-55.5553,-27.1538],[-55.5983,-27.1675],[-55.5687,-27.246],[-55.5913,-27.3284],[-55.6817,-27.3794],[-55.7547,-27.4437]],[[-58.1288,-27.2697],[-58.2382,-27.257]],[[-58.2382,-27.257],[-58.5108,-27.2784],[-58.6042,-27.3163]],[[-57.4877,-27.4164],[-57.7094,-27.3298],[-58.0535,-27.259]],[[-58.0535,-27.259],[-58.1288,-27.2697]],[[-55.9848,-27.3323],[-56.1246,-27.2989]],[[-56.1246,-27.2989],[-56.2054,-27.3622],[-56.2798,-27.3896],[-56.297,-27.4809],[-56.3675,-27.5806],[-56.3997,-27.5868]],[[-55.7547,-27.4437],[-55.8542,-27.4012],[-55.8928,-27.3349],[-55.9131,-27.3278]],[[-55.9131,-27.3278],[-55.9848,-27.3323]],[[-57.109,-27.4906],[-57.1912,-27.4842],[-57.3604,-27.4034]],[[-57.3604,-27.4034],[-57.4877,-27.4164]],[[-56.7712,-27.5067],[-56.9044,-27.4187]],[[-56.9044,-27.4187],[-57.109,-27.4906]],[[-56.3997,-27.5868],[-56.4615,-27.5539],[-56.5464,-27.4551],[-56.613,-27.4464]],[[-56.613,-27.4464],[-56.7712,-27.5067]]]}},{"type":"Feature","properties":{"featurecla":"International boundary (verify)","adm0_a3_l":"BRA","adm0_a3_r":"BOL"},"geometry":{"type":"MultiLineString","coordinates":[[[-57.8597,-19.9801],[-57.9179,-20.0342]],[[-57.9179,-20.0342],[-57.9592,-20.0262]],[[-57.9592,-20.0262],[-58.1036,-20.144],[-58.1588,-20.1651]]]}},{"type":"Feature","properties":{"featurecla":"International boundary (verify)","adm0_a3_l":"BRA","adm0_a3_r":"PRY"},"geometry":{"type":"MultiLineString","coordinates":[[[-58.1588,-20.1651],[-58.1523,-20.1847]],[[-58.1441,-20.1835],[-58.1185,-20.2144],[-58.1627,-20.2432],[-58.137,-20.2744]],[[-58.1523,-20.1847],[-58.1441,-20.1835]],[[-58.1098,-20.2607],[-58.0903,-20.2817],[-58.0999,-20.3092],[-58.083,-20.3762],[-57.9894,-20.4331],[-58.0089,-20.5257],[-57.9731,-20.6512],[-57.9806,-20.6927],[-57.965,-20.711]],[[-58.137,-20.2744],[-58.1098,-20.2607]],[[-57.934,-20.6674],[-57.9043,-20.679],[-57.8577,-20.7399],[-57.9404,-20.7936],[-57.8877,-20.8059],[-57.8596,-20.8316],[-57.8571,-20.8497],[-57.9179,-20.8944],[-57.8981,-20.9148]],[[-57.965,-20.711],[-57.934,-20.6674]],[[-57.893,-20.9148],[-57.847,-20.956]],[[-57.8981,-20.9148],[-57.893,-20.9148]],[[-57.836,-20.9385],[-57.816,-20.9754],[-57.8525,-21.0378],[-57.8299,-21.127],[-57.834,-21.1738],[-57.8479,-21.2162],[-57.9043,-21.2749],[-57.8823,-21.3164],[-57.8556,-21.3307],[-57.9491,-21.5083],[-57.9398,-21.5482],[-57.9121,-21.564],[-57.9348,-21.6407],[-57.8956,-21.6884],[-57.939,-21.7553],[-57.9357,-21.8121],[-57.9559,-21.8511],[-57.9254,-21.905],[-57.9884,-22.049],[-57.9862,-22.0745],[-57.94,-22.1184],[-57.9063,-22.1289]],[[-57.847,-20.956],[-57.836,-20.9385]],[[-56.4218,-22.0745],[-56.3973,-22.0862],[-56.3473,-22.1804],[-56.2143,-22.2754],[-56.0247,-22.2874]],[[-56.6488,-22.2635],[-56.6547,-22.2373],[-56.585,-22.1905],[-56.5216,-22.0999],[-56.4218,-22.0745]],[[-57.6637,-22.1006],[-57.6272,-22.1651],[-57.5967,-22.181]],[[-57.6896,-22.1093],[-57.6637,-22.1006]],[[-57.7363,-22.1037],[-57.6896,-22.1093]],[[-57.7603,-22.1107],[-57.7363,-22.1037]],[[-57.7699,-22.1074],[-57.7603,-22.1107]],[[-57.7953,-22.131],[-57.7699,-22.1074]],[[-57.8714,-22.1212],[-57.8439,-22.1437]],[[-57.9063,-22.1289],[-57.8714,-22.1212]],[[-57.8158,-22.1283],[-57.7953,-22.131]],[[-57.8439,-22.1437],[-57.8158,-22.1283]],[[-57.5547,-22.1703],[-57.5112,-22.1888]],[[-57.5967,-22.181],[-57.5547,-22.1703]],[[-57.4725,-22.1803],[-57.3786,-22.2134]],[[-57.5112,-22.1888],[-57.4725,-22.1803]],[[-57.2138,-22.1882],[-57.19,-22.2136]],[[-57.2717,-22.2138],[-57.2138,-22.1882]],[[-57.3318,-22.2024],[-57.2717,-22.2138]],[[-57.3512,-22.2172],[-57.3318,-22.2024]],[[-57.1704,-22.2057],[-57.0792,-22.2386]],[[-57.19,-22.2136],[-57.1704,-22.2057]],[[-57.375,-22.2073],[-57.3512,-22.2172]],[[-57.3786,-22.2134],[-57.375,-22.2073]],[[-56.7154,-22.2154],[-56.6488,-22.2635]],[[-56.7435,-22.2504],[-56.7154,-22.2154]],[[-57.0595,-22.2327],[-57.0277,-22.2351]],[[-57.0792,-22.2386],[-57.0595,-22.2327]],[[-57.0112,-22.2338],[-56.9757,-22.2417]],[[-57.0277,-22.2351],[-57.0112,-22.2338]],[[-56.9646,-22.2349],[-56.9605,-22.2548]],[[-56.9757,-22.2417],[-56.9646,-22.2349]],[[-56.9037,-22.2369],[-56.8795,-22.29],[-56.8561,-22.2932]],[[-56.9148,-22.2629],[-56.9037,-22.2369]],[[-56.7544,-22.2426],[-56.7435,-22.2504]],[[-56.7946,-22.2525],[-56.7544,-22.2426]],[[-56.8083,-22.248],[-56.7946,-22.2525]],[[-56.8561,-22.2932],[-56.8083,-22.248]],[[-56.9521,-22.2536],[-56.9148,-22.2629]],[[-56.9605,-22.2548],[-56.9521,-22.2536]],[[-55.9986,-22.2772],[-55.8744,-22.3173]],[[-56.0247,-22.2874],[-55.9986,-22.2772]],[[-55.861,-22.2895],[-55.7602,-22.392],[-55.7413,-22.5372],[-55.7239,-22.5696],[-55.6237,-22.6387],[-55.6183,-22.7257],[-55.659,-22.8183],[-55.6343,-22.9328],[-55.6378,-23.0007],[-55.6007,-23.0445],[-55.5994,-23.1171],[-55.5609,-23.1459],[-55.5352,-23.2291],[-55.5622,-23.3079],[-55.5139,-23.3794],[-55.5425,-23.4658],[-55.5305,-23.6035],[-55.467,-23.6732],[-55.4453,-23.7354],[-55.4302,-23.9286],[-55.398,-23.9768],[-55.2727,-24.0005]],[[-55.8744,-22.3173],[-55.861,-22.2895]],[[-54.6392,-23.8044],[-54.4432,-23.8999],[-54.3676,-23.9847],[-54.2453,-24.0506],[-54.301,-24.0899],[-54.3346,-24.1489],[-54.3141,-24.2342],[-54.2611,-24.3295],[-54.2622,-24.3585],[-54.3345,-24.4967],[-54.3213,-24.6284],[-54.3711,-24.7667],[-54.4073,-24.8212],[-54.4623,-25.0372],[-54.4633,-25.0728],[-54.4266,-25.1495],[-54.4815,-25.2132],[-54.5036,-25.2787],[-54.598,-25.3975],[-54.6124,-25.4655],[-54.5915,-25.5247],[-54.6002,-25.5749]],[[-55.0423,-23.989],[-54.9436,-23.9692],[-54.8919,-23.9206],[-54.6968,-23.8452],[-54.6392,-23.8044]],[[-55.1056,-23.9885],[-55.0423,-23.989]],[[-55.2009,-24.0195],[-55.1056,-23.9885]],[[-55.2726,-24.0005],[-55.2724,-24.0006]],[[-55.2727,-24.0005],[-55.2726,-24.0005]],[[-55.2724,-24.0006],[-55.2009,-24.0195]]]}},{"type":"Feature","properties":{"featurecla":"International boundary (verify)","adm0_a3_l":"BRA","adm0_a3_r":"ARG"},"geometry":{"type":"MultiLineString","coordinates":[[[-54.1164,-25.4946],[-54.1231,-25.5718],[-54.0896,-25.5974]],[[-54.1777,-25.5358],[-54.1164,-25.4946]],[[-54.2069,-25.5279],[-54.1777,-25.5358]],[[-54.2099,-25.5822],[-54.1903,-25.5808],[-54.2069,-25.5279]],[[-54.0827,-25.5501],[-54.0554,-25.5707]],[[-54.0896,-25.5974],[-54.0827,-25.5501]],[[-54.2992,-25.5527],[-54.2556,-25.5987]],[[-54.3601,-25.5843],[-54.2992,-25.5527]],[[-54.0302,-25.5622],[-53.985,-25.5893],[-53.9677,-25.6532]],[[-54.0554,-25.5707],[-54.0302,-25.5622]],[[-54.5601,-25.5702],[-54.5323,-25.6106]],[[-54.6002,-25.5749],[-54.5601,-25.5702]],[[-54.2351,-25.5767],[-54.2099,-25.5822]],[[-54.2556,-25.5987],[-54.2351,-25.5767]],[[-54.3862,-25.5771],[-54.3601,-25.5843]],[[-54.4473,-25.6892],[-54.4331,-25.6766],[-54.4374,-25.645],[-54.4051,-25.6198],[-54.3862,-25.5771]],[[-54.5114,-25.6062],[-54.473,-25.6258],[-54.4473,-25.6892]],[[-54.5323,-25.6106],[-54.5114,-25.6062]],[[-53.91,-25.6292],[-53.8765,-25.6979],[-53.8835,-25.7356],[-53.8404,-25.7914],[-53.8334,-25.9622],[-53.765,-26.0281],[-53.7334,-26.1264],[-53.6667,-26.2192],[-53.6732,-26.2926],[-53.7244,-26.3761],[-53.7129,-26.5005],[-53.7375,-26.5253],[-53.7282,-26.5519]],[[-53.9677,-25.6532],[-53.91,-25.6292]],[[-53.7268,-26.5486],[-53.7424,-26.6005],[-53.7395,-26.6756],[-53.7743,-26.7143],[-53.7479,-26.7391],[-53.7529,-26.7732],[-53.734,-26.7774],[-53.7125,-26.9045],[-53.7685,-27.0241],[-53.8009,-27.0391],[-53.8049,-27.0944],[-53.8287,-27.1144],[-53.8192,-27.1397],[-53.842,-27.1635]],[[-53.7282,-26.5519],[-53.7268,-26.5486]],[[-53.842,-27.1635],[-53.8822,-27.1199]],[[-53.8822,-27.1199],[-53.9095,-27.1683]],[[-53.9095,-27.1683],[-53.9509,-27.1478]],[[-53.9509,-27.1478],[-53.9641,-27.154],[-53.9618,-27.1914],[-53.9815,-27.1957]],[[-53.9815,-27.1957],[-53.9973,-27.1873]],[[-53.9973,-27.1873],[-54.0918,-27.2852],[-54.1282,-27.2889]],[[-54.1282,-27.2889],[-54.1581,-27.2795],[-54.1559,-27.2577],[-54.177,-27.2434]],[[-54.177,-27.2434],[-54.2318,-27.3515],[-54.2316,-27.3805],[-54.2613,-27.3887],[-54.2869,-27.4284],[-54.3069,-27.4289]],[[-54.3069,-27.4289],[-54.3477,-27.3943]],[[-54.3477,-27.3943],[-54.3477,-27.4358],[-54.3716,-27.4544]],[[-54.3716,-27.4544],[-54.3787,-27.4227],[-54.4042,-27.4074]],[[-54.4042,-27.4074],[-54.4608,-27.4126],[-54.4484,-27.4589],[-54.5335,-27.4874]],[[-54.5335,-27.4874],[-54.5838,-27.4521]],[[-54.5838,-27.4521],[-54.6395,-27.5268]],[[-54.6395,-27.5268],[-54.6595,-27.5028]],[[-54.6595,-27.5028],[-54.6772,-27.5418],[-54.6997,-27.553]],[[-54.7739,-27.5638],[-54.7937,-27.5492],[-54.7922,-27.5232]],[[-54.7922,-27.5232],[-54.8275,-27.5451],[-54.8451,-27.6119],[-54.8654,-27.6208]],[[-54.6997,-27.553],[-54.722,-27.551]],[[-54.722,-27.551],[-54.7739,-27.5638]],[[-54.8654,-27.6208],[-54.8898,-27.6206]],[[-54.8898,-27.6206],[-54.9132,-27.7369],[-55.0091,-27.7884]],[[-55.0091,-27.7884],[-55.0643,-27.771]],[[-55.0643,-27.771],[-55.0812,-27.7783],[-55.0258,-27.8402],[-55.0458,-27.8507]],[[-55.0458,-27.8507],[-55.0677,-27.8393]],[[-55.0677,-27.8393],[-55.1087,-27.8468],[-55.1192,-27.8809]],[[-55.1192,-27.8809],[-55.1776,-27.8536]],[[-55.1776,-27.8536],[-55.2701,-27.9224]],[[-55.2701,-27.9224],[-55.3018,-27.914]],[[-55.3018,-27.914],[-55.3299,-27.9281],[-55.3379,-27.9631],[-55.3809,-27.9782],[-55.3834,-28.0142],[-55.4407,-28.0789],[-55.4755,-28.0863]],[[-55.4755,-28.0863],[-55.493,-28.0739]],[[-55.493,-28.0739],[-55.5649,-28.1477]],[[-55.5649,-28.1477],[-55.5816,-28.1211],[-55.6047,-28.1169]],[[-55.6047,-28.1169],[-55.6841,-28.1962],[-55.7725,-28.232],[-55.7666,-28.2576],[-55.6872,-28.2901],[-55.6636,-28.3265],[-55.6841,-28.388],[-55.7057,-28.4077]],[[-55.7057,-28.4077],[-55.7346,-28.3659],[-55.8423,-28.3464]],[[-55.8423,-28.3464],[-55.9056,-28.378],[-55.902,-28.4651],[-56.0116,-28.4966],[-56.0219,-28.5857],[-56.0408,-28.609],[-56.103,-28.6481],[-56.1847,-28.7442],[-56.2861,-28.7802],[-56.301,-28.8814],[-56.3231,-28.9165],[-56.3916,-28.9522],[-56.428,-29.0699],[-56.5483,-29.11],[-56.6173,-29.1609],[-56.6507,-29.2091],[-56.6505,-29.2513],[-56.6887,-29.3296],[-56.7699,-29.3791],[-56.819,-29.475],[-56.9658,-29.6009],[-57.0209,-29.6834],[-57.1129,-29.766],[-57.2196,-29.7783],[-57.2915,-29.8151],[-57.3085,-29.8485],[-57.3252,-29.981],[-57.4115,-30.0396],[-57.5062,-30.1443],[-57.6117,-30.183]]]}},{"type":"Feature","properties":{"featurecla":"International boundary (verify)","adm0_a3_l":"URY","adm0_a3_r":"ARG"},"geometry":{"type":"LineString","coordinates":[[-57.6117,-30.183],[-57.6424,-30.1931]]}},{"type":"Feature","properties":{"featurecla":"International boundary (verify)","adm0_a3_l":"FIN","adm0_a3_r":"SWE"},"geometry":{"type":"MultiLineString","coordinates":[[[20.6232,69.0364],[20.9112,68.9807],[20.9346,68.967],[20.9343,68.949],[20.8876,68.9271],[20.8845,68.9067],[20.9057,68.8946],[21.0721,68.8694],[21.2166,68.8172],[21.3054,68.7558],[21.4064,68.7489],[21.4636,68.6869],[21.7168,68.6192],[21.7371,68.5879],[21.9192,68.5682],[22.0722,68.477],[22.3031,68.4761],[22.6076,68.4249]],[[22.6622,68.4274],[22.7486,68.3855]],[[22.6076,68.4249],[22.6622,68.4274]],[[22.8083,68.3949],[22.9037,68.3366],[23.0669,68.2903],[23.1552,68.2174],[23.1494,68.1394],[23.1656,68.122]],[[22.7486,68.3855],[22.8083,68.3949]],[[23.3065,68.1456],[23.383,68.0512],[23.6622,67.9504],[23.6361,67.9135],[23.5325,67.8932],[23.4813,67.8646],[23.4846,67.7372],[23.5535,67.587],[23.4734,67.555],[23.4847,67.543],[23.4313,67.4855],[23.4772,67.4438]],[[23.1656,68.122],[23.3065,68.1456]],[[23.5946,67.4536],[23.7652,67.4201],[23.7514,67.3462],[23.7857,67.3375],[23.7354,67.2897],[23.6027,67.2603],[23.5915,67.225],[23.6149,67.214],[23.574,67.173],[23.5813,67.1531],[23.6666,67.0979],[23.6767,67.0585],[23.7203,67.0169],[23.8167,66.9755],[23.9334,66.8888],[24.0013,66.8124],[23.9844,66.793]],[[23.4772,67.4438],[23.5946,67.4536]],[[23.9844,66.793],[23.961,66.7935]],[[23.961,66.7935],[23.8924,66.7509],[23.9032,66.6863],[23.8819,66.6318],[23.8932,66.596],[23.8819,66.5635],[23.6524,66.4588],[23.6423,66.4363],[23.677,66.3636],[23.6628,66.3165],[23.7242,66.2066],[23.7856,66.1767],[23.8893,66.1611],[23.9746,66.0728],[24.0196,66.0489],[24.0553,65.9852],[24.0548,65.9479],[24.1634,65.8408],[24.1631,65.8227]]]}},{"type":"Feature","properties":{"featurecla":"International boundary (verify)","adm0_a3_l":"BEL","adm0_a3_r":"NLD"},"geometry":{"type":"MultiLineString","coordinates":[[[3.4539,51.2356],[3.3674,51.2635],[3.3494,51.3752]],[[4.2215,51.368],[4.2079,51.3306],[4.119,51.2724],[3.9495,51.2108],[3.8087,51.2053]],[[3.8087,51.2053],[3.7814,51.2199],[3.7762,51.2545],[3.6095,51.2904]],[[3.6095,51.2904],[3.5143,51.281],[3.5012,51.2403],[3.4539,51.2356]]]}},{"type":"Feature","properties":{"featurecla":"International boundary (verify)","adm0_a3_l":"BEL","adm0_a3_r":"NLD"},"geometry":{"type":"MultiLineString","coordinates":[[[4.8227,51.4137],[4.8239,51.4756],[4.7642,51.4962]],[[4.7642,51.4962],[4.6539,51.4262],[4.6146,51.4176]],[[4.5539,51.4193],[4.5215,51.4286],[4.5332,51.4676],[4.5126,51.4774]],[[4.5126,51.4774],[4.3771,51.4429],[4.3892,51.4346],[4.3799,51.4095],[4.4162,51.374],[4.3922,51.3504]],[[5.1402,51.3074],[5.0681,51.3745],[5.0799,51.4385],[5.0275,51.4768]],[[5.0275,51.4768],[4.9571,51.411],[4.9103,51.3919]],[[4.7791,51.4264],[4.8227,51.4137]],[[4.9103,51.3919],[4.7833,51.4076],[4.7621,51.4134],[4.7791,51.4264]],[[4.6146,51.4176],[4.5827,51.4226]],[[4.5827,51.4226],[4.5539,51.4193]],[[4.3922,51.3504],[4.2611,51.3694]],[[5.233,51.2559],[5.2154,51.2587],[5.2149,51.2943],[5.1788,51.3095]],[[5.1788,51.3095],[5.1402,51.3074]],[[5.659,51.1791],[5.5455,51.2199],[5.5352,51.262],[5.4716,51.2881]],[[5.4716,51.2881],[5.3891,51.2587]],[[5.3891,51.2587],[5.2707,51.2618]],[[5.2707,51.2618],[5.233,51.2559]],[[5.7814,51.1524],[5.718,51.1846]],[[5.718,51.1846],[5.659,51.1791]],[[5.8159,51.0959],[5.846,51.1034],[5.8232,51.1187],[5.838,51.1437],[5.8121,51.1573]],[[5.8121,51.1573],[5.7814,51.1524]],[[5.8049,51.0966],[5.8159,51.0959]],[[5.7913,51.055],[5.8118,51.0823],[5.8049,51.0966]],[[5.7796,51.0613],[5.7913,51.055]],[[5.7224,50.9594],[5.7776,51.0236],[5.764,51.0352],[5.7796,51.0613]],[[5.7174,50.7528],[5.6884,50.7608],[5.7005,50.7956],[5.6407,50.815],[5.6223,50.8527],[5.7224,50.9117],[5.764,50.9594],[5.7447,50.9632]],[[5.7447,50.9632],[5.7224,50.9594]],[[5.7932,50.7521],[5.7524,50.7734]],[[5.7524,50.7734],[5.7174,50.7528]],[[5.9748,50.7475],[5.8799,50.7535]],[[5.8799,50.7535],[5.7932,50.7521]],[[5.9949,50.7499],[5.9748,50.7475]]]}},{"type":"Feature","properties":{"featurecla":"International boundary (verify)","adm0_a3_l":"DEU","adm0_a3_r":"AUT"},"geometry":{"type":"LineString","coordinates":[[9.5475,47.5345],[9.5499,47.5335]]}},{"type":"Feature","properties":{"featurecla":"International boundary (verify)","adm0_a3_l":"DEU","adm0_a3_r":"CHE"},"geometry":{"type":"MultiLineString","coordinates":[[[8.5582,47.8012],[8.6016,47.7946],[8.6174,47.7573]],[[8.4827,47.7669],[8.5516,47.7793],[8.5423,47.795],[8.5582,47.8012]],[[8.6441,47.791],[8.6923,47.7572]],[[8.6174,47.7573],[8.6441,47.791]],[[8.4715,47.7671],[8.4827,47.7669]],[[8.4583,47.6399],[8.3913,47.6655],[8.391,47.6921],[8.4715,47.7671]],[[8.7033,47.7587],[8.7198,47.7473],[8.7004,47.7235],[8.7171,47.6946]],[[8.6923,47.7572],[8.7033,47.7587]],[[8.7707,47.7209],[8.8302,47.7072],[8.8561,47.6907],[8.8378,47.6808],[8.9062,47.6518]],[[8.7171,47.6946],[8.7699,47.6951],[8.7707,47.7209]],[[9.0166,47.6789],[9.1281,47.6704]],[[8.9062,47.6518],[9.0166,47.6789]],[[9.1834,47.6704],[9.1969,47.6561]],[[9.1281,47.6704],[9.1834,47.6704]],[[8.6016,47.6326],[8.6073,47.6563],[8.5682,47.6629]],[[8.5682,47.6629],[8.4583,47.6399]],[[9.2344,47.6562],[9.5475,47.5345]],[[9.1969,47.6561],[9.2344,47.6562]],[[8.5936,47.6426],[8.6016,47.6326]],[[8.5607,47.5894],[8.5806,47.6002],[8.5781,47.6335],[8.5936,47.6426]],[[8.2511,47.622],[8.2886,47.6158],[8.3162,47.5878],[8.4181,47.5808]],[[7.9122,47.5606],[8.0872,47.5674],[8.179,47.6158],[8.2511,47.622]],[[8.5224,47.6219],[8.5607,47.5894]],[[8.4181,47.5808],[8.5224,47.6219]],[[7.6597,47.5966],[7.6359,47.5646]],[[7.586,47.5846],[7.6597,47.5966]],[[7.8197,47.5953],[7.8982,47.5878],[7.9122,47.5606]],[[7.6834,47.5443],[7.7667,47.556],[7.8197,47.5953]],[[7.6359,47.5646],[7.6097,47.5647]],[[7.6097,47.5647],[7.6834,47.5443]]]}},{"type":"Feature","properties":{"featurecla":"International boundary (verify)","adm0_a3_l":"DEU","adm0_a3_r":"FRA"},"geometry":{"type":"MultiLineString","coordinates":[[[6.3917,49.4667],[6.5117,49.4247],[6.5188,49.4022],[6.5777,49.3558],[6.5556,49.3472],[6.5564,49.3264],[6.6397,49.2712],[6.6806,49.2075]],[[6.3539,49.4548],[6.3917,49.4667]],[[6.7025,49.2136],[6.7138,49.1589],[6.8091,49.1458]],[[6.6806,49.2075],[6.7025,49.2136]],[[6.8435,49.2111],[6.8852,49.2048]],[[6.8091,49.1458],[6.839,49.1628],[6.8277,49.1956],[6.8435,49.2111]],[[6.9144,49.2067],[7.0095,49.1817],[7.0205,49.119],[7.0425,49.1076]],[[6.8852,49.2048],[6.9144,49.2067]],[[7.3911,49.17],[7.4761,49.1515],[7.471,49.1283],[7.5209,49.0837],[7.6086,49.062],[7.6488,49.0357]],[[7.2744,49.105],[7.2971,49.1281],[7.334,49.1342],[7.351,49.1592],[7.3911,49.17]],[[7.0799,49.142],[7.155,49.1144],[7.2744,49.105]],[[7.0425,49.1076],[7.0732,49.1203],[7.0799,49.142]],[[7.7737,49.0481],[7.8569,49.0323]],[[7.7269,49.0357],[7.7737,49.0481]],[[7.6851,49.0428],[7.7269,49.0357]],[[7.6488,49.0357],[7.6851,49.0428]],[[7.9138,49.0362],[8.2003,48.9586],[8.0903,48.8075],[8.0388,48.7908],[8.0173,48.7618],[7.9701,48.7573],[7.9592,48.7214],[7.8524,48.6587],[7.8103,48.615],[7.8017,48.5476],[7.8135,48.5195],[7.7765,48.4982],[7.7383,48.4066],[7.7507,48.3414],[7.7025,48.3112],[7.6872,48.2529],[7.6134,48.1792],[7.5857,48.1297],[7.5757,48.0537],[7.6189,48.0027],[7.6211,47.9714],[7.5849,47.9404],[7.559,47.8827],[7.562,47.8392],[7.5429,47.8294],[7.5259,47.7832],[7.5378,47.7318],[7.5119,47.7073],[7.5179,47.675],[7.5903,47.6079],[7.586,47.5846]],[[7.8569,49.0323],[7.9138,49.0362]]]}},{"type":"Feature","properties":{"featurecla":"International boundary (verify)","adm0_a3_l":"CHE","adm0_a3_r":"AUT"},"geometry":{"type":"LineString","coordinates":[[9.5212,47.2628],[9.6495,47.4097],[9.6503,47.4521],[9.5845,47.4807],[9.5475,47.5345]]}},{"type":"Feature","properties":{"featurecla":"International boundary (verify)","adm0_a3_l":"CHE","adm0_a3_r":"LIE"},"geometry":{"type":"MultiLineString","coordinates":[[[9.5606,47.0524],[9.477,47.0639],[9.5124,47.108],[9.485,47.1763],[9.4874,47.21],[9.5212,47.2628]],[[9.5812,47.0569],[9.5606,47.0524]]]}},{"type":"Feature","properties":{"featurecla":"International boundary (verify)","adm0_a3_l":"FRA","adm0_a3_r":"CHE"},"geometry":{"type":"MultiLineString","coordinates":[[[7.5017,47.533],[7.4827,47.5423],[7.586,47.5846]],[[7.4931,47.5155],[7.5052,47.533]],[[7.5052,47.533],[7.5017,47.533]],[[7.4827,47.517],[7.4931,47.5155]],[[7.4674,47.4819],[7.4858,47.4958],[7.4827,47.517]],[[7.0098,47.4992],[7.0539,47.4904]],[[6.8666,47.3542],[6.9245,47.406],[6.9261,47.4249],[6.9834,47.4438],[6.9733,47.4891],[7.0098,47.4992]],[[7.1037,47.4963],[7.1537,47.4864]],[[7.0539,47.4904],[7.1037,47.4963]],[[7.426,47.4925],[7.4674,47.4819]],[[7.3785,47.4306],[7.4261,47.4558],[7.4143,47.4902],[7.426,47.4925]],[[7.1808,47.4883],[7.1683,47.4436],[7.2381,47.4168]],[[7.1537,47.4864],[7.1808,47.4883]],[[7.3091,47.4327],[7.3785,47.4306]],[[7.2381,47.4168],[7.3091,47.4327]],[[6.0619,46.2412],[6.094,46.253],[6.1007,46.3014],[6.1364,46.3593],[6.1082,46.3965],[6.0542,46.4194],[6.0676,46.4336],[6.0642,46.4711],[6.1457,46.5516],[6.1184,46.5835],[6.2663,46.6804],[6.4292,46.7608],[6.4326,46.786],[6.4171,46.8022],[6.4468,46.8577],[6.4278,46.9091],[6.4426,46.9442],[6.5987,46.9865],[6.6654,47.0213],[6.6883,47.0438],[6.6763,47.0624],[6.746,47.1039],[6.7448,47.1211],[6.9562,47.2452],[6.9586,47.2906],[7.0443,47.3405],[7.004,47.3681]],[[7.004,47.3681],[6.8666,47.3542]],[[6.8486,46.085],[6.8692,46.1123],[6.7743,46.1348],[6.7657,46.1516],[6.8277,46.2695],[6.7504,46.3455],[6.7821,46.3785],[6.7871,46.4142],[6.7627,46.4293],[6.547,46.4574]],[[6.547,46.4574],[6.2691,46.375],[6.2141,46.3155],[6.2523,46.2599]],[[6.269,46.2652],[6.2812,46.2401],[6.1079,46.1386]],[[6.2523,46.2599],[6.269,46.2652]],[[6.0462,46.2435],[6.0619,46.2412]],[[5.9588,46.1305],[5.9829,46.1708],[5.9585,46.212],[6.0462,46.2435]],[[6.1079,46.1386],[6.0739,46.1492]],[[6.0739,46.1492],[5.9588,46.1305]],[[6.8692,46.0441],[6.8509,46.0496],[6.8513,46.086]],[[6.8513,46.086],[6.8486,46.085]],[[7.0221,45.9253],[6.9877,45.9931],[6.8924,46.0556]],[[6.8924,46.0556],[6.8692,46.0441]]]}},{"type":"Feature","properties":{"featurecla":"Disputed (please verify)","adm0_a3_l":"PRT","adm0_a3_r":"ESP"},"geometry":{"type":"LineString","coordinates":[[-7.2704,38.6177],[-7.293,38.6563],[-7.2704,38.7375],[-7.151,38.8193],[-7.1049,38.8272]]}},{"type":"Feature","properties":{"featurecla":"International boundary (verify)","adm0_a3_l":"DEU","adm0_a3_r":"AUT"},"geometry":{"type":"MultiLineString","coordinates":[[[13.7836,48.7153],[13.8157,48.7664]],[[13.7373,48.5593],[13.7743,48.5692],[13.8024,48.6117],[13.8009,48.6752],[13.8169,48.6956],[13.7887,48.7165]],[[13.7887,48.7165],[13.7836,48.7153]],[[13.5207,48.5846],[13.6244,48.5654],[13.7165,48.5217]],[[12.758,48.1219],[12.8626,48.1966],[12.933,48.2093],[13.0328,48.2636],[13.2742,48.3071],[13.4056,48.3766],[13.4592,48.5164],[13.4401,48.561],[13.5207,48.5846]],[[13.7339,48.5598],[13.7373,48.5593]],[[13.7165,48.5217],[13.7339,48.5598]],[[12.7514,48.1221],[12.758,48.1219]],[[12.964,47.7054],[12.892,47.7235],[12.9912,47.8471],[12.9311,47.9249],[12.862,47.9626],[12.8306,48.0155],[12.7509,48.0747],[12.737,48.1],[12.7514,48.1221]],[[12.2422,47.732],[12.2233,47.6959],[12.2387,47.6789]],[[12.1656,47.604],[12.2068,47.6456],[12.2051,47.6723],[12.1766,47.7058],[12.2422,47.732]],[[13.0409,47.5833],[13.072,47.6224],[13.072,47.6595],[13.0323,47.7066],[13.0044,47.7146]],[[13.0044,47.7146],[12.964,47.7054]],[[12.4077,47.6937],[12.4528,47.6498],[12.5171,47.6285]],[[12.3515,47.6817],[12.4077,47.6937]],[[12.2937,47.69],[12.3515,47.6817]],[[12.2387,47.6789],[12.2937,47.69]],[[12.6887,47.6751],[12.7448,47.6654]],[[12.5171,47.6285],[12.6174,47.6693],[12.6887,47.6751]],[[12.762,47.6669],[12.7517,47.6494],[12.8132,47.6118],[12.7859,47.6027],[12.7789,47.5548],[12.9425,47.4705]],[[12.7448,47.6654],[12.762,47.6669]],[[11.9359,47.6107],[12.1656,47.604]],[[11.8203,47.5753],[11.852,47.5992],[11.9359,47.6107]],[[11.6205,47.5897],[11.8203,47.5753]],[[11.4826,47.5026],[11.5512,47.5137],[11.5891,47.5704],[11.6205,47.5897]],[[9.7821,47.5884],[9.808,47.5763],[9.8131,47.5418],[9.8335,47.5346]],[[9.6126,47.5219],[9.704,47.5314],[9.7527,47.5821],[9.7821,47.5884]],[[13.0383,47.584],[13.0409,47.5833]],[[13.0391,47.5613],[13.0383,47.584]],[[10.4536,47.5811],[10.4588,47.5416],[10.5251,47.5285]],[[10.1599,47.2711],[10.2394,47.2777],[10.3059,47.3022],[10.3716,47.3674],[10.4283,47.396],[10.4517,47.4602],[10.4196,47.493],[10.431,47.5422],[10.4142,47.573],[10.4536,47.5811]],[[10.5837,47.5625],[10.7608,47.5136]],[[10.5251,47.5285],[10.5837,47.5625]],[[12.9911,47.4657],[13.0373,47.493],[13.0281,47.5416],[13.0413,47.5619]],[[13.0413,47.5619],[13.0391,47.5613]],[[9.8589,47.5413],[9.9188,47.5322]],[[9.8335,47.5346],[9.8589,47.5413]],[[9.9459,47.5408],[9.9936,47.4766]],[[9.9188,47.5322],[9.9459,47.5408]],[[9.5499,47.5335],[9.6126,47.5219]],[[10.8448,47.5313],[10.8922,47.5149],[10.8516,47.4931],[10.9598,47.4325],[10.9655,47.3961],[11.0837,47.3895]],[[10.7608,47.5136],[10.8448,47.5313]],[[11.4354,47.5097],[11.4826,47.5026]],[[11.237,47.394],[11.3056,47.4354],[11.3839,47.4449],[11.3886,47.4622],[11.3655,47.4693],[11.4354,47.5097]],[[10.0226,47.488],[10.0806,47.4274],[10.0532,47.4049],[10.0829,47.3591]],[[9.9936,47.4766],[10.0226,47.488]],[[12.9697,47.4757],[12.9911,47.4657]],[[12.9425,47.4705],[12.9697,47.4757]],[[11.1938,47.4289],[11.2152,47.423],[11.213,47.3958],[11.237,47.394]],[[11.0837,47.3895],[11.1938,47.4289]],[[10.1909,47.3792],[10.2093,47.3725],[10.2086,47.3545],[10.1908,47.2983],[10.1599,47.2711]],[[10.1308,47.3627],[10.1909,47.3792]],[[10.1104,47.3674],[10.1308,47.3627]],[[10.0829,47.3591],[10.1104,47.3674]]]}},{"type":"Feature","properties":{"featurecla":"International boundary (verify)","adm0_a3_l":"SVN","adm0_a3_r":"AUT"},"geometry":{"type":"MultiLineString","coordinates":[[[16.094,46.8628],[15.972,46.8206],[15.9705,46.743],[16.0146,46.6937],[16.0167,46.6706]],[[16.0167,46.6706],[15.987,46.6922],[15.8507,46.7245]],[[15.8507,46.7245],[15.7287,46.703]],[[15.7287,46.703],[15.636,46.7176]],[[15.636,46.7176],[15.627,46.6809],[15.6037,46.673]],[[15.6037,46.673],[15.5886,46.676]],[[15.5886,46.676],[15.546,46.6719],[15.5112,46.6284],[15.4627,46.6146]],[[15.2049,46.639],[15.062,46.6496]],[[15.062,46.6496],[15.0044,46.6368],[14.9672,46.6003]],[[15.4627,46.6146],[15.3881,46.6456]],[[15.3881,46.6456],[15.2049,46.639]],[[14.9672,46.6003],[14.9336,46.6211]],[[14.9336,46.6211],[14.8771,46.6036]],[[14.8771,46.6036],[14.863,46.6048]],[[14.863,46.6048],[14.8336,46.5844],[14.7886,46.5066],[14.7353,46.4933]],[[13.7821,46.5078],[13.701,46.5197]],[[13.9988,46.4805],[13.8607,46.5152]],[[13.8607,46.5152],[13.7821,46.5078]],[[14.7353,46.4933],[14.7264,46.4977]],[[14.7264,46.4977],[14.68,46.4589]],[[14.3622,46.4359],[14.1499,46.4401],[14.0325,46.4847]],[[14.0325,46.4847],[13.9988,46.4805]],[[14.68,46.4589],[14.6666,46.4605]],[[14.6666,46.4605],[14.5901,46.4344],[14.5403,46.3786]],[[14.4677,46.4127],[14.3958,46.441]],[[14.3958,46.441],[14.3622,46.4359]],[[14.5403,46.3786],[14.5022,46.4184]],[[14.5022,46.4184],[14.4677,46.4127]]]}},{"type":"Feature","properties":{"featurecla":"International boundary (verify)","adm0_a3_l":"BIH","adm0_a3_r":"MNE"},"geometry":{"type":"MultiLineString","coordinates":[[[19.0002,43.5479],[19.055,43.5067]],[[18.9463,43.4439],[18.9512,43.4638],[18.9051,43.4991],[19.0002,43.5479]],[[19.1477,43.5381],[19.1953,43.5328]],[[19.055,43.5067],[19.1477,43.5381]],[[18.9925,43.2671],[19.0247,43.2987],[19.0697,43.3088],[19.0099,43.411],[18.9683,43.4481]],[[18.9683,43.4481],[18.9463,43.4439]],[[18.8991,43.3519],[18.9503,43.3331],[18.9925,43.2671]],[[18.639,43.0202],[18.6206,43.1226],[18.6453,43.1802],[18.6884,43.2245],[18.6643,43.2332],[18.8335,43.3242],[18.8212,43.3414],[18.8991,43.3519]],[[18.5984,43.0245],[18.639,43.0202]],[[18.4818,42.5637],[18.4959,42.5709],[18.4867,42.5898],[18.5384,42.6183],[18.55,42.6681],[18.4539,42.7932],[18.4437,42.8345],[18.4733,42.8626],[18.4335,42.9542],[18.483,43.0146],[18.5984,43.0245]],[[18.459,42.5697],[18.4818,42.5637]],[[18.4374,42.5592],[18.459,42.5697]]]}},{"type":"Feature","properties":{"featurecla":"International boundary (verify)","adm0_a3_l":"BIH","adm0_a3_r":"HRV"},"geometry":{"type":"MultiLineString","coordinates":[[[16.9473,45.2357],[16.9244,45.2845]],[[16.9244,45.2845],[16.8307,45.217],[16.8242,45.1891],[16.7863,45.1788]],[[16.9987,45.2314],[16.9612,45.2509]],[[16.9612,45.2509],[16.968,45.2373],[16.9473,45.2357]],[[17.0083,45.2162],[17.0083,45.2442]],[[17.0083,45.2442],[16.9987,45.2314]],[[17.1871,45.1486],[17.0557,45.2004],[17.0363,45.2305]],[[17.0363,45.2305],[17.0083,45.2162]],[[16.7863,45.1788],[16.5289,45.2223]],[[16.5289,45.2223],[16.4819,45.1995],[16.4355,45.1329],[16.3892,45.1168],[16.3406,45.0059],[16.3162,45.0012]],[[16.3162,45.0012],[16.213,45.0315],[16.1041,45.1125],[16.0675,45.1696],[16.0244,45.1843],[16.0204,45.2139],[15.9975,45.2185]],[[15.9975,45.2185],[15.9746,45.2154]],[[15.9746,45.2154],[15.8789,45.2172]],[[15.8789,45.2172],[15.8248,45.211],[15.781,45.168],[15.7838,45.1009],[15.756,45.0422],[15.7674,44.9932],[15.7309,44.9272],[15.7734,44.845],[15.7687,44.8273],[15.7161,44.8032],[15.7173,44.7865],[15.8057,44.6967]],[[17.3824,45.1396],[17.269,45.1895]],[[17.269,45.1895],[17.2455,45.1554],[17.1871,45.1486]],[[17.8357,45.0644],[17.7145,45.152],[17.6516,45.1654]],[[17.6516,45.1654],[17.5614,45.1194]],[[17.4604,45.1313],[17.4433,45.1621]],[[17.4433,45.1621],[17.3824,45.1396]],[[18.5411,45.0553],[18.4908,45.0628],[18.412,45.1124],[18.3223,45.1229],[18.2379,45.1575]],[[18.2379,45.1575],[18.2023,45.1441],[18.1925,45.1085],[18.1537,45.0976]],[[18.1537,45.0976],[18.0903,45.108],[18.0191,45.1494]],[[18.0191,45.1494],[17.9885,45.1438],[17.9112,45.0811],[17.8357,45.0644]],[[17.4819,45.1144],[17.4962,45.1417]],[[17.4962,45.1417],[17.4604,45.1313]],[[17.5614,45.1194],[17.5395,45.121]],[[17.5395,45.121],[17.4819,45.1144]],[[18.6487,45.0627],[18.6091,45.1001]],[[18.6091,45.1001],[18.5818,45.0914]],[[18.5818,45.0914],[18.5496,45.0948]],[[18.5496,45.0948],[18.5349,45.0904],[18.5411,45.0553]],[[18.8896,44.8612],[18.7834,44.9137],[18.7726,44.9425],[18.8046,44.9738],[18.7918,45.0015],[18.7383,45.0159],[18.6782,45.0874]],[[18.6782,45.0874],[18.6487,45.0627]],[[19.0158,44.8656],[18.8896,44.8612]],[[15.8763,44.7248],[15.8956,44.7186],[15.9131,44.6845]],[[15.8057,44.6967],[15.8564,44.7036],[15.8763,44.7248]],[[15.9298,44.6895],[15.969,44.6392],[16.0362,44.6153],[16.0447,44.5894],[16.0061,44.541],[16.0473,44.5233]],[[15.9131,44.6845],[15.9298,44.6895]],[[16.0837,44.5349],[16.1165,44.5215],[16.1597,44.4161],[16.1383,44.3776]],[[16.0473,44.5233],[16.0837,44.5349]],[[16.142,44.3808],[16.2029,44.3598],[16.1876,44.2824],[16.2158,44.2082],[16.2755,44.1574],[16.3269,44.0824],[16.3779,44.0574]],[[16.1383,44.3776],[16.142,44.3808]],[[16.404,44.0588],[16.4396,44.014],[16.501,43.9927],[16.6786,43.8407],[16.7126,43.7715],[16.8238,43.7073],[17.0305,43.5485],[17.1428,43.4893],[17.2705,43.4632],[17.2864,43.4374],[17.2676,43.3533],[17.2899,43.3034],[17.4002,43.216],[17.4421,43.1524],[17.5874,43.0821],[17.6284,43.0466],[17.6627,42.9657],[17.5807,42.9421]],[[16.3779,44.0574],[16.404,44.0588]]]}},{"type":"Feature","properties":{"featurecla":"International boundary (verify)","adm0_a3_l":"BIH","adm0_a3_r":"SRB"},"geometry":{"type":"MultiLineString","coordinates":[[[19.2019,44.9084],[19.1869,44.9275]],[[19.1869,44.9275],[19.0846,44.879],[19.0158,44.8656]],[[19.2838,44.9084],[19.2395,44.9151]],[[19.2395,44.9151],[19.2019,44.9084]],[[19.3401,44.8962],[19.3102,44.9124]],[[19.3102,44.9124],[19.2838,44.9084]],[[19.2637,44.2702],[19.157,44.2936],[19.1167,44.3437],[19.1072,44.3827],[19.1414,44.4308],[19.1299,44.5183],[19.1796,44.5383],[19.1883,44.576],[19.3284,44.734],[19.3766,44.863],[19.3532,44.899]],[[19.3532,44.899],[19.3401,44.8962]],[[19.4426,44.1432],[19.3624,44.1912],[19.3416,44.2458],[19.2959,44.2758]],[[19.2959,44.2758],[19.2637,44.2702]],[[19.5802,44.0515],[19.522,44.085],[19.4657,44.1528]],[[19.4657,44.1528],[19.4426,44.1432]],[[19.5041,43.9757],[19.5522,43.9834],[19.6104,44.0193],[19.6189,44.0357],[19.5989,44.0626]],[[19.5989,44.0626],[19.5802,44.0515]],[[19.2873,44.013],[19.3646,43.9733]],[[19.4817,43.5608],[19.4918,43.5686],[19.4775,43.617],[19.5074,43.6472],[19.5057,43.6736],[19.4617,43.7621],[19.3595,43.8422],[19.2754,43.9333],[19.2293,43.9577],[19.2435,44.002],[19.2873,44.013]],[[19.4471,43.9798],[19.5041,43.9757]],[[19.3646,43.9733],[19.4471,43.9798]],[[19.3465,43.6088],[19.4107,43.5408]],[[19.2892,43.5879],[19.3465,43.6088]],[[19.2637,43.591],[19.2892,43.5879]],[[19.1953,43.5328],[19.2175,43.5328],[19.2637,43.591]],[[19.4439,43.5719],[19.4817,43.5608]],[[19.4107,43.5408],[19.4439,43.5719]]]}},{"type":"Feature","properties":{"featurecla":"International boundary (verify)","adm0_a3_l":"SRB","adm0_a3_r":"HRV"},"geometry":{"type":"LineString","coordinates":[[18.9013,45.9312],[18.907,45.9157],[18.8729,45.8952],[18.907,45.868],[18.8553,45.8574],[18.845,45.8157],[18.9002,45.7649],[18.9173,45.7066],[18.9685,45.6687],[18.9124,45.6192],[18.9036,45.5731],[18.9417,45.5389],[19.0181,45.5674],[19.1063,45.5116],[19.0772,45.4916],[19.0096,45.4987],[18.9971,45.4555],[19.0313,45.4162],[18.9755,45.3911],[18.9775,45.3712],[19.0075,45.3595]]}},{"type":"Feature","properties":{"featurecla":"International boundary (verify)","adm0_a3_l":"AUT","adm0_a3_r":"SVK"},"geometry":{"type":"LineString","coordinates":[[17.1483,48.0054],[17.0697,48.0357],[17.0751,48.0521],[17.0591,48.0604],[17.0802,48.0976],[17.0475,48.131],[16.9819,48.1613],[16.9543,48.2731],[16.9166,48.2908],[16.8984,48.3162],[16.9019,48.3394],[16.8445,48.3656],[16.8649,48.4581],[16.9469,48.5397],[16.945,48.6042]]}},{"type":"Feature","properties":{"featurecla":"International boundary (verify)","adm0_a3_l":"CZE","adm0_a3_r":"SVK"},"geometry":{"type":"MultiLineString","coordinates":[[[18.7045,49.4793],[18.8332,49.5103]],[[18.6359,49.4967],[18.7045,49.4793]],[[18.6004,49.486],[18.6359,49.4967]],[[18.5562,49.4902],[18.6004,49.486]],[[18.4168,49.3855],[18.5229,49.4461],[18.5356,49.4817],[18.5562,49.4902]],[[18.3876,49.3898],[18.4168,49.3855]],[[18.0129,49.0191],[18.0963,49.0703],[18.1051,49.1698],[18.1606,49.2587],[18.3852,49.3423],[18.3876,49.3898]],[[17.9592,49.0219],[18.0129,49.0191]],[[17.8412,48.921],[17.8787,48.9336],[17.9141,49.0105],[17.9592,49.0219]],[[17.8201,48.9234],[17.8412,48.921]],[[17.5351,48.813],[17.7272,48.8629],[17.7794,48.9117],[17.8201,48.9234]],[[17.2122,48.8661],[17.3744,48.8196]],[[16.945,48.6042],[17.0499,48.774],[17.0987,48.8058],[17.1137,48.8339],[17.2122,48.8661]],[[17.4533,48.8428],[17.5351,48.813]],[[17.3744,48.8196],[17.4533,48.8428]]]}},{"type":"Feature","properties":{"featurecla":"International boundary (verify)","adm0_a3_l":"SVK","adm0_a3_r":"HUN"},"geometry":{"type":"MultiLineString","coordinates":[[[20.8003,48.5692],[20.9815,48.5169]],[[20.2724,48.2525],[20.3493,48.3055],[20.4206,48.4292],[20.4817,48.4787],[20.4817,48.5261],[20.8003,48.5692]],[[21.4246,48.5613],[21.4908,48.5403],[21.5377,48.4952]],[[21.2618,48.5032],[21.3218,48.5476],[21.4246,48.5613]],[[21.2199,48.5187],[21.2618,48.5032]],[[21.1093,48.4891],[21.2199,48.5187]],[[21.0065,48.5182],[21.1093,48.4891]],[[20.9815,48.5169],[21.0065,48.5182]],[[21.5746,48.4956],[21.5917,48.493],[21.6134,48.4404],[21.6776,48.3723],[21.759,48.3338]],[[21.5377,48.4952],[21.5746,48.4956]],[[22.0779,48.3758],[22.1328,48.4048]],[[22.018,48.3797],[22.0779,48.3758]],[[21.759,48.3338],[22.018,48.3797]],[[20.2291,48.2709],[20.2724,48.2525]],[[20.1709,48.244],[20.2291,48.2709]],[[20.1431,48.2478],[20.1709,48.244]],[[19.9051,48.1243],[20.097,48.1984],[20.1431,48.2478]],[[19.6232,48.227],[19.687,48.1969]],[[19.4282,48.0859],[19.4817,48.1113],[19.514,48.204],[19.6232,48.227]],[[19.7331,48.2029],[19.7743,48.1859],[19.7667,48.159],[19.7856,48.1487]],[[19.687,48.1969],[19.7331,48.2029]],[[19.8217,48.1579],[19.9051,48.1243]],[[19.7856,48.1487],[19.8217,48.1579]],[[19.2932,48.0878],[19.4282,48.0859]],[[19.2225,48.0606],[19.2932,48.0878]],[[19.0985,48.0707],[19.2225,48.0606]],[[19.0387,48.0649],[19.0985,48.0707]],[[18.9965,48.0662],[19.0387,48.0649]],[[18.6637,47.7759],[18.8165,47.8326],[18.7488,47.8707],[18.7548,47.9518],[18.7432,47.9711],[18.7942,47.9931],[18.8385,48.04],[18.9965,48.0662]],[[17.1848,48.0203],[17.3379,47.9987],[17.472,47.8888],[17.5266,47.8721],[17.5726,47.8295]],[[17.1483,48.0054],[17.1848,48.0203]],[[17.6042,47.8342],[17.6767,47.7892],[17.8257,47.75]],[[17.5726,47.8295],[17.6042,47.8342]],[[18.5526,47.7928],[18.6637,47.7759]],[[18.2359,47.7539],[18.5526,47.7928]],[[18.1126,47.7625],[18.2359,47.7539]],[[17.8257,47.75],[18.1126,47.7625]]]}},{"type":"Feature","properties":{"featurecla":"International boundary (verify)","adm0_a3_l":"DEU","adm0_a3_r":"POL"},"geometry":{"type":"LineString","coordinates":[[14.8104,50.8584],[14.8105,50.8771],[14.8602,50.9168],[14.9553,51.064],[14.9914,51.189],[15.0221,51.2368],[15.0195,51.2717],[14.9638,51.3284],[14.9451,51.4492],[14.71,51.5302],[14.7127,51.5674],[14.7439,51.6066],[14.7325,51.6583],[14.6484,51.7172],[14.6342,51.769],[14.5858,51.8039],[14.5959,51.8424],[14.6871,51.9119],[14.6991,51.9925],[14.7614,52.0767],[14.6864,52.121],[14.707,52.1795],[14.6926,52.1996],[14.7124,52.2359],[14.5842,52.2912],[14.5901,52.3094],[14.5454,52.3822],[14.5398,52.4219],[14.5916,52.4498],[14.6323,52.4967],[14.6091,52.5178],[14.6448,52.5769],[14.4319,52.6861],[14.3822,52.7382],[14.1239,52.8507],[14.1505,52.8646],[14.165,52.8957],[14.1445,52.9599],[14.3433,53.0486],[14.3895,53.1317],[14.3807,53.1899],[14.4416,53.2518],[14.4033,53.2788],[14.3599,53.4441],[14.3042,53.5085],[14.297,53.5978],[14.261,53.6562],[14.2639,53.7]]}},{"type":"Feature","properties":{"featurecla":"International boundary (verify)","adm0_a3_l":"HUN","adm0_a3_r":"UKR"},"geometry":{"type":"MultiLineString","coordinates":[[[22.2568,48.3573],[22.2718,48.4035],[22.202,48.4182]],[[22.202,48.4182],[22.1565,48.4021]],[[22.1565,48.4021],[22.1328,48.4048]],[[22.3709,48.2374],[22.3081,48.2937],[22.2987,48.3491],[22.2844,48.3584]],[[22.2844,48.3584],[22.2568,48.3573]],[[22.4342,48.2367],[22.3945,48.2448]],[[22.3945,48.2448],[22.3709,48.2374]],[[22.6081,48.0968],[22.5558,48.1772],[22.4733,48.2445]],[[22.4733,48.2445],[22.4342,48.2367]],[[22.8776,47.9467],[22.8324,47.9789],[22.8616,48.0284],[22.8443,48.061],[22.7457,48.1163]],[[22.7457,48.1163],[22.6081,48.0968]]]}},{"type":"Feature","properties":{"featurecla":"International boundary (verify)","adm0_a3_l":"ROU","adm0_a3_r":"BGR"},"geometry":{"type":"MultiLineString","coordinates":[[[22.6916,44.2284],[22.9064,44.1229],[23.031,44.0931],[23.0401,44.0623],[23.023,44.0316],[22.9058,44.004],[22.8747,43.972],[22.851,43.8744],[22.8888,43.8395],[22.9196,43.8342]],[[27.0275,44.177],[27.1002,44.1445],[27.2267,44.1207]],[[25.5338,43.6687],[25.6714,43.7174],[25.7811,43.732],[25.934,43.8703],[26.0543,43.9343],[26.0793,43.969],[26.1507,44.0124],[26.3105,44.0526],[26.7537,44.1081],[26.8841,44.1565],[27.0275,44.177]],[[27.2511,44.1224],[27.2853,44.0725],[27.3417,44.0531],[27.3838,44.0151]],[[27.2267,44.1207],[27.2511,44.1224]],[[27.6334,44.0298],[27.6563,44.0239],[27.7217,43.9487]],[[27.3838,44.0151],[27.5745,44.0163],[27.6334,44.0298]],[[27.9121,43.9933],[27.981,43.8493],[28.0148,43.83],[28.2213,43.762],[28.4346,43.7352]],[[27.7217,43.9487],[27.9121,43.9933]],[[23.3252,43.8866],[23.4847,43.8806],[23.6361,43.8322]],[[22.9196,43.8342],[23.1318,43.8479],[23.3252,43.8866]],[[23.7208,43.8458],[23.7999,43.8185],[24.1594,43.7529]],[[23.6361,43.8322],[23.7208,43.8458]],[[24.4663,43.8024],[24.7526,43.7388]],[[24.1594,43.7529],[24.3582,43.76],[24.4663,43.8024]],[[24.9637,43.7496],[25.0816,43.7189],[25.2523,43.7046],[25.3596,43.6543],[25.4031,43.65]],[[24.7526,43.7388],[24.9637,43.7496]],[[28.4346,43.7352],[28.5784,43.7413]],[[25.4888,43.6705],[25.5338,43.6687]],[[25.4031,43.65],[25.4888,43.6705]]]}},{"type":"Feature","properties":{"featurecla":"International boundary (verify)","adm0_a3_l":"ROU","adm0_a3_r":"SRB"},"geometry":{"type":"MultiLineString","coordinates":[[[20.2428,46.1081],[20.3057,46.0536],[20.3539,45.9767],[20.4817,45.9127],[20.5567,45.8984],[20.6367,45.827],[20.6459,45.7887],[20.6881,45.7431],[20.7134,45.7333]],[[20.7652,45.7668],[20.7855,45.7434],[20.7773,45.6575],[20.7544,45.6056],[20.8002,45.5305],[20.7607,45.4933],[20.7671,45.4793],[20.816,45.4629],[20.9662,45.3416],[21.1033,45.2861]],[[20.7134,45.7333],[20.7652,45.7668]],[[21.1394,45.3037],[21.2393,45.2294],[21.4055,45.1997],[21.4933,45.1451],[21.4941,45.1193],[21.4424,45.0929],[21.4219,45.0314],[21.3634,45.0165],[21.3514,44.9982],[21.4084,44.9583],[21.531,44.9246],[21.5363,44.8893],[21.4534,44.8696]],[[21.1033,45.2861],[21.1394,45.3037]],[[21.4534,44.8696],[21.3953,44.8716]],[[21.3953,44.8716],[21.3555,44.8566],[21.3428,44.8319],[21.3786,44.8166],[21.3959,44.7902],[21.4972,44.778]],[[21.5584,44.7817],[21.5956,44.766],[21.6197,44.7139],[21.6563,44.6877],[21.7052,44.6771]],[[21.4972,44.778],[21.5584,44.7817]],[[22.4261,44.7337],[22.4837,44.724],[22.5875,44.6494],[22.7147,44.6231],[22.7652,44.5828],[22.7417,44.5519],[22.7001,44.5418]],[[22.1482,44.5009],[22.1851,44.5151],[22.3049,44.6774],[22.3807,44.7005],[22.4261,44.7337]],[[21.8554,44.6985],[21.9943,44.6586],[22.087,44.5218],[22.1482,44.5009]],[[21.7052,44.6771],[21.8554,44.6985]],[[22.7001,44.5418],[22.6003,44.5698]],[[22.6003,44.5698],[22.5656,44.5554],[22.5484,44.5117],[22.4841,44.4998],[22.477,44.464],[22.5494,44.349],[22.6815,44.3053],[22.6916,44.2284]]]}},{"type":"Feature","properties":{"featurecla":"International boundary (verify)","adm0_a3_l":"BGR","adm0_a3_r":"GRC"},"geometry":{"type":"MultiLineString","coordinates":[[[26.2118,41.7505],[26.2949,41.7103]],[[26.1147,41.3552],[26.1756,41.4319],[26.1459,41.478],[26.1631,41.5291],[26.1312,41.5527],[26.1153,41.6166],[26.055,41.6488],[26.0481,41.6891],[26.1084,41.7279],[26.1899,41.7347],[26.2118,41.7505]],[[26.2949,41.7103],[26.3334,41.713]],[[24.2507,41.5635],[24.2864,41.5404],[24.2961,41.5152]],[[24.1702,41.5116],[24.1963,41.547],[24.2507,41.5635]],[[24.5102,41.5617],[24.5309,41.5475],[24.5804,41.4405],[24.6095,41.4272]],[[24.424,41.5252],[24.5102,41.5617]],[[24.0766,41.536],[24.1702,41.5116]],[[24.0347,41.4513],[24.052,41.463],[24.0473,41.5257],[24.0766,41.536]],[[24.4029,41.5279],[24.424,41.5252]],[[24.345,41.5184],[24.4029,41.5279]],[[24.3182,41.5208],[24.345,41.5184]],[[24.2961,41.5152],[24.3182,41.5208]],[[23.8948,41.4643],[23.9499,41.4376]],[[23.8097,41.4338],[23.8948,41.4643]],[[24.0007,41.4641],[24.0347,41.4513]],[[23.9499,41.4376],[24.0007,41.4641]],[[23.7921,41.4345],[23.8097,41.4338]],[[23.7382,41.3975],[23.7921,41.4345]],[[24.6443,41.4277],[24.6382,41.4177]],[[24.6095,41.4272],[24.6443,41.4277]],[[24.6613,41.4177],[24.7943,41.3474]],[[24.6382,41.4177],[24.6613,41.4177]],[[23.7054,41.4032],[23.7382,41.3975]],[[23.6124,41.371],[23.6529,41.3976],[23.7054,41.4032]],[[24.8729,41.4019],[25.0804,41.3341]],[[24.7943,41.3474],[24.8033,41.3927],[24.8729,41.4019]],[[23.4145,41.3999],[23.513,41.3977],[23.6124,41.371]],[[23.326,41.3693],[23.4145,41.3999]],[[23.2877,41.3982],[23.326,41.3693]],[[23.1152,41.3127],[23.1907,41.3261],[23.2098,41.3686],[23.2877,41.3982]],[[26.1073,41.3566],[26.1147,41.3552]],[[25.9486,41.314],[26.1073,41.3566]],[[25.811,41.341],[25.882,41.304]],[[25.68,41.2972],[25.811,41.341]],[[25.0968,41.3367],[25.1771,41.2939],[25.2197,41.2497],[25.2623,41.2381]],[[25.0804,41.3341],[25.0968,41.3367]],[[22.917,41.3358],[23.1152,41.3127]],[[25.9212,41.316],[25.9486,41.314]],[[25.882,41.304],[25.9212,41.316]],[[25.5515,41.3157],[25.68,41.2972]],[[25.5051,41.2806],[25.5515,41.3157]],[[25.4791,41.2838],[25.5051,41.2806]],[[25.2623,41.2381],[25.4791,41.2838]]]}},{"type":"Feature","properties":{"featurecla":"International boundary (verify)","adm0_a3_l":"TUR","adm0_a3_r":"GRC"},"geometry":{"type":"MultiLineString","coordinates":[[[26.3596,41.7149],[26.4762,41.6757],[26.4644,41.6485],[26.5764,41.591]],[[26.3334,41.713],[26.3596,41.7149]],[[26.5955,41.6124],[26.5955,41.5374],[26.6366,41.3785],[26.6226,41.3404],[26.5911,41.3293]],[[26.5764,41.591],[26.5955,41.6124]],[[26.5911,41.3293],[26.5402,41.3518]],[[26.5402,41.3518],[26.4121,41.2657],[26.3205,41.2462],[26.336,41.2289],[26.3211,41.1876],[26.336,41.1526],[26.3173,41.1223],[26.3395,41.1145],[26.3251,41.0741],[26.375,41.0195],[26.3332,40.9907],[26.3591,40.9647],[26.2944,40.9267],[26.304,40.909],[26.2907,40.9061]],[[26.2907,40.9061],[26.2665,40.9204]],[[26.2665,40.9204],[26.2324,40.8857]],[[26.2324,40.8857],[26.2262,40.8993]],[[26.2262,40.8993],[26.2058,40.865],[26.212,40.8474],[26.1583,40.8122],[26.1123,40.747],[26.0816,40.7356]],[[26.0816,40.7356],[26.044,40.7385]]]}},{"type":"Feature","properties":{"featurecla":"International boundary (verify)","adm0_a3_l":"ALB","adm0_a3_r":"MNE"},"geometry":{"type":"MultiLineString","coordinates":[[[19.7478,42.5789],[19.7375,42.6244],[19.6993,42.6548]],[[19.6993,42.6548],[19.6218,42.605],[19.5881,42.5329],[19.4172,42.3741],[19.4004,42.3259],[19.2749,42.1913],[19.2821,42.1646],[19.3725,42.1043],[19.3506,42.0278],[19.371,41.9866],[19.3464,41.9615],[19.3651,41.8524]],[[19.746,42.5799],[19.7478,42.5789]],[[19.8196,42.4665],[19.7516,42.4934],[19.7303,42.5404],[19.746,42.5799]],[[20.065,42.5468],[20.0392,42.5578]],[[20.0392,42.5578],[19.9563,42.5053]],[[19.9563,42.5053],[19.9075,42.5064]],[[19.9075,42.5064],[19.8196,42.4665]]]}},{"type":"Feature","properties":{"featurecla":"International boundary (verify)","adm0_a3_l":"MDA","adm0_a3_r":"ROU"},"geometry":{"type":"MultiLineString","coordinates":[[[26.6885,48.2748],[26.7224,48.2598]],[[26.6179,48.259],[26.6885,48.2748]],[[26.7331,48.2707],[26.7637,48.2527]],[[26.7224,48.2598],[26.7331,48.2707]],[[26.8049,48.2583],[26.8447,48.2333]],[[26.7637,48.2527],[26.8049,48.2583]],[[26.8555,48.2378],[26.908,48.1845]],[[26.8447,48.2333],[26.8555,48.2378]],[[26.9381,48.2048],[26.9631,48.1754],[26.9976,48.1666],[26.9666,48.1434],[27.0127,48.1281]],[[26.908,48.1845],[26.9381,48.2048]],[[27.0251,48.135],[27.048,48.1222],[27.0343,48.1018],[27.0417,48.0773],[27.1093,48.0335],[27.089,48.0198],[27.0958,48.0056]],[[27.0127,48.1281],[27.0251,48.135]],[[27.1215,48.0132],[27.1437,47.9868]],[[27.0958,48.0056],[27.1215,48.0132]],[[27.1572,47.992],[27.1698,47.9738],[27.151,47.9578],[27.1783,47.9441],[27.1607,47.9217],[27.2124,47.8895],[27.2124,47.8479],[27.2534,47.8281],[27.2192,47.8138],[27.2875,47.7523],[27.2951,47.7182],[27.272,47.715],[27.2811,47.693],[27.3692,47.6083],[27.4284,47.581],[27.4731,47.4918],[27.533,47.4774]],[[27.1437,47.9868],[27.1572,47.992]],[[27.5345,47.478],[27.583,47.4507],[27.5625,47.4165],[27.5803,47.406],[27.5724,47.3752],[27.5999,47.3607],[27.6369,47.3067],[27.7333,47.2756],[27.7883,47.2043],[27.8077,47.1625],[27.7947,47.1558],[27.8499,47.1285],[27.8438,47.1144],[27.9384,47.0611],[27.9387,47.0466],[28.0083,47.0263]],[[27.533,47.4774],[27.5345,47.478]],[[28.028,47.033],[28.0827,46.9715],[28.1023,46.9351],[28.0969,46.9026],[28.1243,46.8616],[28.1215,46.8343],[28.2341,46.6624],[28.2471,46.6072],[28.2254,46.5696],[28.2341,46.5531],[28.219,46.5037],[28.2381,46.4756]],[[28.0083,47.0263],[28.028,47.033]],[[28.2423,46.4765],[28.2461,46.4279],[28.1904,46.3511],[28.1913,46.3078],[28.1352,46.2693],[28.1321,46.2399],[28.109,46.2341],[28.1447,46.1832],[28.0902,46.0734],[28.0827,46.0147],[28.125,45.9184],[28.1174,45.8952],[28.1311,45.8714],[28.1105,45.8543],[28.1133,45.8254],[28.155,45.7618],[28.168,45.6325],[28.1537,45.6275]],[[28.2381,46.4756],[28.2423,46.4765]],[[28.1537,45.6275],[28.1208,45.6277]],[[28.1208,45.6277],[28.0621,45.5936],[28.1409,45.5602],[28.1654,45.5283],[28.1659,45.4946],[28.1995,45.4618]]]}},{"type":"Feature","properties":{"featurecla":"International boundary (verify)","adm0_a3_l":"UKR","adm0_a3_r":"ROU"},"geometry":{"type":"MultiLineString","coordinates":[[[26.3303,48.2085],[26.6179,48.259]],[[26.3035,48.212],[26.3303,48.2085]],[[25.9657,47.9649],[26.1731,47.9931],[26.2707,48.0936],[26.3035,48.212]],[[23.1391,48.0981],[23.2314,48.0797],[23.3747,47.9906]],[[23.0044,47.9831],[23.0631,48.0075],[23.099,48.0712],[23.1391,48.0981]],[[23.5632,48.0058],[23.7105,47.9851]],[[23.4608,47.9713],[23.5632,48.0058]],[[22.9393,48.0056],[23.0044,47.9831]],[[22.8776,47.9467],[22.9158,47.9592],[22.9157,47.993],[22.9393,48.0056]],[[23.393,47.9936],[23.4608,47.9713]],[[23.3747,47.9906],[23.393,47.9936]],[[23.7801,47.9875],[23.8552,47.9342]],[[23.7105,47.9851],[23.7801,47.9875]],[[25.9181,47.9682],[25.9657,47.9649]],[[24.8966,47.7101],[25.0799,47.7429],[25.219,47.8785],[25.2617,47.8986],[25.7525,47.9346],[25.9181,47.9682]],[[23.9773,47.9623],[24.0749,47.9442],[24.1487,47.9121]],[[23.8552,47.9342],[23.9773,47.9623]],[[24.4285,47.9525],[24.4856,47.9432]],[[24.231,47.897],[24.4285,47.9525]],[[24.5421,47.9438],[24.6337,47.9083],[24.6791,47.8401],[24.8082,47.7957],[24.8966,47.7101]],[[24.4856,47.9432],[24.5421,47.9438]],[[24.1502,47.9129],[24.231,47.897]],[[24.1487,47.9121],[24.1502,47.9129]],[[28.1995,45.4618],[28.2129,45.4502]],[[28.2376,45.4521],[28.2864,45.4217],[28.2812,45.4018],[28.3302,45.3229],[28.577,45.2481],[28.7101,45.227]],[[28.2129,45.4502],[28.2376,45.4521]],[[29.3221,45.4438],[29.5697,45.395],[29.6503,45.3461],[29.6723,45.2729],[29.6591,45.2159]],[[29.2608,45.422],[29.3221,45.4438]],[[29.2446,45.4242],[29.2608,45.422]],[[28.9299,45.2791],[28.9528,45.2851],[28.9737,45.3237],[29.2446,45.4242]],[[28.8163,45.3261],[28.9299,45.2791]],[[28.7101,45.227],[28.8027,45.2442],[28.7597,45.2742],[28.7902,45.2921],[28.7897,45.3214],[28.8163,45.3261]]]}},{"type":"Feature","properties":{"featurecla":"International boundary (verify)","adm0_a3_l":"UKR","adm0_a3_r":"MDA"},"geometry":{"type":"MultiLineString","coordinates":[[[27.583,48.486],[27.6048,48.4841],[27.6069,48.4578],[27.627,48.4513]],[[27.4035,48.4115],[27.5038,48.4724],[27.583,48.486]],[[27.7518,48.452],[27.8499,48.4096],[27.9264,48.3394],[28.0764,48.3149],[28.0983,48.2841],[28.0787,48.2449],[28.1156,48.2367]],[[27.627,48.4513],[27.7518,48.452]],[[27.3422,48.4361],[27.4035,48.4115]],[[27.2086,48.3606],[27.3422,48.4361]],[[27.0374,48.3997],[27.2086,48.3606]],[[27.0277,48.3577],[27.0263,48.3971],[27.0374,48.3997]],[[26.8428,48.3937],[26.9432,48.3513]],[[26.8169,48.3717],[26.8428,48.3937]],[[26.7936,48.3763],[26.8169,48.3717]],[[26.7546,48.2861],[26.7857,48.2941],[26.7775,48.3662],[26.7936,48.3763]],[[26.9906,48.3624],[27.0046,48.3588]],[[26.9432,48.3513],[26.9906,48.3624]],[[27.0156,48.3594],[27.0277,48.3577]],[[27.0046,48.3588],[27.0156,48.3594]],[[26.6798,48.3302],[26.7546,48.2861]],[[26.6179,48.259],[26.6251,48.2829],[26.6798,48.3302]],[[28.1785,48.2589],[28.1894,48.2231],[28.217,48.2081]],[[28.1156,48.2367],[28.1785,48.2589]],[[28.3406,48.2401],[28.3682,48.2306],[28.37,48.2116],[28.3222,48.1632],[28.3286,48.127]],[[28.217,48.2081],[28.3406,48.2401]],[[28.4116,48.1707],[28.4369,48.1499],[28.419,48.1222],[28.4796,48.0649]],[[28.3286,48.127],[28.4116,48.1707]],[[28.5416,48.156],[28.7993,48.1118],[28.8325,48.0248],[28.9148,47.9531],[28.9808,47.9264]],[[28.4796,48.0649],[28.5193,48.1491],[28.5416,48.156]],[[29.0927,47.9802],[29.148,47.9554],[29.1726,47.891],[29.236,47.8707],[29.1778,47.7897],[29.2386,47.756],[29.197,47.7175],[29.1821,47.6132],[29.1174,47.5333],[29.1556,47.45],[29.1821,47.4299]],[[28.9808,47.9264],[29.0172,47.9311],[29.0927,47.9802]],[[29.2184,47.4516],[29.2814,47.4115],[29.3008,47.3782],[29.3458,47.3658],[29.3808,47.293],[29.4256,47.2787]],[[29.1821,47.4299],[29.2184,47.4516]],[[29.5011,47.3398],[29.5566,47.324],[29.5793,47.2836],[29.5687,47.2431],[29.544,47.2342],[29.5448,47.1356],[29.4786,47.1146],[29.5201,47.0599]],[[29.4256,47.2787],[29.4592,47.2935],[29.4809,47.3383],[29.5011,47.3398]],[[29.5702,47.0914],[29.5949,47.0746],[29.603,47.0458],[29.5725,47.0118],[29.5587,46.9457],[29.5732,46.9337]],[[29.5201,47.0599],[29.5702,47.0914]],[[29.5985,46.9354],[29.6319,46.9144],[29.6962,46.9047],[29.7358,46.8672],[29.7858,46.8547]],[[29.5732,46.9337],[29.5985,46.9354]],[[29.8152,46.8566],[29.8722,46.8377],[29.8985,46.8067]],[[29.7858,46.8547],[29.8152,46.8566]],[[29.9174,46.814],[29.9511,46.7431],[29.9313,46.6192],[29.9497,46.5789],[29.9381,46.5573],[29.8988,46.5531],[29.9019,46.5308],[29.9706,46.4917]],[[29.8985,46.8067],[29.9174,46.814]],[[29.2007,46.3571],[29.1834,46.3776],[29.2056,46.4061],[29.2068,46.5025],[29.1842,46.538],[29.1627,46.5381]],[[29.1627,46.5381],[29.0203,46.4895],[28.9254,46.4328],[28.9192,46.4047],[28.9458,46.305],[28.9335,46.259],[29.0098,46.2044],[29.0154,46.1826],[28.9388,46.0893],[28.9569,46.0014],[28.7402,45.9532],[28.7284,45.922],[28.7464,45.8706],[28.7383,45.8376],[28.6698,45.812],[28.6698,45.7773],[28.5767,45.7619],[28.5614,45.7166],[28.5152,45.702],[28.474,45.6579],[28.5113,45.635],[28.5369,45.5798],[28.4982,45.5587],[28.5065,45.5206],[28.4809,45.502]],[[29.9893,46.4987],[30.0217,46.4707],[30.0141,46.462],[30.077,46.4228]],[[29.9706,46.4917],[29.9893,46.4987]],[[29.6156,46.3618],[29.583,46.3697],[29.5414,46.413],[29.4809,46.4252],[29.4864,46.4759],[29.4576,46.4847]],[[29.4576,46.4847],[29.3621,46.4159]],[[29.3621,46.4159],[29.3067,46.472]],[[29.3067,46.472],[29.2782,46.3959]],[[29.8281,46.3394],[29.8082,46.3547],[29.8003,46.3984],[29.7141,46.4712]],[[29.7141,46.4712],[29.7029,46.4283],[29.6544,46.4227],[29.6455,46.3756],[29.6156,46.3618]],[[30.102,46.4307],[30.1316,46.4228],[30.1072,46.3919],[30.0373,46.3689]],[[30.077,46.4228],[30.102,46.4307]],[[29.2782,46.3959],[29.2714,46.3974]],[[29.2714,46.3974],[29.2007,46.3571]],[[30.0373,46.3689],[29.9187,46.3737]],[[29.9187,46.3737],[29.8281,46.3394]],[[28.4809,45.502],[28.2705,45.5215]],[[28.2705,45.5215],[28.2173,45.4933],[28.1995,45.4618]]]}},{"type":"Feature","properties":{"featurecla":"International boundary (verify)","adm0_a3_l":"POL","adm0_a3_r":"BLR"},"geometry":{"type":"MultiLineString","coordinates":[[[23.5647,53.7424],[23.5299,53.7842],[23.4856,53.9393]],[[23.2842,52.2197],[23.1897,52.2405],[23.1945,52.2715],[23.1656,52.2894],[23.3923,52.5096],[23.569,52.5859],[23.7362,52.6149],[23.869,52.67],[23.9088,52.6999],[23.9225,52.7426],[23.9011,52.9233],[23.918,52.9508],[23.9113,53.0051],[23.8593,53.068],[23.8937,53.152],[23.8006,53.2425],[23.743,53.3655],[23.6758,53.4557],[23.5909,53.6113],[23.5648,53.7424]],[[23.5648,53.7424],[23.5647,53.7424]],[[23.3914,52.1825],[23.3958,52.1996],[23.2996,52.2234]],[[23.2996,52.2234],[23.2842,52.2197]],[[23.4709,52.1716],[23.4505,52.1859]],[[23.4505,52.1859],[23.4367,52.1757]],[[23.4367,52.1757],[23.4057,52.1859]],[[23.4057,52.1859],[23.3914,52.1825]],[[23.5319,52.1206],[23.4847,52.1586],[23.4877,52.1816]],[[23.4877,52.1816],[23.4709,52.1716]],[[23.5672,51.5549],[23.5434,51.5927],[23.5324,51.659],[23.5603,51.672],[23.5461,51.6896],[23.5592,51.6952],[23.5466,51.7136],[23.5603,51.7545],[23.6175,51.7865],[23.6287,51.8098],[23.5946,51.8433],[23.6218,51.8774],[23.6287,51.9463],[23.6764,51.9941],[23.6375,52.0845],[23.5794,52.1215]],[[23.5794,52.1215],[23.5319,52.1206]],[[23.5603,51.5553],[23.5672,51.5549]],[[23.6062,51.5174],[23.5603,51.5553]]]}},{"type":"Feature","properties":{"featurecla":"International boundary (verify)","adm0_a3_l":"POL","adm0_a3_r":"UKR"},"geometry":{"type":"MultiLineString","coordinates":[[[24.0469,50.8291],[24.1309,50.8391],[24.1432,50.8564],[23.9793,50.9375],[23.9551,50.9836],[23.9117,51.0068],[23.9042,51.0627],[23.8545,51.1215],[23.8747,51.1361],[23.8636,51.1483],[23.7427,51.2163],[23.6873,51.2924],[23.6352,51.3047],[23.634,51.3393],[23.6839,51.3703],[23.6789,51.3941],[23.6976,51.4044],[23.6487,51.454],[23.6628,51.4802],[23.6148,51.4972],[23.6062,51.5174]],[[24.0205,50.8386],[24.0469,50.8291]],[[22.6878,49.1559],[22.7378,49.2754],[22.7198,49.383],[22.6796,49.4189],[22.6409,49.5288],[22.6658,49.5674],[22.7662,49.6742],[22.8266,49.6974],[22.8882,49.7697],[22.9331,49.7911],[22.9512,49.8266],[23.1015,49.9571],[23.4364,50.1935],[23.6442,50.3127],[23.6822,50.3682],[23.7475,50.3894],[23.9287,50.3908],[23.9813,50.4048],[24.0078,50.4485],[24.0107,50.4928],[24.1077,50.5408],[24.0853,50.6044],[24.1084,50.6299],[24.0749,50.6902],[24.081,50.713],[24.0269,50.728],[24.0128,50.7433],[24.0259,50.767],[23.9595,50.7889],[23.9699,50.8252],[24.0205,50.8386]],[[22.8553,48.994],[22.867,49.01],[22.8432,49.0431],[22.8534,49.0848],[22.7057,49.1688]],[[22.7057,49.1688],[22.6878,49.1559]],[[22.5607,49.0855],[22.6644,49.0415]],[[22.5396,49.0722],[22.5607,49.0855]],[[22.7445,49.0455],[22.8553,48.994]],[[22.722,49.041],[22.7445,49.0455]],[[22.6858,49.0428],[22.722,49.041]],[[22.6644,49.0415],[22.6858,49.0428]]]}},{"type":"Feature","properties":{"featurecla":"International boundary (verify)","adm0_a3_l":"BLR","adm0_a3_r":"LVA"},"geometry":{"type":"MultiLineString","coordinates":[[[28.1489,56.1424],[28.111,56.1568]],[[28.111,56.1568],[27.9271,56.1094],[27.8807,56.0639],[27.7812,56.0164],[27.7444,55.9597],[27.645,55.9228],[27.5927,55.7942],[27.5646,55.7922]],[[27.263,55.7872],[27.1108,55.8363]],[[27.1108,55.8363],[26.9578,55.8186],[26.8228,55.7061],[26.7201,55.6819]],[[27.5646,55.7922],[27.4059,55.8043],[27.3496,55.8312]],[[27.3496,55.8312],[27.263,55.7872]],[[26.7201,55.6819],[26.6401,55.6956]],[[26.6401,55.6956],[26.5945,55.667]]]}},{"type":"Feature","properties":{"featurecla":"International boundary (verify)","adm0_a3_l":"LTU","adm0_a3_r":"RUS"},"geometry":{"type":"MultiLineString","coordinates":[[[21.3748,55.29],[21.5039,55.1944],[21.6051,55.1925],[21.7506,55.128],[21.9428,55.0783]],[[21.2676,55.2487],[21.3748,55.29]],[[22.0034,55.0935],[22.0277,55.0444],[22.0768,55.0286]],[[21.9428,55.0783],[22.0034,55.0935]],[[22.5411,55.0758],[22.5807,55.0576],[22.6217,54.97],[22.6499,54.9529]],[[22.4363,55.0578],[22.5411,55.0758]],[[22.2513,55.0709],[22.4363,55.0578]],[[22.0768,55.0286],[22.2513,55.0709]],[[22.7061,54.9531],[22.7521,54.9311],[22.7492,54.9099],[22.8213,54.8855],[22.8484,54.8138],[22.8328,54.7787],[22.7248,54.7234],[22.727,54.7053],[22.7009,54.6796],[22.7081,54.6356],[22.6817,54.5699],[22.6804,54.4532],[22.7672,54.3563]],[[22.6499,54.9529],[22.7061,54.9531]]]}},{"type":"Feature","properties":{"featurecla":"International boundary (verify)","adm0_a3_l":"BLR","adm0_a3_r":"RUS"},"geometry":{"type":"MultiLineString","coordinates":[[[28.3109,56.0427],[28.1489,56.1424]],[[28.809,55.9346],[28.7064,55.9598],[28.6806,56.0274],[28.6207,56.083],[28.5378,56.0977]],[[28.5378,56.0977],[28.3898,56.0886],[28.3109,56.0427]],[[29.4337,55.8995],[29.4444,55.9069],[29.4316,55.9242],[29.3774,55.954],[29.224,55.9782],[29.1454,56.012],[29.0308,56.0242]],[[29.0308,56.0242],[28.8597,55.9765],[28.8331,55.961],[28.8309,55.9377],[28.809,55.9346]],[[29.4256,55.9],[29.4337,55.8995]],[[29.4809,55.6811],[29.3634,55.7515],[29.3436,55.787],[29.3841,55.8799],[29.4256,55.9]],[[30.6391,55.6545],[30.5837,55.6791],[30.5801,55.7248],[30.4693,55.7626],[30.4688,55.7935],[30.2708,55.8307],[30.2003,55.858]],[[30.2003,55.858],[30.1063,55.8219]],[[30.1063,55.8219],[29.9477,55.8482]],[[29.9477,55.8482],[29.8695,55.8305],[29.7799,55.7638]],[[29.7799,55.7638],[29.7108,55.7738]],[[29.7108,55.7738],[29.5854,55.738],[29.4809,55.6811]],[[30.7707,55.5915],[30.7422,55.5944],[30.68,55.6563]],[[30.68,55.6563],[30.6391,55.6545]],[[30.9806,55.0187],[31.0056,55.023],[31.0064,55.0424],[30.9703,55.1014],[30.984,55.1309],[30.9588,55.1444],[30.9598,55.1626],[30.8865,55.2045],[30.8568,55.2535],[30.7943,55.2855],[30.8112,55.3231],[30.9183,55.3878],[30.9186,55.4076],[30.8813,55.4514],[30.9194,55.4923],[30.8994,55.4991],[30.9197,55.5345],[30.9128,55.5716],[30.8862,55.6005],[30.8477,55.611]],[[30.8477,55.611],[30.7707,55.5915]],[[30.9335,55.0256],[30.9806,55.0187]],[[30.999,54.6713],[30.9806,54.7057],[30.7706,54.786],[30.7626,54.802],[30.7681,54.8299],[30.8261,54.8775],[30.8148,54.928],[30.9174,54.954],[30.9361,54.9732],[30.9066,55.0126],[30.9335,55.0256]],[[31.7835,54.0458],[31.7367,54.0942],[31.5064,54.1439],[31.3247,54.2292],[31.2992,54.2726],[31.2848,54.3474],[31.2487,54.3768],[31.209,54.448],[31.0646,54.4923],[31.1679,54.6216],[31.1052,54.6683],[31.0209,54.6737]],[[31.0209,54.6737],[30.999,54.6713]],[[31.8732,53.7771],[31.7447,53.7949],[31.8101,53.8826],[31.8465,53.9923],[31.8139,54.0571]],[[31.8139,54.0571],[31.7835,54.0458]],[[32.3718,53.7144],[32.2904,53.7609],[32.0836,53.8096]],[[32.0836,53.8096],[31.8732,53.7771]],[[32.5843,53.4842],[32.5543,53.5108],[32.4529,53.5464],[32.4115,53.5824],[32.3991,53.6354],[32.4902,53.6771],[32.4616,53.7068],[32.4216,53.7158]],[[32.4216,53.7158],[32.3718,53.7144]],[[32.6582,53.4557],[32.6417,53.469],[32.6503,53.4876],[32.6181,53.4943]],[[32.6181,53.4943],[32.5843,53.4842]],[[32.6979,53.3259],[32.7175,53.3349],[32.7044,53.3664],[32.7195,53.4395],[32.6885,53.4622]],[[32.6885,53.4622],[32.6582,53.4557]],[[32.6499,53.3337],[32.6979,53.3259]],[[32.5373,53.2951],[32.5959,53.3083],[32.58,53.3244],[32.6499,53.3337]],[[32.4806,53.3052],[32.5373,53.2951]],[[32.268,53.1248],[32.3528,53.1805],[32.4236,53.2044],[32.4791,53.2749],[32.4472,53.2888],[32.4806,53.3052]],[[31.5936,53.2107],[31.7563,53.1866],[31.7805,53.1279],[31.8068,53.11]],[[31.5121,53.1941],[31.5936,53.2107]],[[31.464,53.2],[31.5121,53.1941]],[[31.6108,52.536],[31.6286,52.5481],[31.579,52.5778],[31.4806,52.6825],[31.5702,52.7253],[31.5608,52.7871],[31.5239,52.8117],[31.5051,52.8489],[31.3879,52.888],[31.3226,52.9771],[31.2471,53.0144],[31.3192,53.0764],[31.3637,53.0888],[31.3599,53.1338],[31.3785,53.182],[31.464,53.2]],[[32.2157,53.1255],[32.268,53.1248]],[[32.2011,53.0976],[32.2157,53.1255]],[[31.8426,53.1122],[31.9307,53.0883]],[[31.8068,53.11],[31.8426,53.1122]],[[32.0099,53.1],[32.1173,53.0811]],[[31.9307,53.0883],[32.0099,53.1]],[[32.1886,53.0992],[32.2011,53.0976]],[[32.1173,53.0811],[32.1886,53.0992]],[[31.5744,52.5413],[31.6108,52.536]],[[31.7643,52.1006],[31.7626,52.1498],[31.6824,52.2019],[31.6994,52.2515],[31.6314,52.2648],[31.5674,52.3114],[31.6086,52.3544],[31.5829,52.4028],[31.5879,52.4826],[31.5506,52.5119],[31.5759,52.5247],[31.5593,52.5405],[31.5744,52.5413]]]}},{"type":"Feature","properties":{"featurecla":"International boundary (verify)","adm0_a3_l":"RUS","adm0_a3_r":"UKR"},"geometry":{"type":"MultiLineString","coordinates":[[[33.1965,52.3689],[33.2943,52.3573]],[[33.0704,52.3042],[33.1965,52.3689]],[[33.7336,52.361],[33.8041,52.3546],[33.9578,52.2247],[34.0389,52.1865],[34.0736,52.1396],[34.0567,52.1058],[34.0626,52.0502],[34.1011,51.9925],[34.0962,51.9518],[34.1664,51.9423],[34.246,51.8755]],[[33.5101,52.2875],[33.6002,52.3308],[33.7336,52.361]],[[33.4805,52.3578],[33.4994,52.341],[33.493,52.3031],[33.5101,52.2875]],[[33.4193,52.3383],[33.4805,52.3578]],[[33.359,52.3576],[33.4193,52.3383]],[[33.2943,52.3573],[33.359,52.3576]],[[32.3943,52.3268],[32.4806,52.3071]],[[32.0771,52.04],[32.2777,52.1027],[32.3067,52.1412],[32.3282,52.2192],[32.367,52.2472],[32.3395,52.2872],[32.3536,52.3216],[32.3943,52.3268]],[[32.5284,52.3162],[32.7254,52.2521]],[[32.4806,52.3071],[32.5284,52.3162]],[[33.0482,52.3091],[33.0704,52.3042]],[[32.909,52.2411],[33.0482,52.3091]],[[32.8442,52.2623],[32.909,52.2411]],[[32.7254,52.2521],[32.8442,52.2623]],[[31.8258,52.1041],[31.8821,52.0864],[31.892,52.0362],[31.9104,52.0291]],[[31.7643,52.1006],[31.8258,52.1041]],[[32.0169,52.0498],[32.0771,52.04]],[[31.9104,52.0291],[32.0169,52.0498]],[[34.2767,51.8812],[34.3857,51.8177],[34.4127,51.7777],[34.4142,51.7365],[34.3569,51.7056]],[[34.246,51.8755],[34.2767,51.8812]],[[34.3569,51.7056],[34.2982,51.7061]],[[34.2982,51.7061],[34.128,51.6807],[34.0891,51.6666],[34.0795,51.6431],[34.1401,51.6212],[34.153,51.584],[34.2154,51.532],[34.2171,51.4171],[34.1819,51.4023],[34.2157,51.3738],[34.2644,51.3612]],[[34.3002,51.3684],[34.3087,51.3346],[34.2836,51.3012],[34.186,51.2489],[34.2818,51.2264]],[[34.2644,51.3612],[34.3002,51.3684]],[[34.3718,51.2568],[34.5135,51.2296]],[[34.2818,51.2264],[34.3718,51.2568]],[[34.5782,51.2367],[34.6224,51.2248],[34.6574,51.1717],[34.7481,51.1647]],[[34.5135,51.2296],[34.5782,51.2367]],[[34.9618,51.2153],[34.9994,51.2021]],[[34.7481,51.1647],[34.9618,51.2153]],[[35.0594,51.2123],[35.0913,51.1977],[35.1436,51.0585],[35.2065,51.0389]],[[34.9994,51.2021],[35.0594,51.2123]],[[35.2743,51.0488],[35.3551,51.0256],[35.3326,50.9999],[35.2781,50.9927],[35.2848,50.9443],[35.3417,50.9159],[35.3414,50.8765],[35.3777,50.8337],[35.3791,50.7972],[35.4385,50.7624],[35.4454,50.6875],[35.4689,50.6685],[35.3762,50.6346],[35.4253,50.5005],[35.4464,50.476],[35.5408,50.45],[35.5702,50.3765],[35.5922,50.3605],[35.6732,50.3402]],[[35.2065,51.0389],[35.2743,51.0488]],[[37.4152,50.4319],[37.4353,50.4249],[37.48,50.34],[37.5992,50.2909],[37.5971,50.1969],[37.7277,50.0787],[37.9159,50.0033],[38.0004,49.8998]],[[37.0517,50.3353],[37.197,50.3624],[37.2852,50.4153],[37.4152,50.4319]],[[35.9319,50.4302],[36.1332,50.4116],[36.292,50.274]],[[35.6732,50.3402],[35.8193,50.419],[35.9319,50.4302]],[[36.9801,50.3421],[37.0517,50.3353]],[[36.5944,50.2044],[36.6358,50.214],[36.6826,50.2607],[36.8486,50.3237],[36.9801,50.3421]],[[36.4002,50.3066],[36.5364,50.2675],[36.5346,50.2199],[36.5944,50.2044]],[[36.292,50.274],[36.4002,50.3066]],[[38.1898,50.0628],[38.2538,50.0591]],[[38.119,49.9192],[38.1662,49.9406],[38.1641,50.0304],[38.1739,50.0601],[38.1898,50.0628]],[[38.2812,50.0624],[38.3141,50.0495],[38.356,49.9806],[38.4975,49.9482]],[[38.2538,50.0591],[38.2812,50.0624]],[[38.6646,49.9652],[38.6873,49.9138],[38.7478,49.8854],[38.8522,49.8658],[38.9374,49.8035]],[[38.6195,49.9508],[38.6646,49.9652]],[[38.5702,49.9566],[38.6195,49.9508]],[[38.4975,49.9482],[38.5702,49.9566]],[[38.0792,49.9299],[38.119,49.9192]],[[38.0004,49.8998],[38.0792,49.9299]],[[39.1558,49.8736],[39.1828,49.8585],[39.2609,49.7445],[39.3277,49.7263]],[[38.9374,49.8035],[39.0491,49.8106],[39.1171,49.8644],[39.1558,49.8736]],[[39.4436,49.7495],[39.5575,49.724],[39.6229,49.6135],[39.8287,49.5415]],[[39.3277,49.7263],[39.4436,49.7495]],[[39.9981,49.6082],[40.1307,49.5798],[40.1261,49.5591],[40.0543,49.5198],[40.0349,49.4871],[40.062,49.4258],[40.1481,49.3496],[40.1572,49.3159],[40.134,49.2363],[39.9521,49.1245],[39.9187,49.0478],[39.8913,49.0418]],[[39.8287,49.5415],[39.9147,49.563],[39.9981,49.6082]],[[39.8913,49.0418],[39.8315,49.0453]],[[39.8315,49.0453],[39.7489,49.0262]],[[39.7489,49.0262],[39.6983,49.0284]],[[39.6983,49.0284],[39.6811,49.0203],[39.674,48.9701],[39.7587,48.8954],[39.8619,48.8764]],[[40.0089,48.8878],[40.0538,48.8692],[40.0387,48.83],[39.9753,48.7897],[39.935,48.7867]],[[39.9504,48.8528],[40.0089,48.8878]],[[39.8965,48.8799],[39.9504,48.8528]],[[39.8619,48.8764],[39.8965,48.8799]],[[39.935,48.7867],[39.8242,48.8156]],[[39.8242,48.8156],[39.7794,48.8077],[39.7029,48.7466],[39.6317,48.5869]],[[39.6901,48.5937],[39.8353,48.5735],[39.8695,48.5099],[39.856,48.4994]],[[39.6317,48.5869],[39.6901,48.5937]],[[39.856,48.4994],[39.8467,48.4998]],[[39.8467,48.4998],[39.8447,48.4835],[39.9241,48.3761],[39.8159,48.3082],[39.8848,48.279]],[[39.9574,48.2934],[39.9932,48.2732],[39.9907,48.2537],[39.8937,48.183],[39.8431,48.1198],[39.829,48.0768],[39.8403,48.035]],[[39.8848,48.279],[39.9574,48.2934]],[[39.8403,48.035],[39.8336,48.0362]],[[39.8336,48.0362],[39.7599,48.015],[39.7962,47.9614],[39.7756,47.858],[39.7338,47.816],[39.7008,47.8115]],[[39.1135,47.8286],[39.0391,47.8569],[38.8772,47.8612]],[[38.8772,47.8612],[38.7962,47.8199],[38.7452,47.6931],[38.713,47.6757]],[[39.3916,47.8226],[39.3197,47.846]],[[39.3197,47.846],[39.1135,47.8286]],[[39.5094,47.8228],[39.4571,47.8313]],[[39.4571,47.8313],[39.3916,47.8226]],[[39.7008,47.8115],[39.57,47.8309]],[[39.57,47.8309],[39.5094,47.8228]],[[38.713,47.6757],[38.6779,47.6852]],[[38.6779,47.6852],[38.5622,47.6266],[38.3529,47.6071],[38.319,47.5913],[38.2603,47.4929],[38.258,47.3932],[38.1906,47.3169],[38.1887,47.301],[38.2203,47.2888]],[[38.2576,47.2927],[38.2919,47.287],[38.2982,47.256],[38.2035,47.1923],[38.2014,47.1307],[38.2167,47.1033]],[[38.2203,47.2888],[38.2576,47.2927]]]}},{"type":"Feature","properties":{"featurecla":"International boundary (verify)","adm0_a3_l":"ARM","adm0_a3_r":"IRN"},"geometry":{"type":"MultiLineString","coordinates":[[[46.3782,38.9247],[46.514,38.8822]],[[46.1359,38.8637],[46.2025,38.8705],[46.2913,38.9139],[46.3782,38.9247]]]}},{"type":"Feature","properties":{"featurecla":"International boundary (verify)","adm0_a3_l":"ARM","adm0_a3_r":"TUR"},"geometry":{"type":"MultiLineString","coordinates":[[[43.4404,41.1066],[43.4605,41.0229],[43.5654,40.9881],[43.6362,40.9335],[43.6595,40.852],[43.7206,40.7629],[43.7294,40.6771],[43.6995,40.6346],[43.7072,40.6119],[43.6515,40.5534],[43.6525,40.5294]],[[43.6525,40.5294],[43.6315,40.5369]],[[43.6315,40.5369],[43.639,40.5226],[43.5937,40.509],[43.5595,40.4779],[43.6253,40.4202],[43.5942,40.3454],[43.676,40.266],[43.6914,40.2386],[43.6731,40.2277],[43.7214,40.1694],[43.6525,40.139],[43.6654,40.1102],[43.9121,40.0243],[44.0324,40.0086]],[[44.2891,40.0434],[44.4643,39.9723],[44.5222,39.9335],[44.5911,39.8578],[44.5982,39.831]],[[44.1355,40.0223],[44.2891,40.0434]],[[44.1045,40.036],[44.1355,40.0223]],[[44.0324,40.0086],[44.1045,40.036]],[[44.6115,39.8373],[44.6713,39.7959]],[[44.5982,39.831],[44.6115,39.8373]],[[44.6824,39.7972],[44.7746,39.7028]],[[44.6713,39.7959],[44.6824,39.7972]]]}},{"type":"Feature","properties":{"featurecla":"International boundary (verify)","adm0_a3_l":"AZE","adm0_a3_r":"IRN"},"geometry":{"type":"MultiLineString","coordinates":[[[47.9573,39.7073],[48.052,39.6501],[48.2886,39.445],[48.3389,39.3789],[48.1535,39.319],[48.1062,39.2692],[48.1043,39.2348],[48.1422,39.1812],[48.2713,39.1083],[48.3068,39.0454],[48.2937,39.0046],[48.2432,38.9739],[48.0585,38.9484],[48.0524,38.9279],[47.9907,38.8912],[47.9931,38.8501],[48.013,38.8216],[48.223,38.7215],[48.228,38.6622],[48.3103,38.6002],[48.3411,38.5996]],[[47.9229,39.6841],[47.9573,39.7073]],[[47.8469,39.6853],[47.9229,39.6841]],[[46.9416,39.1589],[47.0309,39.1996],[47.1022,39.3084],[47.2914,39.3796],[47.4069,39.4768],[47.5412,39.5152],[47.607,39.5636],[47.8469,39.6853]],[[44.807,39.6399],[44.8723,39.6251],[44.9284,39.4882],[44.9616,39.4538],[44.957,39.4345],[44.9877,39.4194]],[[44.9986,39.4196],[45.096,39.3411],[45.1358,39.2785],[45.1527,39.2135]],[[44.9877,39.4194],[44.9986,39.4196]],[[45.1789,39.2198],[45.2831,39.1931]],[[45.1527,39.2135],[45.1789,39.2198]],[[45.3017,39.2014],[45.3111,39.1763],[45.3482,39.1639],[45.3453,39.1384],[45.3964,39.0733],[45.4297,39.0595],[45.4271,39.0149],[45.4598,38.9931],[45.5431,38.9671],[45.7169,38.9548],[46.1261,38.8627]],[[45.2831,39.1931],[45.3017,39.2014]],[[46.8987,39.1717],[46.9416,39.1589]],[[46.514,38.8822],[46.5854,38.9077],[46.6522,38.9929],[46.7284,39.028],[46.851,39.1555],[46.8987,39.1717]],[[46.1261,38.8627],[46.1359,38.8637]],[[48.4153,38.6181],[48.4337,38.57],[48.5759,38.4204],[48.6079,38.396],[48.6591,38.3926]],[[48.3411,38.5996],[48.4153,38.6181]],[[48.7777,38.4448],[48.8743,38.4341]],[[48.6591,38.3926],[48.7777,38.4448]]]}},{"type":"Feature","properties":{"featurecla":"International boundary (verify)","adm0_a3_l":"AZE","adm0_a3_r":"TUR"},"geometry":{"type":"LineString","coordinates":[[44.7746,39.7028],[44.807,39.6399]]}},{"type":"Feature","properties":{"featurecla":"International boundary (verify)","adm0_a3_l":"MNG","adm0_a3_r":"RUS"},"geometry":{"type":"MultiLineString","coordinates":[[[100.006,51.7317],[99.9179,51.7495],[99.7097,51.8806],[99.5568,51.8915],[99.2954,51.9435],[99.2328,51.9942],[98.9947,52.0583],[98.9625,52.1126],[98.9276,52.1296]],[[98.9276,52.1296],[98.8864,52.1286],[98.8556,52.1067],[98.8465,52.0393],[98.8002,51.9927],[98.7766,51.9301],[98.7111,51.8451],[98.6514,51.7975],[98.3322,51.7183],[98.2282,51.5834],[98.2338,51.5165],[98.2204,51.4752]],[[100.2103,51.7262],[100.0983,51.7387]],[[100.0983,51.7387],[100.006,51.7317]],[[101.3502,51.4505],[101.2416,51.5152],[101.117,51.5278],[100.5109,51.7269]],[[100.5109,51.7269],[100.2103,51.7262]],[[98.2204,51.4752],[98.1378,51.4859]],[[98.1378,51.4859],[98.0509,51.4664],[97.9228,51.3185],[97.929,51.215],[97.8701,51.0868],[97.8064,51.0011],[97.8085,50.9705],[97.9846,50.8469],[97.9902,50.8356],[97.9474,50.796],[97.944,50.7745],[98.0385,50.623],[98.136,50.571],[98.2513,50.5506],[98.2935,50.5186],[98.2982,50.4601],[98.2618,50.3675],[98.2693,50.2994],[98.1056,50.0639],[98.048,50.023],[97.9062,49.9731],[97.8299,49.9233]],[[101.6437,51.4501],[101.5264,51.4758]],[[101.5264,51.4758],[101.3502,51.4505]],[[101.8218,51.4136],[101.6966,51.4524]],[[101.6966,51.4524],[101.6437,51.4501]],[[102.9741,50.2956],[102.8871,50.315],[102.7626,50.3748],[102.6178,50.3993],[102.5866,50.4153],[102.5131,50.5037],[102.4719,50.5249],[102.3276,50.5455],[102.3029,50.5639],[102.2716,50.6209],[102.2759,50.6502],[102.3294,50.7188],[102.3075,50.7482],[102.2168,50.7989],[102.203,50.8294],[102.2395,50.9123],[102.2152,50.9382],[102.2297,50.9793],[102.1465,51.0976],[102.15,51.1854],[102.1353,51.2403],[102.1934,51.3072],[102.0747,51.3748],[101.9742,51.3872],[101.9019,51.4171]],[[101.9019,51.4171],[101.8218,51.4136]],[[92.6498,50.6741],[92.6118,50.6877],[92.5546,50.743],[92.4433,50.7863],[92.3999,50.8506],[92.3609,50.8684]],[[92.3609,50.8684],[92.3017,50.8434],[92.2944,50.7913],[92.2428,50.72],[92.1588,50.6891],[92.0627,50.6863]],[[93.1049,50.5988],[93.0114,50.6233],[92.9734,50.6944],[92.9617,50.7779],[92.8577,50.7955]],[[92.8577,50.7955],[92.7603,50.7708],[92.7352,50.7052],[92.6498,50.6741]],[[92.0627,50.6863],[91.9,50.7072]],[[91.9,50.7072],[91.8242,50.7016],[91.6796,50.6565],[91.6027,50.5796],[91.4751,50.536],[91.4157,50.4614],[91.3822,50.455]],[[94.6245,50.0152],[94.5091,50.1099],[94.4917,50.1523],[94.3685,50.2027],[94.3323,50.301],[94.3275,50.4044],[94.2587,50.5575],[93.5363,50.5847],[93.4215,50.6094]],[[93.4215,50.6094],[93.1049,50.5988]],[[105.6394,50.4219],[105.3286,50.4765]],[[105.3286,50.4765],[105.2785,50.4726],[105.1313,50.3981],[105.0501,50.3835]],[[91.3822,50.455],[91.2601,50.4666]],[[91.2601,50.4666],[91.1298,50.4262],[90.9751,50.4139],[90.84,50.3208],[90.7266,50.2919],[90.7126,50.238],[90.6839,50.2162],[90.6049,50.206]],[[106.2449,50.2903],[106.1353,50.3271],[106.0559,50.3336],[106.0389,50.3714],[105.9849,50.3998],[105.7793,50.4289]],[[105.7793,50.4289],[105.6394,50.4219]],[[105.0501,50.3835],[104.9342,50.3933]],[[104.9342,50.3933],[104.7896,50.3526]],[[104.7896,50.3526],[104.6971,50.3532]],[[104.6971,50.3532],[104.577,50.3095]],[[107.2249,49.9971],[107.0571,50.0741],[106.9737,50.1964],[106.7883,50.2915],[106.6565,50.327],[106.5482,50.3358]],[[106.5482,50.3358],[106.2449,50.2903]],[[104.577,50.3095],[104.4741,50.3133]],[[104.4741,50.3133],[104.3772,50.2892],[104.1981,50.17],[104.0395,50.1412]],[[103.3066,50.1904],[103.2531,50.215],[103.2017,50.297],[103.13,50.3091]],[[103.13,50.3091],[102.9741,50.2956]],[[114.473,50.234],[114.2863,50.2769]],[[114.2863,50.2769],[114.1182,50.2244],[114.0553,50.1838],[113.9731,50.1605],[113.8498,50.0807],[113.8158,50.0769]],[[115.3878,49.8911],[115.2102,49.9717],[115.0634,50.0775],[114.9974,50.1443],[114.7537,50.2362],[114.6597,50.2514]],[[114.6597,50.2514],[114.473,50.234]],[[90.6049,50.206],[90.5189,50.2184]],[[90.5189,50.2184],[90.3439,50.1747],[90.2229,50.1144],[90.0205,50.0707],[89.9962,49.9928],[89.9694,49.9671],[89.8664,49.9427],[89.6677,49.9273],[89.6239,49.9027],[89.6153,49.8419],[89.6436,49.8189],[89.6264,49.788],[89.7015,49.7531],[89.7126,49.7352],[89.7024,49.72],[89.4753,49.6434]],[[103.6681,50.1312],[103.6014,50.1335],[103.4071,50.1973]],[[103.4071,50.1973],[103.3066,50.1904]],[[104.0395,50.1412],[103.7853,50.1861]],[[103.7853,50.1861],[103.6681,50.1312]],[[113.8158,50.0769],[113.7731,50.0816]],[[113.7731,50.0816],[113.5797,50.0199],[113.1827,49.802],[113.0875,49.6874],[113.0608,49.596],[112.9698,49.583],[112.8681,49.5317],[112.7015,49.4913]],[[95.0764,49.9455],[95.0283,49.9634],[94.9806,50.0248],[94.9216,50.0459]],[[94.9216,50.0459],[94.7464,50.0404],[94.6245,50.0152]],[[95.9463,49.9385],[95.9227,49.9446],[95.867,50.015],[95.8279,50.0202]],[[95.8279,50.0202],[95.7877,50.0117],[95.7214,49.9585],[95.584,49.9367],[95.5007,49.8867]],[[116.6843,49.8233],[116.5754,49.9218],[116.2176,50.0138],[116.1354,50.0144]],[[116.1354,50.0144],[116.0536,49.9984],[115.7509,49.885],[115.6834,49.8777]],[[107.8079,49.9439],[107.7293,49.9719],[107.3641,49.9761],[107.3049,50.01]],[[107.3049,50.01],[107.2249,49.9971]],[[96.3729,49.8861],[96.2356,49.9492],[96.056,49.9988]],[[96.056,49.9988],[95.9463,49.9385]],[[97.8299,49.9233],[97.7563,49.9615]],[[97.7563,49.9615],[97.5666,49.9168],[97.5813,49.8779],[97.5736,49.8475],[97.5427,49.8227],[97.3908,49.7495],[97.3017,49.7255]],[[95.5007,49.8867],[95.3547,49.9477]],[[95.3547,49.9477],[95.0764,49.9455]],[[107.9629,49.6611],[107.9274,49.67],[107.9268,49.6829],[107.9548,49.7328],[107.93,49.8514],[107.9565,49.9234],[107.8392,49.9466]],[[107.8392,49.9466],[107.8079,49.9439]],[[96.5851,49.8575],[96.5033,49.9221]],[[96.5033,49.9221],[96.3729,49.8861]],[[97.3017,49.7255],[97.153,49.7502],[97.1199,49.7937],[97.0573,49.8127],[96.9692,49.8867],[96.7019,49.9138]],[[96.7019,49.9138],[96.5851,49.8575]],[[115.6834,49.8777],[115.5782,49.8936]],[[115.5782,49.8936],[115.5085,49.8868]],[[115.5085,49.8868],[115.4501,49.8914]],[[115.4501,49.8914],[115.3878,49.8911]],[[108.6084,49.3237],[108.5381,49.3274],[108.4737,49.3564],[108.3349,49.4364],[108.2364,49.5325],[108.1265,49.5472],[108.0327,49.5893],[108.0053,49.6178],[108.0158,49.6557],[108.0028,49.6632]],[[108.0028,49.6632],[107.9629,49.6611]],[[89.4753,49.6434],[89.4416,49.6436]],[[89.4416,49.6436],[89.3719,49.5817],[89.3394,49.5808]],[[89.3394,49.5808],[89.2164,49.6345]],[[89.2164,49.6345],[89.1874,49.622],[89.1782,49.5985],[89.2156,49.5455],[89.1953,49.5215],[88.9753,49.4558]],[[88.9753,49.4558],[88.8889,49.5417]],[[88.8889,49.5417],[88.8587,49.5274],[88.8549,49.4739],[88.8706,49.436]],[[112.7015,49.4913],[112.5843,49.5263],[112.4733,49.5341]],[[112.4733,49.5341],[112.0302,49.4119],[111.661,49.3964],[111.4545,49.3431]],[[88.8706,49.436],[88.6957,49.447],[88.6158,49.4929]],[[88.6158,49.4929],[88.5388,49.4665],[88.4754,49.4636]],[[88.4754,49.4636],[88.4019,49.4758]],[[88.4019,49.4758],[88.1748,49.4439],[88.1155,49.3566],[88.1484,49.2966],[88.144,49.2707],[87.9755,49.1758],[87.8552,49.159]],[[111.4545,49.3431],[111.3627,49.3676]],[[111.3627,49.3676],[111.2735,49.3228],[111.1386,49.2916],[110.841,49.1624],[110.6881,49.1345]],[[109.033,49.3279],[108.9305,49.3488]],[[108.9305,49.3488],[108.859,49.3406]],[[109.4112,49.3032],[109.2867,49.3385],[109.1606,49.3467]],[[109.1606,49.3467],[109.033,49.3279]],[[108.859,49.3406],[108.7511,49.3412]],[[108.7511,49.3412],[108.6084,49.3237]],[[109.5162,49.2559],[109.4744,49.2691],[109.4507,49.3059]],[[109.4507,49.3059],[109.4112,49.3032]],[[110.1814,49.162],[109.8177,49.2277],[109.7285,49.2665]],[[109.7285,49.2665],[109.5162,49.2559]],[[110.6881,49.1345],[110.6036,49.1453],[110.4513,49.1946],[110.3712,49.2417]],[[110.3712,49.2417],[110.2683,49.1771],[110.1814,49.162]],[[87.8552,49.159],[87.8163,49.1658]]]}},{"type":"Feature","properties":{"featurecla":"International boundary (verify)","adm0_a3_l":"RUS","adm0_a3_r":"CHN"},"geometry":{"type":"MultiLineString","coordinates":[[[123.2773,53.5694],[123.4815,53.5181]],[[122.4016,53.451],[122.4712,53.4647],[122.8597,53.4739],[123.0025,53.5073],[123.1536,53.5131],[123.2773,53.5694]],[[123.6143,53.5633],[123.7018,53.5101],[123.8502,53.495],[123.9706,53.4552],[124.0174,53.407],[124.1218,53.3527]],[[123.5419,53.5141],[123.6143,53.5633]],[[123.5144,53.5624],[123.5475,53.5405],[123.5196,53.52],[123.5419,53.5141]],[[123.4815,53.5181],[123.4948,53.5601],[123.5144,53.5624]],[[122.3168,53.496],[122.4016,53.451]],[[122.0816,53.4295],[122.1687,53.4691],[122.3168,53.496]],[[121.889,53.4306],[122.0816,53.4295]],[[121.4058,53.3168],[121.5121,53.3298],[121.641,53.3849],[121.889,53.4306]],[[124.2088,53.3827],[124.2934,53.3513],[124.3425,53.2725],[124.3837,53.2461],[124.5282,53.2103]],[[124.1218,53.3527],[124.2088,53.3827]],[[121.3576,53.3241],[121.4058,53.3168]],[[121.1518,53.2745],[121.2536,53.2869],[121.3576,53.3241]],[[121.0549,53.29],[121.1518,53.2745]],[[120.176,52.5837],[120.0794,52.59],[120.0427,52.6135],[120.0326,52.6589],[120.0529,52.693],[120.033,52.7607],[120.2802,52.8659],[120.4503,53.0083],[120.6148,53.0971],[120.7141,53.185],[120.8239,53.2352],[120.826,53.2619],[120.8457,53.2734],[121.0549,53.29]],[[125.0737,53.2122],[125.1274,53.2065],[125.4765,53.0835],[125.5213,53.0424]],[[124.8701,53.108],[124.8962,53.1177],[124.8792,53.1539],[124.8977,53.1855],[125.0737,53.2122]],[[124.6402,53.2103],[124.6883,53.1936],[124.7202,53.1488],[124.7473,53.1477]],[[124.5282,53.2103],[124.6402,53.2103]],[[124.8014,53.1552],[124.8701,53.108]],[[124.7473,53.1477],[124.8014,53.1552]],[[125.6214,53.0621],[125.6502,53.0234],[125.7335,52.9817],[125.7199,52.9463],[125.6789,52.9332],[125.6471,52.9009],[125.6465,52.8849],[125.6687,52.878]],[[125.5213,53.0424],[125.6214,53.0621]],[[125.8374,52.9067],[125.8637,52.8886],[125.8674,52.8494],[125.9853,52.7645]],[[125.6687,52.878],[125.8374,52.9067]],[[126.0667,52.7832],[126.1041,52.7545],[126.0351,52.7271],[126.0686,52.6799],[126.0026,52.6655],[125.9732,52.6316],[125.9908,52.5864],[126.028,52.5664]],[[125.9853,52.7645],[126.0178,52.7824],[126.0667,52.7832]],[[120.625,51.9053],[120.6476,51.911],[120.7109,51.9883],[120.6964,52.0345],[120.7056,52.061],[120.7451,52.0767],[120.7792,52.1176],[120.7832,52.162],[120.7513,52.203],[120.7581,52.2374],[120.6549,52.2991],[120.6262,52.3468],[120.6904,52.4391],[120.724,52.5422],[120.454,52.639]],[[120.454,52.639],[120.2611,52.6111],[120.176,52.5837]],[[126.0686,52.5953],[126.2123,52.533],[126.2003,52.4671],[126.2168,52.4648]],[[126.028,52.5664],[126.0591,52.5755],[126.0686,52.5953]],[[126.2468,52.4658],[126.276,52.4633],[126.3507,52.3769],[126.3157,52.3162],[126.4393,52.2753],[126.3122,52.228],[126.3167,52.1998],[126.5312,52.1527],[126.556,52.1306],[126.5144,52.0425],[126.4671,52.0317],[126.4393,51.9979],[126.6479,51.7413],[126.7256,51.7087],[126.7073,51.6856],[126.7237,51.6359],[126.6769,51.5766],[126.8074,51.5342],[126.8304,51.5081],[126.7927,51.4591],[126.8003,51.419],[126.8901,51.407],[126.9094,51.3911],[126.8975,51.362],[126.8435,51.3494],[126.8142,51.3249],[126.809,51.2891],[126.8459,51.2515]],[[126.2168,52.4648],[126.2468,52.4658]],[[120.5786,51.9077],[120.625,51.9053]],[[120.5119,51.8762],[120.5786,51.9077]],[[120.5021,51.8772],[120.5119,51.8762]],[[120.1538,51.664],[120.3193,51.776],[120.4648,51.8402],[120.5021,51.8772]],[[120.1224,51.6672],[120.1538,51.664]],[[119.8024,51.2133],[119.815,51.2159],[119.8059,51.244],[119.8196,51.2747],[119.9157,51.3307],[119.8953,51.384],[119.9529,51.3977],[119.9827,51.4422],[119.9772,51.487],[120.0422,51.5385],[120.0649,51.6149],[120.1224,51.6672]],[[126.9546,51.3296],[126.9722,51.324],[126.9778,51.2966],[126.9163,51.2328],[126.9038,51.1934],[126.9318,51.0638],[127.0323,50.9724],[127.1443,50.9035],[127.2207,50.7882],[127.2874,50.751],[127.289,50.6752],[127.3587,50.605],[127.3648,50.5547],[127.289,50.466],[127.3585,50.4151],[127.3587,50.3813],[127.3307,50.3282],[127.3546,50.2986],[127.5906,50.2087],[127.5702,50.1302],[127.4867,50.0256],[127.4944,49.9732],[127.534,49.9225],[127.5081,49.8223],[127.5387,49.7899],[127.6443,49.7671],[127.68,49.7392],[127.69,49.6815],[127.722,49.6486],[127.8547,49.5849],[127.9073,49.5802]],[[126.8459,51.2515],[126.8907,51.2715],[126.8853,51.3029],[126.8994,51.3165],[126.9546,51.3296]],[[119.7723,51.2185],[119.8024,51.2133]],[[119.1984,50.4131],[119.2437,50.4455],[119.2646,50.4828],[119.2509,50.5045],[119.2936,50.5992],[119.3737,50.6427],[119.3917,50.6721],[119.4428,50.6851],[119.4967,50.7371],[119.5149,50.7919],[119.4975,50.8359],[119.528,50.8668],[119.518,50.9048],[119.6043,50.9782],[119.6832,51.0161],[119.7102,51.0385],[119.7104,51.0625],[119.7408,51.0715],[119.7652,51.1424],[119.7581,51.158],[119.7854,51.1717],[119.7581,51.199],[119.7723,51.2185]],[[119.1677,50.4141],[119.1984,50.4131]],[[119.1879,50.3547],[119.1719,50.3757],[119.1335,50.3815],[119.1677,50.4141]],[[119.2508,50.3425],[119.2136,50.3566]],[[119.2136,50.3566],[119.1879,50.3547]],[[118.9904,49.9793],[119.1896,50.0073],[119.3162,50.0927],[119.3483,50.1846],[119.3316,50.2173],[119.3338,50.2763],[119.3655,50.3108],[119.3529,50.3455],[119.3143,50.3517]],[[119.3143,50.3517],[119.2508,50.3425]],[[118.9238,49.9916],[118.9904,49.9793]],[[118.7129,49.9495],[118.9238,49.9916]],[[118.6706,49.9621],[118.7129,49.9495]],[[118.2417,49.7292],[118.373,49.7863],[118.3937,49.82],[118.477,49.836],[118.5213,49.8941],[118.6706,49.9621]],[[116.6843,49.8233],[117.0576,49.6729],[117.2529,49.6225],[117.4729,49.6143],[117.7689,49.511]],[[118.2294,49.7292],[118.2417,49.7292]],[[117.8369,49.509],[117.8738,49.5132],[117.8938,49.5466],[117.9307,49.5673],[118.1885,49.6813],[118.2294,49.7292]],[[128.6719,49.6114],[128.7969,49.5725],[128.7995,49.5319],[128.7693,49.5207],[128.7502,49.4845],[128.7866,49.4655]],[[128.6287,49.5753],[128.6719,49.6114]],[[127.9679,49.6032],[128.0671,49.5467],[128.1983,49.539]],[[127.9073,49.5802],[127.9679,49.6032]],[[128.5513,49.5884],[128.6287,49.5753]],[[128.3204,49.5448],[128.3835,49.5794],[128.5513,49.5884]],[[128.2679,49.5588],[128.3204,49.5448]],[[128.1983,49.539],[128.2679,49.5588]],[[117.795,49.5191],[117.8369,49.509]],[[117.7689,49.511],[117.795,49.5191]],[[128.8536,49.4805],[128.9982,49.4413],[129.0669,49.3616],[129.1154,49.3488]],[[128.7866,49.4655],[128.8536,49.4805]],[[129.4034,49.4307],[129.5024,49.4108],[129.5277,49.3848],[129.539,49.3037],[129.5718,49.2798],[129.6192,49.2743]],[[129.341,49.3412],[129.3732,49.3699],[129.3787,49.425],[129.4034,49.4307]],[[129.2179,49.3908],[129.341,49.3412]],[[129.1154,49.3488],[129.2179,49.3908]],[[129.6692,49.2792],[129.7112,49.2742],[129.7556,49.1843],[129.8415,49.1672],[129.8415,49.1092],[129.9207,49.0819],[129.9134,49.0395],[129.9265,49.0257],[129.9742,49.0151],[130.2493,48.8645]],[[129.6192,49.2743],[129.6692,49.2792]],[[130.4397,48.8965],[130.4653,48.8913],[130.4866,48.8637],[130.5409,48.8535]],[[130.2493,48.8645],[130.4397,48.8965]],[[130.6507,48.8764],[130.6765,48.8574],[130.5297,48.6163],[130.5408,48.5984],[130.6077,48.5767],[130.6202,48.5605],[130.6157,48.5081],[130.6393,48.4772]],[[130.5409,48.8535],[130.6507,48.8764]],[[130.7159,48.4991],[130.759,48.4857],[130.7433,48.4116],[130.7796,48.3564],[130.8221,48.3338],[130.824,48.2942],[130.7739,48.2442],[130.7528,48.1896],[130.6747,48.1359],[130.6634,48.1164],[130.6747,48.0639],[130.907,47.8843],[130.9417,47.8206],[130.9418,47.718],[131.0234,47.6823],[131.0843,47.6751]],[[130.6393,48.4772],[130.7159,48.4991]],[[134.3863,48.3813],[134.4898,48.3392]],[[133.937,48.2733],[134.0572,48.3272],[134.3863,48.3813]],[[134.5426,48.3573],[134.6113,48.2854],[134.7009,48.2615]],[[134.4898,48.3392],[134.5426,48.3573]],[[133.8775,48.2753],[133.937,48.2733]],[[133.7966,48.2506],[133.8775,48.2753]],[[134.7187,48.2634],[134.6874,48.2198],[134.683,48.1355],[134.5864,48.0612],[134.5594,48.0095],[134.6013,47.9441],[134.5877,47.9259],[134.6578,47.8867],[134.6765,47.8243],[134.7698,47.741],[134.7726,47.7107],[134.6929,47.6489],[134.6682,47.574],[134.6243,47.5496],[134.5569,47.4712],[134.4719,47.4286]],[[134.7009,48.2615],[134.7187,48.2634]],[[133.7379,48.2511],[133.7966,48.2506]],[[133.4637,48.0895],[133.544,48.1015],[133.5938,48.1642],[133.6702,48.19],[133.7379,48.2511]],[[133.2237,48.126],[133.3237,48.1001]],[[132.7897,47.9327],[132.9408,48.0267],[133.0328,48.0568],[133.0754,48.1009],[133.2237,48.126]],[[133.3795,48.1063],[133.4637,48.0895]],[[133.3237,48.1001],[133.3795,48.1063]],[[132.7057,47.9604],[132.7897,47.9327]],[[132.4758,47.7068],[132.5364,47.7111],[132.5742,47.7396],[132.5764,47.7942],[132.668,47.8813],[132.6681,47.9451],[132.7057,47.9604]],[[131.4184,47.7426],[131.5078,47.7215],[131.6033,47.6615]],[[131.0843,47.6751],[131.4184,47.7426]],[[132.3324,47.7365],[132.4758,47.7068]],[[132.117,47.6894],[132.3324,47.7365]],[[132.0254,47.6979],[132.117,47.6894]],[[131.914,47.6676],[132.0254,47.6979]],[[131.703,47.6962],[131.7804,47.6791]],[[131.6033,47.6615],[131.703,47.6962]],[[131.8359,47.6845],[131.914,47.6676]],[[131.7804,47.6791],[131.8359,47.6845]],[[134.4719,47.4286],[134.415,47.4392]],[[134.415,47.4392],[134.3129,47.4201],[134.2451,47.3551],[134.1836,47.3275],[134.1541,47.2579],[134.1972,47.2053],[134.1898,47.1729],[134.2273,47.1177],[134.1971,47.0852],[134.1242,47.0705],[134.0692,46.9812],[134.0628,46.9069],[134.0167,46.8195],[134.0447,46.772],[134.0148,46.665],[133.988,46.6252],[133.9025,46.5736],[133.8919,46.529],[133.8458,46.4707],[133.8544,46.4447],[133.9003,46.4266],[133.9339,46.3908],[133.926,46.3713],[133.8634,46.3393],[133.8744,46.3198]],[[133.8964,46.3272],[133.916,46.313],[133.8938,46.3019],[133.9025,46.259],[133.8553,46.2366],[133.8609,46.2236],[133.8301,46.1969]],[[133.8744,46.3198],[133.8964,46.3272]],[[133.8301,46.1969],[133.8062,46.2174]],[[133.8062,46.2174],[133.741,46.159],[133.6874,46.1418],[133.72,46.0638],[133.6499,45.9278]],[[133.6499,45.9278],[133.6277,45.9378]],[[133.6277,45.9378],[133.5797,45.8748]],[[133.5797,45.8748],[133.5523,45.8884]],[[133.5523,45.8884],[133.5027,45.862],[133.4773,45.8058],[133.5114,45.7786],[133.4849,45.7685],[133.4709,45.7289],[133.443,45.7097],[133.4878,45.6867],[133.4915,45.6734],[133.4567,45.6488],[133.4773,45.6277],[133.4276,45.6153],[133.4135,45.5733],[133.3748,45.5731],[133.1798,45.4938],[133.1332,45.4196],[133.1019,45.2872],[133.1215,45.1313],[132.9534,45.0244]],[[132.9534,45.0244],[132.8398,45.0592],[131.9688,45.234],[131.9146,45.2601],[131.8531,45.3376]],[[131.8531,45.3376],[131.818,45.3328],[131.7853,45.3047],[131.7113,45.2087]],[[131.7113,45.2087],[131.6669,45.2096]],[[131.6669,45.2096],[131.6278,45.1985],[131.6052,45.1646],[131.6224,45.1237],[131.6091,45.0897],[131.4195,44.959]],[[131.4195,44.959],[131.3504,44.968]],[[131.3504,44.968],[131.158,44.9017]],[[131.158,44.9017],[131.1101,44.9195]],[[131.1101,44.9195],[131.0516,44.909],[131.0248,44.8624],[130.9334,44.8417],[130.9301,44.825],[130.9716,44.7756],[131.0214,44.7469],[131.0658,44.682],[131.2645,44.0542],[131.2178,44.0161],[131.2067,43.9748],[131.2173,43.9085],[131.1703,43.7811],[131.192,43.5886],[131.1607,43.5328],[131.2743,43.4512],[131.2818,43.3931],[131.2479,43.3442],[131.2377,43.2658],[131.1691,43.2017],[131.184,43.1208],[131.0783,43.0318],[131.0743,42.9934],[131.103,42.9104],[131.074,42.8966]],[[131.074,42.8966],[131.0395,42.898]],[[131.0395,42.898],[131.0088,42.8869],[130.9924,42.8487]],[[130.9924,42.8487],[130.8562,42.8498],[130.7943,42.8691]],[[130.7943,42.8691],[130.7695,42.8658],[130.7349,42.8245]],[[130.7349,42.8245],[130.6491,42.8289]],[[130.6491,42.8289],[130.491,42.7808],[130.4072,42.7354],[130.3797,42.6967],[130.4381,42.6753]],[[130.4743,42.679],[130.5267,42.6658],[130.5843,42.5989],[130.5845,42.5689],[130.5308,42.5305]],[[130.4381,42.6753],[130.4743,42.679]]]}},{"type":"Feature","properties":{"featurecla":"International boundary (verify)","adm0_a3_l":"PRK","adm0_a3_r":"CHN"},"geometry":{"type":"MultiLineString","coordinates":[[[130.0082,42.9606],[129.9207,43.0103]],[[129.9207,43.0103],[129.8798,42.996],[129.907,42.9761],[129.8517,42.9619],[129.7573,42.7347],[129.7576,42.7036],[129.7876,42.6769],[129.7767,42.6472],[129.7416,42.629],[129.7631,42.6062],[129.7365,42.5852],[129.7289,42.4759],[129.7033,42.4424],[129.6712,42.4379]],[[130.1404,42.9071],[130.0988,42.9215],[130.1305,42.9595],[130.1215,42.9818]],[[130.1215,42.9818],[130.0082,42.9606]],[[130.404,42.6041],[130.2627,42.7086],[130.243,42.7434],[130.2565,42.8669],[130.239,42.9022],[130.1938,42.9082]],[[130.1938,42.9082],[130.1404,42.9071]],[[130.5308,42.5305],[130.5165,42.5994],[130.5014,42.6108]],[[130.5014,42.6108],[130.4551,42.5852],[130.471,42.5698],[130.4525,42.5493]],[[130.4525,42.5493],[130.4312,42.5615],[130.4277,42.5994],[130.4127,42.6046]],[[130.4127,42.6046],[130.404,42.6041]],[[129.6712,42.4379],[129.5917,42.448]],[[129.5917,42.448],[129.5877,42.4114],[129.5352,42.3696]],[[129.3862,42.4281],[129.3521,42.448]],[[129.3521,42.448],[129.3386,42.4384],[129.3521,42.4206],[129.3379,42.4144]],[[129.5352,42.3696],[129.4341,42.4411]],[[129.4341,42.4411],[129.3862,42.4281]],[[129.3379,42.4144],[129.3265,42.4268]],[[129.3265,42.4268],[129.3038,42.3896],[129.2361,42.3744],[129.2286,42.3502],[129.2423,42.3387],[129.2261,42.3181]],[[129.2261,42.3181],[129.1939,42.3182]],[[129.1939,42.3182],[129.228,42.2977],[129.1808,42.2431],[129.2143,42.2257],[129.1055,42.1421]],[[129.1055,42.1421],[129.0647,42.1538]],[[129.0647,42.1538],[129.0533,42.1229],[129.0089,42.0951],[128.9638,42.0885],[128.9401,42.0354],[128.9035,42.0263]],[[128.9035,42.0263],[128.721,42.0476]],[[128.721,42.0476],[128.6825,42.0257]],[[128.4076,42.0083],[128.3638,42.0265],[128.262,42.0329]],[[128.262,42.0329],[128.0546,41.9983],[128.0215,41.9798],[128.0576,41.8498],[128.091,41.8417],[128.1591,41.7118],[128.2509,41.6601],[128.303,41.5834],[128.1857,41.4045],[128.1461,41.3763]],[[128.6825,42.0257],[128.6079,42.0302]],[[128.6079,42.0302],[128.5644,42.0008]],[[128.5024,41.9961],[128.454,42.0103]],[[128.454,42.0103],[128.4076,42.0083]],[[128.5644,42.0008],[128.5437,42.0081]],[[128.5437,42.0081],[128.5024,41.9961]],[[126.9461,41.7662],[126.9298,41.801]],[[126.9298,41.801],[126.8871,41.7849],[126.8648,41.7473],[126.8089,41.7298],[126.7886,41.6959]],[[127.0332,41.7316],[126.9586,41.7668]],[[126.9586,41.7668],[126.9461,41.7662]],[[126.7886,41.6959],[126.7125,41.7412]],[[126.7125,41.7412],[126.6795,41.736],[126.728,41.7013],[126.6693,41.6671]],[[127.0766,41.6808],[127.0427,41.7326]],[[127.0427,41.7326],[127.0332,41.7316]],[[127.0596,41.6822],[127.0766,41.6808]],[[127.1346,41.522],[127.1047,41.5374],[127.1797,41.5852],[127.0972,41.6124],[127.1047,41.6262],[127.059,41.6433],[127.0455,41.668],[127.0596,41.6822]],[[126.6693,41.6671],[126.634,41.6686]],[[126.634,41.6686],[126.567,41.6142],[126.5773,41.5618],[126.5013,41.4344],[126.5221,41.3519],[126.4877,41.3444]],[[127.2583,41.5255],[127.2071,41.5459]],[[127.2071,41.5459],[127.1797,41.517]],[[127.3442,41.4913],[127.2691,41.505],[127.2898,41.5186],[127.2815,41.5311]],[[127.2815,41.5311],[127.2583,41.5255]],[[127.1797,41.517],[127.1559,41.5305]],[[127.1559,41.5305],[127.1346,41.522]],[[127.5258,41.4843],[127.4741,41.4988]],[[127.4741,41.4988],[127.4273,41.4831]],[[127.4273,41.4831],[127.379,41.4988]],[[127.379,41.4988],[127.3442,41.4913]],[[127.6383,41.4299],[127.5588,41.4582],[127.5429,41.4913]],[[127.5429,41.4913],[127.5258,41.4843]],[[128.0238,41.4115],[128.0014,41.4709]],[[128.0014,41.4709],[127.9742,41.4503]],[[127.9742,41.4503],[127.9442,41.4709]],[[127.9442,41.4709],[127.8815,41.4609],[127.8489,41.4313]],[[127.7846,41.4369],[127.6627,41.447]],[[127.6627,41.447],[127.6383,41.4299]],[[127.8489,41.4313],[127.8104,41.4436]],[[127.8104,41.4436],[127.7846,41.4369]],[[128.0642,41.3884],[128.0469,41.3988],[128.0506,41.4207]],[[128.0506,41.4207],[128.0238,41.4115]],[[128.1461,41.3763],[128.1039,41.3791],[128.1182,41.3934],[128.1039,41.3996]],[[128.1039,41.3996],[128.0642,41.3884]],[[126.4877,41.3444],[126.5013,41.3661],[126.4725,41.3665]],[[126.4725,41.3665],[126.3915,41.3034],[126.2748,41.1526],[126.1238,41.0755],[126.1382,41.057],[126.1041,41.0092],[126.0756,40.9971],[126.0455,40.9447],[125.9806,40.9136]],[[125.9966,40.9149],[126.0153,40.9091],[126.0078,40.8993],[125.9362,40.8774]],[[125.9806,40.9136],[125.9966,40.9149]],[[125.9362,40.8774],[125.9015,40.8993]],[[125.9015,40.8993],[125.822,40.8698]],[[125.822,40.8698],[125.7708,40.8862]],[[125.7708,40.8862],[125.6832,40.8479],[125.6448,40.8106],[125.6826,40.7689],[125.6099,40.7613]],[[125.6099,40.7613],[125.5717,40.7849]],[[125.5717,40.7849],[125.5465,40.7259],[125.4788,40.7188],[125.4437,40.6687]],[[125.4437,40.6687],[125.4263,40.6712]],[[125.4263,40.6712],[125.4133,40.6318]],[[125.3367,40.6411],[125.3082,40.6498]],[[125.3082,40.6498],[125.2772,40.6436],[125.2561,40.615],[125.0251,40.5344],[125.0153,40.5083],[125.0463,40.4711],[125.0066,40.4561]],[[125.4133,40.6318],[125.3636,40.6467]],[[125.3636,40.6467],[125.3367,40.6411]],[[124.9596,40.4537],[124.9179,40.4611],[124.8955,40.4836]],[[124.8955,40.4836],[124.8008,40.3941],[124.7412,40.3704],[124.7125,40.3103],[124.6426,40.2943],[124.5709,40.2524],[124.5487,40.2209],[124.37,40.0983]],[[125.0066,40.4561],[124.9866,40.4574]],[[124.9866,40.4574],[124.9596,40.4537]]]}},{"type":"Feature","properties":{"featurecla":"International boundary (verify)","adm0_a3_l":"PRK","adm0_a3_r":"RUS"},"geometry":{"type":"LineString","coordinates":[[130.7,42.2951],[130.6628,42.3206],[130.6458,42.4009],[130.5874,42.432],[130.5308,42.5305]]}},{"type":"Feature","properties":{"featurecla":"International boundary (verify)","adm0_a3_l":"TJK","adm0_a3_r":"UZB"},"geometry":{"type":"MultiLineString","coordinates":[[[70.7032,40.7889],[70.6969,40.8162],[70.5144,40.9726],[70.4457,41.0259],[70.4012,41.04]],[[70.4012,41.04],[70.3635,41.0324],[70.3359,40.927],[70.2804,40.8777],[70.1042,40.8133],[70.0097,40.758],[69.8033,40.7056],[69.6909,40.63]],[[70.6487,40.8175],[70.7032,40.7889]],[[70.372,40.413],[70.3538,40.4561],[70.3696,40.4755],[70.4778,40.5055],[70.5255,40.5571],[70.5693,40.5704],[70.7562,40.6951],[70.7671,40.7376],[70.6218,40.786],[70.6287,40.8159],[70.6487,40.8175]],[[69.6909,40.63],[69.6475,40.6474],[69.5092,40.7747],[69.4178,40.8042]],[[69.4178,40.8042],[69.3551,40.7804],[69.3142,40.7293],[69.3093,40.5958],[69.1984,40.5665],[69.198,40.5458],[69.2382,40.494]],[[69.2383,40.494],[69.3127,40.3428],[69.3053,40.2938],[69.2731,40.2896]],[[69.2382,40.494],[69.2383,40.494]],[[70.3714,40.4133],[70.372,40.413]],[[70.4422,40.3433],[70.3714,40.3649],[70.3849,40.3997],[70.3714,40.4133]],[[70.6643,40.1975],[70.5818,40.2217],[70.5506,40.3105],[70.5019,40.3508]],[[70.5019,40.3508],[70.4422,40.3433]],[[69.2731,40.2896],[69.2346,40.3008]],[[69.2346,40.3008],[69.2084,40.2983],[69.2125,40.2688],[69.2853,40.2186],[69.2853,40.195],[69.2477,40.1817]],[[70.959,40.2384],[70.9383,40.2399]],[[70.9383,40.2399],[70.6643,40.1975]],[[69.2477,40.1817],[69.0192,40.2321]],[[69.0192,40.2321],[68.7785,40.1888]],[[68.7785,40.1888],[68.7205,40.1965]],[[68.7205,40.1965],[68.5811,40.1642],[68.6871,40.1103]],[[68.9307,40.1468],[68.9838,40.107],[68.9854,40.0771],[68.9545,40.0621]],[[68.6871,40.1103],[68.9307,40.1468]],[[68.8131,40.0389],[68.7747,40.0799]],[[68.7747,40.0799],[68.7617,40.0615],[68.785,40.0339],[68.7894,39.994],[68.8774,39.9006],[68.8808,39.8783],[68.8383,39.8646]],[[68.9545,40.0621],[68.8818,40.0708]],[[68.8818,40.0708],[68.8131,40.0389]],[[68.8383,39.8646],[68.7798,39.9694],[68.7589,39.9806]],[[68.7589,39.9806],[68.7556,39.954],[68.7874,39.8817],[68.7416,39.8196]],[[68.7416,39.8196],[68.6851,39.868]],[[68.6851,39.868],[68.6511,39.8447]],[[68.6511,39.8447],[68.6262,39.8496]],[[68.6262,39.8496],[68.6058,39.6669],[68.587,39.6232],[68.5202,39.5825],[68.5067,39.5676],[68.5175,39.5484],[68.3866,39.5252]],[[68.3866,39.5252],[68.2559,39.5506],[68.1062,39.5541],[67.7176,39.6234]],[[67.7176,39.6234],[67.5874,39.5627],[67.5074,39.5529],[67.4876,39.538],[67.4946,39.4937],[67.4774,39.4844]],[[67.4774,39.4844],[67.4517,39.4872]],[[67.4517,39.4872],[67.4273,39.4766],[67.3803,39.2923]],[[67.3803,39.2923],[67.3713,39.2945]],[[67.3713,39.2945],[67.3465,39.2808],[67.3427,39.2596],[67.3501,39.2198],[67.3782,39.1995],[67.499,39.166],[67.5803,39.1636],[67.6445,39.1306]],[[67.6612,39.1334],[67.6786,39.1059],[67.6722,39.0038],[67.6905,38.9896],[67.8184,38.9734]],[[67.6445,39.1306],[67.6612,39.1334]],[[67.9489,39.002],[68.0198,38.9797]],[[67.8184,38.9734],[67.9489,39.002]],[[68.0691,38.9961],[68.0851,38.994]],[[68.0198,38.9797],[68.0691,38.9961]],[[68.0853,38.994],[68.1737,38.8673],[68.1513,38.8151],[68.0956,38.7929]],[[68.0851,38.994],[68.0853,38.994]],[[68.0956,38.7929],[68.0779,38.7934]],[[68.0779,38.7934],[68.0633,38.7663],[68.0759,38.7269],[68.0376,38.6916],[68.0552,38.5363],[68.0869,38.494],[68.098,38.4324],[68.1837,38.3355],[68.332,38.243],[68.3562,38.2126],[68.3607,38.1741],[68.3195,38.0602],[68.2487,37.949],[68.1222,37.9083],[68.0502,37.7604],[67.8292,37.5279],[67.7973,37.4244],[67.8206,37.3033],[67.7805,37.1889]]]}},{"type":"Feature","properties":{"featurecla":"International boundary (verify)","adm0_a3_l":"AFG","adm0_a3_r":"TJK"},"geometry":{"type":"MultiLineString","coordinates":[[[71.0498,38.4087],[71.0086,38.4586],[70.974,38.4737]],[[70.974,38.4737],[70.9435,38.4659],[70.9362,38.433]],[[70.9362,38.433],[70.871,38.4532]],[[70.871,38.4532],[70.843,38.4402]],[[70.843,38.4402],[70.7773,38.4465]],[[70.7773,38.4465],[70.7418,38.4194],[70.6649,38.4054],[70.6848,38.3867],[70.6321,38.3501]],[[71.2635,37.9244],[71.2558,37.9499],[71.2726,37.998],[71.3591,38.1841],[71.3582,38.2513],[71.3344,38.2807],[71.2177,38.3258],[71.1559,38.3762],[71.077,38.4122]],[[71.077,38.4122],[71.0498,38.4087]],[[70.6321,38.3501],[70.6093,38.3512]],[[70.6093,38.3512],[70.5831,38.2751],[70.5472,38.2627],[70.4703,38.1205],[70.2539,37.9734],[70.2615,37.9393],[70.2147,37.9293]],[[71.6999,36.6786],[71.6111,36.7048],[71.5639,36.7507],[71.5285,36.8561],[71.4631,36.9481],[71.46,37.0107],[71.4311,37.067],[71.4501,37.2167],[71.487,37.2671],[71.4939,37.3075],[71.4871,37.4091],[71.5112,37.4859],[71.4972,37.5665],[71.5425,37.7196],[71.5295,37.7611],[71.5942,37.8338],[71.5977,37.8984],[71.5371,37.9445],[71.5012,37.9462]],[[71.5012,37.9462],[71.3412,37.8933]],[[70.2147,37.9293],[70.1721,37.9461]],[[70.1721,37.9461],[70.1605,37.9207],[70.1792,37.8608],[70.196,37.8399],[70.2403,37.8276],[70.2751,37.7742],[70.2831,37.7048],[70.241,37.6171]],[[71.3412,37.8933],[71.2712,37.9262]],[[71.2712,37.9262],[71.2635,37.9244]],[[70.048,37.5414],[70.0076,37.5488],[69.9554,37.5755],[69.9188,37.6171],[69.8952,37.6182]],[[69.8952,37.6182],[69.8022,37.5815]],[[70.241,37.6171],[70.2377,37.6181]],[[70.2377,37.6181],[70.2165,37.6171],[70.1994,37.5793],[70.1291,37.5323]],[[69.8022,37.5815],[69.7543,37.5967]],[[69.7543,37.5967],[69.665,37.5762]],[[69.665,37.5762],[69.5287,37.586]],[[69.5287,37.586],[69.3784,37.4374],[69.377,37.3807],[69.4179,37.2677],[69.4099,37.2457],[69.4452,37.2364],[69.4421,37.2236],[69.4077,37.1775],[69.3239,37.121],[69.2457,37.1039]],[[70.1291,37.5323],[70.0417,37.5488]],[[70.0417,37.5488],[70.048,37.5414]],[[73.6745,37.431],[73.4853,37.481]],[[73.4853,37.481],[73.4406,37.4799],[73.3784,37.4525]],[[73.3784,37.4525],[73.3212,37.467]],[[73.3212,37.467],[73.2761,37.4595],[73.2006,37.4042]],[[73.6177,37.2332],[73.5973,37.2618],[73.6099,37.2814],[73.705,37.311],[73.7391,37.3383],[73.7535,37.4284],[73.7178,37.4318]],[[73.7178,37.4318],[73.6745,37.431]],[[74.3209,37.4139],[74.3156,37.4269]],[[74.3156,37.4269],[74.3038,37.4002],[74.2794,37.3975]],[[74.4183,37.3892],[74.3682,37.3964],[74.3438,37.421]],[[74.3438,37.421],[74.3209,37.4139]],[[73.2006,37.4042],[73.179,37.4107]],[[73.179,37.4107],[73.1321,37.3844],[73.0675,37.3151],[72.9956,37.3093],[72.9022,37.2538],[72.7907,37.2203],[72.6577,37.0288],[72.475,36.9975]],[[74.2794,37.3975],[74.2504,37.4037]],[[74.2504,37.4037],[74.2077,37.3899],[74.206,37.3557],[74.1876,37.3384],[73.8362,37.2567],[73.784,37.2259]],[[74.5127,37.3772],[74.4548,37.3936]],[[74.4548,37.3936],[74.4183,37.3892]],[[69.2457,37.1039],[69.1236,37.1692],[68.9852,37.3204],[68.8879,37.3381]],[[68.8879,37.3381],[68.9176,37.3024],[68.9047,37.2767]],[[68.9047,37.2767],[68.8358,37.3291]],[[68.8358,37.3291],[68.8102,37.3121],[68.8204,37.2509]],[[68.7259,37.2745],[68.6869,37.279]],[[68.6869,37.279],[68.6575,37.2677],[68.6712,37.2472],[68.6486,37.2444],[68.6269,37.2063],[68.5515,37.1926],[68.5239,37.1647],[68.4037,37.1516],[68.4115,37.1134],[68.3658,37.1032]],[[68.8204,37.2509],[68.7465,37.2762]],[[68.7465,37.2762],[68.7259,37.2745]],[[73.7092,37.217],[73.6599,37.2437]],[[73.6599,37.2437],[73.6177,37.2332]],[[73.784,37.2259],[73.7461,37.2305]],[[73.7461,37.2305],[73.7092,37.217]],[[68.0327,36.9252],[67.9184,37.0138],[67.8781,37.0644],[67.7854,37.0965],[67.772,37.125],[67.7805,37.1889]],[[68.3658,37.1032],[68.3073,37.1142]],[[68.3073,37.1142],[68.2808,37.0867],[68.2778,37.0101]],[[68.2778,37.0101],[68.2126,37.0213]],[[68.2126,37.0213],[68.0327,36.9252]],[[72.475,36.9975],[72.4059,37.0077]],[[72.4059,37.0077],[72.2598,36.9673],[71.8366,36.6992],[71.6999,36.6786]]]}},{"type":"Feature","properties":{"featurecla":"International boundary (verify)","adm0_a3_l":"AFG","adm0_a3_r":"TKM"},"geometry":{"type":"MultiLineString","coordinates":[[[66.1746,37.3755],[66.1429,37.3851],[66.0797,37.4409],[65.8552,37.5079],[65.8043,37.5653],[65.7614,37.5784]],[[65.7614,37.5784],[65.7394,37.5291]],[[65.7394,37.5291],[65.6983,37.5294]],[[65.6983,37.5294],[65.6587,37.5103],[65.6257,37.4528],[65.6241,37.3451],[65.5369,37.2571],[65.5014,37.2423],[65.0631,37.2332],[64.7788,37.118],[64.7556,37.0536],[64.7788,36.9385],[64.6048,36.6606],[64.589,36.5802],[64.6105,36.5009],[64.5767,36.3896],[64.4777,36.2716],[64.3037,36.2115],[64.2661,36.1525]],[[66.3207,37.3291],[66.2077,37.3769]],[[66.2077,37.3769],[66.1746,37.3755]],[[66.5196,37.3642],[66.4511,37.3229]],[[66.4511,37.3229],[66.4135,37.3496]],[[66.4135,37.3496],[66.3207,37.3291]],[[64.2661,36.1525],[64.1959,36.1659]],[[64.1959,36.1659],[64.1234,36.1461],[64.0446,36.0923],[64.0451,35.9987]],[[64.0451,35.9987],[63.922,36.0337]],[[63.922,36.0337],[63.8599,36.0221],[63.7659,35.9773],[63.5821,35.959],[63.5111,35.9018],[63.3429,35.8563]],[[63.3429,35.8563],[63.1253,35.8602]],[[63.1253,35.8602],[63.1041,35.8565],[63.0844,35.8261],[63.112,35.7699],[63.2144,35.6993],[63.1799,35.6665],[63.0766,35.6247],[63.0774,35.5588],[63.1007,35.525],[63.0802,35.4371],[62.9182,35.3882],[62.7605,35.3024],[62.7086,35.256],[62.6045,35.2194]],[[61.3639,35.5982],[61.3442,35.6309]],[[61.3442,35.6309],[61.2697,35.6185]],[[61.7396,35.4138],[61.5387,35.4523],[61.4277,35.5428],[61.3932,35.5536],[61.3655,35.5985]],[[61.3655,35.5985],[61.3639,35.5982]],[[62.2862,35.1406],[62.251,35.2023],[62.2443,35.2781],[62.219,35.3063],[62.1363,35.3414],[62.0075,35.4389],[61.9194,35.4518]],[[61.9194,35.4518],[61.7396,35.4138]],[[62.5355,35.2274],[62.4589,35.2819]],[[62.4589,35.2819],[62.3993,35.2559],[62.2862,35.1406]],[[62.6045,35.2194],[62.5662,35.2308]],[[62.5662,35.2308],[62.5355,35.2274]]]}},{"type":"Feature","properties":{"featurecla":"International boundary (verify)","adm0_a3_l":"AFG","adm0_a3_r":"UZB"},"geometry":{"type":"MultiLineString","coordinates":[[[67.2591,37.1851],[67.2368,37.1924],[67.1878,37.2582],[67.1233,37.282],[67.0851,37.3496],[67.0059,37.3844],[66.9576,37.3852]],[[66.9576,37.3852],[66.735,37.3633],[66.6941,37.3434]],[[66.6941,37.3434],[66.5646,37.3707]],[[66.5646,37.3707],[66.5196,37.3642]],[[67.5614,37.2199],[67.5261,37.2729],[67.5031,37.282]],[[67.5031,37.282],[67.3912,37.2196],[67.2591,37.1851]],[[67.6902,37.2323],[67.6332,37.2541]],[[67.6332,37.2541],[67.5923,37.2472],[67.5614,37.2199]],[[67.7805,37.1889],[67.7643,37.2209],[67.7259,37.2335]],[[67.7259,37.2335],[67.6902,37.2323]]]}},{"type":"Feature","properties":{"featurecla":"International boundary (verify)","adm0_a3_l":"TUR","adm0_a3_r":"SYR"},"geometry":{"type":"MultiLineString","coordinates":[[[42.2112,37.3249],[42.2232,37.2881],[42.2672,37.2745]],[[41.2013,37.065],[41.4798,37.0756],[42.0092,37.1756],[42.2112,37.3249]],[[42.2858,37.2866],[42.3532,37.227],[42.3353,37.1712],[42.3546,37.1524],[42.3572,37.11]],[[42.2672,37.2745],[42.2858,37.2866]],[[40.8964,37.1227],[41.2013,37.065]],[[39.1859,36.6595],[39.7653,36.7422],[40.1901,36.8844],[40.4139,37.004],[40.5257,37.0259],[40.709,37.1005],[40.8964,37.1227]],[[38.2243,36.9084],[38.48,36.8557],[38.5294,36.8337],[38.6641,36.7195],[38.725,36.6939],[38.7954,36.6867]],[[37.4461,36.6342],[37.6541,36.7321],[37.8197,36.7605],[38.0079,36.8258],[38.123,36.8846],[38.2243,36.9084]],[[36.6492,36.8286],[36.9647,36.7538],[37.0184,36.7066],[37.0145,36.6423],[37.0531,36.6199]],[[36.5935,36.2181],[36.6643,36.229],[36.6691,36.2599],[36.6371,36.3168],[36.5776,36.3329],[36.5934,36.3735],[36.5527,36.4082],[36.5312,36.479],[36.5653,36.5325],[36.5693,36.6201],[36.6033,36.747],[36.6492,36.8286]],[[39.0322,36.7012],[39.1859,36.6595]],[[38.7954,36.6867],[39.0322,36.7012]],[[37.2419,36.6586],[37.4461,36.6342]],[[37.1561,36.6439],[37.2419,36.6586]],[[37.1044,36.651],[37.1561,36.6439]],[[37.0531,36.6199],[37.1044,36.651]],[[36.4986,36.2279],[36.5935,36.2181]],[[36.4452,36.1999],[36.4986,36.2279]],[[36.373,36.2276],[36.4452,36.1999]],[[36.3367,35.9882],[36.358,35.994],[36.3586,36.167],[36.3758,36.2045],[36.3614,36.2182],[36.373,36.2276]],[[36.2973,36.0007],[36.3367,35.9882]],[[36.2531,35.9556],[36.2973,36.0007]],[[36.229,35.9612],[36.2531,35.9556]],[[36.1385,35.8198],[36.1576,35.8226],[36.1688,35.8521],[36.1749,35.9227],[36.1969,35.9517],[36.229,35.9612]],[[35.9803,35.9269],[36.0039,35.8692],[36.0507,35.8654],[36.1385,35.8198]],[[35.9208,35.9151],[35.9803,35.9269]],[[35.9113,35.9178],[35.9208,35.9151]]]}},{"type":"Feature","properties":{"featurecla":"International boundary (verify)","adm0_a3_l":"IRQ","adm0_a3_r":"IRN"},"geometry":{"type":"MultiLineString","coordinates":[[[44.8112,37.0419],[44.7607,37.0856],[44.7525,37.1131],[44.7661,37.1419]],[[44.8772,36.7765],[44.8312,36.7919],[44.8234,36.8093],[44.8888,36.9109],[44.8692,36.9674],[44.8874,37.0159],[44.8406,37.0472]],[[44.8406,37.0472],[44.8112,37.0419]],[[45.1108,36.4025],[45.0723,36.4234],[45.0382,36.494],[44.9914,36.5337],[45.0443,36.6493],[45.0353,36.6896],[44.9962,36.7417],[44.9082,36.7779]],[[44.9082,36.7779],[44.8772,36.7765]],[[45.3596,35.9769],[45.3381,35.9793],[45.3137,36.0104],[45.3483,36.0875],[45.3046,36.1404],[45.2974,36.2267],[45.2585,36.2622],[45.2827,36.2749],[45.257,36.3117],[45.2496,36.3779],[45.2213,36.4209],[45.196,36.4224]],[[45.196,36.4224],[45.1108,36.4025]],[[45.749,35.811],[45.7187,35.8283],[45.6932,35.8799],[45.617,35.9554],[45.4793,36.012]],[[45.4793,36.012],[45.3596,35.9769]],[[46.1635,35.7975],[46.1291,35.8155],[46.115,35.8464],[46.0604,35.8572]],[[46.0604,35.8572],[46.0049,35.838]],[[46.0049,35.838],[45.9413,35.8403]],[[45.9413,35.8403],[45.9091,35.8313]],[[45.9091,35.8313],[45.8783,35.8352]],[[45.8783,35.8352],[45.8142,35.8093]],[[46.217,35.7136],[46.2379,35.7155],[46.3251,35.7878],[46.3196,35.8169],[46.2814,35.8283]],[[46.2814,35.8283],[46.1635,35.7975]],[[45.8142,35.8093],[45.7867,35.8202]],[[45.7867,35.8202],[45.749,35.811]],[[46.1777,35.7154],[46.217,35.7136]],[[46.107,35.6898],[46.1777,35.7154]],[[46.0371,35.6916],[46.107,35.6898]],[[45.9992,35.5721],[45.9959,35.6584],[46.0371,35.6916]],[[45.9687,35.5797],[45.9992,35.5721]],[[46.1154,35.2263],[46.0988,35.25],[46.1274,35.2891],[46.1202,35.3185],[46.041,35.3816],[45.977,35.4653],[45.9636,35.5034],[45.9846,35.5311],[45.9687,35.5797]],[[46.0945,35.0858],[46.1511,35.1116],[46.1304,35.1314],[46.1655,35.1899],[46.1693,35.2162],[46.1542,35.2266]],[[46.1542,35.2266],[46.1154,35.2263]],[[46.0766,35.0897],[46.0945,35.0858]],[[46.0092,35.0609],[46.0766,35.0897]],[[45.9202,35.0896],[45.9664,35.0707]],[[45.835,34.8902],[45.8663,34.9495],[45.8619,35.0328],[45.8991,35.0469],[45.9202,35.0896]],[[45.9792,35.0716],[46.0092,35.0609]],[[45.9664,35.0707],[45.9792,35.0716]],[[45.7783,34.9109],[45.835,34.8902]],[[45.6956,34.5502],[45.7086,34.5791],[45.6876,34.6532],[45.6274,34.7208],[45.6628,34.7633],[45.6668,34.8069],[45.7454,34.841],[45.7551,34.91],[45.7783,34.9109]],[[45.5007,34.5917],[45.6956,34.5502]],[[45.4793,34.3291],[45.448,34.3621],[45.4171,34.4444],[45.4793,34.4673],[45.5035,34.4942],[45.5007,34.5917]],[[45.4497,33.9374],[45.401,33.9495],[45.3804,33.9736],[45.4199,33.9943],[45.4549,34.0699],[45.5445,34.1395],[45.5267,34.1793],[45.563,34.2893],[45.5215,34.3425]],[[45.5215,34.3425],[45.4793,34.3291]],[[45.7346,33.5831],[45.7211,33.6408],[45.6452,33.6979],[45.6167,33.7687],[45.5748,33.8039],[45.4793,33.9412]],[[45.4793,33.9412],[45.4497,33.9374]],[[45.8994,33.4763],[45.8526,33.4944],[45.9279,33.5509],[45.882,33.6002],[45.886,33.6309]],[[45.886,33.6309],[45.8158,33.6258],[45.7346,33.5831]],[[46.0892,33.1157],[46.1672,33.1683],[46.1642,33.2433],[46.0362,33.3679],[46.0194,33.4384],[45.9582,33.4974]],[[45.9582,33.4974],[45.8994,33.4763]],[[46.0724,33.1168],[46.0892,33.1157]],[[46.1556,32.9484],[46.097,32.9543],[46.0757,32.9943],[46.1262,33.048],[46.106,33.0725],[46.0293,33.0935],[46.0303,33.1057],[46.0724,33.1168]],[[47.0584,32.4945],[46.7159,32.756],[46.4793,32.8918],[46.2734,32.9595]],[[46.2734,32.9595],[46.1556,32.9484]],[[47.1526,32.4552],[47.0586,32.4945]],[[47.0586,32.4945],[47.0584,32.4945]],[[48.223,30.3181],[48.1921,30.3313],[48.1705,30.4067],[48.1409,30.4419],[48.0136,30.4639],[48.0122,30.9891],[47.6729,30.9947],[47.6789,31.4079],[47.8313,31.7618],[47.8345,31.8057],[47.7653,31.8641],[47.6681,32.0124],[47.6178,32.0419],[47.5781,32.1062],[47.4913,32.1486],[47.5092,32.2138],[47.4025,32.3235],[47.4108,32.3953],[47.3433,32.4587],[47.2513,32.4855]],[[47.2513,32.4855],[47.1526,32.4552]],[[48.531,29.9614],[48.4578,29.9949],[48.4239,30.0836],[48.3831,30.1384],[48.408,30.1809],[48.4036,30.2125],[48.3057,30.3128],[48.2717,30.3238]],[[48.2717,30.3238],[48.223,30.3181]]]}},{"type":"Feature","properties":{"featurecla":"International boundary (verify)","adm0_a3_l":"JOR","adm0_a3_r":"ISR"},"geometry":{"type":"MultiLineString","coordinates":[[[35.6122,32.6815],[35.5605,32.6409],[35.5744,32.5544]],[[35.5744,32.5544],[35.5725,32.5604]],[[35.5725,32.5604],[35.5656,32.5461]],[[35.5656,32.5461],[35.5594,32.5529]],[[35.5594,32.5529],[35.5656,32.5256],[35.552,32.5188]],[[35.5572,32.5193],[35.58,32.4915],[35.5613,32.4771],[35.5725,32.4567],[35.5541,32.4345]],[[35.552,32.5188],[35.5572,32.5193]],[[35.5562,32.4348],[35.5591,32.414],[35.5451,32.4096],[35.561,32.3847]],[[35.5541,32.4345],[35.5562,32.4348]],[[35.4581,31.4919],[35.4529,31.4008],[35.3957,31.2577],[35.4362,31.1595],[35.4385,31.1037],[35.3916,31.0239],[35.3853,30.9633],[35.3222,30.89],[35.3166,30.8228],[35.2795,30.7802],[35.2638,30.7198],[35.2053,30.6171],[35.14,30.4302],[35.1621,30.3614],[35.1252,30.2447],[35.1453,30.1234],[35.0863,30.034],[35.0541,29.9234],[35.049,29.8423],[34.9556,29.559]]]}},{"type":"Feature","properties":{"featurecla":"International boundary (verify)","adm0_a3_l":"JOR","adm0_a3_r":"PSX"},"geometry":{"type":"MultiLineString","coordinates":[[[35.561,32.3847],[35.5594,32.3679]],[[35.5594,32.3679],[35.5594,32.3748]],[[35.5594,32.3748],[35.5725,32.2519],[35.5594,32.2376]],[[35.5725,32.2376],[35.5594,32.1551],[35.5352,32.1108],[35.5451,32.0868],[35.5228,32.0578],[35.5459,31.9446],[35.5247,31.9192],[35.5594,31.7653],[35.5276,31.7351],[35.4801,31.6411],[35.4587,31.4916]],[[35.5594,32.2376],[35.5725,32.2376]],[[35.4587,31.4916],[35.4581,31.4919]]]}},{"type":"Feature","properties":{"featurecla":"International boundary (verify)","adm0_a3_l":"CHN","adm0_a3_r":"NPL"},"geometry":{"type":"MultiLineString","coordinates":[[[81.614,30.4169],[81.779,30.358]],[[81.5094,30.3284],[81.5368,30.3786],[81.614,30.4169]],[[81.4074,30.3792],[81.5094,30.3284]],[[81.3095,30.1321],[81.3383,30.1435],[81.3573,30.1736],[81.3779,30.2326],[81.3715,30.3169],[81.3875,30.3739],[81.4074,30.3792]],[[81.8444,30.3712],[81.8872,30.355]],[[81.779,30.358],[81.8444,30.3712]],[[81.9215,30.3574],[81.9789,30.3268]],[[81.8872,30.355],[81.9215,30.3574]],[[82.0499,30.3392],[82.0888,30.3301],[82.0821,30.2573],[82.0959,30.2135],[82.1557,30.1814],[82.1287,30.1108],[82.1445,30.0694],[82.1742,30.0555]],[[81.9789,30.3268],[82.0499,30.3392]],[[80.996,30.197],[81.0978,30.0169]],[[81.2933,30.1328],[81.3095,30.1321]],[[81.1945,30.0045],[81.2273,30.0225],[81.2257,30.0505],[81.2668,30.0699],[81.267,30.1251],[81.2933,30.1328]],[[82.2107,30.0644],[82.2557,30.0397],[82.3189,30.0318],[82.3637,30.0012]],[[82.1742,30.0555],[82.2107,30.0644]],[[81.1481,30.0232],[81.1945,30.0045]],[[81.0978,30.0169],[81.1481,30.0232]],[[82.3791,30.0032],[82.5418,29.9232],[82.6359,29.829]],[[82.3637,30.0012],[82.3791,30.0032]],[[82.667,29.835],[82.689,29.8277],[82.691,29.7807],[82.8366,29.6598]],[[82.6359,29.829],[82.667,29.835]],[[82.8997,29.6884],[82.9421,29.6629]],[[82.8366,29.6598],[82.8997,29.6884]],[[82.9643,29.6659],[83.0329,29.6205],[83.0649,29.5788]],[[82.9421,29.6629],[82.9643,29.6659]],[[83.15,29.6256],[83.2526,29.5552],[83.2633,29.5271],[83.2472,29.4947],[83.2639,29.473]],[[83.0649,29.5788],[83.0796,29.5796],[83.0934,29.6151],[83.15,29.6256]],[[83.328,29.485],[83.3552,29.4607],[83.357,29.4154],[83.3872,29.3935],[83.3931,29.3562],[83.4282,29.3335],[83.4372,29.3052],[83.4934,29.2761],[83.5237,29.1836],[83.6393,29.1548]],[[83.2639,29.473],[83.328,29.485]],[[83.9456,29.2918],[83.9758,29.2637]],[[83.7706,29.2322],[83.8616,29.2602],[83.8834,29.282],[83.9456,29.2918]],[[84.0009,29.2725],[84.0352,29.2476]],[[83.9758,29.2637],[84.0009,29.2725]],[[84.0721,29.257],[84.0897,29.2566],[84.126,29.2063]],[[84.0352,29.2476],[84.0721,29.257]],[[83.7454,29.2345],[83.7706,29.2322]],[[83.6393,29.1548],[83.6955,29.2262],[83.7454,29.2345]],[[84.142,29.2083],[84.1617,29.1925],[84.1323,29.1438],[84.138,29.1247],[84.1662,29.0985],[84.1755,29.0574],[84.2314,29.026],[84.2067,28.9407],[84.2351,28.9],[84.3766,28.8488],[84.4227,28.7992],[84.4508,28.7339],[84.4758,28.7273]],[[84.126,29.2063],[84.142,29.2083]],[[84.4986,28.7279],[84.6162,28.6937],[84.6326,28.6688],[84.683,28.6508],[84.6778,28.6044],[84.7366,28.5942],[84.8239,28.5405]],[[84.4758,28.7273],[84.4986,28.7279]],[[85.0549,28.6387],[85.168,28.5832],[85.1537,28.5249],[85.1232,28.5046],[85.1095,28.4593],[85.0776,28.4357],[85.0802,28.3188],[85.1094,28.2923],[85.1342,28.292]],[[84.9187,28.5357],[84.9549,28.5743],[85.0025,28.5944],[85.0321,28.6341],[85.0549,28.6387]],[[84.8793,28.5436],[84.9187,28.5357]],[[84.8239,28.5405],[84.8793,28.5436]],[[85.6929,28.3352],[85.6998,28.2691],[85.7345,28.2215],[85.8634,28.1433],[85.8983,28.036],[85.9566,27.9762],[85.9512,27.9162],[85.9803,27.8852]],[[85.5989,28.2508],[85.6929,28.3352]],[[85.1736,28.3043],[85.2057,28.2783],[85.2596,28.2669]],[[85.1342,28.292],[85.1736,28.3043]],[[85.4316,28.2971],[85.4757,28.2791]],[[85.3626,28.2597],[85.4316,28.2971]],[[85.5207,28.2829],[85.5989,28.2508]],[[85.4757,28.2791],[85.5207,28.2829]],[[85.3126,28.2828],[85.3626,28.2597]],[[85.2596,28.2669],[85.3126,28.2828]],[[86.156,28.1565],[86.186,28.1335],[86.1722,28.0718],[86.203,28.0026],[86.2781,27.9837],[86.3376,27.938]],[[86.0893,27.9949],[86.0687,28.0768],[86.156,28.1565]],[[86.662,28.1068],[86.7317,28.0769],[86.7398,28.0215],[86.77,28.0121]],[[86.6123,28.0803],[86.662,28.1068]],[[86.5695,28.1066],[86.6123,28.0803]],[[86.4253,27.9099],[86.5105,27.9524],[86.5442,28.093],[86.5695,28.1066]],[[86.8405,28.0148],[86.8931,27.9542],[86.9404,27.9431]],[[86.77,28.0121],[86.8405,28.0148]],[[86.0514,27.8875],[86.1129,27.9268],[86.0893,27.9949]],[[86.9887,27.9525],[87.0305,27.9381],[87.1165,27.8446],[87.182,27.8245]],[[86.9404,27.9431],[86.9887,27.9525]],[[86.363,27.9461],[86.4253,27.9099]],[[86.3376,27.938],[86.363,27.9461]],[[87.8367,27.9083],[87.9784,27.8805]],[[87.7005,27.8056],[87.7564,27.8204],[87.8367,27.9083]],[[88.03,27.8933],[88.1182,27.8609]],[[87.9784,27.8805],[88.03,27.8933]],[[86.0265,27.8899],[86.0514,27.8875]],[[85.9803,27.8852],[86.0265,27.8899]],[[87.3638,27.8553],[87.3853,27.8494],[87.3691,27.8039]],[[87.2905,27.8161],[87.3638,27.8553]],[[87.5316,27.8368],[87.59,27.8046]],[[87.3691,27.8039],[87.5316,27.8368]],[[87.2329,27.8297],[87.2905,27.8161]],[[87.182,27.8245],[87.2329,27.8297]],[[87.6361,27.8237],[87.7005,27.8056]],[[87.59,27.8046],[87.6361,27.8237]]]}},{"type":"Feature","properties":{"featurecla":"International boundary (verify)","adm0_a3_l":"IND","adm0_a3_r":"NPL"},"geometry":{"type":"LineString","coordinates":[[80.2636,29.3153],[80.2137,29.4169],[80.2177,29.4346],[80.2575,29.4501],[80.3852,29.6048],[80.3544,29.7049],[80.369,29.7579],[80.4762,29.8061],[80.5495,29.8937],[80.5713,29.9469],[80.6414,29.9634],[80.7158,30.0133],[80.7697,30.0773],[80.8298,30.1171],[80.8497,30.1434],[80.8364,30.17],[80.8837,30.2103]]}},{"type":"Feature","properties":{"featurecla":"International boundary (verify)","adm0_a3_l":"IND","adm0_a3_r":"MMR"},"geometry":{"type":"MultiLineString","coordinates":[[[97.2929,27.8776],[97.3382,27.9016],[97.3357,27.9356],[97.3623,27.9949],[97.3551,28.023],[97.2929,28.0951],[97.3287,28.19],[97.3235,28.2175]],[[97.2607,27.912],[97.2764,27.9103],[97.2929,27.8776]],[[97.106,27.0826],[97.1348,27.1273],[97.1044,27.156],[97.1013,27.1833],[96.8814,27.4441],[96.8885,27.5072],[96.8621,27.5993],[96.8835,27.6363],[96.9909,27.7266],[97.0567,27.7468],[97.0653,27.774],[97.2229,27.8997],[97.2607,27.912]],[[96.6873,27.3617],[96.7763,27.3306],[96.8538,27.2487],[96.8427,27.1885],[97.038,27.087]],[[96.6364,27.3355],[96.6873,27.3617]],[[96.5869,27.3536],[96.6364,27.3355]],[[96.4901,27.2907],[96.5473,27.3064],[96.5869,27.3536]],[[96.4078,27.2982],[96.4901,27.2907]],[[95.5748,26.8161],[95.6243,26.8807],[95.6993,26.8962],[95.778,26.9951],[95.8889,27.027],[96.0132,27.1908],[96.0742,27.2299],[96.1426,27.2575],[96.4078,27.2982]],[[97.0772,27.0965],[97.106,27.0826]],[[97.038,27.087],[97.0772,27.0965]],[[95.5314,26.8203],[95.5748,26.8161]],[[95.2606,26.6476],[95.4106,26.7016],[95.4898,26.8107],[95.5314,26.8203]],[[95.2233,26.6704],[95.2606,26.6476]],[[94.5434,24.7073],[94.5815,24.7301],[94.599,24.8135],[94.6548,24.8892],[94.7138,25.0683],[94.6891,25.1385],[94.5769,25.1736],[94.5533,25.2041],[94.5501,25.2453],[94.6305,25.4274],[94.692,25.4763],[94.7644,25.4917],[94.8224,25.5591],[94.8603,25.5672],[94.8535,25.586],[94.9615,25.718],[95.0088,25.7371],[95.0006,25.922],[95.0659,25.9538],[95.1512,26.0499],[95.1375,26.083],[95.0882,26.1041],[95.0784,26.1713],[95.0945,26.195],[95.0587,26.2177],[95.0463,26.248],[95.0436,26.3277],[95.0661,26.4074],[95.0406,26.4756],[95.1096,26.5513],[95.1228,26.6116],[95.2233,26.6704]],[[94.531,24.7075],[94.5434,24.7073]],[[94.1169,23.8416],[94.1319,23.857],[94.1351,23.919],[94.1903,23.9953],[94.2954,24.3326],[94.3307,24.3629],[94.3287,24.3945],[94.3612,24.4254],[94.3637,24.4658],[94.3971,24.4951],[94.4185,24.5603],[94.475,24.5974],[94.508,24.689],[94.531,24.7075]],[[93.3485,24.0889],[93.4567,23.96],[93.4748,23.9575]],[[93.2465,23.0045],[93.3183,23.0337],[93.3749,23.1297],[93.3779,23.2968],[93.4072,23.3473],[93.4002,23.454],[93.4303,23.6803],[93.3748,23.739],[93.356,23.907],[93.3161,23.9611],[93.3011,24.0166],[93.3097,24.064],[93.3485,24.0889]],[[93.6605,24.0112],[93.743,23.9953],[93.8037,23.9361]],[[93.5613,23.9657],[93.6124,24.0091],[93.6605,24.0112]],[[93.5435,23.9809],[93.5613,23.9657]],[[93.4748,23.9575],[93.5435,23.9809]],[[93.8832,23.9453],[93.9979,23.917],[94.1169,23.8416]],[[93.8037,23.9361],[93.8832,23.9453]],[[93.1771,23.0584],[93.2465,23.0045]],[[93.1159,22.7984],[93.1755,22.8817],[93.1382,23.0053],[93.1524,23.0499],[93.1771,23.0584]],[[93.1124,22.8],[93.1159,22.7984]],[[93.1297,22.2316],[93.169,22.2469],[93.1743,22.2694],[93.1659,22.3866],[93.0992,22.512],[93.1105,22.5963],[93.0708,22.6929],[93.0795,22.7727],[93.1124,22.8]],[[93.1248,22.2323],[93.1297,22.2316]],[[93.1195,22.181],[93.1417,22.1873],[93.1248,22.2323]],[[93.0458,22.2069],[93.1195,22.181]],[[92.9617,21.9869],[92.9799,22.0023],[92.9672,22.0627],[92.9855,22.096],[93.0255,22.1129],[93.0224,22.1962],[93.0458,22.2069]],[[92.6838,22.1543],[92.8361,22.0465],[92.8775,21.957]],[[92.6695,22.0927],[92.6838,22.1543]],[[92.6621,22.0948],[92.6695,22.0927]],[[92.5759,21.9776],[92.6509,22.0192],[92.6621,22.0948]],[[92.921,22.0218],[92.9617,21.9869]],[[92.8775,21.957],[92.921,22.0218]]]}},{"type":"Feature","properties":{"featurecla":"International boundary (verify)","adm0_a3_l":"MMR","adm0_a3_r":"THA"},"geometry":{"type":"MultiLineString","coordinates":[[[99.9371,20.445],[99.9967,20.3835]],[[99.7696,20.3284],[99.804,20.349],[99.8377,20.4168],[99.9371,20.445]],[[100.0084,20.3836],[100.0993,20.3178]],[[99.9967,20.3835],[100.0084,20.3836]],[[99.44,20.3822],[99.5029,20.3452],[99.5893,20.3208]],[[99.2957,20.0625],[99.4414,20.1016],[99.5206,20.171],[99.5258,20.1962],[99.4863,20.2455],[99.4664,20.3222],[99.4206,20.3756],[99.44,20.3822]],[[99.7291,20.3285],[99.7696,20.3284]],[[99.6519,20.3068],[99.7291,20.3285]],[[99.6076,20.3232],[99.6519,20.3068]],[[99.5893,20.3208],[99.6076,20.3232]],[[99.1584,20.1236],[99.2365,20.1027],[99.2957,20.0625]],[[98.8837,19.7455],[98.9738,19.7881],[99.0009,19.821],[99.0059,19.9723],[99.0365,20.0752],[99.0735,20.1012],[99.1584,20.1236]],[[98.0456,19.8076],[98.0859,19.7732]],[[98.0001,19.6363],[98.0136,19.6517],[98.0046,19.7239],[98.0179,19.7894],[98.0456,19.8076]],[[98.8078,19.8065],[98.8519,19.784],[98.8837,19.7455]],[[98.5326,19.6759],[98.6238,19.7375],[98.7492,19.7635],[98.8078,19.8065]],[[98.1114,19.7771],[98.2133,19.7178],[98.2192,19.677],[98.2375,19.6647]],[[98.0859,19.7732],[98.1114,19.7771]],[[98.4888,19.7067],[98.5326,19.6759]],[[98.3944,19.6863],[98.4888,19.7067]],[[98.3476,19.6906],[98.3944,19.6863]],[[98.2375,19.6647],[98.3476,19.6906]],[[97.9904,19.6366],[98.0001,19.6363]],[[97.7887,19.2777],[97.8062,19.3011],[97.7671,19.3975],[97.8421,19.4794],[97.8398,19.5553],[97.9904,19.6366]],[[97.7773,19.2786],[97.7887,19.2777]],[[97.7428,18.5693],[97.7597,18.6228],[97.7234,18.852],[97.6578,18.9257],[97.7033,18.9644],[97.7278,19.0371],[97.8108,19.1122],[97.8126,19.2085],[97.7641,19.2664],[97.7773,19.2786]],[[97.7379,18.5705],[97.7428,18.5693]],[[97.6903,18.5579],[97.7379,18.5705]],[[97.6374,18.5593],[97.6903,18.5579]],[[97.5095,18.4913],[97.6374,18.5593]],[[97.3514,18.5512],[97.3889,18.5422],[97.4166,18.496],[97.4381,18.4881]],[[97.5283,18.2653],[97.4526,18.3336],[97.4431,18.4033],[97.3514,18.5512]],[[97.4628,18.4925],[97.5095,18.4913]],[[97.4381,18.4881],[97.4628,18.4925]],[[97.6977,18.0607],[97.6843,18.1461],[97.6179,18.2417],[97.6433,18.273],[97.6376,18.3063],[97.5738,18.3331]],[[97.5738,18.3331],[97.5283,18.2653]],[[98.5246,16.8504],[98.4362,17.0116],[98.3999,17.0401],[98.2997,17.0647],[98.2862,17.0874],[98.2944,17.1076],[98.2683,17.1077],[98.279,17.1366],[98.0926,17.3122],[98.0887,17.3728],[98.0355,17.405],[97.9917,17.4957],[97.7593,17.6915],[97.7496,17.7398],[97.6761,17.8303],[97.6991,17.8333],[97.6855,17.8807],[97.7201,17.9432],[97.7541,17.969],[97.7201,18.0531],[97.7022,18.0618]],[[97.7022,18.0618],[97.6977,18.0607]],[[98.5006,16.8622],[98.5246,16.8504]],[[98.6824,16.2735],[98.657,16.3016],[98.6295,16.4027],[98.6316,16.4631],[98.5642,16.552],[98.5616,16.6017],[98.5123,16.6433],[98.4863,16.701],[98.4567,16.7232],[98.4745,16.7767],[98.5175,16.803],[98.49,16.8432],[98.5006,16.8622]],[[98.783,16.1024],[98.8354,16.1445],[98.8431,16.2087],[98.8887,16.2746],[98.9033,16.3634],[98.8853,16.4062],[98.8434,16.4384],[98.8396,16.4724]],[[98.8396,16.4724],[98.8187,16.4556],[98.7886,16.3746],[98.6824,16.2735]],[[98.6972,16.1269],[98.783,16.1024]],[[98.5901,16.0458],[98.6302,16.06],[98.6587,16.1163],[98.6972,16.1269]],[[98.5559,16.0555],[98.5901,16.0458]],[[98.5336,15.326],[98.5599,15.3553],[98.569,15.4021],[98.5403,15.712],[98.5744,15.836],[98.5686,15.9202],[98.5838,15.977],[98.5501,16.0342],[98.5559,16.0555]],[[98.4745,15.3835],[98.5155,15.3635],[98.5336,15.326]],[[98.3852,15.2563],[98.3947,15.2801],[98.3775,15.2965],[98.3991,15.3218],[98.3969,15.3557],[98.4745,15.3835]],[[98.2951,15.2926],[98.3852,15.2563]],[[98.2154,15.2189],[98.2951,15.2926]],[[98.1772,15.2206],[98.2154,15.2189]],[[98.6856,14.2674],[98.5932,14.3216],[98.5477,14.3777],[98.4782,14.5165],[98.4528,14.5281],[98.4182,14.6076],[98.2975,14.7212],[98.2433,14.8051],[98.2216,14.9213],[98.1911,14.9881],[98.199,15.0514],[98.1604,15.1064],[98.1907,15.1792],[98.1772,15.2206]],[[99.4663,12.126],[99.4488,12.1472],[99.4738,12.1873],[99.387,12.4659],[99.4042,12.5081],[99.4033,12.5759],[99.2769,12.6656],[99.2667,12.7028],[99.2245,12.7175],[99.2107,12.7923],[99.1753,12.8334],[99.1532,12.9136],[99.1648,12.9755],[99.0932,13.0383],[99.0883,13.0584],[99.1021,13.1713],[99.1141,13.1881],[99.1728,13.1995],[99.1902,13.2295],[99.1728,13.3009],[99.1869,13.3291],[99.1879,13.4271],[99.152,13.582],[99.1525,13.7149],[99.1012,13.7788],[99.09,13.8701],[99.0071,13.9496],[98.953,14.028],[98.9353,14.0854],[98.8723,14.1125],[98.7537,14.2001],[98.6974,14.2714]],[[98.6974,14.2714],[98.6856,14.2674]],[[99.0551,10.9453],[99.0769,10.9965],[99.213,11.1083],[99.2433,11.1977],[99.3643,11.3767],[99.387,11.4516],[99.4282,11.4969],[99.4498,11.6138],[99.5307,11.6309],[99.6069,11.7257],[99.63,11.8158],[99.5738,11.8577],[99.5541,11.895],[99.574,11.9763],[99.5184,12.0259],[99.5458,12.1319],[99.5329,12.1445]],[[99.5329,12.1445],[99.4663,12.126]],[[99.0056,10.9588],[99.0551,10.9453]],[[98.934,10.8077],[98.9861,10.8403],[98.9802,10.918],[99.0056,10.9588]],[[98.9054,10.8144],[98.934,10.8077]],[[98.7474,10.3505],[98.7913,10.5204],[98.7773,10.5832],[98.7479,10.6231],[98.7568,10.6661],[98.811,10.7466],[98.8682,10.7699],[98.9054,10.8144]]]}},{"type":"Feature","properties":{"featurecla":"International boundary (verify)","adm0_a3_l":"CHN","adm0_a3_r":"MMR"},"geometry":{"type":"MultiLineString","coordinates":[[[97.5462,28.5385],[97.6136,28.482]],[[97.4167,28.2861],[97.4478,28.2976],[97.4453,28.383],[97.5277,28.5295],[97.5462,28.5385]],[[97.6705,28.5113],[97.6996,28.488],[97.74,28.3826],[97.7653,28.3524],[97.7973,28.3439]],[[97.6136,28.482],[97.6705,28.5113]],[[97.8591,28.3701],[97.8975,28.3553],[97.9447,28.2988],[97.9929,28.2689],[97.9911,28.214],[98.0486,28.1996],[98.1187,28.1408],[98.1225,28.0154],[98.1071,27.9731],[98.1773,27.9129],[98.1767,27.8981],[98.1401,27.8786],[98.1458,27.8607],[98.1966,27.8232],[98.2044,27.7273],[98.2544,27.6481],[98.2947,27.5366],[98.3286,27.5229]],[[97.7973,28.3439],[97.8591,28.3701]],[[97.3982,28.2889],[97.4167,28.2861]],[[97.3235,28.2175],[97.3982,28.2889]],[[98.4103,27.6843],[98.4923,27.6434]],[[98.3286,27.5229],[98.3639,27.5322],[98.3833,27.5558],[98.4103,27.6843]],[[98.5222,27.6563],[98.5784,27.5917]],[[98.4923,27.6434],[98.5222,27.6563]],[[98.6472,27.6117],[98.6793,27.5773],[98.6744,27.3866],[98.7077,27.3372],[98.6726,27.1756],[98.6914,27.0924],[98.7314,27.0688],[98.7378,27.0487],[98.7127,26.9951],[98.7363,26.8983],[98.7145,26.862],[98.7504,26.792],[98.732,26.7135],[98.7556,26.625],[98.7211,26.5389],[98.7135,26.3894],[98.6578,26.3116],[98.6482,26.2448]],[[98.5784,27.5917],[98.6472,27.6117]],[[98.6682,26.2482],[98.7055,26.1749],[98.6808,26.125],[98.6308,26.0969]],[[98.6482,26.2448],[98.6682,26.2482]],[[98.6308,26.0969],[98.6193,26.1457]],[[98.6193,26.1457],[98.563,26.1312],[98.5455,26.1056],[98.5754,25.9951],[98.5925,25.9807]],[[98.6042,25.9825],[98.6924,25.879],[98.6778,25.8433],[98.61,25.8006]],[[98.5925,25.9807],[98.6042,25.9825]],[[98.61,25.8006],[98.5268,25.8388]],[[98.5268,25.8388],[98.4613,25.7947],[98.3471,25.5778],[98.2894,25.5504]],[[98.2894,25.5504],[98.1502,25.6131]],[[98.1502,25.6131],[98.1342,25.5346],[98.0998,25.5],[98.1084,25.3889],[98.0757,25.3761],[98.0335,25.3013],[97.9763,25.2723],[97.9308,25.2185],[97.8889,25.2056]],[[97.8889,25.2056],[97.8603,25.2441],[97.8236,25.2616]],[[97.8236,25.2616],[97.801,25.2376],[97.7541,25.1136],[97.6996,25.065],[97.7083,24.9273],[97.773,24.8547],[97.7652,24.8347],[97.7266,24.8263]],[[97.7266,24.8263],[97.686,24.8335]],[[97.686,24.8335],[97.5361,24.745],[97.5386,24.5973],[97.5196,24.4308]],[[97.6244,24.4423],[97.6473,24.4323],[97.6883,24.3677],[97.6896,24.3465],[97.6382,24.3281],[97.6445,24.3024],[97.7184,24.2777],[97.7241,24.2415],[97.7016,24.2109],[97.7201,24.1474],[97.5165,23.9428],[97.6099,23.8831],[97.6247,23.8467]],[[97.5196,24.4308],[97.6244,24.4423]],[[98.8657,24.1457],[98.8735,24.1145],[98.8562,24.0838],[98.6588,23.9611],[98.6745,23.9369],[98.6637,23.7969],[98.7932,23.7585],[98.8003,23.6927],[98.856,23.61],[98.8433,23.584],[98.7844,23.547],[98.8098,23.4741]],[[98.5852,24.0757],[98.7162,24.1213],[98.8657,24.1457]],[[98.435,24.1303],[98.5033,24.1213],[98.5852,24.0757]],[[98.3307,24.0995],[98.435,24.1303]],[[98.1815,24.1187],[98.3307,24.0995]],[[97.6247,23.8467],[97.7678,23.9465],[97.8178,23.9582],[97.89,24.0226],[98.1815,24.1187]],[[98.8489,23.4804],[98.8923,23.3869],[98.8819,23.3497],[98.8532,23.335],[98.8605,23.3224]],[[98.8098,23.4741],[98.8489,23.4804]],[[98.8965,23.3233],[98.9107,23.2976],[98.8601,23.2123],[98.859,23.1794],[98.9904,23.16]],[[98.8605,23.3224],[98.8965,23.3233]],[[99.0094,23.1622],[99.0264,23.1604],[99.0551,23.1096],[99.0922,23.1015]],[[98.9904,23.16],[99.0094,23.1622]],[[99.3338,23.1296],[99.4033,23.0683],[99.4931,23.0574],[99.4904,23.012],[99.5346,22.9493],[99.538,22.9264],[99.5153,22.9088]],[[99.2249,23.0569],[99.3338,23.1296]],[[99.13,23.1062],[99.1849,23.0948]],[[99.0922,23.1015],[99.13,23.1062]],[[99.1942,23.0958],[99.2021,23.0673],[99.2249,23.0569]],[[99.1849,23.0948],[99.1942,23.0958]],[[99.5153,22.9088],[99.4299,22.9367]],[[99.4299,22.9367],[99.4134,22.9307],[99.4144,22.8569],[99.359,22.7749],[99.308,22.7452],[99.355,22.6085],[99.3441,22.5333],[99.3578,22.4955],[99.2828,22.4119],[99.2431,22.3932],[99.2437,22.3412],[99.1594,22.1847],[99.1751,22.1687],[99.1445,22.1535],[99.2123,22.1124],[99.33,22.0956]],[[99.4386,22.1242],[99.5051,22.1034]],[[99.33,22.0956],[99.4386,22.1242]],[[99.539,22.1067],[99.6335,22.0848],[99.6839,22.039]],[[99.5051,22.1034],[99.539,22.1067]],[[99.7237,22.0706],[99.821,22.0178]],[[99.6839,22.039],[99.7237,22.0706]],[[99.8669,22.0579],[99.9424,22.0455],[99.9343,22.0189],[99.9657,21.963],[99.918,21.8292],[99.9503,21.7212],[99.9967,21.6861],[100.0823,21.6845],[100.1428,21.6549],[100.1437,21.64],[100.0949,21.5988],[100.09,21.5289],[100.1625,21.4364],[100.1871,21.4279]],[[99.821,22.0178],[99.8417,22.0271],[99.8478,22.055],[99.8669,22.0579]],[[101.0828,21.7667],[101.1189,21.7598],[101.1277,21.6952],[101.1688,21.6379],[101.159,21.5527]],[[100.546,21.453],[100.6217,21.4691],[100.704,21.5164],[100.8349,21.6575],[100.9928,21.7114],[101.0828,21.7667]],[[100.3633,21.5318],[100.4293,21.4954],[100.4567,21.455]],[[100.1871,21.4279],[100.2895,21.4831],[100.3265,21.5243],[100.3633,21.5318]],[[100.4971,21.4618],[100.546,21.453]],[[100.4567,21.455],[100.4971,21.4618]]]}},{"type":"Feature","properties":{"featurecla":"International boundary (verify)","adm0_a3_l":"LAO","adm0_a3_r":"MMR"},"geometry":{"type":"MultiLineString","coordinates":[[[101.159,21.5527],[101.1571,21.5197],[101.0034,21.406],[100.896,21.3558],[100.8513,21.3148],[100.792,21.2974]],[[100.792,21.2974],[100.7384,21.3148]],[[100.7384,21.3148],[100.722,21.3037],[100.6894,21.1593],[100.6376,21.0697],[100.6068,21.0439],[100.5435,21.0274],[100.5573,20.992],[100.5292,20.9684],[100.5157,20.8865],[100.5342,20.8739]],[[100.6231,20.8885],[100.6521,20.8828],[100.6266,20.8535],[100.569,20.8178],[100.5134,20.807]],[[100.5342,20.8739],[100.6231,20.8885]],[[100.5134,20.807],[100.3837,20.8317]],[[100.3837,20.8317],[100.3297,20.786],[100.2902,20.775],[100.2113,20.6974],[100.1493,20.5481],[100.0993,20.3178]]]}},{"type":"Feature","properties":{"featurecla":"International boundary (verify)","adm0_a3_l":"LAO","adm0_a3_r":"THA"},"geometry":{"type":"MultiLineString","coordinates":[[[100.3065,20.3997],[100.3644,20.369],[100.461,20.1907],[100.5292,20.1497]],[[100.1346,20.2391],[100.1677,20.2536],[100.1671,20.2926],[100.2092,20.313],[100.2404,20.3728],[100.3065,20.3997]],[[100.0993,20.3178],[100.103,20.2636],[100.1346,20.2391]],[[100.5465,20.1679],[100.5434,20.0666],[100.484,19.8807],[100.4314,19.8383],[100.3792,19.7457],[100.4072,19.6999],[100.4189,19.6344],[100.4556,19.5847],[100.462,19.5371],[100.5493,19.4945]],[[100.5292,20.1497],[100.5465,20.1679]],[[100.8798,19.6136],[100.8857,19.6124]],[[100.753,19.4824],[100.8798,19.6136]],[[100.9743,19.6135],[101.1247,19.5651]],[[100.8857,19.6124],[100.9743,19.6135]],[[101.208,19.5896],[101.2462,19.5703],[101.257,19.5228],[101.2382,19.4723],[101.1929,19.4528],[101.1778,19.4172],[101.1785,19.3466],[101.2113,19.3264],[101.2357,19.1281],[101.3179,19.0501],[101.3264,19.0205],[101.2839,18.9815],[101.2249,18.8748],[101.2286,18.7956],[101.2058,18.7301],[101.2348,18.6895],[101.2347,18.6584],[101.1609,18.5998],[101.1554,18.5567],[101.0779,18.5104],[101.0303,18.4278],[101.0823,18.3642],[101.1554,18.3229],[101.1301,18.2912],[101.1284,18.2457],[101.1628,18.1953],[101.1416,18.124],[101.1652,18.0534],[101.1123,18.0113],[101.0662,17.934],[101.0008,17.8848],[101.0003,17.8305],[100.9652,17.7976],[100.9755,17.7798],[100.9586,17.7641],[100.9538,17.6998],[100.8857,17.5959],[100.9019,17.5619],[100.9815,17.5476],[101.0493,17.4957],[101.1289,17.4612]],[[101.1247,19.5651],[101.208,19.5896]],[[100.6333,19.5422],[100.753,19.4824]],[[100.5493,19.4945],[100.5667,19.4956],[100.607,19.5409],[100.6333,19.5422]],[[103.3866,18.4415],[103.4699,18.422]],[[103.0891,18.1348],[103.1386,18.1667],[103.1682,18.2498],[103.2954,18.2878],[103.2337,18.3493],[103.2608,18.4002],[103.3866,18.4415]],[[103.4891,18.4244],[103.6071,18.4004],[103.6956,18.3532],[103.8014,18.3383],[103.8739,18.2832]],[[103.4699,18.422],[103.4891,18.4244]],[[103.9513,18.333],[104.0186,18.2991],[104.1224,18.0953],[104.2109,18.0086],[104.2703,17.874],[104.3526,17.8193],[104.452,17.666],[104.7026,17.5273],[104.7927,17.4235],[104.8193,17.3611],[104.8145,17.194],[104.7404,17.0026],[104.779,16.7049],[104.753,16.6148],[104.7545,16.5289],[104.8555,16.4541],[104.908,16.3534],[105.0155,16.2767],[105.0326,16.1653],[105.0581,16.1212],[105.2372,16.0508],[105.4221,16.0099],[105.3625,15.9548],[105.3606,15.9194],[105.412,15.7998],[105.4624,15.7628]],[[103.8739,18.2832],[103.9513,18.333]],[[102.0785,18.2138],[102.1719,18.2003],[102.1916,18.1521],[102.3365,18.037]],[[101.8838,18.0308],[102.0785,18.2138]],[[103.0928,18.1412],[103.0891,18.1348]],[[103.0205,17.9842],[103.0731,18.0355],[103.0663,18.1123],[103.0928,18.1412]],[[101.7967,18.0736],[101.8838,18.0308]],[[101.6004,17.8544],[101.6362,17.8948],[101.7291,17.9122],[101.7658,18.0403],[101.7967,18.0736]],[[102.3664,18.0388],[102.4455,17.9778],[102.5675,17.9708],[102.5996,17.9552],[102.6123,17.9153],[102.5953,17.8408],[102.6829,17.8101]],[[102.3365,18.037],[102.3664,18.0388]],[[102.9549,18.0121],[103.0205,17.9842]],[[102.6829,17.8101],[102.673,17.8654],[102.7374,17.8904],[102.8527,17.972],[102.9549,18.0121]],[[101.5776,17.8681],[101.6004,17.8544]],[[101.4683,17.7204],[101.5027,17.7654],[101.5563,17.7921],[101.534,17.8096],[101.5705,17.8289],[101.5776,17.8681]],[[101.4535,17.751],[101.4683,17.7204]],[[101.417,17.7324],[101.4535,17.751]],[[101.4019,17.7338],[101.417,17.7324]],[[101.3775,17.6826],[101.404,17.7156],[101.3819,17.7207],[101.4019,17.7338]],[[101.3699,17.6832],[101.3775,17.6826]],[[101.1289,17.4612],[101.1667,17.5106],[101.2022,17.5232],[101.247,17.5922],[101.3699,17.6832]],[[105.5034,15.7662],[105.6129,15.7215],[105.651,15.6346],[105.6043,15.4392],[105.4863,15.3749],[105.4833,15.3345],[105.5194,15.3211]],[[105.4624,15.7628],[105.5034,15.7662]],[[105.558,15.3251],[105.564,15.2725],[105.5039,15.2311],[105.4477,15.1553],[105.4519,15.0948],[105.5036,15.0649]],[[105.5194,15.3211],[105.558,15.3251]],[[105.5165,15.0671],[105.5661,14.9959]],[[105.5036,15.0649],[105.5165,15.0671]],[[105.5665,14.9959],[105.5931,14.9908],[105.5342,14.934],[105.5506,14.9023],[105.5376,14.878]],[[105.5661,14.9959],[105.5665,14.9959]],[[105.5376,14.878],[105.5219,14.8787]],[[105.5219,14.8787],[105.5244,14.8372],[105.5015,14.8273],[105.4891,14.7863],[105.5051,14.7364],[105.4958,14.6599],[105.5075,14.564],[105.416,14.4282],[105.3677,14.4145],[105.3351,14.3857]],[[105.3351,14.3857],[105.2947,14.3991]],[[105.2947,14.3991],[105.2686,14.3644],[105.1982,14.3452]],[[105.1982,14.3452],[105.1843,14.3457]]]}},{"type":"Feature","properties":{"featurecla":"International boundary (verify)","adm0_a3_l":"VNM","adm0_a3_r":"LAO"},"geometry":{"type":"MultiLineString","coordinates":[[[102.1254,22.3836],[102.1544,22.3047],[102.207,22.2454],[102.3894,22.1171],[102.4222,22.0622],[102.4829,22.0214],[102.4664,21.9954],[102.4781,21.9576],[102.591,21.9014],[102.6251,21.8286],[102.6319,21.7063],[102.6535,21.6563]],[[102.8067,21.8361],[102.8265,21.8213],[102.8472,21.7045]],[[102.6535,21.6563],[102.7212,21.6617],[102.7522,21.6809],[102.7867,21.7399],[102.7892,21.8203],[102.8067,21.8361]],[[102.9426,21.739],[102.9599,21.713],[102.9741,21.5753],[102.8497,21.4254]],[[102.8472,21.7045],[102.9426,21.739]],[[102.9042,21.4527],[102.9168,21.4386],[102.8838,21.3884],[102.8752,21.3053],[102.8128,21.2739],[102.8092,21.2506]],[[102.8497,21.4254],[102.9042,21.4527]],[[102.8282,21.2525],[102.8879,21.2269],[102.883,21.1764],[102.9144,21.1584],[102.9595,21.0658]],[[102.8092,21.2506],[102.8282,21.2525]],[[102.9741,21.0677],[103.0145,21.0405],[103.1153,20.8684],[103.2186,20.8244]],[[102.9595,21.0658],[102.9741,21.0677]],[[104.0923,20.9612],[104.1939,20.9299],[104.2211,20.892]],[[103.974,20.9023],[104.0106,20.9081],[104.0567,20.9588],[104.0923,20.9612]],[[103.9623,20.9027],[103.974,20.9023]],[[103.8167,20.8469],[103.9623,20.9027]],[[104.26,20.8989],[104.4093,20.7652]],[[104.2211,20.892],[104.26,20.8989]],[[103.7964,20.8495],[103.8167,20.8469]],[[103.6763,20.6565],[103.7143,20.6717],[103.7072,20.7218],[103.7546,20.7429],[103.7567,20.796],[103.7964,20.8495]],[[103.2471,20.8307],[103.3638,20.7876]],[[103.2186,20.8244],[103.2471,20.8307]],[[103.4266,20.8207],[103.4816,20.7579],[103.5161,20.7455]],[[103.3638,20.7876],[103.4266,20.8207]],[[104.4322,20.7658],[104.4662,20.7496],[104.4923,20.7021],[104.6152,20.6465],[104.5426,20.5357],[104.4958,20.5119]],[[104.4093,20.7652],[104.4322,20.7658]],[[103.5161,20.7456],[103.5974,20.7224],[103.6763,20.6565]],[[103.5161,20.7455],[103.5161,20.7456]],[[104.4958,20.5119],[104.445,20.5346]],[[104.445,20.5346],[104.4238,20.4954],[104.3598,20.4397],[104.4324,20.4111]],[[104.5755,20.4141],[104.6809,20.341],[104.6886,20.301],[104.6741,20.2853]],[[104.4324,20.4111],[104.5755,20.4141]],[[104.6741,20.2853],[104.6658,20.2857]],[[104.6658,20.2857],[104.653,20.2258],[104.6908,20.1965]],[[104.8192,20.221],[104.908,20.1753],[104.9049,20.1346],[104.9644,20.0761],[104.944,20.0671],[104.9495,19.9955],[104.9225,19.9822]],[[104.6908,20.1965],[104.8192,20.221]],[[104.9225,19.9822],[104.8929,19.9855]],[[104.8929,19.9855],[104.7618,19.8855],[104.7607,19.8615],[104.8166,19.8481],[104.805,19.7909],[104.676,19.7247],[104.605,19.6065]],[[104.2953,19.6549],[104.277,19.6839],[104.229,19.706]],[[104.229,19.706],[104.1363,19.6875],[104.0887,19.6519]],[[104.5228,19.5994],[104.36,19.6875]],[[104.36,19.6875],[104.2953,19.6549]],[[104.0887,19.6519],[104.0103,19.6846]],[[104.0103,19.6846],[103.9952,19.6649],[104.0174,19.6004],[104.0716,19.5591],[104.0941,19.4955],[104.0605,19.4713],[104.0383,19.4129]],[[104.605,19.6065],[104.5792,19.618]],[[104.5792,19.618],[104.5228,19.5994]],[[104.0383,19.4129],[104.0351,19.4167]],[[104.0351,19.4167],[103.9528,19.391],[103.9213,19.3528],[103.8567,19.3172],[103.8585,19.2953]],[[103.8767,19.2958],[103.9728,19.2253]],[[103.8585,19.2953],[103.8767,19.2958]],[[104.0162,19.2349],[104.1878,19.1566],[104.2106,19.1007]],[[103.9728,19.2253],[104.0162,19.2349]],[[104.2396,19.1089],[104.3552,19.0479],[104.4007,18.9923],[104.4311,18.9793]],[[104.2106,19.1007],[104.2396,19.1089]],[[104.4621,18.9824],[104.4977,18.968],[104.5443,18.9068],[104.6462,18.8325],[104.6856,18.8248],[104.722,18.792],[104.8154,18.7737]],[[104.4311,18.9793],[104.4621,18.9824]],[[104.8729,18.778],[104.9372,18.7312]],[[104.8154,18.7737],[104.8729,18.778]],[[104.9738,18.7361],[105.0646,18.6966]],[[104.9372,18.7312],[104.9738,18.7361]],[[105.1003,18.7021],[105.1695,18.6306],[105.1521,18.5968]],[[105.0646,18.6966],[105.1003,18.7021]],[[105.1521,18.5968],[105.1403,18.6005]],[[105.1403,18.6005],[105.1005,18.5512],[105.08,18.4544],[105.0908,18.4265],[105.1629,18.366],[105.1662,18.3068],[105.2465,18.2464]],[[105.288,18.2534],[105.3056,18.1811],[105.3683,18.15]],[[105.2465,18.2464],[105.288,18.2534]],[[105.41,18.2019],[105.4667,18.181],[105.476,18.1273],[105.5465,18.059],[105.5593,18.0153],[105.5898,17.9958],[105.606,17.9641],[105.5942,17.8881],[105.6052,17.8543],[105.644,17.8201],[105.7231,17.6735],[105.8199,17.6216],[105.9322,17.4957]],[[105.3683,18.15],[105.41,18.2019]],[[105.9323,17.4957],[106.0193,17.3945],[106.1854,17.2574],[106.2218,17.2449]],[[105.9322,17.4957],[105.9323,17.4957]],[[106.2726,17.2899],[106.3105,17.2271],[106.3064,17.1765],[106.3949,17.068],[106.3871,17.0472],[106.4114,16.9957],[106.4968,16.9639]],[[106.2218,17.2449],[106.2726,17.2899]],[[106.5245,16.9892],[106.5407,16.6591],[106.5724,16.6136],[106.6402,16.5866],[106.6412,16.5104],[106.6707,16.4444],[106.6929,16.4279]],[[106.4968,16.9639],[106.5245,16.9892]],[[106.8229,16.531],[106.8467,16.5301],[106.8641,16.5041],[106.8599,16.4118]],[[106.7257,16.4171],[106.7973,16.4795],[106.8229,16.531]],[[106.7227,16.4325],[106.7257,16.4171]],[[106.6929,16.4279],[106.7227,16.4325]],[[106.8763,16.418],[106.8977,16.3785],[106.946,16.3461],[106.9566,16.3071],[106.9802,16.2983]],[[106.8599,16.4118],[106.8763,16.418]],[[107.0143,16.2994],[107.1083,16.2675],[107.142,16.177],[107.2388,16.1298],[107.299,16.0642],[107.3269,16.0561]],[[106.9802,16.2983],[107.0143,16.2994]],[[107.431,16.0737],[107.4447,16.01],[107.3755,15.9191],[107.3051,15.8991],[107.2272,15.8533]],[[107.3269,16.0561],[107.431,16.0737]],[[107.2272,15.8533],[107.1986,15.8621]],[[107.1986,15.8621],[107.1752,15.8485],[107.1488,15.7735],[107.2257,15.7168],[107.2391,15.6451],[107.3164,15.5887],[107.3816,15.4885]],[[107.443,15.5092],[107.4665,15.4844]],[[107.4321,15.5039],[107.443,15.5092]],[[107.4122,15.5088],[107.4321,15.5039]],[[107.3816,15.4885],[107.4122,15.5088]],[[107.4738,15.4883],[107.4875,15.4814],[107.4939,15.42],[107.5126,15.4094]],[[107.4665,15.4844],[107.4738,15.4883]],[[107.5556,15.4158],[107.5732,15.4112],[107.5866,15.3434],[107.6641,15.2686],[107.6475,15.1977]],[[107.5126,15.4094],[107.5556,15.4158]],[[107.6475,15.1977],[107.6367,15.2051]],[[107.6367,15.2051],[107.6158,15.1355],[107.5805,15.0968],[107.5891,15.0582],[107.5626,15.0458]],[[107.5626,15.0458],[107.5352,15.0504]],[[107.5352,15.0504],[107.4551,15.0341],[107.4447,15.0118],[107.4619,14.9568],[107.5582,14.8867],[107.4909,14.8042],[107.5204,14.7046]]]}},{"type":"Feature","properties":{"featurecla":"International boundary (verify)","adm0_a3_l":"LSO","adm0_a3_r":"ZAF"},"geometry":{"type":"MultiLineString","coordinates":[[[28.9808,-28.909],[28.8728,-28.7836],[28.7877,-28.7487],[28.7439,-28.6895],[28.6995,-28.6885],[28.6665,-28.5972],[28.6343,-28.5708]],[[28.6343,-28.5708],[28.5625,-28.6065],[28.3829,-28.6265],[28.3172,-28.7001],[28.2739,-28.7096]],[[28.2739,-28.7096],[28.2307,-28.6995]],[[28.2307,-28.6995],[28.164,-28.7054]],[[28.164,-28.7054],[28.155,-28.7023]],[[28.155,-28.7023],[28.0136,-28.8784],[27.9775,-28.8807]],[[27.9775,-28.8807],[27.9262,-28.8534]],[[27.9262,-28.8534],[27.888,-28.9049],[27.8613,-28.9154]],[[28.6397,-30.1315],[28.86,-30.0664],[29.1442,-29.9197],[29.133,-29.852],[29.1058,-29.8256],[29.1138,-29.7501],[29.1613,-29.6669],[29.2786,-29.6136],[29.2799,-29.5814],[29.2963,-29.5716],[29.2751,-29.5323],[29.2827,-29.4856],[29.3995,-29.4303],[29.4322,-29.357],[29.3575,-29.1833],[29.3168,-29.1474],[29.3118,-29.0898],[29.2084,-29.0689],[29.126,-28.9924],[29.0558,-28.9654],[29.0405,-28.923],[28.9954,-28.9083]],[[28.9954,-28.9083],[28.9808,-28.909]],[[27.8613,-28.9154],[27.7474,-28.9086]],[[27.7474,-28.9086],[27.7548,-28.9255],[27.7201,-28.9459],[27.7117,-28.991]],[[27.7117,-28.991],[27.7029,-28.9893]],[[27.7029,-28.9893],[27.6392,-29.0353],[27.665,-29.0657],[27.6444,-29.0725]],[[27.6444,-29.0725],[27.6375,-29.0657]],[[27.6375,-29.0657],[27.613,-29.1338],[27.5215,-29.2165],[27.5289,-29.261],[27.4533,-29.2916],[27.4458,-29.332],[27.4063,-29.364],[27.4176,-29.3966],[27.3449,-29.4845]],[[27.3449,-29.4845],[27.3214,-29.4836]],[[27.3214,-29.4836],[27.2957,-29.5244],[27.1281,-29.5786],[27.0859,-29.6144]],[[27.0859,-29.6144],[27.072,-29.5999]],[[27.072,-29.5999],[27.0424,-29.6281]],[[27.0424,-29.6281],[27.033,-29.6162]],[[27.033,-29.6162],[27.0149,-29.6256],[27.0022,-29.6665],[27.051,-29.6968],[27.0887,-29.7501]],[[27.0888,-29.7501],[27.1988,-29.9785],[27.2659,-30.0333],[27.322,-30.1348]],[[27.0887,-29.7501],[27.0888,-29.7501]],[[28.5406,-30.1133],[28.6397,-30.1315]],[[28.4562,-30.147],[28.5406,-30.1133]],[[27.3567,-30.1322],[27.3805,-30.1526],[27.3437,-30.2129],[27.3455,-30.2416],[27.3662,-30.311],[27.4078,-30.3186]],[[27.322,-30.1348],[27.3567,-30.1322]],[[28.408,-30.1409],[28.4562,-30.147]],[[28.0788,-30.6588],[28.0816,-30.5869],[28.1208,-30.5534],[28.1412,-30.5008],[28.1254,-30.4573],[28.2182,-30.3874],[28.2385,-30.3523],[28.2358,-30.3294],[28.1985,-30.3011],[28.2006,-30.2825],[28.2944,-30.2425],[28.3641,-30.1593],[28.408,-30.1409]],[[27.436,-30.3099],[27.4594,-30.3166],[27.4775,-30.3563],[27.5297,-30.3822],[27.5986,-30.4903],[27.7135,-30.5838],[27.8204,-30.6146]],[[27.4078,-30.3186],[27.436,-30.3099]],[[27.8582,-30.6037],[27.9366,-30.6408],[28.0788,-30.6588]],[[27.8204,-30.6146],[27.8582,-30.6037]]]}},{"type":"Feature","properties":{"featurecla":"International boundary (verify)","adm0_a3_l":"ZAF","adm0_a3_r":"BWA"},"geometry":{"type":"MultiLineString","coordinates":[[[29.3315,-22.1928],[29.2482,-22.1793]],[[29.2482,-22.1793],[29.1688,-22.214],[29.0387,-22.2239],[28.9602,-22.3102],[28.9679,-22.3804],[28.9125,-22.4537]],[[29.3501,-22.1867],[29.3315,-22.1928]],[[28.9125,-22.4537],[28.8694,-22.4489]],[[28.8694,-22.4489],[28.8466,-22.4499],[28.8168,-22.4929],[28.6239,-22.5628]],[[28.6239,-22.5628],[28.5776,-22.56]],[[28.5776,-22.56],[28.5225,-22.5848]],[[28.5225,-22.5848],[28.4594,-22.5696]],[[28.4594,-22.5696],[28.3386,-22.5846],[28.2506,-22.6556],[28.1962,-22.6716],[28.1597,-22.7181],[28.155,-22.772],[28.1174,-22.7895],[28.1037,-22.8167],[28.0472,-22.8369],[28.054,-22.8691],[28.0374,-22.9114],[27.9375,-22.9638],[27.9461,-23.029],[27.9301,-23.057],[27.8157,-23.1047],[27.8223,-23.123],[27.8064,-23.1284]],[[27.8064,-23.1284],[27.7742,-23.1252]],[[27.7742,-23.1252],[27.7893,-23.1638],[27.7392,-23.2276]],[[27.7392,-23.2276],[27.6984,-23.1935]],[[27.6984,-23.1935],[27.6471,-23.2276]],[[27.6471,-23.2276],[27.608,-23.2167]],[[27.608,-23.2167],[27.5633,-23.2992],[27.5694,-23.3204],[27.5489,-23.3608],[27.4527,-23.3853],[27.4252,-23.4127]],[[27.4252,-23.4127],[27.4105,-23.3893]],[[27.4105,-23.3893],[27.3612,-23.4225]],[[27.3612,-23.4225],[27.35,-23.3915]],[[27.35,-23.3915],[27.2956,-23.4517],[27.2025,-23.4921],[27.1915,-23.5038],[27.2057,-23.5231],[27.1866,-23.5273]],[[27.1866,-23.5273],[27.1714,-23.5156]],[[27.1714,-23.5156],[27.1572,-23.5367]],[[27.1572,-23.5367],[27.1377,-23.5234]],[[27.1377,-23.5234],[27.1231,-23.533],[27.1367,-23.5702]],[[27.1367,-23.5702],[27.1244,-23.5632]],[[27.1244,-23.5632],[27.0958,-23.5838]],[[27.1025,-23.5838],[27.0752,-23.6112]],[[27.0958,-23.5838],[27.1025,-23.5838]],[[27.0752,-23.6112],[27.0615,-23.6044]],[[27.0615,-23.6044],[27.0701,-23.6561],[27.0548,-23.6664]],[[27.0548,-23.6664],[27.0138,-23.6385]],[[27.0138,-23.6385],[26.9381,-23.8029],[26.9412,-23.8502],[26.8392,-24.2656],[26.6929,-24.3266],[26.6235,-24.3994],[26.5312,-24.4587],[26.4695,-24.5714],[26.4044,-24.6328]],[[26.4044,-24.6328],[26.3257,-24.6224]],[[26.3257,-24.6224],[26.0136,-24.7045],[25.966,-24.7336]],[[25.966,-24.7336],[25.9147,-24.7318]],[[25.9147,-24.7318],[25.8684,-24.7482],[25.8767,-24.886],[25.8352,-25.0164],[25.6955,-25.31],[25.6635,-25.44],[25.5873,-25.6195],[25.4584,-25.7112],[25.3865,-25.7435],[25.1778,-25.7633]],[[20.5969,-25.4329],[20.588,-25.404],[20.5358,-25.3712],[20.5105,-25.3123],[20.5164,-25.2836],[20.4855,-25.2632],[20.4817,-25.2305],[20.4344,-25.1998],[20.4448,-25.1684],[20.3649,-25.0332],[20.2357,-24.936],[20.1078,-24.8803],[20.0293,-24.8152],[19.9814,-24.7525]],[[23.3814,-25.2926],[23.2657,-25.264]],[[23.2657,-25.264],[23.1685,-25.28],[23.0717,-25.326]],[[23.9248,-25.6292],[23.8075,-25.5236],[23.769,-25.5074],[23.7427,-25.47],[23.6868,-25.4544],[23.4449,-25.2781]],[[23.4449,-25.2781],[23.3814,-25.2926]],[[23.0717,-25.326],[23.0545,-25.3025],[23.0307,-25.2994]],[[23.0307,-25.2994],[22.9205,-25.3905],[22.8876,-25.4502],[22.8446,-25.4811],[22.814,-25.5666],[22.8334,-25.6061],[22.8108,-25.6253],[22.8102,-25.6774],[22.7405,-25.777],[22.7655,-25.8265],[22.7088,-25.891],[22.7268,-25.9216],[22.7194,-25.9843],[22.6616,-26.0209],[22.665,-26.0514],[22.528,-26.2137]],[[20.6165,-25.4661],[20.612,-25.431]],[[20.612,-25.431],[20.5969,-25.4329]],[[20.7265,-25.8274],[20.7378,-25.7989],[20.7167,-25.7326],[20.6629,-25.6853],[20.6708,-25.6423],[20.6379,-25.6203],[20.6714,-25.5912],[20.6634,-25.5647],[20.6185,-25.5285],[20.6269,-25.4847],[20.6565,-25.4678],[20.6435,-25.4574]],[[20.6435,-25.4574],[20.6165,-25.4661]],[[24.0057,-25.6547],[24.0087,-25.6332],[23.9764,-25.6176]],[[23.9764,-25.6176],[23.9248,-25.6292]],[[24.3892,-25.7595],[24.3389,-25.7518],[24.1835,-25.6259]],[[24.1835,-25.6259],[24.0057,-25.6547]],[[25.1778,-25.7633],[25.0517,-25.7379]],[[25.0517,-25.7379],[24.9679,-25.7629],[24.8885,-25.8117],[24.7986,-25.8292]],[[24.665,-25.8233],[24.4567,-25.743]],[[24.4567,-25.743],[24.3892,-25.7595]],[[24.7986,-25.8292],[24.738,-25.8159]],[[24.738,-25.8159],[24.665,-25.8233]],[[20.6908,-26.8918],[20.6147,-26.7532],[20.6089,-26.6861],[20.6324,-26.5953],[20.6023,-26.5222],[20.6225,-26.4275],[20.7533,-26.2762],[20.8414,-26.1313],[20.8039,-26.0713],[20.7941,-25.8939],[20.75,-25.8185]],[[20.75,-25.8185],[20.7265,-25.8274]],[[22.528,-26.2137],[22.4826,-26.2048]],[[22.4826,-26.2048],[22.4288,-26.2265],[22.3429,-26.3174],[22.2483,-26.3469],[22.1974,-26.4041],[22.1462,-26.5192],[22.0577,-26.6176],[21.999,-26.6503],[21.7806,-26.6782],[21.7687,-26.6887],[21.7775,-26.7685],[21.7623,-26.8045],[21.6645,-26.8631]],[[21.1225,-26.8653],[20.9904,-26.8386],[20.9077,-26.8]],[[20.9077,-26.8],[20.8519,-26.8065],[20.6908,-26.8918]],[[21.6645,-26.8631],[21.4987,-26.8464],[21.4266,-26.8227]],[[21.4266,-26.8227],[21.2829,-26.845]],[[21.2829,-26.845],[21.2549,-26.8418]],[[21.2549,-26.8418],[21.1225,-26.8653]]]}},{"type":"Feature","properties":{"featurecla":"International boundary (verify)","adm0_a3_l":"ZAF","adm0_a3_r":"ZWE"},"geometry":{"type":"MultiLineString","coordinates":[[[29.6796,-22.1383],[29.6614,-22.1265]],[[29.6614,-22.1265],[29.604,-22.1451]],[[30.1527,-22.2948],[30.0381,-22.2538],[30.0053,-22.2223],[29.8373,-22.1724],[29.7589,-22.1309]],[[29.7589,-22.1309],[29.6796,-22.1383]],[[29.604,-22.1451],[29.5702,-22.142]],[[29.5702,-22.142],[29.5318,-22.1724]],[[29.5318,-22.1724],[29.4569,-22.1588]],[[29.4569,-22.1588],[29.378,-22.1929]],[[29.378,-22.1929],[29.3501,-22.1867]],[[31.0876,-22.3369],[30.8379,-22.2823]],[[30.8379,-22.2823],[30.6939,-22.3028],[30.6324,-22.3307]],[[30.335,-22.3447],[30.197,-22.2891]],[[30.197,-22.2891],[30.1527,-22.2948]],[[30.5722,-22.3166],[30.5074,-22.3096]],[[30.5074,-22.3096],[30.335,-22.3447]],[[31.2215,-22.3649],[31.1526,-22.3164]],[[31.1526,-22.3164],[31.0876,-22.3369]],[[30.6324,-22.3307],[30.6011,-22.3164]],[[30.6011,-22.3164],[30.5722,-22.3166]],[[31.2889,-22.3973],[31.2457,-22.3575]],[[31.2457,-22.3575],[31.2215,-22.3649]]]}},{"type":"Feature","properties":{"featurecla":"International boundary (verify)","adm0_a3_l":"ZWE","adm0_a3_r":"ZMB"},"geometry":{"type":"MultiLineString","coordinates":[[[30.0107,-15.6462],[29.8373,-15.6148]],[[29.8373,-15.6148],[29.6485,-15.6666]],[[30.2072,-15.6532],[30.1301,-15.6237]],[[30.1301,-15.6237],[30.0107,-15.6462]],[[30.3281,-15.6524],[30.2549,-15.6289]],[[30.2549,-15.6289],[30.2072,-15.6532]],[[30.3963,-15.636],[30.3281,-15.6524]],[[29.6485,-15.6666],[29.5872,-15.6557]],[[29.5872,-15.6557],[29.5085,-15.7036],[29.407,-15.7142],[29.1863,-15.8128],[29.0862,-15.8846],[29.0423,-15.9463],[28.9324,-15.9637],[28.8572,-16.0605],[28.871,-16.0872],[28.8471,-16.2027],[28.8642,-16.2312],[28.8368,-16.3063],[28.8572,-16.3882],[28.8089,-16.4863],[28.7329,-16.5581],[28.6433,-16.5688],[28.2801,-16.7065],[28.1139,-16.8276],[27.8169,-16.9596],[27.6412,-17.1985],[27.5773,-17.3631],[27.1571,-17.7693],[27.149,-17.8425],[27.1154,-17.8822],[27.0485,-17.9443],[26.9592,-17.9647],[26.912,-17.992]],[[25.3453,-17.8426],[25.2598,-17.7941]],[[25.967,-18.0005],[25.8636,-17.9716],[25.8462,-17.9437],[25.8636,-17.9238],[25.8497,-17.9067],[25.6814,-17.8115]],[[25.6814,-17.8115],[25.5165,-17.8623]],[[25.4203,-17.8549],[25.3765,-17.8412]],[[25.3765,-17.8412],[25.3453,-17.8426]],[[25.5165,-17.8623],[25.4956,-17.8549]],[[25.4956,-17.8549],[25.4203,-17.8549]],[[26.3255,-17.936],[26.2392,-17.9102],[26.2119,-17.8828]],[[26.2119,-17.8828],[26.0406,-17.9785]],[[26.7,-18.0692],[26.6127,-18.0412],[26.5702,-18.0029],[26.3627,-17.9306]],[[26.3627,-17.9306],[26.3255,-17.936]],[[26.0406,-17.9785],[26.0337,-17.9716]],[[26.0337,-17.9716],[25.967,-18.0005]],[[26.912,-17.992],[26.8883,-17.9846]],[[26.8883,-17.9846],[26.7536,-18.033],[26.7,-18.0692]]]}},{"type":"Feature","properties":{"featurecla":"International boundary (verify)","adm0_a3_l":"CAF","adm0_a3_r":"COD"},"geometry":{"type":"MultiLineString","coordinates":[[[25.5437,5.3753],[25.5618,5.373]],[[25.5045,5.3423],[25.5408,5.3544],[25.5328,5.3722],[25.5437,5.3753]],[[25.5813,5.3749],[25.6005,5.3405]],[[25.5618,5.373],[25.5813,5.3749]],[[25.482,5.3569],[25.5045,5.3423]],[[25.4134,5.3236],[25.482,5.3569]],[[25.6229,5.3408],[25.6092,5.3203],[25.6234,5.3099]],[[25.6005,5.3405],[25.6229,5.3408]],[[25.3957,5.334],[25.4134,5.3236]],[[25.1637,5.0056],[25.2275,5.0096],[25.3168,5.0423],[25.3493,5.1417],[25.3145,5.1633],[25.3077,5.1853],[25.3434,5.2719],[25.3765,5.293],[25.3637,5.3106],[25.3957,5.334]],[[25.6501,5.3203],[25.758,5.2444]],[[25.6234,5.3099],[25.6501,5.3203]],[[25.7784,5.2691],[25.7947,5.2384]],[[25.758,5.2444],[25.7784,5.2691]],[[26.13,5.2589],[26.1573,5.2325]],[[26.1125,5.2384],[26.13,5.2589]],[[26.0884,5.2446],[26.1125,5.2384]],[[26.0952,5.2111],[26.0884,5.2446]],[[25.8146,5.2446],[25.8261,5.1947]],[[25.7947,5.2384],[25.8146,5.2446]],[[26.1983,5.2384],[26.2136,5.1991]],[[26.1845,5.2253],[26.1983,5.2384]],[[26.1709,5.2384],[26.1845,5.2253]],[[26.1573,5.2325],[26.1709,5.2384]],[[25.9719,5.2277],[26.0269,5.19]],[[25.9586,5.1974],[25.9719,5.2277]],[[25.8494,5.2179],[25.8724,5.2171],[25.9109,5.1701]],[[25.8261,5.1947],[25.8494,5.2179]],[[26.0771,5.2163],[26.0952,5.2111]],[[26.0627,5.2001],[26.0771,5.2163]],[[26.2262,5.2043],[26.2262,5.1831]],[[26.2136,5.1991],[26.2262,5.2043]],[[25.9432,5.2041],[25.9586,5.1974]],[[25.9109,5.1701],[25.9125,5.1904],[25.9432,5.2041]],[[27.0737,5.2033],[27.1164,5.2003],[27.4413,5.0707]],[[26.8671,5.0375],[26.9616,5.1512],[27.0737,5.2033]],[[26.051,5.2002],[26.0627,5.2001]],[[26.0269,5.19],[26.051,5.2002]],[[26.2466,5.19],[26.2725,5.1591],[26.3173,5.1464]],[[26.2262,5.1831],[26.2466,5.19]],[[19.5688,5.1552],[19.6056,5.1383],[19.7196,5.136],[19.8247,5.097],[19.8909,5.0021],[20.004,4.9745],[20.1717,4.8784],[20.2366,4.8063],[20.3389,4.7719],[20.3955,4.6771],[20.4565,4.6215],[20.4631,4.6009],[20.4421,4.5505],[20.4523,4.5289],[20.5598,4.4284],[20.6031,4.4097]],[[19.4965,5.1338],[19.5688,5.1552]],[[26.3906,5.149],[26.4419,5.1043],[26.4627,5.0596],[26.5198,5.046]],[[26.3627,5.136],[26.3906,5.149]],[[26.3364,5.1486],[26.3627,5.136]],[[26.3173,5.1464],[26.3364,5.1486]],[[19.4315,5.136],[19.4965,5.1338]],[[19.179,4.9464],[19.237,5.0108],[19.4315,5.136]],[[24.3964,5.1223],[24.4307,5.0674]],[[24.253,4.9299],[24.2966,5.0033],[24.3685,5.0124],[24.3986,5.036],[24.3612,5.0629],[24.3964,5.1223]],[[24.4596,5.1074],[24.533,5.0733],[24.5535,5.0391],[24.6012,5.0261],[24.6155,4.9851],[24.6708,4.9572],[24.6542,4.9294],[24.7306,4.9175]],[[24.4307,5.0674],[24.4367,5.1006],[24.4596,5.1074]],[[26.7394,5.0944],[26.8084,5.0391]],[[26.6576,5.0733],[26.6917,5.0944],[26.7394,5.0944]],[[26.5984,5.0806],[26.6235,5.0671]],[[26.5682,5.0596],[26.5984,5.0806]],[[26.644,5.0783],[26.6576,5.0733]],[[26.6235,5.0671],[26.644,5.0783]],[[26.5614,5.0671],[26.5682,5.0596]],[[26.5198,5.046],[26.5614,5.0671]],[[26.8327,5.0534],[26.8671,5.0375]],[[26.8084,5.0391],[26.8327,5.0534]],[[25.1295,5.0186],[25.1637,5.0056]],[[25.0761,4.9518],[25.1295,5.0186]],[[24.9694,4.9914],[25.0761,4.9518]],[[24.8483,4.9367],[24.9694,4.9914]],[[24.2298,4.9612],[24.253,4.9299]],[[24.1528,4.9026],[24.2298,4.9612]],[[19.133,4.9469],[19.179,4.9464]],[[18.6339,4.356],[18.7211,4.3774],[18.7533,4.4006],[18.8282,4.56],[19.0116,4.765],[19.069,4.8913],[19.133,4.9469]],[[24.8195,4.9445],[24.8483,4.9367]],[[24.7783,4.9185],[24.8195,4.9445]],[[24.7664,4.9299],[24.7783,4.9185]],[[24.7306,4.9175],[24.7664,4.9299]],[[24.1084,4.9231],[24.1528,4.9026]],[[23.978,4.8541],[24.1084,4.9231]],[[23.9571,4.8708],[23.978,4.8541]],[[23.9483,4.8177],[23.9432,4.8517],[23.9571,4.8708]],[[22.965,4.8353],[22.9857,4.8264],[23.0173,4.7505],[23.0994,4.7117]],[[22.9297,4.8206],[22.965,4.8353]],[[23.8819,4.8269],[23.9483,4.8177]],[[23.8552,4.8132],[23.8819,4.8269]],[[22.9059,4.8242],[22.9297,4.8206]],[[22.8538,4.7113],[22.8956,4.7654],[22.8829,4.8007],[22.9059,4.8242]],[[23.8167,4.8206],[23.8552,4.8132]],[[23.4145,4.5908],[23.4483,4.6594],[23.5061,4.6764],[23.588,4.7339],[23.76,4.7874],[23.8167,4.8206]],[[23.1687,4.7381],[23.2649,4.6351],[23.3884,4.5873]],[[23.0994,4.7117],[23.1687,4.7381]],[[22.8029,4.7306],[22.8538,4.7113]],[[22.6544,4.4828],[22.6895,4.4917],[22.697,4.5357],[22.7311,4.5873],[22.7236,4.6288],[22.8029,4.7306]],[[23.396,4.5916],[23.4145,4.5908]],[[23.3884,4.5873],[23.396,4.5916]],[[22.6103,4.4842],[22.6544,4.4828]],[[22.3033,4.1287],[22.4226,4.1348],[22.5105,4.1913],[22.5461,4.2372],[22.5393,4.2782],[22.5686,4.3315],[22.6137,4.3744],[22.587,4.4494],[22.6103,4.4842]],[[20.8715,4.4534],[21.0761,4.3955],[21.1136,4.3408],[21.2109,4.2916]],[[20.6031,4.4097],[20.7918,4.4262],[20.8324,4.4507],[20.8715,4.4534]],[[18.5765,4.3728],[18.6339,4.356]],[[18.6264,3.4769],[18.593,3.7098],[18.6465,4.046],[18.6197,4.1696],[18.5371,4.3061],[18.5765,4.3728]],[[21.2883,4.3334],[21.3583,4.2856],[21.4169,4.2701]],[[21.2109,4.2916],[21.2883,4.3334]],[[21.6511,4.2957],[21.6889,4.2925]],[[21.5381,4.2447],[21.6511,4.2957]],[[21.7229,4.2951],[21.7821,4.2719]],[[21.6889,4.2925],[21.7229,4.2951]],[[21.811,4.2732],[21.8677,4.2416],[21.9499,4.2335]],[[21.7821,4.2719],[21.811,4.2732]],[[21.4602,4.2719],[21.5381,4.2447]],[[21.4169,4.2701],[21.4602,4.2719]],[[22.0015,4.2447],[22.1279,4.2031],[22.2073,4.1503],[22.3033,4.1287]],[[21.9499,4.2335],[22.0015,4.2447]]]}},{"type":"Feature","properties":{"featurecla":"International boundary (verify)","adm0_a3_l":"RWA","adm0_a3_r":"TZA"},"geometry":{"type":"MultiLineString","coordinates":[[[30.4761,-1.1612],[30.453,-1.0973],[30.4718,-1.0668]],[[30.8072,-1.6033],[30.7329,-1.4764],[30.7375,-1.4067],[30.6324,-1.3676],[30.5553,-1.3184],[30.5546,-1.2735],[30.4947,-1.1553]],[[30.4947,-1.1553],[30.4761,-1.1612]],[[30.8168,-2.0187],[30.8269,-1.9341],[30.797,-1.9293],[30.8242,-1.9021],[30.8166,-1.8842],[30.8379,-1.8368],[30.8242,-1.7307],[30.831,-1.5942]],[[30.831,-1.5942],[30.8072,-1.6033]],[[30.7588,-2.3811],[30.8214,-2.3547],[30.8447,-2.3266],[30.8447,-2.2378],[30.8878,-2.0825],[30.8687,-2.039],[30.8355,-2.0147]],[[30.8355,-2.0147],[30.8168,-2.0187]],[[30.6877,-2.35],[30.7588,-2.3811]],[[30.6169,-2.3981],[30.6379,-2.397],[30.6877,-2.35]],[[30.5739,-2.3893],[30.6169,-2.3981]],[[30.5546,-2.4006],[30.5739,-2.3893]]]}},{"type":"Feature","properties":{"featurecla":"International boundary (verify)","adm0_a3_l":"UGA","adm0_a3_r":"TZA"},"geometry":{"type":"LineString","coordinates":[[30.4718,-1.0668],[30.473,-1.0656]]}},{"type":"Feature","properties":{"featurecla":"International boundary (verify)","adm0_a3_l":"TZA","adm0_a3_r":"BDI"},"geometry":{"type":"MultiLineString","coordinates":[[[30.5546,-2.4006],[30.5081,-2.4635],[30.4577,-2.598],[30.416,-2.6456],[30.4121,-2.6702],[30.4427,-2.6811]],[[30.5226,-2.6494],[30.4505,-2.7418],[30.4469,-2.7827],[30.4136,-2.8344],[30.4408,-2.884],[30.4742,-2.9032],[30.4885,-2.9435]],[[30.4427,-2.6811],[30.5226,-2.6494]],[[30.5389,-2.899],[30.6295,-2.9477],[30.6509,-2.9773]],[[30.4885,-2.9435],[30.5389,-2.899]],[[30.6837,-2.97],[30.7321,-2.9935]],[[30.6509,-2.9773],[30.6837,-2.97]],[[30.8021,-2.9784],[30.8255,-2.9786],[30.7783,-3.0474],[30.8177,-3.0991],[30.8123,-3.1235],[30.8329,-3.1477],[30.8322,-3.1728],[30.7998,-3.2746],[30.7479,-3.2941]],[[30.7321,-2.9935],[30.8021,-2.9784]],[[30.7479,-3.2941],[30.7215,-3.281]],[[30.7215,-3.281],[30.712,-3.3019],[30.6405,-3.3329],[30.6033,-3.3726],[30.6404,-3.3928],[30.6391,-3.4195],[30.488,-3.5126]],[[30.488,-3.5126],[30.4856,-3.5105]],[[30.4856,-3.5105],[30.4323,-3.5519],[30.4289,-3.6022],[30.3731,-3.7036],[30.3816,-3.7883]],[[30.3816,-3.7883],[30.337,-3.7738]],[[30.337,-3.7738],[30.2208,-3.91],[30.1498,-4.0868],[30.0515,-4.1802],[30.003,-4.2719],[29.8386,-4.3735]],[[29.8386,-4.3735],[29.8003,-4.3639]],[[29.8003,-4.3639],[29.7517,-4.4161],[29.7328,-4.4633]],[[29.7328,-4.4633],[29.6383,-4.4468]],[[29.6383,-4.4468],[29.4042,-4.4498]]]}},{"type":"Feature","properties":{"featurecla":"International boundary (verify)","adm0_a3_l":"BDI","adm0_a3_r":"COD"},"geometry":{"type":"LineString","coordinates":[[29.0154,-2.7207],[29.0286,-2.7449],[28.9955,-2.7584],[28.9949,-2.8136],[29.0491,-2.8275],[29.0898,-2.9261],[29.1384,-2.9504],[29.1568,-3.0048],[29.2115,-3.0212],[29.2346,-3.0466],[29.2423,-3.1108],[29.2141,-3.1665],[29.2169,-3.2331],[29.2409,-3.2663],[29.2131,-3.2919],[29.2067,-3.3345],[29.2252,-3.5886],[29.2066,-3.7819],[29.215,-3.8999],[29.3395,-4.0932],[29.3728,-4.2082],[29.4042,-4.4498]]}},{"type":"Feature","properties":{"featurecla":"International boundary (verify)","adm0_a3_l":"RWA","adm0_a3_r":"COD"},"geometry":{"type":"MultiLineString","coordinates":[[[29.5779,-1.3884],[29.4987,-1.4311],[29.4374,-1.5062],[29.3428,-1.5165],[29.3038,-1.5879],[29.2333,-1.6587],[29.1305,-1.8433],[29.1506,-2.1504],[29.1098,-2.2367],[29.0309,-2.2757]],[[29.0309,-2.2757],[29.0021,-2.2747]],[[29.0021,-2.2747],[28.9454,-2.3542],[28.8663,-2.3919],[28.8609,-2.4396],[28.8782,-2.4897],[28.8572,-2.5183],[28.8981,-2.5763],[28.8913,-2.6527],[29.0154,-2.7207]]]}},{"type":"Feature","properties":{"featurecla":"International boundary (verify)","adm0_a3_l":"SDN","adm0_a3_r":"ETH"},"geometry":{"type":"MultiLineString","coordinates":[[[36.0994,12.6957],[36.1236,12.7214],[36.1433,12.8326],[36.1144,12.9339],[36.1499,12.9802],[36.1369,13.0324],[36.2336,13.3616],[36.3913,13.5994],[36.3984,13.676],[36.4582,13.8201],[36.4321,13.9699],[36.5264,14.2635]],[[36.0385,12.7175],[36.0994,12.6957]],[[34.8276,10.7278],[34.8513,10.7458],[34.8616,10.7876],[34.9507,10.8692],[34.9528,10.9184],[34.9143,10.964],[34.9841,11.1864],[34.9443,11.2532],[35.0731,11.549],[35.0406,11.7274],[35.0727,11.8189],[35.1267,11.8629],[35.2156,11.8966],[35.2457,11.9299],[35.2514,11.9717],[35.3174,12.0237],[35.3537,12.146],[35.4125,12.1986],[35.4288,12.267],[35.6169,12.5752],[35.6724,12.6043],[35.6841,12.6561],[35.7284,12.6744],[36.0385,12.7175]],[[34.5748,10.8841],[34.7507,10.7439],[34.7648,10.6803]],[[34.0707,9.4546],[34.0669,9.5312],[34.0982,9.6797],[34.2219,10.026],[34.3035,10.1135],[34.3018,10.1603],[34.3259,10.2236],[34.2762,10.4887],[34.2795,10.5655],[34.42,10.7808],[34.5748,10.8841]],[[34.8154,10.7313],[34.8276,10.7278]],[[34.7648,10.6803],[34.7862,10.719],[34.8154,10.7313]]]}},{"type":"Feature","properties":{"featurecla":"International boundary (verify)","adm0_a3_l":"SDS","adm0_a3_r":"ETH"},"geometry":{"type":"MultiLineString","coordinates":[[[33.741,8.3671],[33.8241,8.4195],[33.9503,8.4332],[34.1032,8.5793],[34.1119,8.6266],[34.0707,9.4546]],[[33.5051,8.4749],[33.5521,8.4468]],[[33.4131,8.4497],[33.4805,8.4577],[33.4848,8.474],[33.5051,8.4749]],[[33.6001,8.464],[33.6517,8.4345],[33.6955,8.3729],[33.741,8.3671]],[[33.5521,8.4468],[33.6001,8.464]],[[33.2527,8.4582],[33.3614,8.4343]],[[33.1209,7.7833],[33.0513,7.8011],[32.9898,7.9172],[33.0311,7.9963],[33.1175,8.1042],[33.1648,8.1171],[33.1851,8.1411],[33.1699,8.2055],[33.2083,8.2537],[33.1644,8.2928],[33.1679,8.3897],[33.2527,8.4582]],[[33.4002,8.4526],[33.4131,8.4497]],[[33.3614,8.4343],[33.4002,8.4526]],[[33.3471,7.719],[33.2916,7.7331],[33.2424,7.7807],[33.1645,7.8011]],[[33.1645,7.8011],[33.1209,7.7833]],[[33.5723,7.6852],[33.4623,7.7495]],[[33.4623,7.7495],[33.3471,7.719]],[[34.1324,7.1634],[34.0336,7.2503],[34.0306,7.3487],[34.0065,7.4099],[33.8824,7.5361],[33.8115,7.561],[33.7161,7.6572],[33.6372,7.6913]],[[33.6372,7.6913],[33.5723,7.6852]],[[35.2693,5.4918],[35.2234,5.543],[35.0987,5.6225],[35.0795,5.6998],[34.9844,5.841],[34.9799,5.9128],[34.9553,5.9526],[34.9698,5.9967],[34.9594,6.0617],[34.8989,6.1387],[34.8447,6.2487],[34.8326,6.3535],[34.7843,6.4418],[34.7335,6.6376],[34.7035,6.6849],[34.6185,6.7365],[34.5247,6.7529],[34.5111,6.8143],[34.5233,6.8442],[34.5037,6.89],[34.4392,6.9349],[34.2807,6.9801],[34.1983,7.0644],[34.1909,7.1495],[34.1678,7.1754]],[[34.1678,7.1754],[34.1324,7.1634]]]}},{"type":"Feature","properties":{"featurecla":"International boundary (verify)","adm0_a3_l":"CAF","adm0_a3_r":"TCD"},"geometry":{"type":"MultiLineString","coordinates":[[[22.5558,10.979],[22.5119,11.0008]],[[22.5119,11.0008],[22.5028,10.9922]],[[22.5028,10.9922],[22.4605,11.0008]],[[22.4605,11.0008],[22.2765,10.9085]],[[22.6383,10.9741],[22.6008,10.9878]],[[22.6008,10.9878],[22.5558,10.979]],[[22.8611,10.9192],[22.806,10.9245],[22.6732,10.9751]],[[22.6732,10.9751],[22.6383,10.9741]],[[22.2765,10.9085],[22.253,10.9153]],[[22.253,10.9153],[22.2006,10.8687],[22.1764,10.8162]],[[22.1324,10.8285],[22.0486,10.837]],[[22.0486,10.837],[22.0183,10.8099],[22.0039,10.7433],[21.9256,10.7201],[21.8636,10.6679]],[[22.1764,10.8162],[22.1482,10.8308]],[[22.1482,10.8308],[22.1324,10.8285]],[[21.8636,10.6679],[21.8329,10.6799]],[[21.8329,10.6799],[21.7226,10.6367],[21.7055,10.532],[21.7511,10.4118],[21.7205,10.3608],[21.723,10.306],[21.6889,10.2889],[21.6563,10.2337],[21.5934,10.2145]],[[21.5793,10.2123],[21.545,10.22]],[[21.545,10.22],[21.4854,10.1643],[21.4069,10.0056],[21.3395,9.9599]],[[21.5934,10.2145],[21.5897,10.2166]],[[21.5897,10.2166],[21.5793,10.2123]],[[21.3395,9.9599],[21.2713,9.9872]],[[21.2713,9.9872],[21.1954,9.8873],[21.132,9.8494],[21.1052,9.774]],[[21.1052,9.774],[21.097,9.7754]],[[21.097,9.7754],[21.0658,9.7545]],[[21.0658,9.7545],[21.0484,9.7682]],[[21.0484,9.7682],[21.0174,9.7436],[20.9961,9.6483],[20.9758,9.631],[20.9831,9.6037]],[[20.9831,9.6037],[20.9676,9.6106]],[[20.9676,9.6106],[20.8742,9.5025],[20.8414,9.4844],[20.8203,9.4162]],[[20.8203,9.4162],[20.802,9.4255]],[[20.802,9.4255],[20.7579,9.3771]],[[20.7579,9.3771],[20.7505,9.3845]],[[20.7505,9.3845],[20.6549,9.343],[20.6679,9.302],[20.6167,9.302]],[[20.5723,9.3082],[20.5418,9.3216]],[[20.5418,9.3216],[20.5337,9.2896],[20.4961,9.2709],[20.5072,9.2133],[20.4818,9.2047],[20.4352,9.1381]],[[20.5923,9.3081],[20.5736,9.3091]],[[20.5736,9.3091],[20.5723,9.3082]],[[20.6167,9.302],[20.5929,9.3082]],[[20.5929,9.3082],[20.5923,9.3081]],[[20.1546,9.1164],[20.1096,9.1512]],[[20.1096,9.1512],[20.0994,9.1307]],[[20.257,9.1164],[20.2126,9.145]],[[20.2126,9.145],[20.1546,9.1164]],[[20.4352,9.1381],[20.4231,9.1432]],[[20.4231,9.1432],[20.3594,9.1164]],[[20.0994,9.1307],[20.0687,9.1381]],[[20.0687,9.1381],[20.0243,9.0898]],[[20.3594,9.1164],[20.2768,9.1207]],[[20.2768,9.1207],[20.257,9.1164]],[[20.0243,9.0898],[20.0069,9.1102]],[[20.0069,9.1102],[19.9855,9.0832]],[[19.9855,9.0832],[19.9765,9.0842]],[[19.9765,9.0842],[19.9287,9.0626]],[[19.9287,9.0626],[19.9145,9.0693]],[[19.9145,9.0693],[19.8895,9.0464]],[[19.8895,9.0464],[19.8055,9.0511]],[[19.8055,9.0511],[19.7,9.0206]],[[19.6401,9.014],[19.6136,9.0317]],[[19.6136,9.0317],[19.5538,9.0133]],[[19.2955,9.0095],[19.2632,9.0283]],[[19.2632,9.0283],[19.192,9.0202],[19.1688,9.0022]],[[19.7,9.0206],[19.6564,9.0213]],[[19.6564,9.0213],[19.6401,9.014]],[[19.3694,9.0004],[19.3048,9.0208]],[[19.3048,9.0208],[19.2955,9.0095]],[[19.4302,9.0129],[19.421,9.0174]],[[19.421,9.0174],[19.3694,9.0004]],[[19.1267,9.0072],[19.1006,9.0153]],[[19.1006,9.0153],[19.0219,8.9852],[18.9014,8.894]],[[19.5538,9.0133],[19.5308,9.014]],[[19.5308,9.014],[19.5213,9.0088]],[[19.5213,9.0088],[19.5066,9.014]],[[19.5066,9.014],[19.4302,9.0129]],[[19.1688,9.0022],[19.1421,9.0087]],[[19.1421,9.0087],[19.1267,9.0072]],[[18.9014,8.894],[18.8927,8.8979]],[[18.8927,8.8979],[18.8697,8.8641],[18.8865,8.8358]],[[18.903,8.8448],[18.9173,8.8051],[19.0487,8.7457],[19.1241,8.6751],[19.0613,8.6256],[19.0205,8.5456],[18.813,8.2764],[18.6386,8.1776],[18.6186,8.1387],[18.6179,8.0901],[18.5893,8.0479],[18.5083,8.0307],[18.0705,8.0192],[17.8588,7.9604]],[[18.8865,8.8358],[18.903,8.8448]],[[17.8588,7.9604],[17.6618,7.9863]],[[17.6618,7.9863],[17.6207,7.9787],[17.5808,7.9406],[17.5037,7.9262],[17.4664,7.8841]],[[17.4664,7.8841],[17.4191,7.8982]],[[17.4191,7.8982],[17.3857,7.8705],[17.2509,7.8228],[17.2046,7.7638]],[[16.7824,7.5411],[16.7098,7.6278],[16.6142,7.6796],[16.6131,7.7482],[16.5493,7.7947],[16.5487,7.87]],[[16.5487,7.87],[16.4917,7.8492],[16.4374,7.7884]],[[16.4374,7.7884],[16.4074,7.7961]],[[16.4074,7.7961],[16.387,7.7626],[16.383,7.6807],[16.2828,7.6601],[16.1856,7.6108]],[[17.2046,7.7638],[17.1964,7.7652]],[[17.1964,7.7652],[17.1019,7.6777]],[[17.1019,7.6777],[17.0594,7.6965]],[[17.0594,7.6965],[17.039,7.6625]],[[17.039,7.6625],[17.0083,7.6676]],[[17.0083,7.6676],[16.9819,7.6487]],[[16.9819,7.6487],[16.9627,7.6507]],[[16.9627,7.6507],[16.8655,7.6244],[16.8504,7.5659]],[[16.1856,7.6108],[16.1627,7.6111]],[[16.1627,7.6111],[16.043,7.5839],[15.9757,7.5152],[15.9253,7.4882],[15.7583,7.4556]],[[16.8504,7.5659],[16.8367,7.5675]],[[16.8367,7.5675],[16.7824,7.5411]],[[15.5519,7.5099],[15.481,7.5233]],[[15.7583,7.4556],[15.72,7.4686],[15.6685,7.5163],[15.6248,7.5197]],[[15.6248,7.5197],[15.5519,7.5099]]]}},{"type":"Feature","properties":{"featurecla":"International boundary (verify)","adm0_a3_l":"GAB","adm0_a3_r":"CMR"},"geometry":{"type":"MultiLineString","coordinates":[[[11.7681,2.2802],[11.6573,2.3225]],[[11.6573,2.3225],[11.3516,2.3006],[11.356,2.2652],[11.3221,2.1658]],[[12.3849,2.2859],[12.3216,2.3141]],[[12.3216,2.3141],[12.2026,2.2796]],[[12.5515,2.2723],[12.4399,2.2985]],[[12.4399,2.2985],[12.3849,2.2859]],[[12.0419,2.284],[11.9662,2.2888]],[[11.9662,2.2888],[11.8898,2.2821]],[[12.2026,2.2796],[12.1007,2.2885]],[[12.1007,2.2885],[12.0419,2.284]],[[11.8898,2.2821],[11.8022,2.2848]],[[11.8022,2.2848],[11.7681,2.2802]],[[13.2216,2.2639],[13.1333,2.2845]],[[13.1333,2.2845],[13.093,2.2535],[13.0409,2.2442]],[[12.7499,2.2367],[12.6146,2.2569],[12.5748,2.2777]],[[12.5748,2.2777],[12.5515,2.2723]],[[13.2946,2.1611],[13.2942,2.2305],[13.2429,2.2715]],[[13.2429,2.2715],[13.2216,2.2639]],[[12.9722,2.2504],[12.9248,2.264]],[[12.9248,2.264],[12.9032,2.2504]],[[12.8678,2.245],[12.8082,2.264]],[[12.8082,2.264],[12.7499,2.2367]],[[13.0409,2.2442],[12.9969,2.26]],[[12.9969,2.26],[12.9722,2.2504]],[[12.9032,2.2504],[12.8764,2.2572]],[[12.8764,2.2572],[12.8678,2.245]]]}},{"type":"Feature","properties":{"featurecla":"International boundary (verify)","adm0_a3_l":"GAB","adm0_a3_r":"COG"},"geometry":{"type":"MultiLineString","coordinates":[[[13.1644,1.5378],[13.1296,1.5925],[13.15,1.6363],[13.1502,1.7563],[13.191,1.8287],[13.1622,1.8998],[13.2102,1.9563],[13.2069,1.9936],[13.2811,2.045],[13.2946,2.1611]],[[13.1955,1.2211],[13.1502,1.2566],[13.2336,1.3088],[13.2513,1.3376],[13.2395,1.428],[13.1849,1.4969],[13.1897,1.5247],[13.1713,1.5453]],[[13.1713,1.5453],[13.1644,1.5378]],[[14.0707,1.3751],[13.9836,1.4168],[13.7947,1.4344]],[[13.7947,1.4344],[13.7441,1.3703]],[[14.1816,0.5399],[14.2453,0.5477],[14.3288,0.6212],[14.3384,0.6939],[14.4476,0.8162],[14.4376,0.8751],[14.4681,0.9132],[14.4008,0.9703],[14.3464,1.0871],[14.2829,1.1301],[14.2522,1.3308],[14.1839,1.3808],[14.1244,1.3936]],[[14.1244,1.3936],[14.0707,1.3751]],[[13.7441,1.3703],[13.7244,1.378]],[[13.7244,1.378],[13.6715,1.3588]],[[13.6715,1.3588],[13.6621,1.3592]],[[13.6621,1.3592],[13.5792,1.3235],[13.5434,1.2835],[13.4798,1.2771]],[[13.4798,1.2771],[13.3987,1.2969]],[[13.3987,1.2969],[13.3574,1.2891],[13.3429,1.2639],[13.2502,1.2218]],[[13.2502,1.2218],[13.2158,1.2244]],[[13.2158,1.2244],[13.1955,1.2211]],[[14.1255,0.5462],[14.1816,0.5399]],[[13.8834,-0.2649],[13.8312,-0.2054],[13.8322,-0.1771],[13.9211,-0.053],[13.913,-0.0166],[13.9329,0.0221],[13.8949,0.0437],[13.8758,0.2203],[13.9452,0.3504],[14.0591,0.4353],[14.0456,0.4973],[14.076,0.5395],[14.1255,0.5462]],[[13.9823,-0.2623],[13.9216,-0.2379]],[[13.9216,-0.2379],[13.8834,-0.2649]],[[14.1597,-0.4551],[14.1506,-0.3765],[14.1214,-0.3022],[14.0588,-0.2588],[14.0187,-0.2526]],[[14.0187,-0.2526],[13.9823,-0.2623]],[[14.2344,-2.3549],[14.227,-2.3231],[14.1512,-2.259],[14.148,-2.2248],[14.1959,-2.2018],[14.2092,-2.1872],[14.2043,-2.1522],[14.2338,-2.1345],[14.2517,-2.0379],[14.2335,-2.0182],[14.2451,-1.9748],[14.4045,-1.8931],[14.4067,-1.7356],[14.4488,-1.6863],[14.403,-1.6709],[14.3909,-1.6303],[14.3648,-1.612],[14.4132,-1.5853],[14.4304,-1.5549],[14.4631,-1.5487],[14.4384,-1.5026],[14.4563,-1.4402],[14.4877,-1.4094],[14.4263,-1.331],[14.4607,-1.278],[14.4658,-1.2244],[14.4283,-1.1695],[14.4344,-1.1351],[14.392,-1.009],[14.4128,-0.9215],[14.4571,-0.8561],[14.446,-0.7757],[14.499,-0.6309],[14.4542,-0.5396],[14.3923,-0.4824],[14.2927,-0.4364]],[[14.2927,-0.4364],[14.2447,-0.4516]],[[14.2447,-0.4516],[14.2102,-0.4403]],[[14.2102,-0.4403],[14.1597,-0.4551]],[[12.6324,-1.8252],[12.8046,-1.9191],[12.8472,-2.0372],[12.873,-2.0659],[12.8763,-2.1049],[12.8951,-2.1098],[12.8827,-2.1408],[12.9071,-2.1954]],[[12.4866,-1.9249],[12.5235,-1.8633],[12.5832,-1.8265],[12.6324,-1.8252]],[[12.4269,-1.8841],[12.4866,-1.9249]],[[12.0623,-2.415],[12.4593,-2.3299],[12.4479,-2.3079],[12.4755,-2.2124],[12.4702,-2.1563],[12.4998,-2.0955],[12.4608,-2.0779],[12.44,-2.0458],[12.4269,-1.8841]],[[13.7432,-2.0971],[13.7828,-2.138],[13.8639,-2.3215],[13.9062,-2.3598],[13.8477,-2.4231],[13.8458,-2.4666],[13.9095,-2.4897]],[[13.4589,-2.441],[13.5576,-2.3405],[13.6034,-2.32],[13.6174,-2.2796],[13.7016,-2.1947],[13.7432,-2.0971]],[[12.9456,-2.1824],[12.9973,-2.2757]],[[12.9071,-2.1954],[12.9456,-2.1824]],[[13.0034,-2.2755],[13.0107,-2.2878],[12.969,-2.3724]],[[12.9973,-2.2757],[13.0034,-2.2755]],[[11.9384,-2.3291],[12.0007,-2.3906],[12.0623,-2.415]],[[11.7561,-2.4151],[11.8066,-2.3742],[11.9384,-2.3291]],[[11.5684,-2.3291],[11.6559,-2.3456],[11.7213,-2.4041],[11.7561,-2.4151]],[[11.5307,-2.8667],[11.5375,-2.7977],[11.6244,-2.6328],[11.619,-2.5865],[11.5765,-2.5025],[11.5834,-2.4297],[11.5582,-2.3494],[11.5684,-2.3291]],[[13.025,-2.3382],[13.1352,-2.377]],[[12.969,-2.3724],[13.025,-2.3382]],[[14.2301,-2.3522],[14.2344,-2.3549]],[[14.0809,-2.4999],[14.1319,-2.4351],[14.1442,-2.3902],[14.2301,-2.3522]],[[13.1768,-2.362],[13.3788,-2.4309]],[[13.1352,-2.377],[13.1768,-2.362]],[[13.439,-2.4254],[13.4589,-2.441]],[[13.4249,-2.4298],[13.439,-2.4254]],[[13.398,-2.4262],[13.4249,-2.4298]],[[13.3788,-2.4309],[13.398,-2.4262]],[[13.967,-2.4706],[13.9933,-2.5016]],[[13.9095,-2.4897],[13.967,-2.4706]],[[14.0456,-2.4861],[14.0809,-2.4999]],[[13.9933,-2.5016],[14.0456,-2.4861]],[[11.7306,-3.0447],[11.7784,-3.0272],[11.7784,-3.0057],[11.6368,-2.8333],[11.6168,-2.8268]],[[11.6168,-2.8268],[11.5307,-2.8667]],[[11.7169,-3.0436],[11.7306,-3.0447]],[[11.8383,-3.7109],[11.88,-3.6872],[11.9055,-3.6435],[11.8985,-3.6224],[11.8349,-3.5921],[11.8278,-3.5481],[11.8984,-3.3892],[11.9549,-3.3355],[11.9444,-3.3032],[11.8219,-3.2548],[11.6875,-3.171],[11.6883,-3.0923],[11.7169,-3.0436]],[[11.4826,-3.5093],[11.5327,-3.5165],[11.5698,-3.545],[11.6492,-3.6733],[11.6876,-3.6987]],[[11.114,-3.9369],[11.2125,-3.6973],[11.3347,-3.6086],[11.414,-3.5876],[11.4826,-3.5093]],[[11.7421,-3.6917],[11.8383,-3.7109]],[[11.6876,-3.6987],[11.7421,-3.6917]]]}},{"type":"Feature","properties":{"featurecla":"International boundary (verify)","adm0_a3_l":"CMR","adm0_a3_r":"TCD"},"geometry":{"type":"MultiLineString","coordinates":[[[14.5607,12.7662],[14.549,12.8182],[14.4901,12.8736],[14.5047,12.969],[14.4182,13.0811]],[[14.4182,13.0811],[14.0649,13.078]],[[14.5753,12.7449],[14.5694,12.7694]],[[14.5694,12.7694],[14.5607,12.7662]],[[14.6645,12.716],[14.6106,12.7623]],[[14.6106,12.7623],[14.5753,12.7449]],[[14.7137,12.6525],[14.7021,12.669],[14.7168,12.7018],[14.694,12.7237]],[[14.694,12.7237],[14.6645,12.716]],[[14.7862,12.6312],[14.7688,12.6332],[14.7341,12.6804]],[[14.7341,12.6804],[14.7137,12.6525]],[[14.8638,12.447],[14.8496,12.457],[14.8638,12.4955],[14.8192,12.6388]],[[14.8192,12.6388],[14.7862,12.6312]],[[14.9648,12.0924],[14.898,12.1528],[14.9116,12.1801],[14.898,12.2075],[14.9083,12.3269],[14.8659,12.4526]],[[14.8659,12.4526],[14.8638,12.447]],[[15.0863,11.7222],[15.0972,11.7277],[15.0836,11.7482],[15.1109,11.7829],[15.0798,11.8512],[15.051,11.8616],[15.042,11.9024],[15.0634,11.9273],[15.0483,11.9628],[15.0812,11.9717],[15.0494,12.0119],[15.0494,12.0846],[15.0118,12.1086]],[[15.0118,12.1086],[14.9648,12.0924]],[[15.0798,11.7226],[15.0863,11.7222]],[[15.383,9.9302],[15.6812,9.9913],[15.4764,10.1327],[15.4392,10.1852],[15.3014,10.3117],[15.2784,10.3943],[15.2412,10.4329],[15.2183,10.4872],[15.1382,10.5217],[15.1323,10.5654],[15.1499,10.6231],[15.0659,10.7931],[15.079,10.8981],[15.0352,10.9946],[15.0212,11.1825],[15.0333,11.2603],[15.0631,11.3099],[15.0494,11.3373],[15.0606,11.4161],[15.1356,11.5308],[15.0694,11.6608],[15.0798,11.7226]],[[14.4405,9.9953],[14.7726,9.9217]],[[14.8099,8.8086],[14.3495,9.1684],[14.3213,9.2432],[14.0365,9.5688],[13.9476,9.6378],[14.0067,9.7393],[14.1198,9.852],[14.1735,9.975],[14.4405,9.9953]],[[15.1555,9.9865],[15.2149,9.9841],[15.383,9.9302]],[[15.033,9.9429],[15.1007,9.9789],[15.1555,9.9865]],[[14.8981,9.9605],[15.033,9.9429]],[[14.7726,9.9217],[14.8981,9.9605]],[[15.481,7.5233],[15.549,7.6308],[15.5629,7.7924],[15.4879,7.805],[15.4407,7.8394],[15.3453,8.136],[15.1837,8.4791],[15.0519,8.6438],[14.9551,8.6762],[14.9344,8.739],[14.8599,8.8033],[14.828,8.8132]],[[14.828,8.8132],[14.8099,8.8086]]]}},{"type":"Feature","properties":{"featurecla":"International boundary (verify)","adm0_a3_l":"CMR","adm0_a3_r":"NGA"},"geometry":{"type":"LineString","coordinates":[[14.0649,13.078],[14.1774,12.5456],[14.1889,12.3704],[14.4871,12.3378],[14.5144,12.3235],[14.5144,12.2894],[14.5621,12.2558],[14.5485,12.2416],[14.6041,12.2043],[14.6106,12.1835],[14.6515,12.1938],[14.6683,12.1781],[14.6372,12.1242],[14.6222,12.042],[14.6043,12.0304],[14.6271,11.9501],[14.5907,11.7832],[14.5419,11.7098],[14.6214,11.6298],[14.6162,11.5387],[14.5938,11.4964],[14.3682,11.383],[14.2792,11.3018],[14.2321,11.2903],[14.1655,11.2383],[14.1226,11.2357],[13.9823,11.2763],[13.8732,11.1665],[13.8201,11.0693],[13.7548,11.0167],[13.7444,10.9305],[13.5388,10.6214],[13.4448,10.2455],[13.453,10.2005],[13.4349,10.1534],[13.3598,10.1005],[13.248,10.0794],[13.2302,10.0453],[13.2464,9.9735],[13.2127,9.8701],[13.2629,9.8017],[13.1955,9.5422],[12.9824,9.4746],[12.929,9.4161],[12.8554,9.3781],[12.8484,9.3599],[12.8816,9.3522],[12.8913,9.332],[12.8984,9.2624],[12.8221,9.0968],[12.8282,9.02],[12.7945,8.7886],[12.7729,8.7591],[12.7089,8.7509],[12.6604,8.6593],[12.558,8.6057],[12.4825,8.6232],[12.4244,8.5998],[12.3688,8.6096],[12.4039,8.4965],[12.3313,8.4243],[12.2718,8.4278],[12.227,8.3863],[12.2368,8.197],[12.1826,8.0935],[12.1921,7.9607],[12.019,7.7189],[12.0091,7.6763],[12.0211,7.5762],[11.7366,7.2633],[11.7802,7.2411],[11.8689,7.1271],[11.8813,7.102],[11.8722,7.0794],[11.8089,7.0719],[11.7515,7.024],[11.7411,6.9975],[11.6925,6.9916],[11.5618,6.8761],[11.5381,6.8239],[11.5666,6.7842],[11.5689,6.7391],[11.5334,6.6451],[11.5098,6.6123],[11.4167,6.572],[11.3894,6.4739],[11.3195,6.4373],[11.1404,6.4303],[11.0971,6.4491],[11.0606,6.574],[11.0559,6.7004],[11.0367,6.7405],[11.0026,6.7673],[10.9094,6.7843],[10.8775,6.8161],[10.8319,6.9452],[10.6206,7.0438],[10.6025,7.0581],[10.5972,7.1073],[10.5787,7.1308],[10.5518,7.0663],[10.5374,6.9521],[10.5007,6.9128],[10.496,6.8747],[10.2108,6.8792],[10.1794,6.9149],[10.165,6.9885],[10.1429,7.0077],[9.8746,6.7877],[9.8512,6.7779],[9.7885,6.7948],[9.7698,6.7737],[9.693,6.5313],[9.603,6.5152],[9.549,6.4432],[9.4531,6.3977],[9.4229,6.3394],[9.341,6.314],[9.2733,6.2028],[9.1362,6.0925],[8.9938,5.9441],[8.9827,5.8958],[8.9217,5.9045],[8.8452,5.831],[8.8622,5.7523],[8.8193,5.7035],[8.9039,5.5951],[8.8443,5.4924],[8.8498,5.4324],[8.8153,5.3435],[8.8257,5.2955],[8.7989,5.1596],[8.7483,5.1242],[8.6383,4.9168],[8.611,4.8967],[8.6122,4.8319],[8.5942,4.8153]]}},{"type":"Feature","properties":{"featurecla":"International boundary (verify)","adm0_a3_l":"NER","adm0_a3_r":"NGA"},"geometry":{"type":"MultiLineString","coordinates":[[[5.5218,13.8803],[6.1424,13.6408]],[[5.2276,13.7413],[5.3042,13.7739],[5.3463,13.8416],[5.3741,13.8553],[5.5218,13.8803]],[[4.8569,13.7741],[4.9251,13.7331],[4.9832,13.7297]],[[3.5964,11.6958],[3.6478,11.726],[3.667,11.7597],[3.6129,11.839],[3.6039,11.9056],[3.6536,11.9868],[3.624,12.0942],[3.6515,12.269],[3.6416,12.518],[3.9291,12.7504],[4.0888,12.9962],[4.1237,13.2336],[4.1258,13.473],[4.2485,13.4941],[4.4526,13.6738],[4.8569,13.7741]],[[5.0844,13.7475],[5.2276,13.7413]],[[4.9832,13.7297],[5.0844,13.7475]],[[13.36,13.7144],[13.6073,13.7041]],[[13.2508,13.5928],[13.2592,13.629],[13.3212,13.6851],[13.3207,13.7023],[13.36,13.7144]],[[6.2298,13.6792],[6.3022,13.6638],[6.3689,13.6263],[6.5093,13.4961],[6.6725,13.3212],[6.7787,13.1303],[6.8379,13.0635],[6.9066,13.0069],[6.9705,12.9918]],[[6.1424,13.6408],[6.2298,13.6792]],[[13.2438,13.5933],[13.2508,13.5928]],[[13.1502,13.5227],[13.2281,13.548],[13.2438,13.5933]],[[13.144,13.5506],[13.1502,13.5227]],[[13.1235,13.5227],[13.144,13.5506]],[[13.0825,13.5506],[13.0883,13.5306]],[[12.9117,13.4899],[13.0825,13.5506]],[[13.1235,13.537],[13.1235,13.5227]],[[13.0883,13.5306],[13.1235,13.537]],[[12.8838,13.496],[12.9117,13.4899]],[[12.8706,13.4789],[12.8838,13.496]],[[12.8423,13.4891],[12.8706,13.4789]],[[12.8263,13.4061],[12.8702,13.4612],[12.8423,13.4891]],[[12.8176,13.4073],[12.8263,13.4061]],[[12.7911,13.3718],[12.8052,13.373],[12.7945,13.3961],[12.8176,13.4073]],[[12.7774,13.3867],[12.7911,13.3718]],[[12.6743,13.2837],[12.6901,13.312],[12.7408,13.3348],[12.7774,13.3867]],[[10.7713,13.3827],[10.953,13.3619]],[[9.8877,13.0755],[9.9301,13.146],[10.1615,13.2672],[10.675,13.3751],[10.7713,13.3827]],[[11.44,13.3644],[11.7423,13.2894],[11.8528,13.2454],[12.038,13.1264],[12.1164,13.1028]],[[10.953,13.3619],[11.44,13.3644]],[[7.824,13.3453],[8.1051,13.2997],[8.2014,13.2264],[8.2598,13.2052],[8.419,13.0667]],[[7.3607,13.1026],[7.7556,13.3271],[7.824,13.3453]],[[12.63,13.3104],[12.6743,13.2837]],[[12.6061,13.2742],[12.63,13.3104]],[[12.6027,13.28],[12.6061,13.2742]],[[12.4727,13.0642],[12.4912,13.0826],[12.4998,13.136],[12.5479,13.1655],[12.5543,13.1875],[12.5383,13.1934],[12.5611,13.2428],[12.6027,13.28]],[[12.2014,13.1254],[12.2772,13.0845]],[[12.1164,13.1028],[12.2014,13.1254]],[[7.2205,13.1216],[7.3607,13.1026]],[[6.9705,12.9918],[7.0901,13.0064],[7.1982,13.1174],[7.2205,13.1216]],[[12.301,13.0981],[12.3257,13.0788]],[[12.2772,13.0845],[12.301,13.0981]],[[12.3352,13.0845],[12.4727,13.0642]],[[12.3257,13.0788],[12.3352,13.0845]],[[8.4708,13.0817],[8.5096,13.0759],[8.5772,13.0324],[8.6427,12.9444],[8.6793,12.9236],[8.9428,12.8472],[9.2694,12.8098]],[[8.419,13.0667],[8.4708,13.0817]],[[9.8827,13.0762],[9.8877,13.0755]],[[9.5903,12.8014],[9.6407,12.8225],[9.8193,13.0292],[9.8827,13.0762]],[[9.3779,12.8258],[9.5903,12.8014]],[[9.2694,12.8098],[9.3779,12.8258]]]}},{"type":"Feature","properties":{"featurecla":"International boundary (verify)","adm0_a3_l":"NER","adm0_a3_r":"BEN"},"geometry":{"type":"MultiLineString","coordinates":[[[2.8443,12.3992],[2.9126,12.3463],[2.945,12.2925],[3.0094,12.2763],[3.0634,12.1938],[3.252,12.0241],[3.2927,11.9187],[3.3416,11.8829]],[[2.7984,12.3812],[2.8443,12.3992]],[[2.7782,12.3819],[2.7984,12.3812]],[[2.7218,12.3443],[2.7782,12.3819]],[[2.7113,12.3512],[2.7218,12.3443]],[[2.6638,12.2916],[2.7113,12.3512]],[[2.6286,12.3008],[2.6638,12.2916]],[[2.6036,12.2878],[2.6286,12.3008]],[[2.5861,12.294],[2.6036,12.2878]],[[2.5237,12.2692],[2.5861,12.294]],[[2.4951,12.2832],[2.5237,12.2692]],[[2.4777,12.2576],[2.4951,12.2832]],[[2.4595,12.2667],[2.4777,12.2576]],[[2.4309,12.248],[2.4595,12.2667]],[[2.4079,12.2489],[2.4309,12.248]],[[2.4494,11.9775],[2.4553,12.0087],[2.4056,12.0467],[2.3621,12.1962],[2.37,12.2363],[2.4079,12.2489]],[[2.439,11.9813],[2.4494,11.9775]],[[2.3987,11.9488],[2.439,11.9813]],[[2.3893,11.9501],[2.3987,11.9488]],[[2.3902,11.8965],[2.3752,11.935],[2.3893,11.9501]],[[3.3691,11.8973],[3.4954,11.8375],[3.5964,11.6958]],[[3.3416,11.8829],[3.3691,11.8973]]]}},{"type":"Feature","properties":{"featurecla":"International boundary (verify)","adm0_a3_l":"BEN","adm0_a3_r":"BFA"},"geometry":{"type":"MultiLineString","coordinates":[[[2.3902,11.8965],[2.3541,11.7998],[2.3016,11.7315],[2.2874,11.6653],[2.147,11.5637],[1.9834,11.414]],[[1.5632,11.426],[1.5693,11.4533],[1.4396,11.4738]],[[1.4396,11.4738],[1.3898,11.4284],[1.3981,11.3987],[1.3391,11.3661],[1.3304,11.3472],[1.3479,11.3035],[1.3304,11.2888]],[[1.9834,11.414],[1.8676,11.4466]],[[1.8676,11.4466],[1.858,11.4403]],[[1.858,11.4403],[1.8406,11.4455]],[[1.8406,11.4455],[1.7633,11.4247]],[[1.7633,11.4247],[1.7191,11.4278]],[[1.7191,11.4278],[1.6016,11.3887]],[[1.6016,11.3887],[1.5806,11.4271]],[[1.5806,11.4271],[1.5632,11.426]],[[1.3025,11.2888],[1.2733,11.3182]],[[1.2733,11.3182],[1.2826,11.2789],[1.2684,11.2479]],[[1.3304,11.2888],[1.3163,11.2999]],[[1.3163,11.2999],[1.3025,11.2888]],[[1.1809,11.2614],[1.1563,11.2855]],[[1.1563,11.2855],[1.1306,11.2476],[1.1584,11.1659]],[[1.2684,11.2479],[1.2001,11.269]],[[1.2001,11.269],[1.1809,11.2614]],[[1.1584,11.1659],[1.1175,11.179]],[[1.1175,11.179],[1.1004,11.1516],[1.0623,11.1421],[1.0633,11.127]],[[1.0734,11.1339],[1.0952,11.1044]],[[1.0633,11.127],[1.0734,11.1339]],[[1.097,11.1045],[1.1142,11.0277]],[[1.0952,11.1044],[1.097,11.1045]],[[1.035,11.0493],[0.9814,11.0801]],[[0.9814,11.0801],[0.9524,11.0424],[0.9691,11.0029],[0.9633,10.9741]],[[1.1142,11.0277],[1.097,11.0493],[1.0561,11.0561]],[[1.0561,11.0561],[1.035,11.0493]],[[0.9633,10.9741],[0.9015,10.9927]]]}},{"type":"Feature","properties":{"featurecla":"International boundary (verify)","adm0_a3_l":"GHA","adm0_a3_r":"TGO"},"geometry":{"type":"MultiLineString","coordinates":[[[-0.1033,11.0875],[-0.1421,11.1033],[-0.1661,11.135]],[[0.1799,10.3942],[0.1102,10.5082],[0.0573,10.5411],[0.0294,10.5825],[-0.0793,10.6263],[-0.0983,10.6542],[-0.0828,10.7562],[-0.0321,10.8132],[-0.0144,10.9536],[0.0166,10.9962],[0.0162,11.0626],[-0.0323,11.0986]],[[-0.0323,11.0986],[-0.1033,11.0875]],[[0.2332,10.3986],[0.1971,10.4103]],[[0.1971,10.4103],[0.1799,10.3942]],[[0.3088,10.2971],[0.3176,10.3173],[0.2788,10.3666],[0.2831,10.3968],[0.263,10.4089]],[[0.263,10.4089],[0.2332,10.3986]],[[0.3827,10.0296],[0.3981,10.0521],[0.3536,10.1155],[0.3572,10.22],[0.372,10.2651],[0.3966,10.2832],[0.3666,10.3045]],[[0.3666,10.3045],[0.3088,10.2971]],[[0.3673,10.0321],[0.3827,10.0296]],[[0.3187,9.6486],[0.3367,9.6508],[0.3499,9.6807],[0.3224,9.7607],[0.3439,9.8384],[0.3417,9.9038],[0.3696,9.9388],[0.3498,9.9972],[0.3498,10.0288],[0.3673,10.0321]],[[0.2753,9.6856],[0.3187,9.6486]],[[0.3088,9.6037],[0.2776,9.607],[0.2617,9.6279],[0.2753,9.6856]],[[0.3546,9.5711],[0.3777,9.5894],[0.3692,9.6101],[0.3494,9.6139]],[[0.3494,9.6139],[0.3088,9.6037]],[[0.3224,9.5831],[0.3546,9.5711]],[[0.2805,9.5702],[0.3224,9.5831]],[[0.2302,9.5757],[0.2805,9.5702]],[[0.2535,9.5143],[0.2234,9.5348],[0.2302,9.5757]],[[0.2499,9.4169],[0.2314,9.419],[0.2281,9.474],[0.2981,9.4971],[0.2931,9.5183],[0.279,9.519]],[[0.279,9.519],[0.2535,9.5143]],[[0.4447,8.9966],[0.4313,9.0276],[0.4636,9.1371],[0.5047,9.1872],[0.4929,9.2586],[0.5225,9.2851],[0.5376,9.3776],[0.5314,9.4011],[0.4828,9.4279],[0.4835,9.47],[0.4117,9.4922]],[[0.4117,9.4922],[0.3338,9.4795],[0.3142,9.4365],[0.2499,9.4169]],[[0.4625,8.7883],[0.5056,8.8663],[0.4449,8.9966]],[[0.4449,8.9966],[0.4447,8.9966]],[[0.4301,8.7947],[0.4625,8.7883]],[[0.4078,8.7591],[0.4301,8.7947]],[[0.3853,8.7861],[0.4078,8.7591]],[[0.6123,7.6994],[0.575,8.1246],[0.5933,8.1507],[0.5738,8.2039],[0.7052,8.2828],[0.7088,8.3226],[0.6892,8.3313],[0.6851,8.3826],[0.6467,8.4142],[0.6163,8.4888],[0.5248,8.538],[0.4435,8.6069],[0.4037,8.6621],[0.3659,8.7743],[0.3853,8.7861]],[[0.5834,7.7043],[0.6123,7.6994]],[[0.5664,7.3808],[0.5167,7.411],[0.4956,7.5043],[0.503,7.5747],[0.5621,7.6123],[0.5834,7.7043]],[[0.6776,6.5849],[0.6322,6.624],[0.6258,6.7278],[0.5766,6.7547],[0.5193,6.8322],[0.5463,6.9148],[0.4946,6.9731],[0.5789,6.9968],[0.598,7.0312],[0.5977,7.1589],[0.6444,7.3019],[0.623,7.3979]],[[0.623,7.3979],[0.5664,7.3808]],[[1.1854,6.1005],[1.1762,6.1515],[1.0934,6.1609],[1.0252,6.2223],[0.9835,6.3246],[0.8868,6.3304],[0.8413,6.3792],[0.7668,6.4194],[0.7179,6.4888],[0.7135,6.54],[0.7274,6.5714],[0.7055,6.5858]],[[0.7055,6.5858],[0.6776,6.5849]]]}},{"type":"Feature","properties":{"featurecla":"International boundary (verify)","adm0_a3_l":"GHA","adm0_a3_r":"CIV"},"geometry":{"type":"MultiLineString","coordinates":[[[-2.6892,9.4887],[-2.6757,9.4717],[-2.6724,9.374],[-2.715,9.3111],[-2.6598,9.2729],[-2.6612,9.2539],[-2.7048,9.2184],[-2.7552,9.1431],[-2.7748,9.055],[-2.6608,9.0149],[-2.5956,8.8281],[-2.6122,8.781]],[[-2.6031,8.7851],[-2.5063,8.2093],[-2.5718,8.1631]],[[-2.6122,8.781],[-2.6031,8.7851]],[[-2.5718,8.1631],[-2.6043,8.1708]],[[-2.6043,8.1708],[-2.6219,8.1357],[-2.6007,8.0529],[-2.7093,7.9967],[-2.7712,7.9307]],[[-2.7712,7.9307],[-2.7843,7.944]],[[-2.7843,7.944],[-2.8012,7.8502],[-2.84,7.8202],[-2.8382,7.7968],[-2.9415,7.5772],[-2.9905,7.2707],[-2.9728,7.215],[-3.0326,7.1284],[-3.0409,7.0783],[-3.1096,7.0464],[-3.2249,6.8494],[-3.2431,6.7748],[-3.2104,6.716],[-3.2301,6.6611],[-3.2611,6.6339],[-3.1836,6.2639],[-3.1394,6.2193],[-3.0878,5.9967],[-3.0225,5.8545],[-3.0298,5.7043]],[[-2.9648,5.7098],[-2.9749,5.6473],[-2.9695,5.6214],[-2.9459,5.6083]],[[-3.0298,5.7043],[-2.9648,5.7098]],[[-2.8775,5.6368],[-2.8063,5.6185],[-2.7856,5.595],[-2.7617,5.4549],[-2.7301,5.3732],[-2.7559,5.3407]],[[-2.9459,5.6083],[-2.8775,5.6368]],[[-2.7559,5.3407],[-2.7896,5.3469]],[[-2.7896,5.3469],[-2.7961,5.285],[-2.7749,5.2396],[-2.7788,5.201],[-2.757,5.1799],[-2.7809,5.1509],[-2.8039,5.1476]],[[-2.8039,5.1476],[-2.8437,5.1491]]]}},{"type":"Feature","properties":{"featurecla":"International boundary (verify)","adm0_a3_l":"CIV","adm0_a3_r":"BFA"},"geometry":{"type":"MultiLineString","coordinates":[[[-5.3655,10.2957],[-5.4025,10.3006],[-5.4378,10.34],[-5.4742,10.3503],[-5.4875,10.3929],[-5.5226,10.4255]],[[-5.2336,10.3157],[-5.2966,10.323]],[[-5.2966,10.323],[-5.3385,10.3022]],[[-5.1684,10.2913],[-5.2176,10.3199]],[[-5.2176,10.3199],[-5.2336,10.3157]],[[-5.3385,10.3022],[-5.3533,10.3083]],[[-5.3533,10.3083],[-5.3655,10.2957]],[[-5.1049,10.2069],[-5.1182,10.2125],[-5.1118,10.2787],[-5.1521,10.3056]],[[-5.1521,10.3056],[-5.1684,10.2913]],[[-5.0907,10.1779],[-5.0844,10.2274]],[[-5.0844,10.2274],[-5.1049,10.2069]],[[-5.0372,10.0838],[-5.0565,10.0971],[-5.0429,10.1033],[-5.0701,10.1102],[-5.0376,10.1265],[-5.0707,10.161],[-5.0639,10.179]],[[-5.0639,10.179],[-5.0907,10.1779]],[[-4.928,9.8709],[-4.9661,9.901],[-4.9529,9.9534],[-4.9814,10.0077],[-4.9602,10.0085],[-4.9633,10.0403],[-5.0156,10.0971]],[[-5.0156,10.0971],[-5.0372,10.0838]],[[-3.6063,9.9182],[-3.6617,9.9489]],[[-3.6617,9.9489],[-3.6796,9.9322]],[[-3.6796,9.9322],[-3.7065,9.9418]],[[-3.7065,9.9418],[-3.7696,9.9313],[-3.8235,9.8957],[-3.9101,9.8885],[-3.984,9.8512],[-3.9946,9.8208],[-4.035,9.8176],[-4.0599,9.7963]],[[-3.3483,9.887],[-3.3892,9.9132],[-3.5465,9.9261]],[[-3.5465,9.9261],[-3.6063,9.9182]],[[-3.0591,9.7186],[-3.0946,9.7339],[-3.1369,9.8295],[-3.2,9.8454],[-3.2026,9.9082],[-3.2148,9.9156]],[[-3.2148,9.9156],[-3.2779,9.8435],[-3.3017,9.8411]],[[-3.3017,9.8411],[-3.3172,9.9013]],[[-3.3172,9.9013],[-3.3483,9.887]],[[-4.8176,9.8365],[-4.8385,9.8695],[-4.9094,9.8911]],[[-4.9094,9.8911],[-4.928,9.8709]],[[-4.8004,9.7811],[-4.7759,9.788],[-4.7985,9.8425]],[[-4.7985,9.8425],[-4.8176,9.8365]],[[-4.0599,9.7963],[-4.1331,9.8204]],[[-4.1331,9.8204],[-4.1683,9.8048],[-4.197,9.765],[-4.2836,9.732],[-4.2675,9.7273],[-4.3033,9.6867],[-4.303,9.6417],[-4.3225,9.6089]],[[-4.8101,9.7818],[-4.8004,9.7811]],[[-4.7964,9.7545],[-4.8101,9.7818]],[[-4.77,9.7374],[-4.7832,9.7584]],[[-4.7832,9.7584],[-4.7964,9.7545]],[[-4.6811,9.6821],[-4.7486,9.7545]],[[-4.7486,9.7545],[-4.77,9.7374]],[[-4.4692,9.6518],[-4.5017,9.655],[-4.5159,9.6757],[-4.5016,9.7371],[-4.5178,9.7466]],[[-4.5178,9.7466],[-4.5391,9.7447],[-4.5522,9.6965],[-4.5667,9.6924]],[[-2.7637,9.3919],[-2.8104,9.4111],[-2.9102,9.5427],[-2.99,9.7084],[-3.0246,9.7286]],[[-3.0246,9.7286],[-3.0591,9.7186]],[[-4.5667,9.6924],[-4.604,9.7272]],[[-4.604,9.7272],[-4.6411,9.706]],[[-4.6411,9.706],[-4.6558,9.7061]],[[-4.6558,9.7061],[-4.6811,9.6821]],[[-4.3712,9.583],[-4.4091,9.6477],[-4.4334,9.6535]],[[-4.4334,9.6535],[-4.4692,9.6518]],[[-4.3225,9.6089],[-4.365,9.6242]],[[-4.365,9.6242],[-4.3712,9.583]],[[-2.6892,9.4887],[-2.7637,9.3919]]]}},{"type":"Feature","properties":{"featurecla":"International boundary (verify)","adm0_a3_l":"MLI","adm0_a3_r":"BFA"},"geometry":{"type":"MultiLineString","coordinates":[[[-0.4679,15.0799],[-0.4257,15.0026],[-0.3977,15.0021]],[[-1.837,14.4796],[-1.6969,14.4961],[-1.3503,14.715],[-1.0786,14.7964],[-0.7529,15.0697],[-0.4679,15.0799]],[[-0.2367,15.0656],[-0.0334,14.9959]],[[-0.3977,15.0021],[-0.2992,15.0547],[-0.2367,15.0656]],[[-0.0332,14.9959],[0.2185,14.911]],[[-0.0334,14.9959],[-0.0332,14.9959]],[[-1.9191,14.4859],[-1.837,14.4796]],[[-2.1198,14.1488],[-2.0273,14.1881],[-1.9971,14.4707],[-1.9191,14.4859]],[[-2.4617,14.2809],[-2.3856,14.2647],[-2.1198,14.1488]],[[-2.8673,14.0005],[-2.8409,14.043],[-2.6932,14.1232],[-2.5974,14.2223],[-2.4617,14.2809]],[[-2.9723,13.6245],[-2.8952,13.6516],[-2.9281,13.7996],[-2.8945,13.8666],[-2.8616,14.0017]],[[-2.8616,14.0017],[-2.8673,14.0005]],[[-3.2671,13.717],[-3.1679,13.6721]],[[-3.4616,13.1658],[-3.4395,13.1849],[-3.4485,13.2658],[-3.2486,13.2928],[-3.284,13.5422],[-3.2597,13.6583],[-3.287,13.6978],[-3.2671,13.717]],[[-3.1251,13.6773],[-3.0822,13.6462],[-3.0675,13.6068]],[[-3.1679,13.6721],[-3.1251,13.6773]],[[-3.0191,13.6375],[-2.9723,13.6245]],[[-3.0675,13.6068],[-3.0191,13.6375]],[[-3.9777,13.4999],[-3.9561,13.4617],[-3.9186,13.4403],[-3.984,13.3965],[-3.9288,13.3803]],[[-4.1769,13.2724],[-4.1043,13.3827],[-3.9769,13.4606],[-3.9716,13.47],[-3.998,13.4805],[-3.9777,13.4999]],[[-3.9089,13.382],[-3.7986,13.3471],[-3.5898,13.1974]],[[-3.9288,13.3803],[-3.9089,13.382]],[[-4.1958,13.2747],[-4.1769,13.2724]],[[-4.2462,13.1725],[-4.2278,13.1844],[-4.2581,13.2141],[-4.2535,13.2291],[-4.1958,13.2747]],[[-3.5766,13.1993],[-3.5385,13.1734]],[[-3.5898,13.1974],[-3.5766,13.1993]],[[-4.3102,13.1756],[-4.2462,13.1725]],[[-4.2972,12.7121],[-4.244,12.7299],[-4.2119,12.8192],[-4.2293,12.949],[-4.3511,13.1061],[-4.327,13.1686],[-4.3102,13.1756]],[[-3.5161,13.1739],[-3.4616,13.1658]],[[-3.5385,13.1734],[-3.5161,13.1739]],[[-4.3689,12.739],[-4.2972,12.7121]],[[-4.4749,12.7158],[-4.3689,12.739]],[[-4.4817,12.7174],[-4.4749,12.7158]],[[-4.4358,12.3017],[-4.4061,12.3075],[-4.4516,12.4353],[-4.3872,12.534],[-4.4225,12.5972],[-4.4913,12.6628],[-4.4817,12.7174]],[[-4.4625,12.3282],[-4.4358,12.3017]],[[-4.6837,12.0591],[-4.6537,12.0691],[-4.6361,12.1176],[-4.5605,12.1495],[-4.5855,12.1972],[-4.4974,12.2687],[-4.4882,12.3207],[-4.4625,12.3282]],[[-4.704,12.0615],[-4.6837,12.0591]],[[-4.8068,11.9963],[-4.7469,12.0151],[-4.704,12.0615]],[[-4.8472,12.0131],[-4.8068,11.9963]],[[-4.89,11.9979],[-4.8472,12.0131]],[[-4.9537,12.0051],[-4.89,11.9979]],[[-5.0047,11.9807],[-4.9537,12.0051]],[[-5.016,11.9813],[-5.0047,11.9807]],[[-5.0343,11.9793],[-5.016,11.9813]],[[-5.0738,11.9805],[-5.0343,11.9793]],[[-5.2825,11.8364],[-5.1678,11.9437],[-5.0738,11.9805]],[[-5.3002,11.8464],[-5.2825,11.8364]],[[-5.3699,11.8202],[-5.3002,11.8464]],[[-5.3923,11.8324],[-5.3699,11.8202]],[[-5.3706,11.7911],[-5.4122,11.8236],[-5.3923,11.8324]],[[-5.291,11.6045],[-5.3078,11.629],[-5.2893,11.6604],[-5.2795,11.739],[-5.299,11.7727],[-5.3533,11.7945]],[[-5.3533,11.7945],[-5.3706,11.7911]],[[-5.5018,10.9702],[-5.5042,11.0727],[-5.3901,11.0947],[-5.3325,11.1216],[-5.3067,11.1994],[-5.2629,11.2516],[-5.2635,11.3902],[-5.2183,11.4222],[-5.2339,11.576],[-5.2807,11.6058]],[[-5.2807,11.6058],[-5.291,11.6045]],[[-5.5226,10.4255],[-5.4681,10.5878],[-5.4774,10.6196],[-5.4606,10.6446],[-5.4759,10.6504],[-5.4826,10.6842],[-5.4314,10.8447],[-5.4791,10.9755]],[[-5.4791,10.9755],[-5.5018,10.9702]]]}},{"type":"Feature","properties":{"featurecla":"International boundary (verify)","adm0_a3_l":"CIV","adm0_a3_r":"LBR"},"geometry":{"type":"MultiLineString","coordinates":[[[-8.4854,7.558],[-8.4436,7.5371],[-8.4256,7.5019],[-8.3877,7.315],[-8.3054,7.1469],[-8.2841,7.0179],[-8.2866,6.9938],[-8.32,6.96],[-8.3337,6.8826],[-8.315,6.8503],[-8.3375,6.7773],[-8.4613,6.6334],[-8.5471,6.56]],[[-8.5471,6.56],[-8.5495,6.5601]],[[-8.5495,6.5601],[-8.6187,6.4928],[-8.5921,6.4897]],[[-8.5681,6.4904],[-8.4972,6.4314]],[[-8.5921,6.4897],[-8.5681,6.4904]],[[-8.4675,6.4871],[-8.4051,6.4363],[-8.419,6.4076],[-8.406,6.3722],[-8.4237,6.352],[-8.4118,6.34]],[[-8.4972,6.4314],[-8.4675,6.4871]],[[-8.3529,6.3611],[-8.3224,6.3365]],[[-8.366,6.3501],[-8.3529,6.3611]],[[-8.3888,6.3551],[-8.366,6.3501]],[[-8.4118,6.34],[-8.3888,6.3551]],[[-8.31,6.3446],[-8.2951,6.3134],[-8.1706,6.274]],[[-8.3224,6.3365],[-8.31,6.3446]],[[-8.033,6.3018],[-7.9295,6.2708]],[[-8.1706,6.274],[-8.033,6.3018]],[[-7.9205,6.2738],[-7.8466,6.1975],[-7.8645,6.1017],[-7.8509,6.0676]],[[-7.9295,6.2708],[-7.9205,6.2738]],[[-7.8284,6.0807],[-7.7865,6.0251],[-7.7996,5.9745],[-7.7172,5.9008]],[[-7.8509,6.0676],[-7.8284,6.0807]],[[-7.6805,5.9409],[-7.5842,5.8837],[-7.5872,5.8668],[-7.5591,5.8399]],[[-7.7172,5.9008],[-7.6805,5.9409]],[[-7.4786,5.8599],[-7.4465,5.8459],[-7.4495,5.7324],[-7.431,5.654],[-7.3841,5.569]],[[-7.4944,5.8062],[-7.4786,5.8599]],[[-7.5278,5.8588],[-7.5311,5.842],[-7.4944,5.8062]],[[-7.5591,5.8399],[-7.5278,5.8588]],[[-7.3841,5.569],[-7.4051,5.5724]],[[-7.4051,5.5724],[-7.3936,5.524],[-7.4135,5.5228]],[[-7.4135,5.5228],[-7.42,5.5231]],[[-7.42,5.5231],[-7.4081,5.5118],[-7.4324,5.4796],[-7.4362,5.4313]],[[-7.4362,5.4313],[-7.4502,5.4387]],[[-7.4502,5.4387],[-7.4391,5.3878],[-7.4149,5.366]],[[-7.4044,5.368],[-7.3898,5.3171],[-7.4285,5.2561]],[[-7.4149,5.366],[-7.4044,5.368]],[[-7.4285,5.2561],[-7.4285,5.2882],[-7.4399,5.2902]],[[-7.4399,5.2902],[-7.4799,5.2552],[-7.483,5.1582],[-7.5158,5.0918]],[[-7.5158,5.0918],[-7.5468,5.0977]],[[-7.5468,5.0977],[-7.5758,5.0721],[-7.5704,4.9969]],[[-7.5702,4.9969],[-7.5495,4.9139]],[[-7.5704,4.9969],[-7.5702,4.9969]],[[-7.5495,4.9139],[-7.575,4.9216]],[[-7.575,4.9216],[-7.6055,4.8974],[-7.606,4.8162],[-7.5796,4.7843],[-7.5725,4.7234],[-7.5769,4.5093],[-7.5643,4.4258],[-7.5792,4.3871],[-7.5407,4.3528]]]}},{"type":"Feature","properties":{"featurecla":"International boundary (verify)","adm0_a3_l":"LBR","adm0_a3_r":"GIN"},"geometry":{"type":"MultiLineString","coordinates":[[[-9.7221,8.4356],[-9.7463,8.4681],[-9.763,8.55],[-9.7906,8.5654]],[[-9.7906,8.5654],[-9.8068,8.5063],[-9.8586,8.4871]],[[-10.0617,8.4222],[-10.0794,8.44],[-10.0761,8.5015],[-10.1649,8.5246]],[[-10.1649,8.5246],[-10.2324,8.4771]],[[-9.8586,8.4871],[-9.8728,8.5004]],[[-9.8728,8.5004],[-9.9442,8.4883],[-10.0617,8.4222]],[[-10.2324,8.4771],[-10.2403,8.4937]],[[-10.2403,8.4937],[-10.2713,8.4841]],[[-9.6684,8.3887],[-9.6759,8.4096],[-9.6451,8.4434],[-9.6505,8.4648],[-9.7033,8.4873]],[[-9.7033,8.4873],[-9.7221,8.4356]],[[-10.2713,8.4841],[-10.2822,8.4846]],[[-9.4742,8.0288],[-9.4598,8.0688],[-9.4814,8.1647],[-9.5301,8.1855],[-9.5092,8.2656],[-9.5394,8.3146],[-9.4991,8.3435],[-9.6002,8.4109]],[[-9.6002,8.4109],[-9.6281,8.3916]],[[-9.6281,8.3916],[-9.6361,8.3926]],[[-9.6361,8.3926],[-9.6684,8.3887]],[[-9.4866,7.3728],[-9.4662,7.4334],[-9.4134,7.4923],[-9.4087,7.5274],[-9.3535,7.6224],[-9.3747,7.6469],[-9.3762,7.6806],[-9.3555,7.7419],[-9.4157,7.8244],[-9.4484,7.9078],[-9.4223,8.0158],[-9.4515,8.0518]],[[-9.4515,8.0518],[-9.4742,8.0288]],[[-8.4854,7.558],[-8.5665,7.6234],[-8.5674,7.6882],[-8.6866,7.6944]],[[-8.6866,7.6944],[-8.7276,7.622],[-8.7392,7.5657],[-8.7296,7.5087],[-8.7904,7.4508],[-8.7992,7.4122],[-8.8606,7.3576],[-8.8578,7.273],[-8.9254,7.2486]],[[-9.2838,7.3741],[-9.3492,7.4216]],[[-9.3492,7.4216],[-9.3752,7.4193],[-9.4074,7.3781]],[[-9.4074,7.3781],[-9.4381,7.4216]],[[-9.4381,7.4216],[-9.4866,7.3728]],[[-9.1754,7.2746],[-9.2063,7.2984],[-9.2199,7.361],[-9.2497,7.3831]],[[-9.2497,7.3831],[-9.2838,7.3741]],[[-8.9254,7.2486],[-8.9572,7.2865]],[[-8.9572,7.2865],[-8.9626,7.263]],[[-9.1254,7.1902],[-9.1196,7.238],[-9.1531,7.2755]],[[-9.1531,7.2755],[-9.1754,7.2746]],[[-8.9626,7.263],[-8.9731,7.2677]],[[-8.9731,7.2677],[-9.0157,7.2389]],[[-9.0157,7.2389],[-9.0329,7.2403]],[[-9.0329,7.2403],[-9.1254,7.1902]]]}},{"type":"Feature","properties":{"featurecla":"International boundary (verify)","adm0_a3_l":"CIV","adm0_a3_r":"MLI"},"geometry":{"type":"MultiLineString","coordinates":[[[-6.256,10.5116],[-6.2609,10.5292],[-6.2314,10.5602],[-6.2387,10.598],[-6.2044,10.6296],[-6.2466,10.6576],[-6.256,10.7265]],[[-6.256,10.7265],[-6.3417,10.6914]],[[-6.3417,10.6914],[-6.3881,10.6955]],[[-6.3881,10.6955],[-6.427,10.6861],[-6.434,10.6679],[-6.4359,10.6287],[-6.3992,10.5925],[-6.4028,10.5691],[-6.446,10.5523]],[[-6.446,10.5523],[-6.5781,10.5911],[-6.6471,10.6613]],[[-6.6471,10.6613],[-6.6842,10.6266],[-6.6975,10.4883],[-6.6831,10.4517],[-6.6479,10.4219],[-6.6689,10.361],[-6.7003,10.3417]],[[-6.2157,10.4926],[-6.2477,10.5138]],[[-6.2477,10.5138],[-6.256,10.5116]],[[-6.2144,10.3078],[-6.1839,10.3589],[-6.1988,10.3708],[-6.1806,10.4202],[-6.2004,10.4488],[-6.1858,10.4813],[-6.1961,10.4947]],[[-6.1961,10.4947],[-6.2157,10.4926]],[[-7.4314,10.3337],[-7.4444,10.3342],[-7.4716,10.4411],[-7.5015,10.4586]],[[-7.5015,10.4586],[-7.5564,10.4173]],[[-5.5226,10.4255],[-5.5844,10.4542]],[[-5.5844,10.4542],[-5.8063,10.4135],[-5.8781,10.3761],[-5.9048,10.3483],[-5.9047,10.2753],[-5.9164,10.2666]],[[-7.5844,10.4165],[-7.6437,10.4405]],[[-7.6437,10.4405],[-7.6644,10.4371],[-7.6879,10.4031]],[[-7.5564,10.4173],[-7.5743,10.4175]],[[-7.5743,10.4175],[-7.5844,10.4165]],[[-7.6879,10.4031],[-7.6998,10.4045]],[[-7.6998,10.4045],[-7.736,10.3783],[-7.724,10.3636],[-7.7353,10.3471],[-7.7776,10.3299],[-7.7644,10.3129],[-7.7783,10.2783],[-7.829,10.2117],[-7.929,10.161],[-7.9709,10.1551]],[[-6.7003,10.3417],[-6.7821,10.373]],[[-6.7821,10.373],[-6.882,10.3413]],[[-6.882,10.3413],[-6.9387,10.3483]],[[-6.9387,10.3483],[-6.9731,10.3323],[-6.9971,10.2528],[-6.9616,10.211],[-6.9594,10.1855],[-6.9924,10.1491],[-7.0405,10.1401]],[[-7.0405,10.1401],[-7.1064,10.2073],[-7.3634,10.2522],[-7.3663,10.3294],[-7.3723,10.3448],[-7.395,10.3462]],[[-7.395,10.3462],[-7.4314,10.3337]],[[-6.2283,10.3161],[-6.2144,10.3078]],[[-6.24,10.2519],[-6.2283,10.3161]],[[-5.9164,10.2666],[-5.963,10.2827]],[[-5.963,10.2827],[-6.0159,10.1899],[-6.1053,10.1893]],[[-6.1053,10.1893],[-6.1809,10.2158],[-6.2248,10.255]],[[-6.2248,10.255],[-6.24,10.2519]],[[-7.9709,10.1551],[-7.9897,10.162]]]}},{"type":"Feature","properties":{"featurecla":"International boundary (verify)","adm0_a3_l":"GNB","adm0_a3_r":"GIN"},"geometry":{"type":"MultiLineString","coordinates":[[[-13.8086,12.2561],[-13.7118,12.2675],[-13.683,12.3387],[-13.6841,12.392],[-13.6607,12.4587],[-13.7346,12.5853],[-13.7283,12.6734]],[[-13.8126,12.2836],[-13.7957,12.2787],[-13.8086,12.2561]],[[-13.7957,11.684],[-13.7458,11.6982],[-13.7248,11.7231],[-13.7346,11.9019],[-13.7239,12.0028],[-13.8078,12.0443],[-13.8424,12.0913],[-13.9184,12.1378],[-13.9725,12.1516],[-13.9657,12.1942],[-13.9439,12.2186],[-13.8126,12.2836]],[[-13.8701,11.7437],[-13.8463,11.7373],[-13.8158,11.6868],[-13.7957,11.684]],[[-13.9237,11.665],[-13.8864,11.6756],[-13.8701,11.7437]],[[-13.9454,11.6757],[-13.9237,11.665]],[[-14.0151,11.6371],[-13.9454,11.6757]],[[-14.2897,11.6688],[-14.195,11.6597]],[[-14.5623,11.5056],[-14.5209,11.5129],[-14.3392,11.6106],[-14.2897,11.6688]],[[-14.172,11.6628],[-14.1186,11.638]],[[-14.195,11.6597],[-14.172,11.6628]],[[-14.0588,11.644],[-14.0151,11.6371]],[[-14.1186,11.638],[-14.0588,11.644]],[[-14.6454,11.5151],[-14.5623,11.5056]],[[-15.021,10.9675],[-14.9591,11.0358],[-14.8631,11.2186],[-14.8282,11.3348],[-14.7111,11.4976],[-14.6454,11.5151]]]}},{"type":"Feature","properties":{"featurecla":"International boundary (verify)","adm0_a3_l":"MLI","adm0_a3_r":"GIN"},"geometry":{"type":"MultiLineString","coordinates":[[[-9.3273,12.4975],[-9.2941,12.4838]],[[-9.3602,12.2466],[-9.3368,12.2698],[-9.3092,12.3577],[-9.3392,12.3706],[-9.3472,12.3965],[-9.4126,12.4554],[-9.3273,12.4975]],[[-9.2659,12.4952],[-9.1473,12.4655],[-8.9759,12.3687],[-8.9631,12.3242],[-8.9976,12.2348],[-8.9738,12.1876]],[[-9.2941,12.4838],[-9.2659,12.4952]],[[-11.3884,12.4039],[-11.3886,12.3845],[-11.4076,12.3819]],[[-11.4076,12.3819],[-11.4317,12.383]],[[-11.4317,12.383],[-11.4515,12.3521],[-11.4446,12.2895],[-11.5078,12.1916],[-11.4896,12.1512],[-11.3917,12.0937],[-11.3347,12.0262],[-11.2555,11.9962]],[[-9.4215,12.2571],[-9.3602,12.2466]],[[-9.723,12.0254],[-9.6863,12.0682],[-9.6823,12.1185],[-9.66,12.1498],[-9.4215,12.2571]],[[-10.9521,12.2195],[-10.9098,12.2001],[-10.8696,12.1384],[-10.8049,12.096],[-10.8078,12.0228],[-10.7114,11.8904]],[[-11.0155,12.2044],[-10.9521,12.2195]],[[-10.2669,12.2178],[-10.1602,12.1745]],[[-10.311,12.191],[-10.2669,12.2178]],[[-11.0388,12.2053],[-11.0155,12.2044]],[[-11.2555,11.9962],[-11.1912,12.0144],[-11.1594,12.0775],[-11.0843,12.1366],[-11.0598,12.1924],[-11.0388,12.2053]],[[-10.3236,12.202],[-10.311,12.191]],[[-10.3534,12.1665],[-10.3236,12.202]],[[-8.942,12.1958],[-8.906,12.1477],[-8.9221,12.0454],[-8.8816,12.0292]],[[-8.9738,12.1876],[-8.942,12.1958]],[[-10.3814,12.1801],[-10.3534,12.1665]],[[-10.4457,12.1207],[-10.3814,12.1801]],[[-10.1358,12.1755],[-9.8611,12.0519]],[[-10.1602,12.1745],[-10.1358,12.1755]],[[-10.4935,12.1244],[-10.4457,12.1207]],[[-10.7114,11.8904],[-10.6551,11.899],[-10.6138,11.9677],[-10.5595,11.9952],[-10.5665,12.0173],[-10.5151,12.0529],[-10.5116,12.1181],[-10.4935,12.1244]],[[-9.8337,12.0551],[-9.7786,12.0267],[-9.723,12.0254]],[[-9.8611,12.0519],[-9.8337,12.0551]],[[-8.8588,12.0318],[-8.8198,12.0127],[-8.797,11.9132],[-8.8472,11.6579]],[[-8.8816,12.0292],[-8.8588,12.0318]],[[-8.8285,11.6592],[-8.7772,11.6359]],[[-8.8472,11.6579],[-8.8285,11.6592]],[[-8.7265,11.6495],[-8.6568,11.4964],[-8.5752,11.4703]],[[-8.7772,11.6359],[-8.7265,11.6495]],[[-8.5496,11.4901],[-8.5276,11.4234],[-8.4277,11.4001],[-8.3753,11.3677],[-8.4261,11.3405],[-8.3996,11.3222]],[[-8.5752,11.4703],[-8.5496,11.4901]],[[-8.3813,11.3251],[-8.371,11.3206],[-8.3884,11.2814],[-8.4269,11.2742]],[[-8.3996,11.3222],[-8.3813,11.3251]],[[-8.4269,11.2742],[-8.4832,11.2849]],[[-8.4832,11.2849],[-8.5031,11.2554],[-8.4988,11.2335],[-8.5518,11.2107],[-8.5782,11.1421],[-8.6246,11.122],[-8.6337,11.0713],[-8.6969,10.996],[-8.6962,10.9627],[-8.6809,10.9523]],[[-8.3693,11.0542],[-8.3266,11.0239],[-8.3051,10.9782],[-8.3059,10.8563],[-8.3419,10.7632],[-8.3156,10.7531],[-8.3111,10.7353],[-8.2955,10.5374],[-8.2289,10.4234],[-8.189,10.4136]],[[-8.4105,11.0419],[-8.3693,11.0542]],[[-8.5058,11.0528],[-8.469,11.0464]],[[-8.5933,10.9647],[-8.5416,10.9838],[-8.5058,11.0528]],[[-8.4382,11.0497],[-8.4105,11.0419]],[[-8.469,11.0464],[-8.4382,11.0497]],[[-8.6282,10.9678],[-8.5933,10.9647]],[[-8.6809,10.9523],[-8.6282,10.9678]],[[-8.1421,10.4296],[-8.1155,10.3602],[-8.0157,10.3393],[-7.9815,10.307],[-7.9626,10.2333],[-7.9897,10.162]],[[-8.189,10.4136],[-8.1421,10.4296]]]}},{"type":"Feature","properties":{"featurecla":"International boundary (verify)","adm0_a3_l":"KHM","adm0_a3_r":"LAO"},"geometry":{"type":"MultiLineString","coordinates":[[[107.5204,14.7046],[107.4518,14.6322],[107.4149,14.5434]],[[107.4149,14.5434],[107.2873,14.5985]],[[107.2873,14.5985],[107.2339,14.5449],[107.2112,14.4935]],[[106.8358,14.3071],[106.793,14.3226],[106.7072,14.4293],[106.6344,14.4509],[106.5857,14.496],[106.5438,14.5121],[106.5125,14.5904]],[[106.5125,14.5904],[106.4722,14.5641],[106.4848,14.5238]],[[106.4848,14.5238],[106.4458,14.5291]],[[106.4458,14.5291],[106.4327,14.5124],[106.4452,14.4995],[106.4192,14.4665],[106.3202,14.4445]],[[107.1958,14.496],[107.1806,14.4962]],[[107.1806,14.4962],[107.1587,14.4515],[107.0786,14.4008]],[[107.2112,14.4935],[107.196,14.496]],[[107.196,14.496],[107.1958,14.496]],[[106.3202,14.4445],[106.2301,14.4905]],[[106.2301,14.4905],[106.2039,14.3999],[106.1541,14.3675]],[[107.0786,14.4008],[107.0303,14.4361]],[[107.0303,14.4361],[106.9336,14.3202]],[[106.1541,14.3675],[106.095,14.3736]],[[106.095,14.3736],[106.0794,14.3727]],[[106.0794,14.3727],[106.0686,14.3734]],[[106.0686,14.3734],[106.0554,14.3484],[106.0382,14.3477]],[[106.0382,14.3477],[105.974,14.3658]],[[105.974,14.3658],[105.9692,14.332],[106.0045,14.29],[106.0125,14.2258],[106.0762,14.1745],[106.1495,14.0536],[106.082,13.981],[106.0838,13.934],[106.0492,13.9155]],[[105.3925,14.1037],[105.3378,14.11],[105.2569,14.1824],[105.188,14.291],[105.1843,14.3457]],[[106.9336,14.3202],[106.8957,14.3363]],[[106.8957,14.3363],[106.8358,14.3071]],[[105.5614,14.1382],[105.5332,14.1643]],[[105.5332,14.1643],[105.4501,14.1171],[105.3925,14.1037]],[[105.6173,14.103],[105.5765,14.144]],[[105.5765,14.144],[105.5614,14.1382]],[[105.6837,14.0989],[105.6329,14.114]],[[105.6329,14.114],[105.6173,14.103]],[[105.9246,13.9171],[105.8731,13.9369],[105.7871,14.0102],[105.744,14.0869],[105.7052,14.102]],[[105.7052,14.102],[105.6837,14.0989]],[[106.0492,13.9155],[105.974,13.9293]],[[105.974,13.9293],[105.9246,13.9171]]]}},{"type":"Feature","properties":{"featurecla":"International boundary (verify)","adm0_a3_l":"VNM","adm0_a3_r":"CHN"},"geometry":{"type":"MultiLineString","coordinates":[[[105.3991,23.2749],[105.344,23.3042],[105.3122,23.3658],[105.2937,23.3663]],[[105.2937,23.3663],[105.2359,23.3198],[105.2175,23.2654],[105.1896,23.2522]],[[105.665,23.0434],[105.5516,23.0597],[105.5283,23.1555],[105.4739,23.1945],[105.4145,23.2785]],[[105.4145,23.2785],[105.3991,23.2749]],[[105.1896,23.2522],[105.1556,23.2668]],[[105.1556,23.2668],[105.0466,23.2268],[104.9351,23.1543]],[[104.9351,23.1543],[104.8809,23.1717]],[[104.8809,23.1717],[104.8613,23.1196],[104.7979,23.0856],[104.8236,22.9241],[104.7742,22.8962],[104.7153,22.8271],[104.6627,22.8109]],[[105.766,22.9952],[105.6903,23.044]],[[105.6903,23.044],[105.665,23.0434]],[[105.8539,22.9046],[105.7661,22.9952]],[[105.7661,22.9952],[105.766,22.9952]],[[106.2766,22.851],[106.234,22.8639],[106.2024,22.947],[106.0776,22.981]],[[106.0776,22.981],[105.9992,22.9754],[105.974,22.9399],[105.9132,22.9244]],[[105.9132,22.9244],[105.8866,22.9298]],[[105.8866,22.9298],[105.8539,22.9046]],[[106.6327,22.8496],[106.6104,22.8529],[106.567,22.9038],[106.4878,22.9254]],[[106.4878,22.9254],[106.458,22.889],[106.2766,22.851]],[[106.7451,22.7972],[106.6568,22.87]],[[106.6568,22.87],[106.6327,22.8496]],[[104.5884,22.8069],[104.5535,22.836]],[[104.5535,22.836],[104.449,22.7452],[104.3402,22.6864]],[[104.3402,22.6864],[104.2368,22.7421],[104.2288,22.7834],[104.2412,22.8244],[104.2133,22.825]],[[104.2133,22.825],[104.066,22.774],[104.0238,22.7192],[103.9854,22.5272],[103.9595,22.5071]],[[104.6627,22.8109],[104.6098,22.823]],[[104.6098,22.823],[104.5884,22.8069]],[[106.6463,22.5688],[106.6802,22.5794],[106.7466,22.7443],[106.7987,22.7844],[106.7684,22.7992]],[[106.7684,22.7992],[106.7451,22.7972]],[[103.9595,22.5071],[103.8363,22.6028],[103.6469,22.799]],[[103.6469,22.799],[103.59,22.768],[103.5471,22.7007],[103.5509,22.6408],[103.5036,22.5814]],[[103.5036,22.5814],[103.4475,22.6183],[103.4043,22.6888],[103.4017,22.7378],[103.3216,22.7904]],[[103.3216,22.7904],[103.2449,22.6687],[103.1417,22.607],[103.13,22.578],[103.142,22.5378],[103.0442,22.4865],[103.0451,22.4405],[103.029,22.4302]],[[102.5584,22.6949],[102.5358,22.6958],[102.5158,22.7452],[102.4678,22.7686]],[[102.4678,22.7686],[102.4427,22.7652],[102.4073,22.6934],[102.3846,22.6777]],[[103.029,22.4302],[102.9026,22.4772],[102.8318,22.5997],[102.7519,22.6253],[102.6927,22.6705],[102.6125,22.6916],[102.5867,22.7161]],[[102.5867,22.7161],[102.5584,22.6949]],[[102.3846,22.6777],[102.3732,22.6784]],[[102.3732,22.6784],[102.3563,22.6587],[102.3843,22.6289],[102.3769,22.6156],[102.2525,22.4955],[102.218,22.4107]],[[106.6076,22.61],[106.6463,22.5688]],[[106.6746,21.9622],[106.6589,21.9628],[106.6481,21.987],[106.673,22.0661],[106.6397,22.1909],[106.6629,22.2233],[106.6397,22.2967],[106.6173,22.3228],[106.5418,22.3451],[106.5269,22.4278],[106.5771,22.5953],[106.6076,22.61]],[[102.218,22.4107],[102.1645,22.4255]],[[102.1645,22.4255],[102.1187,22.3975]],[[106.7991,21.9726],[106.7288,22.0083]],[[106.7288,22.0083],[106.6746,21.9622]],[[106.9204,21.917],[106.8405,21.9736]],[[106.8405,21.9736],[106.7991,21.9726]],[[107.2121,21.7052],[107.1724,21.7151],[107.0658,21.7958],[107.0029,21.8106],[106.9871,21.8448],[107.0202,21.9129],[106.9712,21.9358]],[[106.9712,21.9358],[106.9204,21.917]],[[107.3482,21.5994],[107.2727,21.7183]],[[107.2727,21.7183],[107.2121,21.7052]],[[107.9912,21.4857],[107.8555,21.6003],[107.8324,21.6394],[107.7601,21.6582]],[[107.7601,21.6582],[107.6719,21.6176],[107.5928,21.6056]],[[107.5013,21.5815],[107.461,21.5964],[107.457,21.6315],[107.426,21.6521]],[[107.426,21.6521],[107.3482,21.5994]],[[107.5928,21.6056],[107.551,21.6108]],[[107.551,21.6108],[107.5013,21.5815]]]}},{"type":"Feature","properties":{"featurecla":"International boundary (verify)","adm0_a3_l":"VNM","adm0_a3_r":"LAO"},"geometry":{"type":"LineString","coordinates":[[102.1187,22.3975],[102.1254,22.3836]]}},{"type":"Feature","properties":{"featurecla":"International boundary (verify)","adm0_a3_l":"BRN","adm0_a3_r":"MYS"},"geometry":{"type":"MultiLineString","coordinates":[[[114.9149,4.8087],[114.9484,4.8189],[114.9589,4.8663],[114.9817,4.8891]],[[114.8782,4.8128],[114.9149,4.8087]],[[114.8257,4.4262],[114.7882,4.4612],[114.7739,4.6368],[114.742,4.7295],[114.8782,4.8128]],[[113.9988,4.6011],[114.119,4.5616],[114.2091,4.5081],[114.2167,4.4877],[114.2456,4.4814],[114.2899,4.3613],[114.2967,4.3167],[114.278,4.2741],[114.3605,4.2539]],[[114.7826,4.2644],[114.782,4.2849],[114.8364,4.3572],[114.8405,4.4286]],[[114.8405,4.4286],[114.8257,4.4262]],[[114.6278,4.0167],[114.7669,4.1318],[114.8138,4.2771]],[[114.8138,4.2771],[114.7826,4.2644]],[[114.4014,4.2612],[114.4325,4.2469],[114.4631,4.1641],[114.5694,4.0644],[114.5866,4.0214],[114.6278,4.0167]],[[114.3605,4.2539],[114.4014,4.2612]]]}},{"type":"Feature","properties":{"featurecla":"International boundary (verify)","adm0_a3_l":"BGD","adm0_a3_r":"IND"},"geometry":{"type":"LineString","coordinates":[[92.5759,21.9776],[92.5373,22.1286],[92.5756,22.1433],[92.577,22.1687],[92.5008,22.5605],[92.4959,22.6956],[92.442,22.7629],[92.4263,22.8711],[92.3599,22.9266],[92.3276,23.1714],[92.3575,23.2789],[92.3486,23.3541],[92.3015,23.4318],[92.2528,23.6093],[92.2593,23.7065],[92.2221,23.7078],[92.1943,23.6481],[92.1508,23.7317],[92.1084,23.7182],[92.0596,23.6595],[92.019,23.6401],[91.9227,23.723],[91.916,23.6502],[91.9408,23.4952],[91.9051,23.4466],[91.8177,23.4009],[91.7437,23.2723],[91.7956,23.0895],[91.707,22.9954],[91.6167,22.9781],[91.5861,22.9445],[91.5768,22.9688],[91.5236,22.9952],[91.4636,23.1841],[91.3943,23.2627],[91.3721,23.2619],[91.3557,23.2241],[91.3709,23.0628],[91.3374,23.0711],[91.3135,23.101],[91.2658,23.3294],[91.2873,23.3556],[91.2581,23.3736],[91.2273,23.4688],[91.1951,23.4952],[91.1408,23.6121],[91.1397,23.6536],[91.1665,23.6541],[91.1752,23.6703],[91.1366,23.6989],[91.1323,23.7206],[91.1418,23.7399],[91.195,23.7552],[91.2052,23.7716],[91.2282,23.845],[91.2163,23.9084],[91.2741,23.9882],[91.3391,23.9952],[91.363,24.0998],[91.5175,24.0852],[91.5818,24.0961],[91.606,24.1189],[91.6291,24.2153],[91.6662,24.1559],[91.7037,24.1429],[91.7326,24.1643],[91.7329,24.2343],[91.807,24.2211],[91.8138,24.1831],[91.8442,24.1553],[91.8771,24.158],[91.9059,24.2606],[91.8998,24.3381],[91.9219,24.3445],[91.9722,24.3161],[91.95,24.3754],[92.0627,24.371],[92.1076,24.406],[92.1109,24.5143],[92.1636,24.5592],[92.2338,24.7775],[92.223,24.8914],[92.2522,24.903],[92.2904,24.8913],[92.3807,24.8367],[92.4777,24.8639],[92.4945,24.8949],[92.4838,24.9282],[92.3035,25.0743],[92.2337,25.085],[92.1727,25.132],[92.1162,25.1394],[92.0929,25.1647],[92.034,25.1817],[91.7301,25.1675],[91.7107,25.1447],[91.6774,25.1526],[91.662,25.1272],[91.6387,25.124],[91.5962,25.1289],[91.5661,25.16],[91.4808,25.1353],[91.4319,25.1379],[91.2357,25.2019],[90.822,25.1423],[90.754,25.1676],[90.7077,25.153],[90.6234,25.1714],[90.3646,25.15],[90.1301,25.2116],[89.9081,25.2969],[89.819,25.285],[89.795,25.3742],[89.8232,25.4891],[89.8344,25.6348],[89.7831,25.8144],[89.8344,25.9318],[89.792,25.9491],[89.8287,25.9794],[89.8141,25.9961],[89.7894,25.988],[89.7558,26.0324],[89.7498,26.0839],[89.7185,26.1455],[89.6558,26.1613],[89.653,26.2227],[89.6133,26.2194],[89.6144,26.1642],[89.5868,26.1692],[89.5628,26.1426],[89.6042,26.1207],[89.567,26.0871],[89.6114,26.0722],[89.5592,26.0222],[89.5417,25.9597],[89.5182,25.9621],[89.4856,25.9987],[89.4113,25.9932],[89.3914,26.0155],[89.3353,25.9986],[89.2376,26.0581],[89.2126,26.099],[89.1192,26.1466],[89.1034,26.2252],[89.0694,26.2874],[89.0689,26.3143],[89.0948,26.3095],[89.1029,26.3273],[89.0552,26.347],[89.0437,26.3811],[88.941,26.4394],[88.8912,26.3858],[88.9124,26.3489],[88.966,26.3285],[88.9817,26.2918],[89.008,26.2972],[89.0044,26.2757],[89.0343,26.2658],[89.0397,26.2472],[89.0195,26.2345],[88.9753,26.2243],[88.8758,26.2774],[88.8248,26.2266],[88.784,26.2799],[88.7479,26.2925],[88.6634,26.2644],[88.6458,26.276],[88.7122,26.3283],[88.6522,26.3915],[88.6563,26.4151],[88.6115,26.4308],[88.5912,26.4612],[88.5268,26.4754],[88.4624,26.5288],[88.411,26.5451],[88.3853,26.6235],[88.3528,26.5787],[88.3151,26.4651],[88.3356,26.4482],[88.3536,26.4846],[88.4611,26.4539],[88.4976,26.3527],[88.4317,26.3622],[88.3366,26.2818],[88.3263,26.2159],[88.2189,26.1802],[88.1638,26.1405],[88.1399,26.0853],[88.1564,26.0614],[88.151,26.0313],[88.1259,26.0134],[88.0744,25.9081],[88.0876,25.831],[88.1277,25.7749],[88.2275,25.8043],[88.2599,25.789],[88.4194,25.6538],[88.4238,25.5922],[88.4754,25.5626],[88.5303,25.5002],[88.5936,25.4951],[88.6663,25.4629],[88.7062,25.4917],[88.7426,25.4952],[88.742,25.5128],[88.7723,25.502],[88.8149,25.4586],[88.7996,25.3956],[88.842,25.3328],[88.9029,25.3034],[88.9753,25.3026],[88.9849,25.285],[88.9291,25.2294],[88.9279,25.1927],[88.9096,25.1892],[88.9242,25.1679],[88.8171,25.1968],[88.7842,25.1609],[88.6343,25.1923],[88.5991,25.1931],[88.5594,25.1708],[88.4754,25.1951],[88.4413,25.1897],[88.4258,25.0511],[88.3228,24.8747],[88.2428,24.8806],[88.2328,24.9183],[88.2025,24.9453],[88.1149,24.9164],[88.141,24.8446],[88.0882,24.7961],[88.077,24.7612],[88.0532,24.755],[88.0218,24.6456],[88.0572,24.6341],[88.0818,24.5999],[88.086,24.5367],[88.1099,24.501],[88.4013,24.3694],[88.4754,24.3155],[88.6345,24.2941],[88.6601,24.3383],[88.7146,24.3154],[88.7375,24.2871],[88.7464,24.2141],[88.6781,24.1543],[88.6741,24.0826],[88.7009,24.0436],[88.725,24.0384],[88.7016,23.9953],[88.7142,23.9252],[88.6531,23.8698],[88.5776,23.8552],[88.5775,23.8185],[88.5527,23.775],[88.5612,23.741],[88.5416,23.6388],[88.5664,23.6287],[88.5714,23.5923],[88.6092,23.5888],[88.7194,23.4681],[88.7568,23.4988],[88.7702,23.4888],[88.6859,23.2933],[88.6966,23.2524],[88.7757,23.2216],[88.8227,23.238],[88.96,23.2027],[88.8513,23.0751],[88.8388,22.9758],[88.8935,22.8796],[88.9445,22.848],[88.9369,22.7823],[88.9081,22.7408],[88.9564,22.585],[88.928,22.5481],[88.971,22.5279],[88.9984,22.4512],[88.9896,22.3869],[89.0235,22.2948],[89.0091,22.2856],[89.0762,22.175],[89.0604,22.1298]]}},{"type":"Feature","properties":{"featurecla":"International boundary (verify)","adm0_a3_l":"TZA","adm0_a3_r":"MOZ"},"geometry":{"type":"MultiLineString","coordinates":[[[39.2382,-11.1742],[39.2866,-11.1542],[39.4985,-10.9906],[39.7605,-10.9431],[39.886,-10.8645],[40.0081,-10.8111],[40.1611,-10.7044],[40.2885,-10.583],[40.3892,-10.5353],[40.4369,-10.4748]],[[39.1262,-11.1397],[39.2382,-11.1742]],[[39.0608,-11.1601],[39.1262,-11.1397]],[[38.9301,-11.16],[39.0608,-11.1601]],[[38.7597,-11.2632],[38.8963,-11.1677],[38.9301,-11.16]],[[38.1154,-11.2495],[38.1669,-11.2838]],[[38.1012,-11.2565],[38.1154,-11.2495]],[[38.0708,-11.2558],[38.1012,-11.2565]],[[37.4278,-11.7226],[37.4764,-11.716],[37.5038,-11.6727],[37.5729,-11.6441],[37.6478,-11.636],[37.8044,-11.5445],[37.8251,-11.5202],[37.8185,-11.4599],[37.8752,-11.3191],[37.9381,-11.284],[38.0708,-11.2558]],[[38.7151,-11.2565],[38.7597,-11.2632]],[[38.4923,-11.4135],[38.6542,-11.2758],[38.7151,-11.2565]],[[38.2104,-11.27],[38.2566,-11.2771],[38.3477,-11.3588],[38.4923,-11.4135]],[[38.1669,-11.2838],[38.2104,-11.27]],[[35.8264,-11.4135],[35.902,-11.4345]],[[35.6009,-11.5923],[35.6648,-11.572],[35.7034,-11.5165],[35.6956,-11.4946],[35.7643,-11.4749],[35.8264,-11.4135]],[[35.9397,-11.4341],[35.9703,-11.4612],[35.9608,-11.4835],[35.9885,-11.5122]],[[35.902,-11.4345],[35.9397,-11.4341]],[[36.0222,-11.5057],[36.1681,-11.5787],[36.1792,-11.6756],[36.1997,-11.7015]],[[35.9885,-11.5122],[36.0222,-11.5057]],[[37.0324,-11.5649],[37.1065,-11.6581],[37.2702,-11.6984]],[[36.9059,-11.5928],[36.9984,-11.5846],[37.0324,-11.5649]],[[36.8371,-11.568],[36.9059,-11.5928]],[[36.563,-11.7313],[36.6672,-11.7134],[36.738,-11.6747],[36.8371,-11.568]],[[34.9646,-11.5736],[35.3817,-11.5777]],[[35.4235,-11.5766],[35.4658,-11.5926]],[[35.3817,-11.5777],[35.4235,-11.5766]],[[35.4941,-11.5818],[35.5315,-11.6127]],[[35.4658,-11.5926],[35.4941,-11.5818]],[[35.5997,-11.5922],[35.6009,-11.5923]],[[35.5763,-11.6052],[35.5997,-11.5922]],[[35.5437,-11.5947],[35.5763,-11.6052]],[[35.5315,-11.6127],[35.5437,-11.5947]],[[37.3408,-11.6809],[37.4278,-11.7226]],[[37.2702,-11.6984],[37.3408,-11.6809]],[[36.4949,-11.6809],[36.515,-11.715],[36.563,-11.7313]],[[36.2787,-11.7088],[36.3781,-11.6809],[36.4949,-11.6809]],[[36.2409,-11.6946],[36.2787,-11.7088]],[[36.1997,-11.7015],[36.2409,-11.6946]]]}},{"type":"Feature","properties":{"featurecla":"International boundary (verify)","adm0_a3_l":"ESP","adm0_a3_r":"GIB"},"geometry":{"type":"LineString","coordinates":[[-5.3584,36.1411],[-5.3388,36.1411]]}},{"type":"Feature","properties":{"featurecla":"International boundary (verify)","adm0_a3_l":"CAN","adm0_a3_r":"USA"},"geometry":{"type":"LineString","coordinates":[[-122.753,48.9925],[-95.1771,48.9927],[-95.1593,49.0118],[-95.1606,49.3695],[-94.9261,49.3456],[-94.8391,49.3089],[-94.8061,49.2109],[-94.8112,49.1666],[-94.7112,48.9146],[-94.7109,48.8075],[-94.6889,48.7788],[-94.5929,48.7264],[-94.4795,48.7007],[-94.2926,48.7119],[-94.2322,48.652],[-93.8749,48.6362],[-93.8357,48.6171],[-93.8094,48.5436],[-93.7568,48.5165],[-93.4918,48.5423],[-93.4599,48.5574],[-93.4515,48.5974],[-93.3857,48.6149],[-93.2577,48.6303],[-92.9797,48.6177],[-92.8842,48.5799],[-92.6486,48.5363],[-92.6275,48.5028],[-92.7106,48.4829],[-92.7189,48.4598],[-92.6571,48.4382],[-92.5269,48.4456],[-92.4906,48.4331],[-92.4676,48.3943],[-92.4625,48.3293],[-92.3719,48.2226],[-92.291,48.2496],[-92.3031,48.3109],[-92.2816,48.3318],[-92.0705,48.3467],[-92.0434,48.3346],[-92.008,48.2625],[-91.9755,48.2366],[-91.7441,48.1796],[-91.6955,48.1376],[-91.7164,48.1121],[-91.5897,48.0883],[-91.5748,48.0482],[-91.4871,48.0535],[-91.4279,48.0364],[-91.2764,48.0648],[-91.0711,48.1709],[-90.8738,48.2343],[-90.8407,48.2201],[-90.8497,48.1896],[-90.8123,48.161],[-90.7865,48.1005],[-90.7503,48.084],[-90.5868,48.1048],[-90.542,48.0837],[-90.1204,48.1154],[-90.0733,48.1012],[-89.9953,48.0186],[-89.9204,47.9875],[-89.7633,48.0173],[-89.3636,47.9796],[-88.6427,48.2566],[-88.3765,48.3051],[-86.8466,47.7087],[-84.8787,46.8979],[-84.7733,46.6334],[-84.5666,46.4612],[-84.4922,46.4569],[-84.4232,46.5116],[-84.3897,46.5203],[-84.3525,46.5227],[-84.3053,46.5016],[-84.1973,46.5464],[-84.1104,46.5265],[-84.1588,46.4333],[-84.1054,46.3477],[-84.1191,46.3142],[-84.0968,46.2248],[-84.0868,46.2012],[-84.021,46.1516],[-84.0142,46.116],[-83.9646,46.0632],[-83.9307,46.067],[-83.8393,46.1192],[-83.7665,46.1065],[-83.6139,46.1156],[-83.4628,46.0078],[-83.6369,45.7739],[-83.484,45.7719],[-82.5888,45.3718],[-82.5483,45.3346],[-82.1457,43.5764],[-82.4111,43.0513],[-82.4146,42.9832],[-82.4823,42.8351],[-82.471,42.7906],[-82.4834,42.7193],[-82.5262,42.6199],[-82.5758,42.5718],[-82.6443,42.5578],[-82.8328,42.398],[-83.0404,42.3319],[-83.08,42.3051],[-83.1285,42.24],[-83.1595,42.0463],[-83.157,42.0004],[-83.1234,41.9203],[-83.0684,41.8477],[-82.6669,41.6691],[-82.4249,41.6768],[-81.2767,42.2087],[-80.2466,42.3655],[-79.0194,42.8027],[-78.919,42.8892],[-78.9091,42.9302],[-78.9153,42.9476],[-79.032,43.0134],[-79.0233,43.0581],[-79.0653,43.1059],[-79.0486,43.1706],[-79.0584,43.2778],[-79.1743,43.4645],[-78.7508,43.6171],[-78.6881,43.6318],[-76.8415,43.6255],[-76.7972,43.6453],[-76.4546,44.0842],[-76.3501,44.1517],[-76.3278,44.1815],[-76.1858,44.2257],[-76.1693,44.2424],[-76.1787,44.2786],[-76.0673,44.348],[-75.8703,44.4086],[-75.8309,44.4643],[-75.6997,44.5817],[-75.2702,44.8638],[-74.9037,45.0052],[-71.5041,45.0137],[-71.5048,45.053],[-71.4066,45.2049],[-71.449,45.2269],[-71.3949,45.2415],[-71.3343,45.2887],[-71.2934,45.2923],[-71.1603,45.2458],[-71.0952,45.3009],[-70.9932,45.3478],[-70.9516,45.332],[-70.8924,45.2346],[-70.8744,45.2457],[-70.8702,45.2831],[-70.8353,45.3098],[-70.8338,45.3931],[-70.813,45.4234],[-70.7719,45.43],[-70.6967,45.3887],[-70.6413,45.4085],[-70.732,45.4916],[-70.6868,45.5727],[-70.5724,45.6623],[-70.4193,45.7169],[-70.4024,45.7497],[-70.4152,45.8044],[-70.2832,45.8905],[-70.2625,45.923],[-70.2559,45.9489],[-70.3163,45.983],[-70.292,46.0487],[-70.3126,46.0796],[-70.2644,46.1066],[-70.244,46.141],[-70.2633,46.1832],[-70.2848,46.1919],[-70.2809,46.2119],[-70.2362,46.2883],[-70.2019,46.3055],[-70.1884,46.3584],[-70.0743,46.4195],[-70.0078,46.7041],[-69.2373,47.4588],[-69.0697,47.4319],[-69.054,47.4184],[-69.0662,47.3297],[-69.0575,47.2695],[-69.0402,47.2491],[-68.9062,47.1902],[-68.7618,47.237],[-68.6442,47.2453],[-68.518,47.3048],[-68.4353,47.2913],[-68.3856,47.3017],[-68.382,47.3278],[-68.3478,47.3585],[-68.2997,47.3678],[-68.197,47.3414],[-67.9932,47.2232],[-67.9434,47.1645],[-67.8136,47.0819],[-67.7846,45.9601],[-67.7578,45.9195],[-67.7992,45.8757],[-67.7728,45.8281],[-67.8111,45.7665],[-67.807,45.7129],[-67.7618,45.6801],[-67.728,45.6923],[-67.6908,45.6538],[-67.6075,45.6201],[-67.45,45.6108],[-67.4313,45.5979],[-67.4262,45.5334],[-67.4932,45.4931],[-67.4823,45.4555],[-67.4288,45.387],[-67.4713,45.2663],[-67.3563,45.1659],[-67.3192,45.1539],[-67.255,45.205],[-67.176,45.1787]]}},{"type":"Feature","properties":{"featurecla":"International boundary (verify)","adm0_a3_l":"MEX","adm0_a3_r":"USA"},"geometry":{"type":"MultiLineString","coordinates":[[[-111.0063,31.3272],[-111.0671,31.3336],[-114.8221,32.5002],[-114.7955,32.5522],[-114.8027,32.5945],[-114.7395,32.6691],[-114.7243,32.7128]],[[-114.7243,32.7128],[-117.1251,32.5317]],[[-108.1375,31.7775],[-108.2151,31.7778]],[[-108.2151,31.7778],[-108.2148,31.3274],[-111.0063,31.3272]],[[-108.0857,31.7774],[-108.1116,31.7775]],[[-108.1116,31.7775],[-108.1375,31.7775]],[[-107.8788,31.7769],[-108.0599,31.7774]],[[-108.0599,31.7774],[-108.0857,31.7774]],[[-107.6717,31.7765],[-107.8529,31.7769]],[[-107.8529,31.7769],[-107.8788,31.7769]],[[-107.387,31.7758],[-107.6459,31.7765]],[[-107.6459,31.7765],[-107.6717,31.7765]],[[-107.2059,31.7754],[-107.3611,31.7758]],[[-107.3611,31.7758],[-107.387,31.7758]],[[-107.1283,31.7752],[-107.18,31.7754]],[[-107.18,31.7754],[-107.2059,31.7754]],[[-106.9212,31.7747],[-107.1024,31.7752]],[[-107.1024,31.7752],[-107.1283,31.7752]],[[-106.7142,31.7742],[-106.8953,31.7747]],[[-106.8953,31.7747],[-106.9212,31.7747]],[[-106.4731,31.7551],[-106.5172,31.7738],[-106.6883,31.7742]],[[-106.6883,31.7742],[-106.7142,31.7742]],[[-105.249,30.7988],[-105.3638,30.8504],[-105.556,31.0026],[-105.5909,31.0714],[-105.7682,31.18],[-105.862,31.2884],[-105.9281,31.3265],[-105.9612,31.371],[-106.2092,31.4773],[-106.2863,31.5801],[-106.3585,31.7175],[-106.429,31.7585]],[[-106.429,31.7585],[-106.4731,31.7551]],[[-105.1609,30.7641],[-105.1673,30.7812],[-105.2293,30.8102]],[[-105.2293,30.8102],[-105.249,30.7988]],[[-105.1404,30.7505],[-105.1578,30.7657]],[[-105.1578,30.7657],[-105.1609,30.7641]],[[-104.3385,29.524],[-104.444,29.5892],[-104.4552,29.6134],[-104.5308,29.6679],[-104.5703,29.7875],[-104.6197,29.8331],[-104.6376,29.888],[-104.6805,29.9423],[-104.7016,30.0553],[-104.6816,30.1929],[-104.8533,30.4121],[-104.8593,30.4973],[-104.8797,30.5109],[-104.8866,30.5519],[-104.9343,30.6105],[-104.9828,30.6207],[-105.0085,30.677],[-105.087,30.7098],[-105.1336,30.7579]],[[-105.1336,30.7579],[-105.1404,30.7505]],[[-102.2762,29.8695],[-102.321,29.8939]],[[-102.321,29.8939],[-102.3707,29.8578],[-102.3801,29.8114],[-102.4061,29.7773]],[[-102.1093,29.8021],[-102.2534,29.8553],[-102.2583,29.8735]],[[-102.2583,29.8735],[-102.2762,29.8695]],[[-101.5218,29.7659],[-101.5429,29.7711],[-101.5286,29.8014],[-101.5465,29.8201]],[[-101.5465,29.8201],[-101.5649,29.7865],[-101.6322,29.7757]],[[-101.9296,29.7977],[-101.9722,29.8182]],[[-101.9722,29.8182],[-101.9879,29.8052]],[[-101.8576,29.8052],[-101.8874,29.8123]],[[-101.8874,29.8123],[-101.9296,29.7977]],[[-101.6322,29.7757],[-101.7945,29.7959],[-101.8127,29.812]],[[-101.8127,29.812],[-101.8576,29.8052]],[[-101.9879,29.8052],[-102.0146,29.811]],[[-102.0146,29.811],[-102.1093,29.8021]],[[-101.4351,29.7701],[-101.4709,29.7915]],[[-101.4709,29.7915],[-101.5218,29.7659]],[[-102.4061,29.7773],[-102.5153,29.7847]],[[-102.5153,29.7847],[-102.5531,29.7567]],[[-101.3362,29.6543],[-101.3644,29.6767],[-101.4065,29.7529],[-101.4051,29.7784]],[[-101.4051,29.7784],[-101.4351,29.7701]],[[-102.5531,29.7567],[-102.5668,29.7711]],[[-102.5668,29.7711],[-102.6387,29.7437]],[[-102.6387,29.7437],[-102.6761,29.7445]],[[-102.6761,29.7445],[-102.7797,29.5923],[-102.7808,29.5582],[-102.8391,29.452],[-102.8377,29.3663],[-102.8539,29.361]],[[-101.301,29.5941],[-101.3122,29.5979],[-101.3098,29.6545]],[[-101.3098,29.6545],[-101.3362,29.6543]],[[-99.7004,27.6592],[-99.7404,27.7222],[-99.8634,27.8047],[-99.8634,27.8457],[-99.8913,27.876],[-99.8813,27.9065],[-99.9299,27.9463],[-99.9397,27.9611],[-99.9283,27.9758],[-99.9911,28.0078],[-100.0102,28.0689],[-100.0451,28.0953],[-100.0565,28.1379],[-100.1892,28.2013],[-100.2059,28.2429],[-100.2751,28.2772],[-100.2786,28.3311],[-100.3226,28.3869],[-100.3363,28.4586],[-100.3555,28.4782],[-100.3516,28.4967],[-100.3226,28.5104],[-100.3842,28.5372],[-100.4014,28.6023],[-100.4462,28.6265],[-100.4939,28.7084],[-100.5345,28.8302],[-100.5662,28.8425],[-100.5662,28.8698],[-100.6243,28.9247],[-100.6328,29.0052],[-100.669,29.1162],[-100.702,29.1236],[-100.7625,29.1738],[-100.7621,29.2087],[-100.7961,29.2577],[-101.0081,29.3806],[-101.0378,29.4601],[-101.1348,29.4877],[-101.2129,29.5316],[-101.2265,29.5545],[-101.219,29.6103],[-101.2339,29.6227]],[[-101.2339,29.6227],[-101.301,29.5941]],[[-103.585,29.1547],[-103.7025,29.1879],[-103.7777,29.2353],[-103.7694,29.2575],[-103.7837,29.2748],[-103.9281,29.293],[-104.0573,29.339],[-104.1616,29.4168],[-104.2123,29.4847],[-104.2928,29.5328]],[[-104.2928,29.5328],[-104.3385,29.524]],[[-102.8539,29.361],[-102.8599,29.3612]],[[-102.8599,29.3612],[-102.8831,29.3438],[-102.8997,29.2639],[-102.8588,29.2291],[-102.8969,29.2203],[-102.9475,29.182]],[[-102.9475,29.182],[-102.9698,29.1928]],[[-102.9698,29.1928],[-103.0243,29.1162],[-103.0808,29.0852],[-103.0915,29.0579]],[[-103.3721,29.0237],[-103.4785,29.0821],[-103.558,29.1562]],[[-103.558,29.1562],[-103.585,29.1547]],[[-103.0915,29.0579],[-103.0954,29.0603]],[[-103.0954,29.0603],[-103.1228,28.9965],[-103.148,28.9851]],[[-103.3305,29.0237],[-103.3426,29.0412]],[[-103.3426,29.0412],[-103.3721,29.0237]],[[-103.3015,29.0024],[-103.3162,29.0101],[-103.31,29.0312]],[[-103.31,29.0312],[-103.3305,29.0237]],[[-103.148,28.9851],[-103.2418,29.0035]],[[-103.2418,29.0035],[-103.3015,29.0024]],[[-99.6449,27.6327],[-99.6647,27.6594]],[[-99.6647,27.6594],[-99.7004,27.6592]],[[-99.0664,26.4047],[-99.1064,26.423],[-99.0894,26.4712],[-99.103,26.5121],[-99.1649,26.5404],[-99.2483,26.8271],[-99.3862,26.9622],[-99.3993,27.0127],[-99.4247,27.0179],[-99.4617,27.057],[-99.4394,27.0983],[-99.4525,27.125],[-99.434,27.227],[-99.4866,27.2976],[-99.5214,27.3113],[-99.494,27.3482],[-99.4729,27.4683],[-99.4804,27.4908],[-99.5095,27.5],[-99.515,27.5886],[-99.6002,27.6464]],[[-99.6002,27.6464],[-99.6449,27.6327]],[[-99.0105,26.3926],[-99.0476,26.407]],[[-99.0476,26.407],[-99.0664,26.4047]],[[-98.9454,26.3783],[-98.9628,26.3995],[-98.987,26.4001]],[[-98.987,26.4001],[-99.0105,26.3926]],[[-98.893,26.3678],[-98.9299,26.3922]],[[-98.9299,26.3922],[-98.9454,26.3783]],[[-98.7399,26.3033],[-98.7464,26.3321],[-98.8103,26.3724]],[[-98.8103,26.3724],[-98.825,26.3665]],[[-98.825,26.3665],[-98.8361,26.3721]],[[-98.8361,26.3721],[-98.8508,26.3641]],[[-98.8508,26.3641],[-98.8702,26.3721]],[[-98.8702,26.3721],[-98.893,26.3678]],[[-98.6406,26.2418],[-98.7022,26.2716],[-98.6915,26.2902],[-98.7262,26.3044]],[[-98.7262,26.3044],[-98.7399,26.3033]],[[-98.4724,26.2077],[-98.4929,26.2306],[-98.5816,26.2623]],[[-98.5816,26.2623],[-98.6406,26.2418]],[[-98.1502,26.0637],[-98.2227,26.0754],[-98.3004,26.1114],[-98.3393,26.1599],[-98.3773,26.1636],[-98.3693,26.194],[-98.4565,26.2259]],[[-98.4565,26.2259],[-98.4724,26.2077]],[[-98.0655,26.0422],[-98.1031,26.0749]],[[-98.1031,26.0749],[-98.1502,26.0637]],[[-97.9417,26.0568],[-97.9992,26.0643]],[[-97.9992,26.0643],[-98.0655,26.0422]],[[-97.4042,25.8514],[-97.4254,25.8549],[-97.4483,25.8923],[-97.5203,25.9128],[-97.6415,26.0225],[-97.7669,26.0397],[-97.802,26.0637]],[[-97.802,26.0637],[-97.9417,26.0568]],[[-97.1393,25.9658],[-97.2049,25.9606]],[[-97.2049,25.9606],[-97.2531,25.9635]],[[-97.2531,25.9635],[-97.311,25.9221]],[[-97.311,25.9221],[-97.3284,25.9333]],[[-97.3284,25.9333],[-97.3551,25.9128],[-97.3457,25.8522],[-97.366,25.8439]],[[-97.366,25.8439],[-97.3978,25.8658]],[[-97.3978,25.8658],[-97.4042,25.8514]]]}},{"type":"Feature","properties":{"featurecla":"Indefinite (please verify)","adm0_a3_l":"GTM","adm0_a3_r":"BLZ"},"geometry":{"type":"LineString","coordinates":[[-89.1931,16.3926],[-89.1492,17.0363],[-89.1605,17.8143]]}},{"type":"Feature","properties":{"featurecla":"International boundary (verify)","adm0_a3_l":"MEX","adm0_a3_r":"BLZ"},"geometry":{"type":"MultiLineString","coordinates":[[[-88.4132,18.4908],[-88.3908,18.4757]],[[-88.4596,18.4757],[-88.4132,18.4908]],[[-88.4892,18.4845],[-88.4596,18.4757]],[[-88.8803,17.8885],[-88.7266,18.0667],[-88.6895,18.1612],[-88.6966,18.1781],[-88.627,18.2203],[-88.6077,18.2834],[-88.5548,18.3522],[-88.5278,18.4541],[-88.4892,18.4845]],[[-88.3095,18.4823],[-88.3038,18.4814]],[[-88.3908,18.4757],[-88.3095,18.4823]],[[-89.0494,17.9992],[-88.9678,17.9483]],[[-89.1605,17.8143],[-89.1539,17.9411],[-89.1326,17.9703],[-89.0494,17.9992]],[[-88.9565,17.9505],[-88.8803,17.8885]],[[-88.9678,17.9483],[-88.9565,17.9505]]]}},{"type":"Feature","properties":{"featurecla":"International boundary (verify)","adm0_a3_l":"MEX","adm0_a3_r":"GTM"},"geometry":{"type":"MultiLineString","coordinates":[[[-90.9191,17.816],[-89.1605,17.8143]],[[-90.992,17.2519],[-90.9909,17.802],[-90.9191,17.816]],[[-91.4308,17.255],[-90.992,17.2519]],[[-91.3445,17.1863],[-91.3649,17.1898],[-91.3729,17.2136],[-91.4425,17.238],[-91.4308,17.255]],[[-91.1612,17.024],[-91.2068,17.0654],[-91.2296,17.114],[-91.2592,17.1243],[-91.2795,17.1801],[-91.3178,17.1905]],[[-91.3178,17.1905],[-91.3445,17.1863]],[[-90.9931,16.8744],[-91.0669,16.9182],[-91.1371,17.0265]],[[-91.1371,17.0265],[-91.1612,17.024]],[[-90.82,16.8053],[-90.9191,16.8363],[-90.9689,16.8744],[-90.9552,16.8988],[-90.9863,16.9011]],[[-90.9863,16.9011],[-90.9931,16.8744]],[[-90.6672,16.587],[-90.654,16.6166],[-90.6677,16.6526],[-90.7353,16.7466],[-90.8004,16.7868],[-90.8106,16.8129]],[[-90.8106,16.8129],[-90.82,16.8053]],[[-90.6331,16.4833],[-90.6126,16.5181],[-90.6482,16.5296],[-90.6338,16.5922],[-90.6474,16.6001]],[[-90.6474,16.6001],[-90.6672,16.587]],[[-90.5329,16.4599],[-90.5534,16.4903]],[[-90.5534,16.4903],[-90.5847,16.4802]],[[-90.5847,16.4802],[-90.6207,16.4867]],[[-90.6207,16.4867],[-90.6331,16.4833]],[[-90.4208,16.4151],[-90.4758,16.4307],[-90.4823,16.4561],[-90.5089,16.4711]],[[-90.5089,16.4711],[-90.5329,16.4599]],[[-90.3799,16.3673],[-90.4006,16.4205]],[[-90.4006,16.4205],[-90.4208,16.4151]],[[-90.4087,16.3723],[-90.3799,16.3673]],[[-90.4208,16.353],[-90.4087,16.3723]],[[-90.4202,16.296],[-90.4449,16.3084],[-90.4047,16.3315],[-90.4072,16.3604]],[[-90.4072,16.3604],[-90.4208,16.353]],[[-90.4202,16.2854],[-90.414,16.2984]],[[-90.414,16.2984],[-90.4202,16.296]],[[-90.4345,16.2916],[-90.4202,16.2854]],[[-90.4367,16.2848],[-90.4345,16.2916]],[[-90.4413,16.2854],[-90.4367,16.2848]],[[-90.4277,16.2636],[-90.4413,16.2854]],[[-90.4481,16.2711],[-90.4277,16.2636]],[[-90.4556,16.0997],[-90.4595,16.1168],[-90.4353,16.1363],[-90.4481,16.1544],[-90.4261,16.1631],[-90.4618,16.1891],[-90.4585,16.2217],[-90.4345,16.2363],[-90.4578,16.2491],[-90.4481,16.2711]],[[-92.2462,14.5463],[-92.2081,14.5705],[-92.1608,14.6835],[-92.1917,14.8353],[-92.1547,14.9008],[-92.1542,14.9959],[-92.1038,15.0179],[-92.0738,15.0737],[-92.2034,15.2372],[-92.2113,15.2721],[-91.7398,16.061],[-90.4857,16.0707],[-90.4481,16.0793],[-90.4345,16.1072]],[[-90.4345,16.1072],[-90.4556,16.0997]]]}},{"type":"Feature","properties":{"featurecla":"International boundary (verify)","adm0_a3_l":"NIC","adm0_a3_r":"CRI"},"geometry":{"type":"MultiLineString","coordinates":[[[-85.5978,11.2099],[-85.5086,11.1524],[-84.9084,10.9394]],[[-85.7017,11.0809],[-85.6312,11.1962],[-85.5978,11.2099]],[[-84.6765,11.0704],[-84.6032,11.0333]],[[-84.9084,10.9394],[-84.6765,11.0704]],[[-84.5817,11.0345],[-84.4933,10.9994],[-84.4272,10.9511]],[[-84.6032,11.0333],[-84.5817,11.0345]],[[-84.4272,10.9511],[-84.3555,10.9946]]]}},{"type":"Feature","properties":{"featurecla":"International boundary (verify)","adm0_a3_l":"HND","adm0_a3_r":"GTM"},"geometry":{"type":"MultiLineString","coordinates":[[[-88.2209,15.7256],[-88.2416,15.6882]],[[-88.2416,15.6882],[-88.2478,15.6957]],[[-88.2478,15.6957],[-88.3167,15.6746],[-88.399,15.5728],[-88.9734,15.1404],[-89.1608,15.0602],[-89.1886,14.9961],[-89.1691,14.9784],[-89.1692,14.9521],[-89.2324,14.8485],[-89.1445,14.7083],[-89.1604,14.5813],[-89.1837,14.5695]],[[-89.1837,14.5695],[-89.2211,14.5801]],[[-89.2211,14.5801],[-89.2457,14.573],[-89.323,14.4875],[-89.3555,14.4754],[-89.3616,14.4155]]]}},{"type":"Feature","properties":{"featurecla":"International boundary (verify)","adm0_a3_l":"CRI","adm0_a3_r":"PAN"},"geometry":{"type":"MultiLineString","coordinates":[[[-82.829,9.6027],[-82.7197,9.5413]],[[-82.9394,9.0596],[-82.9417,9.4563],[-82.9333,9.4703],[-82.8464,9.4925],[-82.8793,9.5599],[-82.866,9.5851],[-82.829,9.6027]],[[-82.5706,9.5382],[-82.5736,9.5762]],[[-82.6011,9.5487],[-82.5706,9.5382]],[[-82.6321,9.4847],[-82.6124,9.4995],[-82.6011,9.5487]],[[-82.7117,9.545],[-82.678,9.4978],[-82.6321,9.4847]],[[-82.7197,9.5413],[-82.7117,9.545]],[[-82.9892,8.2645],[-83.0441,8.3054],[-83.0521,8.3276],[-82.9535,8.4021],[-82.8704,8.4381],[-82.8389,8.4946],[-82.8498,8.6299],[-82.9192,8.7271],[-82.923,8.7562],[-82.8758,8.7939],[-82.8883,8.8169],[-82.8786,8.8298],[-82.7638,8.88],[-82.7194,8.9215],[-82.7491,8.9741],[-82.8824,9.0453],[-82.9002,9.0721]],[[-82.9002,9.0721],[-82.9394,9.0596]],[[-82.8976,8.0347],[-82.8864,8.1022],[-82.9437,8.2486],[-82.9771,8.2692]],[[-82.9771,8.2692],[-82.9892,8.2645]]]}},{"type":"Feature","properties":{"featurecla":"International boundary (verify)","adm0_a3_l":"COL","adm0_a3_r":"PAN"},"geometry":{"type":"MultiLineString","coordinates":[[[-77.3735,8.6647],[-77.3854,8.6436],[-77.434,8.6283],[-77.4291,8.5926],[-77.4804,8.5262],[-77.4797,8.4679]],[[-77.4496,8.4706],[-77.4223,8.4564],[-77.3913,8.3935],[-77.3744,8.2893],[-77.3243,8.2612],[-77.2311,8.0987],[-77.2078,7.9966],[-77.169,7.9351]],[[-77.4797,8.4679],[-77.4496,8.4706]],[[-77.169,7.9351],[-77.2061,7.9355]],[[-77.2061,7.9355],[-77.2697,7.9181],[-77.3216,7.881],[-77.3799,7.7744],[-77.3397,7.7072],[-77.5093,7.5941],[-77.58,7.5284],[-77.6027,7.5261]],[[-77.6027,7.5261],[-77.6331,7.6007],[-77.6748,7.6447],[-77.6702,7.6599],[-77.7402,7.7189]],[[-77.7402,7.7189],[-77.7642,7.7057],[-77.7705,7.669],[-77.7312,7.5303],[-77.7551,7.4861],[-77.7963,7.4713]],[[-77.7963,7.4713],[-77.8202,7.4765]],[[-77.8202,7.4765],[-77.8958,7.2351]]]}},{"type":"Feature","properties":{"featurecla":"Disputed (please verify)","adm0_a3_l":"VEN","adm0_a3_r":"GUY"},"geometry":{"type":"MultiLineString","coordinates":[[[-60.068,8.0318],[-60.0195,8.0603],[-59.9933,8.1685],[-59.9397,8.2084],[-59.8485,8.2277],[-59.8167,8.2672],[-59.8556,8.3521],[-60.021,8.558]],[[-60.1079,8.0356],[-60.068,8.0318]],[[-60.4185,7.8194],[-60.3748,7.8236],[-60.2311,7.9641],[-60.1079,8.0356]],[[-60.5033,7.8209],[-60.4185,7.8194]],[[-60.6107,7.6268],[-60.5821,7.7363],[-60.5398,7.8001],[-60.5033,7.8209]],[[-60.6252,7.6295],[-60.6107,7.6268]],[[-60.548,7.1255],[-60.6284,7.1911],[-60.6431,7.2209],[-60.6436,7.2507],[-60.6022,7.3065],[-60.6018,7.3301],[-60.629,7.3844],[-60.6532,7.3985],[-60.6606,7.4361],[-60.7007,7.4535],[-60.7297,7.5103],[-60.7165,7.5516],[-60.6711,7.5661],[-60.6252,7.6295]],[[-60.4015,7.1709],[-60.4753,7.1885]],[[-60.4753,7.1885],[-60.548,7.1255]],[[-60.3773,6.9385],[-60.3597,7.0049],[-60.3134,7.0402],[-60.2916,7.0883],[-60.2999,7.121],[-60.3852,7.1733]],[[-60.3852,7.1733],[-60.4015,7.1709]],[[-60.3942,6.9485],[-60.3773,6.9385]],[[-60.7215,6.7597],[-60.6395,6.8377],[-60.5487,6.8631],[-60.3942,6.9485]],[[-60.9076,6.8152],[-60.8376,6.7864]],[[-60.9546,6.7287],[-60.9012,6.7644],[-60.9076,6.8152]],[[-60.7935,6.7938],[-60.7215,6.7597]],[[-60.8376,6.7864],[-60.7935,6.7938]],[[-61.0003,6.7344],[-60.9546,6.7287]],[[-61.0187,6.7204],[-61.0003,6.7344]],[[-61.0612,6.7301],[-61.0187,6.7204]],[[-61.0704,6.7119],[-61.0612,6.7301]],[[-61.111,6.7195],[-61.0704,6.7119]],[[-61.1327,6.1836],[-61.1129,6.2541],[-61.152,6.3034],[-61.1609,6.3424],[-61.1398,6.4413],[-61.212,6.5614],[-61.1707,6.6685],[-61.111,6.7195]],[[-61.1473,6.185],[-61.1327,6.1836]],[[-60.7399,5.2021],[-61.3796,5.9053],[-61.3967,5.9456],[-61.3381,5.9868],[-61.2694,6.1072],[-61.1945,6.1329],[-61.174,6.1716],[-61.1473,6.185]]]}},{"type":"Feature","properties":{"featurecla":"International boundary (verify)","adm0_a3_l":"COL","adm0_a3_r":"BRA"},"geometry":{"type":"MultiLineString","coordinates":[[[-67.4397,2.1396],[-67.3658,2.115],[-67.3406,2.0901],[-67.2648,1.9325],[-67.1557,1.7881],[-67.1172,1.7098],[-67.0736,1.5412],[-67.0982,1.2534],[-67.0861,1.176],[-67.0652,1.1727]],[[-67.9649,1.7402],[-67.8932,1.7497],[-67.8208,1.784],[-67.5929,2.0548],[-67.4397,2.1396]],[[-68.1922,2.0149],[-68.1771,1.9732],[-68.1111,1.9424],[-68.0318,1.7775],[-67.9649,1.7402]],[[-68.2386,1.7212],[-68.1633,1.7213],[-68.1888,1.7358],[-68.1935,1.7637],[-68.239,1.7703],[-68.2483,1.8221],[-68.2802,1.8294],[-68.1922,2.0149]],[[-67.0652,1.1727],[-66.8751,1.2225]]]}},{"type":"Feature","properties":{"featurecla":"International boundary (verify)","adm0_a3_l":"COL","adm0_a3_r":"BRA"},"geometry":{"type":"MultiLineString","coordinates":[[[-69.542,1.7727],[-69.3524,1.7202]],[[-69.6901,1.7355],[-69.542,1.7727]],[[-69.7291,1.739],[-69.6901,1.7355]],[[-69.8075,1.7074],[-69.7291,1.739]],[[-69.3524,1.7202],[-68.2386,1.7212]],[[-69.8562,1.7077],[-69.8075,1.7074]],[[-69.8294,1.0572],[-69.8522,1.0594],[-69.8562,1.7077]],[[-69.716,1.0586],[-69.7281,1.083],[-69.7626,1.0911]],[[-69.7626,1.0911],[-69.8294,1.0572]],[[-69.543,1.0556],[-69.6199,1.0728]],[[-69.6199,1.0728],[-69.716,1.0586]],[[-69.1623,0.6314],[-69.1437,0.6375],[-69.1412,0.6682],[-69.1923,0.7289],[-69.1678,0.756],[-69.1754,0.8444],[-69.1524,0.8678],[-69.21,0.9075],[-69.2043,0.9437],[-69.2262,0.9572],[-69.2402,0.9957],[-69.2888,1.0384],[-69.355,1.0671]],[[-69.355,1.0671],[-69.4182,1.0286]],[[-69.4182,1.0286],[-69.4783,1.0607]],[[-69.4783,1.0607],[-69.543,1.0556]],[[-69.4781,0.7328],[-69.4397,0.7158],[-69.3626,0.6409]],[[-69.6192,0.6507],[-69.5941,0.6893],[-69.4781,0.7328]],[[-69.6795,0.67],[-69.6192,0.6507]],[[-69.9529,0.5858],[-69.8053,0.6069],[-69.6795,0.67]],[[-69.3021,0.6566],[-69.2971,0.6181]],[[-69.3626,0.6409],[-69.3021,0.6566]],[[-69.1901,0.6397],[-69.1623,0.6314]],[[-69.2424,0.6138],[-69.1901,0.6397]],[[-69.279,0.6192],[-69.2424,0.6138]],[[-69.2971,0.6181],[-69.279,0.6192]],[[-69.9765,0.5904],[-69.9529,0.5858]],[[-70.0394,0.5746],[-69.9765,0.5904]],[[-70.0542,0.5881],[-70.0394,0.5746]],[[-69.9649,-4.2365],[-69.9472,-4.2011],[-69.4339,-1.4222],[-69.4211,-1.2386],[-69.3995,-1.1827],[-69.4482,-1.0921],[-69.4429,-1.0084],[-69.5326,-0.9341],[-69.5373,-0.8895],[-69.5732,-0.8492],[-69.5727,-0.8135],[-69.6284,-0.7334],[-69.5842,-0.6446],[-69.6198,-0.5246],[-69.6495,-0.492],[-69.7465,-0.453],[-69.8348,-0.3832],[-69.8581,-0.3414],[-69.9336,-0.3143],[-70.068,-0.1601],[-70.0542,0.5881]]]}},{"type":"Feature","properties":{"featurecla":"International boundary (verify)","adm0_a3_l":"PER","adm0_a3_r":"COL"},"geometry":{"type":"MultiLineString","coordinates":[[[-74.8827,-0.2228],[-74.9549,-0.2],[-75.0154,-0.1405],[-75.0507,-0.1343],[-75.1207,-0.0541],[-75.2067,-0.0291]],[[-75.2067,-0.0291],[-75.2835,-0.107]],[[-74.6728,-0.354],[-74.7181,-0.3273],[-74.7907,-0.3126],[-74.7553,-0.2783],[-74.8247,-0.1705]],[[-74.8247,-0.1705],[-74.8827,-0.2228]],[[-74.3091,-0.8473],[-74.2891,-0.8363],[-74.3106,-0.8014],[-74.3028,-0.7854],[-74.3443,-0.7741],[-74.3851,-0.722],[-74.3649,-0.6762],[-74.418,-0.5427],[-74.5624,-0.4394],[-74.6423,-0.3398]],[[-74.6423,-0.3398],[-74.6728,-0.354]],[[-74.3251,-0.8445],[-74.3091,-0.8473]],[[-74.1196,-1.021],[-74.2668,-0.9723],[-74.3034,-0.8978],[-74.3444,-0.8586],[-74.3251,-0.8445]],[[-74.0168,-1.0916],[-74.0372,-1.0797],[-74.0769,-0.9909]],[[-74.0769,-0.9909],[-74.0924,-1.0201],[-74.1196,-1.021]],[[-73.9676,-1.1148],[-73.9813,-1.1075],[-73.9828,-1.0662]],[[-73.9828,-1.0662],[-74.0168,-1.0916]],[[-73.8025,-1.2236],[-73.871,-1.2014],[-73.9199,-1.1138],[-73.9364,-1.1078]],[[-73.9364,-1.1078],[-73.9676,-1.1148]],[[-73.6142,-1.3071],[-73.6366,-1.2552],[-73.7324,-1.2165],[-73.7547,-1.1833]],[[-73.7547,-1.1833],[-73.8025,-1.2236]],[[-73.4354,-1.7595],[-73.531,-1.6737],[-73.5174,-1.602],[-73.4845,-1.5725],[-73.4953,-1.4879],[-73.5834,-1.4017],[-73.5629,-1.3722],[-73.589,-1.3503],[-73.6009,-1.3052]],[[-73.6009,-1.3052],[-73.6142,-1.3071]],[[-73.0838,-2.3451],[-73.0989,-2.3149],[-73.1589,-2.293],[-73.1978,-2.2136],[-73.1953,-2.1872],[-73.1499,-2.1436],[-73.1111,-2.0734],[-73.1687,-1.9593],[-73.1589,-1.8952],[-73.1936,-1.8368],[-73.1863,-1.7996],[-73.247,-1.7424]],[[-73.247,-1.7424],[-73.2677,-1.7722]],[[-73.4102,-1.7597],[-73.4244,-1.7581]],[[-73.4244,-1.7581],[-73.4354,-1.7595]],[[-73.3403,-1.7922],[-73.3992,-1.7592]],[[-73.3992,-1.7592],[-73.4102,-1.7597]],[[-73.2677,-1.7722],[-73.3012,-1.7636]],[[-73.3012,-1.7636],[-73.3403,-1.7922]],[[-71.7314,-2.1899],[-71.7461,-2.1323]],[[-71.7461,-2.1323],[-71.8362,-2.1798],[-71.8772,-2.2453],[-71.9663,-2.3285]],[[-71.4981,-2.3151],[-71.521,-2.2921],[-71.5271,-2.2315],[-71.6785,-2.1695]],[[-71.6785,-2.1695],[-71.7314,-2.1899]],[[-70.9253,-2.2203],[-71.0214,-2.1967]],[[-71.0214,-2.1967],[-71.032,-2.2108],[-71.0206,-2.2589],[-71.0414,-2.2653]],[[-70.6476,-2.4508],[-70.6637,-2.3983],[-70.699,-2.3701],[-70.7066,-2.3283],[-70.7879,-2.3074],[-70.9046,-2.2111]],[[-70.9046,-2.2111],[-70.9253,-2.2203]],[[-71.0414,-2.2653],[-71.0922,-2.2473]],[[-71.0922,-2.2473],[-71.1428,-2.2629],[-71.1619,-2.3102],[-71.2199,-2.3415]],[[-71.4208,-2.376],[-71.4321,-2.3552],[-71.4152,-2.3163],[-71.4667,-2.2515]],[[-71.4667,-2.2515],[-71.4981,-2.3151]],[[-72.9354,-2.4253],[-72.9698,-2.3561],[-73.0564,-2.2999]],[[-73.0564,-2.2999],[-73.0838,-2.3451]],[[-71.9663,-2.3285],[-72.029,-2.3196]],[[-72.029,-2.3196],[-72.0894,-2.331],[-72.1764,-2.4103]],[[-71.2199,-2.3415],[-71.2533,-2.3266]],[[-71.2533,-2.3266],[-71.3076,-2.3478]],[[-71.3076,-2.3478],[-71.3155,-2.3341]],[[-71.3155,-2.3341],[-71.4208,-2.376]],[[-72.378,-2.4508],[-72.4143,-2.4371],[-72.4416,-2.4052],[-72.563,-2.3831],[-72.6443,-2.3341]],[[-72.6443,-2.3341],[-72.6832,-2.4048],[-72.7124,-2.4221]],[[-72.7124,-2.4221],[-72.7337,-2.3676]],[[-72.7337,-2.3676],[-72.7617,-2.4023]],[[-72.7617,-2.4023],[-72.8047,-2.3778]],[[-72.8047,-2.3778],[-72.9354,-2.4253]],[[-72.1764,-2.4103],[-72.2409,-2.3955]],[[-72.2409,-2.3955],[-72.2819,-2.4057],[-72.2838,-2.4332],[-72.378,-2.4508]],[[-70.4453,-2.4985],[-70.4845,-2.4525],[-70.5786,-2.4055]],[[-70.5786,-2.4055],[-70.5961,-2.4165],[-70.5986,-2.4466],[-70.6476,-2.4508]],[[-70.3596,-2.5606],[-70.3763,-2.5326],[-70.3496,-2.5183],[-70.3449,-2.4966],[-70.3788,-2.4847]],[[-70.3788,-2.4847],[-70.4453,-2.4985]],[[-70.2175,-2.6321],[-70.2361,-2.6251],[-70.2739,-2.5463],[-70.2959,-2.5354]],[[-70.2959,-2.5354],[-70.3596,-2.5606]],[[-70.1505,-2.6692],[-70.1839,-2.6195]],[[-70.1839,-2.6195],[-70.2175,-2.6321]],[[-70.4642,-3.8788],[-70.5443,-3.8652],[-70.6906,-3.7868],[-70.7341,-3.782],[-70.0506,-2.7151],[-70.1058,-2.6252]],[[-70.1058,-2.6252],[-70.1505,-2.6692]],[[-69.9649,-4.2365],[-70.0305,-4.1316],[-70.1884,-4.029],[-70.217,-3.925],[-70.2409,-3.8909],[-70.3111,-3.8293],[-70.3496,-3.8158]],[[-70.3496,-3.8158],[-70.3777,-3.8188],[-70.4642,-3.8788]]]}},{"type":"Feature","properties":{"featurecla":"International boundary (verify)","adm0_a3_l":"PER","adm0_a3_r":"ECU"},"geometry":{"type":"MultiLineString","coordinates":[[[-75.5712,-0.1217],[-75.623,-0.1066]],[[-75.623,-0.1066],[-75.6432,-0.1288],[-75.6101,-0.183]],[[-75.2835,-0.107],[-75.318,-0.1383],[-75.36,-0.1499]],[[-75.4295,-0.1637],[-75.5533,-0.1198]],[[-75.5533,-0.1198],[-75.5712,-0.1217]],[[-75.36,-0.1499],[-75.3942,-0.1451]],[[-75.3942,-0.1451],[-75.4295,-0.1637]],[[-75.5887,-0.1813],[-75.4848,-0.2477],[-75.4342,-0.403],[-75.3654,-0.4688]],[[-75.6101,-0.183],[-75.5887,-0.1813]],[[-75.3531,-0.4677],[-75.2859,-0.529]],[[-75.3654,-0.4688],[-75.3531,-0.4677]],[[-75.2765,-0.5242],[-75.2607,-0.5435],[-75.2556,-0.6243],[-75.294,-0.6679],[-75.297,-0.747],[-75.2521,-0.9334],[-75.2273,-0.9698],[-75.3259,-0.9755]],[[-75.2859,-0.529],[-75.2765,-0.5242]],[[-75.3259,-0.9755],[-75.3487,-0.975],[-75.4064,-0.9151]],[[-75.4064,-0.9151],[-75.573,-1.5373],[-76.0912,-2.1289],[-76.6846,-2.5736],[-77.8678,-2.9903],[-77.9415,-3.0545],[-78.0425,-3.1899],[-78.1049,-3.2454],[-78.1482,-3.3224],[-78.1964,-3.3637],[-78.1545,-3.4568],[-78.1637,-3.4773],[-78.2263,-3.507]],[[-78.2263,-3.507],[-78.2572,-3.4096],[-78.334,-3.3845]],[[-78.334,-3.3845],[-78.3617,-3.4085],[-78.3629,-3.4887],[-78.4024,-3.5944],[-78.4007,-3.6798],[-78.4259,-3.6894],[-78.4197,-3.791],[-78.4807,-3.8495],[-78.4976,-3.9496],[-78.5621,-3.9798],[-78.5766,-4.1001],[-78.6824,-4.3269],[-78.6732,-4.4015],[-78.6372,-4.4351],[-78.6698,-4.4934],[-78.6727,-4.551],[-78.7197,-4.5922],[-78.8531,-4.6523],[-78.8986,-4.6942],[-78.9286,-4.7475],[-78.9002,-4.8437],[-78.9108,-4.8635],[-78.9803,-4.874],[-79.0093,-4.9601],[-79.0639,-5.0114]],[[-80.3255,-4.0154],[-80.2591,-3.9437],[-80.1811,-3.9079],[-80.1651,-3.8795],[-80.1888,-3.8577],[-80.2263,-3.7493],[-80.2164,-3.6316],[-80.225,-3.5919],[-80.25,-3.5777],[-80.2403,-3.514],[-80.2716,-3.4855],[-80.2657,-3.4264],[-80.3407,-3.3935]],[[-80.4275,-3.9813],[-80.3255,-4.0154]],[[-80.4347,-4.217],[-80.4696,-4.2132],[-80.5141,-4.0834],[-80.4811,-3.9988],[-80.4275,-3.9813]],[[-80.4085,-4.4775],[-80.4835,-4.434],[-80.4885,-4.396],[-80.3453,-4.1985]],[[-80.3453,-4.1985],[-80.4347,-4.217]],[[-79.7957,-4.4847],[-79.8329,-4.479],[-79.9041,-4.3986],[-79.982,-4.3886],[-80.0797,-4.309],[-80.1402,-4.2831]],[[-80.1402,-4.2831],[-80.205,-4.2982],[-80.2554,-4.3868],[-80.3829,-4.4763],[-80.4085,-4.4775]],[[-79.5516,-4.5199],[-79.658,-4.4387]],[[-79.658,-4.4387],[-79.7957,-4.4847]],[[-79.2803,-4.9673],[-79.3032,-4.9612],[-79.341,-4.9042],[-79.3781,-4.8848],[-79.3953,-4.8476],[-79.4506,-4.8102],[-79.4987,-4.6606],[-79.5279,-4.6181],[-79.5016,-4.541],[-79.5275,-4.5197]],[[-79.5275,-4.5197],[-79.5516,-4.5199]],[[-79.1408,-4.9833],[-79.2093,-4.9648]],[[-79.2093,-4.9648],[-79.2803,-4.9673]],[[-79.0639,-5.0114],[-79.1145,-4.9788]],[[-79.1145,-4.9788],[-79.1408,-4.9833]]]}},{"type":"Feature","properties":{"featurecla":"International boundary (verify)","adm0_a3_l":"BRA","adm0_a3_r":"VEN"},"geometry":{"type":"MultiLineString","coordinates":[[[-60.7399,5.2021],[-60.6643,5.1703],[-60.5987,4.9969],[-60.5919,4.9497],[-60.6126,4.9006],[-60.7181,4.7843],[-60.86,4.7124],[-60.8958,4.7085],[-60.9478,4.5736],[-60.9773,4.535],[-61.1686,4.4902]],[[-61.1686,4.4902],[-61.2973,4.5237]],[[-61.2973,4.5237],[-61.3229,4.5088],[-61.293,4.4481],[-61.3811,4.4177]],[[-61.3811,4.4177],[-61.4386,4.4212]],[[-61.4386,4.4212],[-61.5019,4.4019],[-61.5267,4.2855],[-61.5673,4.2485]],[[-64.5897,4.1189],[-64.6082,4.1265],[-64.661,4.2275],[-64.7459,4.2876]],[[-64.7459,4.2876],[-64.8051,4.2719],[-64.813,4.2106],[-64.7271,4.1408],[-64.6629,3.997]],[[-61.6405,4.2419],[-61.7189,4.2547]],[[-61.7189,4.2547],[-61.7792,4.2327],[-61.847,4.1661],[-61.9082,4.1462]],[[-61.5673,4.2485],[-61.5991,4.2544]],[[-61.5991,4.2544],[-61.6405,4.2419]],[[-62.1536,4.0903],[-62.4281,4.1832]],[[-62.4281,4.1832],[-62.463,4.1747],[-62.4837,4.1392],[-62.537,4.1254],[-62.561,4.0378],[-62.5887,4.0307]],[[-61.9082,4.1462],[-61.9902,4.1664]],[[-61.9902,4.1664],[-62.035,4.1599],[-62.1536,4.0903]],[[-63.9964,3.8808],[-64.0377,3.8825],[-64.0638,3.9116],[-64.1081,4.0581],[-64.1467,4.1106],[-64.2406,4.142],[-64.365,4.1519]],[[-64.365,4.1519],[-64.5897,4.1189]],[[-62.5887,4.0307],[-62.6707,4.0437]],[[-62.6707,4.0437],[-62.7662,4.0207],[-62.7663,3.9647],[-62.7888,3.8994],[-62.7496,3.7836],[-62.7399,3.7004],[-62.771,3.6233],[-62.8078,3.5967]],[[-64.6628,3.997],[-64.5314,3.8535],[-64.4345,3.7785],[-64.3242,3.7241],[-64.203,3.5947],[-64.1979,3.5151],[-64.2456,3.4189],[-64.2163,3.2514],[-64.2229,3.124],[-64.106,2.9472],[-63.9976,2.7149],[-64.0122,2.6038],[-64.0578,2.5104],[-64.0325,2.463]],[[-64.6629,3.997],[-64.6628,3.997]],[[-62.8894,3.5608],[-62.9511,3.5702],[-62.9971,3.5991],[-63.286,3.9208],[-63.3914,3.9716]],[[-63.3914,3.9716],[-63.4254,3.9684],[-63.4689,3.8672],[-63.5107,3.8545]],[[-63.771,3.9288],[-63.8751,3.9498]],[[-63.8751,3.9498],[-63.9964,3.8808]],[[-63.5107,3.8545],[-63.6228,3.9352],[-63.6716,3.9462]],[[-63.6716,3.9462],[-63.771,3.9288]],[[-62.8078,3.5967],[-62.8223,3.5988]],[[-62.8223,3.5988],[-62.8894,3.5608]],[[-64.0108,2.4682],[-63.8313,2.4286]],[[-64.0325,2.463],[-64.0108,2.4682]],[[-63.7041,2.4376],[-63.3649,2.4131],[-63.3726,2.2668],[-63.4118,2.1494],[-63.5205,2.1245]],[[-63.8313,2.4286],[-63.7041,2.4376]],[[-63.5205,2.1245],[-63.549,2.1284]],[[-63.549,2.1284],[-63.6175,2.1012],[-63.7626,1.9857],[-63.8023,1.9723]],[[-63.8023,1.9723],[-63.9208,1.9743]],[[-63.9208,1.9743],[-63.995,1.958],[-64.0366,1.9273],[-64.0536,1.8937],[-64.0754,1.6654],[-64.1095,1.5985],[-64.3015,1.4467],[-64.3701,1.3587]],[[-64.3701,1.3587],[-64.3948,1.3922],[-64.3638,1.4774],[-64.3646,1.4971],[-64.3864,1.5102]],[[-64.3864,1.5102],[-64.5512,1.4195],[-64.6042,1.3313],[-64.7512,1.2433]],[[-64.7512,1.2433],[-64.8393,1.2708]],[[-64.8393,1.2708],[-64.8974,1.2197],[-64.9665,1.2006],[-65.0174,1.163],[-65.0225,1.14],[-65.0596,1.1324]],[[-66.2851,0.7458],[-66.3462,0.7594],[-66.4071,0.8021],[-66.8751,1.2225]],[[-65.0596,1.1324],[-65.1005,1.1361]],[[-65.1005,1.1361],[-65.1368,1.1269],[-65.1602,1.0802],[-65.179,0.9554],[-65.203,0.9238],[-65.2434,0.9131]],[[-65.5427,0.6493],[-65.5852,0.6915],[-65.5873,0.7391],[-65.5332,0.8163],[-65.5185,0.8865],[-65.5598,0.958],[-65.6081,0.9853]],[[-65.6081,0.9853],[-65.6287,0.982]],[[-65.6287,0.982],[-65.701,0.9844]],[[-65.701,0.9844],[-65.872,0.909],[-65.9741,0.807],[-66.0792,0.7776],[-66.1344,0.7311]],[[-65.2434,0.9131],[-65.2844,0.9194]],[[-65.2844,0.9194],[-65.3272,0.9103],[-65.389,0.8357],[-65.4139,0.7416],[-65.4512,0.6901],[-65.5427,0.6493]],[[-66.1344,0.7311],[-66.2087,0.7631]],[[-66.2087,0.7631],[-66.2851,0.7458]]]}},{"type":"Feature","properties":{"featurecla":"International boundary (verify)","adm0_a3_l":"BOL","adm0_a3_r":"PRY"},"geometry":{"type":"MultiLineString","coordinates":[[[-59.0895,-19.2867],[-58.1753,-19.8214],[-58.1418,-20.0009],[-58.1588,-20.1651]],[[-62.6504,-22.2345],[-62.2757,-21.0666],[-62.2688,-20.5531],[-61.9443,-20.1041],[-61.7532,-19.6459],[-60.0064,-19.2981],[-59.0895,-19.2867]]]}},{"type":"Feature","properties":{"featurecla":"International boundary (verify)","adm0_a3_l":"PER","adm0_a3_r":"BRA"},"geometry":{"type":"MultiLineString","coordinates":[[[-70.6468,-4.1157],[-70.6311,-4.119],[-70.6325,-4.1668],[-70.5853,-4.1945]],[[-70.6941,-4.1723],[-70.6468,-4.1157]],[[-70.4299,-4.1342],[-70.3614,-4.1682]],[[-70.516,-4.1823],[-70.4299,-4.1342]],[[-70.3431,-4.1394],[-70.3111,-4.1709],[-70.3167,-4.247],[-70.248,-4.3021]],[[-70.3614,-4.1682],[-70.3431,-4.1394]],[[-70.5497,-4.1407],[-70.516,-4.1823]],[[-70.5853,-4.1945],[-70.5497,-4.1407]],[[-70.7743,-4.155],[-70.6941,-4.1723]],[[-70.9687,-4.3853],[-70.8737,-4.2507],[-70.8428,-4.2381],[-70.8452,-4.191],[-70.7743,-4.155]],[[-70.037,-4.3409],[-69.9718,-4.291],[-69.9649,-4.2365]],[[-70.1165,-4.2583],[-70.0966,-4.2657],[-70.0756,-4.3162],[-70.037,-4.3409]],[[-70.2056,-4.3429],[-70.1573,-4.2702],[-70.1165,-4.2583]],[[-70.2392,-4.3018],[-70.2056,-4.3429]],[[-70.248,-4.3021],[-70.2392,-4.3018]],[[-71.0055,-4.3476],[-70.9687,-4.3853]],[[-71.0293,-4.3858],[-71.0055,-4.3476]],[[-71.1697,-4.3628],[-71.1285,-4.4018]],[[-71.2141,-4.4108],[-71.1697,-4.3628]],[[-71.0816,-4.3641],[-71.0293,-4.3858]],[[-71.1285,-4.4018],[-71.0816,-4.3641]],[[-71.2648,-4.3755],[-71.2141,-4.4108]],[[-71.3152,-4.44],[-71.3046,-4.3949],[-71.2648,-4.3755]],[[-71.4008,-4.4334],[-71.3633,-4.4592]],[[-71.5246,-4.4852],[-71.4923,-4.4428],[-71.4008,-4.4334]],[[-71.3308,-4.4351],[-71.3152,-4.44]],[[-71.3633,-4.4592],[-71.3308,-4.4351]],[[-71.6134,-4.4793],[-71.6171,-4.5003]],[[-71.6652,-4.5076],[-71.6134,-4.4793]],[[-71.5576,-4.4794],[-71.5246,-4.4852]],[[-71.6171,-4.5003],[-71.5576,-4.4794]],[[-71.7848,-4.4805],[-71.7402,-4.4956]],[[-72.0436,-4.6138],[-71.9803,-4.5823],[-71.9072,-4.5184],[-71.8007,-4.5024],[-71.7848,-4.4805]],[[-71.6993,-4.4816],[-71.6652,-4.5076]],[[-71.7402,-4.4956],[-71.6993,-4.4816]],[[-72.0711,-4.6051],[-72.0436,-4.6138]],[[-72.2824,-4.7654],[-72.1271,-4.6801],[-72.0711,-4.6051]],[[-72.3198,-4.7602],[-72.2824,-4.7654]],[[-72.708,-5.0632],[-72.6448,-5.0606],[-72.6143,-5.0097],[-72.5464,-4.9582],[-72.4951,-4.947],[-72.4765,-4.9025],[-72.4147,-4.8763],[-72.3861,-4.794],[-72.3198,-4.7602]],[[-72.7476,-5.0551],[-72.708,-5.0632]],[[-72.8311,-5.0966],[-72.7729,-5.0811],[-72.7476,-5.0551]],[[-72.849,-5.0921],[-72.8311,-5.0966]],[[-73.7608,-7.3374],[-73.7247,-7.3248],[-73.7161,-7.2864],[-73.7345,-7.2251],[-73.8123,-7.1029],[-73.7594,-6.8874],[-73.7068,-6.8496],[-73.672,-6.8007],[-73.3707,-6.5839],[-73.2336,-6.564],[-73.199,-6.5456],[-73.1478,-6.4762],[-73.127,-6.3913],[-73.1777,-6.2024],[-73.2353,-6.1237],[-73.2348,-6.0776],[-73.14,-5.8785],[-72.9872,-5.6811],[-72.9605,-5.5592],[-72.9735,-5.4661],[-72.924,-5.3136],[-72.8967,-5.2716],[-72.9003,-5.1946],[-72.922,-5.1469],[-72.9179,-5.1321],[-72.8589,-5.1161],[-72.849,-5.0921]],[[-73.8003,-7.3357],[-73.7608,-7.3374]],[[-73.902,-7.3734],[-73.8003,-7.3357]],[[-73.9611,-7.3564],[-73.902,-7.3734]],[[-73.7461,-7.8864],[-73.7137,-7.8663],[-73.7026,-7.8278],[-73.7122,-7.7882],[-73.8388,-7.7206],[-74.0185,-7.5435],[-73.9714,-7.524],[-73.9587,-7.502],[-73.9443,-7.4487],[-73.9829,-7.3564],[-73.9611,-7.3564]],[[-73.7946,-7.8741],[-73.7461,-7.8864]],[[-72.6723,-9.4467],[-72.8133,-9.4109],[-73.215,-9.409],[-73.0902,-9.2442],[-73.0344,-9.2226],[-73.0279,-9.1831],[-72.972,-9.1344],[-72.9594,-9.0856],[-72.9761,-8.9854],[-73.0167,-8.9304],[-73.0686,-8.8937],[-73.1746,-8.7207],[-73.2899,-8.6705],[-73.3506,-8.5983],[-73.3564,-8.4798],[-73.5408,-8.3591],[-73.5617,-8.2727],[-73.6033,-8.2116],[-73.6119,-8.1126],[-73.668,-8.0138],[-73.7788,-7.9541],[-73.7946,-7.8741]],[[-70.5739,-9.5678],[-70.5762,-9.5291],[-70.5433,-9.4935],[-70.525,-9.4309]],[[-70.525,-9.4309],[-70.6064,-9.4488],[-70.6808,-9.5277],[-70.8755,-9.6605],[-70.9203,-9.7201],[-70.969,-9.7549],[-70.9972,-9.8035],[-71.1443,-9.8631],[-71.1965,-9.9399],[-71.3134,-9.9942]],[[-72.4908,-9.4864],[-72.6559,-9.439]],[[-72.6559,-9.439],[-72.6723,-9.4467]],[[-72.3345,-9.534],[-72.4302,-9.4822]],[[-72.4302,-9.4822],[-72.4908,-9.4864]],[[-71.3914,-10.0068],[-72.1957,-10.0056],[-72.1629,-9.8772],[-72.1947,-9.8058],[-72.2652,-9.7622],[-72.277,-9.7243],[-72.2617,-9.6674],[-72.3041,-9.6009],[-72.3068,-9.5409],[-72.3229,-9.5321]],[[-72.3229,-9.5321],[-72.3345,-9.534]],[[-70.5927,-9.5638],[-70.5739,-9.5678]],[[-70.5796,-9.7857],[-70.5419,-9.7082],[-70.6008,-9.6353],[-70.6244,-9.5658],[-70.5927,-9.5638]],[[-70.5901,-9.779],[-70.5796,-9.7857]],[[-70.6413,-11.0108],[-70.6384,-9.8518],[-70.6232,-9.8011],[-70.5901,-9.779]],[[-71.3134,-9.9942],[-71.3396,-9.9798]],[[-71.3396,-9.9798],[-71.3914,-10.0068]],[[-69.8757,-10.928],[-69.9561,-10.9193]],[[-69.9561,-10.9193],[-70.1987,-11.0412],[-70.341,-11.0672]],[[-69.7202,-10.9649],[-69.8351,-10.9253]],[[-69.8351,-10.9253],[-69.8757,-10.928]],[[-70.341,-11.0672],[-70.4373,-11.0367],[-70.5341,-10.9381]],[[-70.5341,-10.9381],[-70.6413,-11.0108]],[[-69.5962,-10.952],[-69.7202,-10.9649]]]}},{"type":"Feature","properties":{"featurecla":"International boundary (verify)","adm0_a3_l":"BRA","adm0_a3_r":"BOL"},"geometry":{"type":"MultiLineString","coordinates":[[[-65.4425,-9.6798],[-65.398,-9.6867],[-65.3705,-9.7106],[-65.3401,-9.7897],[-65.2991,-9.8413],[-65.3368,-9.9672],[-65.2848,-10.2068],[-65.3278,-10.3144],[-65.365,-10.3322],[-65.4109,-10.4492],[-65.45,-10.4749],[-65.4292,-10.5614],[-65.4357,-10.6258],[-65.3868,-10.6695],[-65.3811,-10.6981],[-65.4047,-10.7992],[-65.3271,-10.8505],[-65.2996,-10.9697],[-65.342,-11.0328],[-65.341,-11.1066],[-65.3947,-11.1534],[-65.3981,-11.178],[-65.36,-11.2188],[-65.3886,-11.2532],[-65.3873,-11.2776],[-65.3264,-11.3278],[-65.3548,-11.3824],[-65.3195,-11.4764],[-65.2925,-11.5047]],[[-65.5961,-9.838],[-65.5353,-9.7825],[-65.5108,-9.7341],[-65.4425,-9.6798]],[[-65.7886,-9.733],[-65.7632,-9.7723]],[[-65.8165,-9.786],[-65.7886,-9.733]],[[-65.71,-9.756],[-65.7131,-9.7942]],[[-65.7632,-9.7723],[-65.71,-9.756]],[[-65.8341,-9.7583],[-65.8165,-9.786]],[[-65.8625,-9.7818],[-65.8341,-9.7583]],[[-65.9293,-9.7703],[-65.8625,-9.7818]],[[-66.0295,-9.8083],[-65.9293,-9.7703]],[[-66.087,-9.7845],[-66.0295,-9.8083]],[[-66.1182,-9.806],[-66.087,-9.7845]],[[-65.679,-9.7894],[-65.5961,-9.838]],[[-65.6971,-9.7943],[-65.679,-9.7894]],[[-65.7051,-9.7933],[-65.6971,-9.7943]],[[-65.7131,-9.7942],[-65.7051,-9.7933]],[[-66.1355,-9.7952],[-66.1182,-9.806]],[[-66.4529,-9.8887],[-66.3553,-9.8496],[-66.2573,-9.8349],[-66.1907,-9.8008],[-66.1355,-9.7952]],[[-66.5138,-9.8839],[-66.4529,-9.8887]],[[-67.2018,-10.3268],[-67.1723,-10.3196],[-67.1517,-10.289],[-67.0643,-10.2569],[-66.9027,-10.0931],[-66.7706,-9.9926],[-66.6601,-9.9453],[-66.6426,-9.9079],[-66.5138,-9.8839]],[[-67.2592,-10.3137],[-67.2018,-10.3268]],[[-67.7558,-10.7142],[-67.7217,-10.7055],[-67.6847,-10.6105],[-67.5846,-10.5018],[-67.468,-10.4523],[-67.4183,-10.3815],[-67.3428,-10.3725],[-67.3378,-10.3261],[-67.2592,-10.3137]],[[-67.8626,-10.6588],[-67.7558,-10.7142]],[[-67.9818,-10.6644],[-67.8626,-10.6588]],[[-68.0102,-10.6597],[-67.9818,-10.6644]],[[-68.4424,-11.0477],[-68.3783,-11.005],[-68.2933,-10.979],[-68.0979,-10.6977],[-68.0102,-10.6597]],[[-69.3959,-10.935],[-69.2935,-10.955]],[[-69.5029,-10.9553],[-69.3959,-10.935]],[[-69.5776,-10.9523],[-69.5029,-10.9553]],[[-69.2368,-10.9529],[-69.1215,-10.9706]],[[-69.2935,-10.955],[-69.2368,-10.9529]],[[-69.0869,-10.9672],[-68.9925,-11.0024]],[[-69.1215,-10.9706],[-69.0869,-10.9672]],[[-68.8047,-10.9947],[-68.7576,-11.0119],[-68.7912,-11.0851],[-68.784,-11.1353],[-68.7583,-11.1411]],[[-68.884,-11.0164],[-68.8047,-10.9947]],[[-68.9554,-11.0005],[-68.884,-11.0164]],[[-68.9925,-11.0024],[-68.9554,-11.0005]],[[-68.4597,-11.0448],[-68.4424,-11.0477]],[[-68.7583,-11.1411],[-68.6157,-11.1125],[-68.5361,-11.0615],[-68.4597,-11.0448]],[[-65.2576,-11.4953],[-65.216,-11.5301],[-65.2192,-11.5845],[-65.1674,-11.6155],[-65.1909,-11.6232],[-65.2019,-11.728],[-65.1515,-11.7731]],[[-65.2925,-11.5047],[-65.2576,-11.4953]],[[-65.1134,-11.6906],[-65.1136,-11.7226],[-65.0656,-11.7531],[-65.0385,-11.8187],[-65.0337,-11.8798],[-64.9981,-11.9089],[-65.0146,-11.9503],[-65.0094,-11.9843],[-64.9834,-12.0039],[-64.8621,-12.0248]],[[-65.1515,-11.7731],[-65.134,-11.7026],[-65.1134,-11.6906]],[[-64.8398,-12.0167],[-64.7925,-12.0325],[-64.7284,-12.1499]],[[-64.8621,-12.0248],[-64.8398,-12.0167]],[[-64.6899,-12.1044],[-64.689,-12.1539],[-64.6649,-12.181],[-64.5115,-12.2427]],[[-64.7284,-12.1499],[-64.7064,-12.1061],[-64.6899,-12.1044]],[[-64.5088,-12.236],[-64.4691,-12.2611],[-64.4898,-12.3736],[-64.4525,-12.3904],[-64.3957,-12.4573],[-64.3532,-12.4692]],[[-64.5115,-12.2427],[-64.5088,-12.236]],[[-63.8014,-12.4549],[-63.6577,-12.4754],[-63.5422,-12.548],[-63.4858,-12.5575],[-63.4314,-12.637],[-63.3179,-12.702]],[[-63.9212,-12.5443],[-63.8629,-12.4692],[-63.8014,-12.4549]],[[-64.3127,-12.4619],[-64.2782,-12.4993]],[[-64.3532,-12.4692],[-64.3127,-12.4619]],[[-64.2152,-12.4738],[-64.1448,-12.5204]],[[-64.2782,-12.4993],[-64.2152,-12.4738]],[[-64.1198,-12.4897],[-64.1045,-12.5071],[-64.0445,-12.5091],[-64.0228,-12.5378]],[[-64.1448,-12.5204],[-64.1198,-12.4897]],[[-63.9724,-12.5239],[-63.9212,-12.5443]],[[-64.0228,-12.5378],[-63.9724,-12.5239]],[[-63.1367,-12.6337],[-63.075,-12.6527],[-63.0435,-12.7191],[-63.0511,-12.7422],[-63.0147,-12.7777],[-62.988,-12.8439],[-62.9551,-12.8575]],[[-63.1856,-12.6685],[-63.1367,-12.6337]],[[-63.1973,-12.6668],[-63.1856,-12.6685]],[[-63.3179,-12.702],[-63.236,-12.6986],[-63.1973,-12.6668]],[[-62.9289,-12.846],[-62.8651,-12.9355],[-62.8314,-12.9449],[-62.8074,-12.9889],[-62.7705,-13.0105]],[[-62.9551,-12.8575],[-62.9289,-12.846]],[[-62.6866,-12.965],[-62.6513,-12.9925],[-62.6417,-13.03],[-62.5546,-13.0668]],[[-62.7413,-12.9854],[-62.6866,-12.965]],[[-62.7579,-12.9851],[-62.7413,-12.9854]],[[-62.7705,-13.0105],[-62.7579,-12.9851]],[[-62.4927,-13.065],[-62.4585,-13.078],[-62.4241,-13.1265]],[[-62.5546,-13.0668],[-62.4927,-13.065]],[[-62.1725,-13.1179],[-62.1291,-13.1509]],[[-62.174,-13.1408],[-62.1725,-13.1179]],[[-62.2115,-13.1203],[-62.174,-13.1408]],[[-62.2903,-13.142],[-62.2115,-13.1203]],[[-62.4103,-13.1257],[-62.335,-13.1451]],[[-62.4241,-13.1265],[-62.4103,-13.1257]],[[-62.3105,-13.134],[-62.2903,-13.142]],[[-62.335,-13.1451],[-62.3105,-13.134]],[[-62.1205,-13.1488],[-62.0992,-13.2626],[-62.0033,-13.3605],[-61.8723,-13.4561],[-61.848,-13.5308],[-61.814,-13.5442]],[[-62.1291,-13.1509],[-62.1205,-13.1488]],[[-61.0472,-13.4646],[-61.0413,-13.5152],[-61.022,-13.5352],[-60.8967,-13.5529],[-60.802,-13.6042],[-60.6527,-13.7188],[-60.5886,-13.7445],[-60.5751,-13.7656],[-60.4726,-13.7979],[-60.4488,-13.8968],[-60.3897,-13.9749],[-60.4194,-14.0769],[-60.4683,-14.1037],[-60.4789,-14.1627],[-60.4624,-14.1985],[-60.4643,-14.2784],[-60.3999,-14.3408],[-60.3438,-14.4909],[-60.3384,-14.5326],[-60.3692,-14.5428],[-60.2917,-14.6301],[-60.2698,-15.0834],[-60.275,-15.0951],[-60.5822,-15.0989],[-60.2464,-15.4783],[-60.1798,-16.222],[-60.1607,-16.2648],[-58.4647,-16.3313]],[[-61.1491,-13.5198],[-61.1187,-13.4845],[-61.0472,-13.4646]],[[-61.3477,-13.4937],[-61.2486,-13.5244]],[[-61.5034,-13.5482],[-61.4588,-13.5437],[-61.3477,-13.4937]],[[-61.5971,-13.5061],[-61.5508,-13.538],[-61.5034,-13.5482]],[[-61.7351,-13.538],[-61.6929,-13.518],[-61.5971,-13.5061]],[[-61.215,-13.5175],[-61.1491,-13.5198]],[[-61.2486,-13.5244],[-61.215,-13.5175]],[[-61.7543,-13.5303],[-61.7351,-13.538]],[[-61.814,-13.5442],[-61.7543,-13.5303]],[[-58.3929,-16.2794],[-58.3396,-16.2893],[-58.3345,-16.3866],[-58.3636,-16.4367],[-58.3427,-16.4732],[-58.3561,-16.5095],[-58.4559,-16.6191],[-58.4803,-16.6837],[-58.4529,-16.8413],[-58.4663,-16.8873],[-58.4063,-17.1101],[-58.3991,-17.2374],[-58.3812,-17.2672],[-58.2316,-17.3297],[-58.2041,-17.3774],[-58.1522,-17.3964],[-58.0102,-17.4968],[-57.9057,-17.5203]],[[-58.4647,-16.3313],[-58.4216,-16.3184],[-58.3929,-16.2794]],[[-57.8541,-17.5085],[-57.8144,-17.5197],[-57.7908,-17.5558],[-57.7859,-17.6775],[-57.7245,-17.7366],[-57.733,-17.7685],[-57.6968,-17.8251],[-57.6988,-17.8431],[-57.7301,-17.8461],[-57.5511,-18.1836],[-57.5112,-18.2056]],[[-57.9057,-17.5203],[-57.8541,-17.5085]],[[-57.4907,-18.2056],[-57.4657,-18.2177],[-57.4668,-18.2396],[-57.5357,-18.2405],[-57.5667,-18.2561],[-57.7823,-18.9104],[-57.7318,-18.922],[-57.7158,-19.0446],[-57.789,-19.0592],[-58.1246,-19.7299],[-58.1169,-19.758],[-57.8597,-19.9801]],[[-57.5112,-18.2056],[-57.4907,-18.2056]]]}},{"type":"Feature","properties":{"featurecla":"International boundary (verify)","adm0_a3_l":"BOL","adm0_a3_r":"PER"},"geometry":{"type":"MultiLineString","coordinates":[[[-69.5776,-10.9523],[-68.6843,-12.5025],[-68.7261,-12.566],[-68.7934,-12.6202],[-68.7853,-12.6459],[-68.743,-12.6658],[-68.7661,-12.7105],[-68.8766,-12.755],[-68.9046,-12.804]],[[-68.9046,-12.804],[-68.9266,-12.801]],[[-68.9266,-12.801],[-68.9866,-12.8905],[-68.9628,-13.2836],[-68.9707,-13.5014],[-68.9857,-13.5502],[-69.0232,-13.5969],[-69.0238,-13.635],[-69.044,-13.648]],[[-69.044,-13.648],[-69.0745,-13.6426]],[[-69.0745,-13.6426],[-69.1016,-13.6666],[-69.016,-13.7531],[-69.0231,-13.806],[-68.993,-13.8698],[-68.983,-13.9722],[-68.9058,-14.0393],[-68.8644,-14.1912],[-68.8837,-14.2115],[-68.9849,-14.2283],[-69.0101,-14.2459],[-69.0162,-14.3211],[-68.9903,-14.379],[-69.1643,-14.503],[-69.1704,-14.5776]],[[-69.1704,-14.5776],[-69.2149,-14.5723]],[[-69.2149,-14.5723],[-69.2475,-14.5937],[-69.2538,-14.7218],[-69.2676,-14.7507],[-69.339,-14.7748],[-69.3705,-14.8015],[-69.3678,-14.9005],[-69.3907,-14.9644],[-69.2886,-15.102],[-69.1481,-15.2333],[-69.1661,-15.2639]],[[-69.1661,-15.2639],[-69.1897,-15.2624]],[[-69.1897,-15.2624],[-69.2091,-15.2636],[-69.2226,-15.3022],[-69.2559,-15.3133],[-69.2912,-15.3508],[-69.2859,-15.4054],[-69.3434,-15.4422],[-69.3564,-15.5014],[-69.43,-15.6263],[-69.2196,-16.1528],[-69.1663,-16.2104],[-69.1208,-16.2312]],[[-69.0536,-16.2084],[-69.0101,-16.2191]],[[-69.1208,-16.2312],[-69.0536,-16.2084]],[[-68.982,-16.21],[-68.9188,-16.2667],[-68.8436,-16.302],[-68.8335,-16.329],[-68.8558,-16.3632],[-69.0017,-16.4228],[-69.0279,-16.4541],[-69.0401,-16.5814],[-69.0083,-16.6342],[-69.0538,-16.6823],[-69.1824,-16.7287],[-69.2245,-16.8182],[-69.3259,-16.9222],[-69.3643,-16.9912],[-69.4136,-17.0223],[-69.4013,-17.0472],[-69.4274,-17.0869],[-69.5101,-17.1121],[-69.595,-17.1797],[-69.6228,-17.1856],[-69.6338,-17.2073],[-69.6665,-17.2883],[-69.5973,-17.3005],[-69.5226,-17.3691],[-69.5101,-17.5054]],[[-69.0101,-16.2191],[-68.982,-16.21]]]}},{"type":"Feature","properties":{"featurecla":"International boundary (verify)","adm0_a3_l":"CHL","adm0_a3_r":"ARG"},"geometry":{"type":"MultiLineString","coordinates":[[[-68.3449,-24.4998],[-68.314,-24.4873],[-68.2445,-24.3854],[-67.3624,-24.0304],[-67.3398,-24.0006],[-67.2847,-23.8341]],[[-68.3798,-24.4911],[-68.3449,-24.4998]],[[-68.4515,-24.6293],[-68.3977,-24.5005],[-68.3798,-24.4911]],[[-68.4818,-24.5988],[-68.4515,-24.6293]],[[-68.4208,-25.1487],[-68.3792,-25.1368],[-68.3674,-25.1034],[-68.4435,-25.0211],[-68.4374,-24.9741],[-68.4691,-24.9368],[-68.4731,-24.9079],[-68.551,-24.8688],[-68.578,-24.8087],[-68.5037,-24.6123],[-68.4818,-24.5988]],[[-68.4584,-25.1449],[-68.4208,-25.1487]],[[-68.3378,-27.0456],[-68.3054,-26.898],[-68.5702,-26.5506],[-68.5953,-26.4573],[-68.5752,-26.3035],[-68.4199,-26.1793],[-68.409,-26.1442],[-68.4985,-25.7549],[-68.5594,-25.663],[-68.5688,-25.5878],[-68.555,-25.5726],[-68.6029,-25.5107],[-68.6099,-25.4742],[-68.516,-25.1836],[-68.493,-25.1559],[-68.4584,-25.1449]],[[-68.3665,-27.0435],[-68.3378,-27.0456]],[[-68.6107,-27.1657],[-68.5859,-27.1628],[-68.5574,-27.1074],[-68.518,-27.0769],[-68.3665,-27.0435]],[[-68.7643,-27.1046],[-68.7186,-27.1067],[-68.6107,-27.1657]],[[-69.4203,-28.2126],[-69.3118,-28.0365],[-69.3032,-27.9995],[-69.2159,-27.9685],[-69.173,-27.9241],[-69.1243,-27.7344],[-69.0758,-27.6962],[-69.0923,-27.6402],[-69.0286,-27.5513],[-69.0174,-27.4604],[-68.9314,-27.3952],[-68.8831,-27.295],[-68.8708,-27.1984],[-68.829,-27.136],[-68.7643,-27.1046]],[[-69.4762,-28.1879],[-69.4203,-28.2126]],[[-69.9577,-30.0927],[-69.9804,-30.0725],[-69.928,-29.9768],[-69.9156,-29.8056],[-69.9291,-29.7183],[-69.9732,-29.6661],[-69.9685,-29.5833],[-70.0426,-29.3631],[-70.0407,-29.2975],[-70.0311,-29.2772],[-69.9803,-29.25],[-69.9895,-29.2144],[-69.922,-29.168],[-69.9109,-29.1432],[-69.8444,-29.1293],[-69.8039,-29.0987],[-69.8028,-28.9399],[-69.7328,-28.7943],[-69.7534,-28.6734],[-69.7221,-28.6107],[-69.6784,-28.5739],[-69.6724,-28.4577],[-69.653,-28.3979],[-69.5101,-28.2675],[-69.4762,-28.1879]],[[-70.0302,-30.3971],[-69.9646,-30.3748],[-69.9121,-30.3295],[-69.8907,-30.229],[-69.849,-30.1991],[-69.8358,-30.1619],[-69.8497,-30.1266],[-69.9187,-30.0878]],[[-69.9187,-30.0878],[-69.9577,-30.0927]],[[-70.1469,-30.3539],[-70.0302,-30.3971]],[[-70.2783,-31.0394],[-70.2676,-31.0238],[-70.3251,-30.9716],[-70.3392,-30.9382],[-70.3195,-30.8008],[-70.2762,-30.7256],[-70.276,-30.6731],[-70.2171,-30.5151],[-70.1512,-30.4597],[-70.1487,-30.4187],[-70.1734,-30.3647],[-70.1469,-30.3539]],[[-70.3209,-31.0337],[-70.2783,-31.0394]],[[-70.4234,-31.1538],[-70.3931,-31.1376],[-70.3625,-31.073],[-70.3209,-31.0337]],[[-70.4678,-31.0894],[-70.4481,-31.0976],[-70.4234,-31.1538]],[[-70.394,-31.8776],[-70.4283,-31.8701],[-70.4641,-31.8383],[-70.484,-31.7976],[-70.4863,-31.7312],[-70.5898,-31.5677],[-70.579,-31.432],[-70.5547,-31.3629],[-70.569,-31.3042],[-70.5468,-31.2646],[-70.5414,-31.1882],[-70.4678,-31.0894]],[[-70.31,-32.0477],[-70.2754,-32.0378],[-70.2445,-31.9422],[-70.2962,-31.891],[-70.3572,-31.8765]],[[-70.3572,-31.8765],[-70.394,-31.8776]],[[-70.3733,-32.0304],[-70.31,-32.0477]],[[-70.01,-33.2991],[-70.0411,-33.239],[-70.1095,-33.1696],[-70.0922,-33.0918],[-70.1112,-33.0384],[-70.0889,-33.0083],[-70.0425,-32.9927],[-70.0002,-32.8766],[-70.0873,-32.8233],[-70.1557,-32.7384],[-70.1811,-32.6076],[-70.1706,-32.5727],[-70.1377,-32.569],[-70.1579,-32.5425],[-70.1608,-32.4853],[-70.2453,-32.404],[-70.2424,-32.3303],[-70.2692,-32.2991],[-70.3218,-32.2801],[-70.3455,-32.1747],[-70.3352,-32.14],[-70.3891,-32.0531],[-70.3733,-32.0304]],[[-69.9003,-33.959],[-69.9143,-33.7719],[-69.86,-33.7264],[-69.8954,-33.6623],[-69.8729,-33.586],[-69.8788,-33.558],[-69.8415,-33.5328],[-69.8309,-33.4582],[-69.7867,-33.3993],[-69.8139,-33.2895],[-69.9053,-33.2382]],[[-69.9053,-33.2382],[-69.9406,-33.2429],[-69.9839,-33.2945],[-70.01,-33.2991]],[[-69.9116,-34.2846],[-69.8289,-34.2333],[-69.8732,-34.14],[-69.8558,-33.9847],[-69.8656,-33.9577],[-69.8843,-33.9542]],[[-69.8843,-33.9542],[-69.9003,-33.959]],[[-69.9892,-34.2691],[-69.9116,-34.2846]],[[-70.4124,-35.9081],[-70.4202,-35.8684],[-70.3573,-35.8152],[-70.4215,-35.6597],[-70.4082,-35.5062],[-70.4455,-35.4611],[-70.4718,-35.3794],[-70.4284,-35.3571],[-70.4398,-35.3322],[-70.4753,-35.3141],[-70.5604,-35.2984],[-70.5789,-35.2597],[-70.5429,-35.2093],[-70.3866,-35.1667],[-70.3537,-34.9533],[-70.2767,-34.7982],[-70.3163,-34.7456],[-70.2731,-34.727],[-70.2522,-34.6958],[-70.2278,-34.5853],[-70.1678,-34.5384],[-70.1143,-34.4474],[-70.0676,-34.4146],[-70.0576,-34.2912],[-69.9892,-34.2691]],[[-70.4991,-36.1636],[-70.4351,-36.1363],[-70.3803,-36.046],[-70.4127,-35.9689],[-70.3848,-35.9212],[-70.3907,-35.9059]],[[-70.3907,-35.9059],[-70.4124,-35.9081]],[[-70.5683,-36.139],[-70.4991,-36.1636]],[[-70.8072,-36.4334],[-70.7089,-36.4032],[-70.7322,-36.3343],[-70.7105,-36.2658],[-70.6044,-36.1946],[-70.5885,-36.1502],[-70.5683,-36.139]],[[-70.8904,-36.4004],[-70.8072,-36.4334]],[[-70.971,-36.4855],[-70.935,-36.4726],[-70.9078,-36.4052],[-70.8904,-36.4004]],[[-71.01,-36.4775],[-70.971,-36.4855]],[[-71.073,-36.6968],[-71.0553,-36.6713],[-71.07,-36.6038],[-71.0614,-36.5204],[-71.0433,-36.4843],[-71.01,-36.4775]],[[-71.1299,-36.6769],[-71.073,-36.6968]],[[-71.1615,-36.9755],[-71.1357,-36.9515],[-71.1691,-36.9219],[-71.1588,-36.8827],[-71.1969,-36.8482],[-71.1515,-36.7605],[-71.1453,-36.6883],[-71.1299,-36.6769]],[[-71.2007,-36.9714],[-71.1615,-36.9755]],[[-70.9672,-38.7508],[-70.8738,-38.6914],[-70.8834,-38.6431],[-70.8343,-38.5644],[-70.8487,-38.5276],[-70.9505,-38.4594],[-70.9738,-38.4247],[-71.0197,-38.2343],[-71.0087,-38.1676],[-71.0235,-38.1046],[-71.0074,-38.071],[-71.0876,-37.9402],[-71.185,-37.7061],[-71.1908,-37.64],[-71.1279,-37.5844],[-71.1417,-37.5439],[-71.1177,-37.4665],[-71.1947,-37.3435],[-71.2056,-37.2927],[-71.1465,-37.2148],[-71.1393,-37.1333],[-71.0891,-37.1034],[-71.1396,-37.0617],[-71.156,-37.0028],[-71.2007,-36.9714]],[[-71.01,-38.7463],[-70.9672,-38.7508]],[[-71.5367,-39.6157],[-71.5035,-39.6017],[-71.4957,-39.5656],[-71.542,-39.5323],[-71.4617,-39.4338],[-71.4765,-39.383],[-71.4202,-39.3421],[-71.412,-39.318],[-71.402,-39.236],[-71.431,-39.026],[-71.4158,-38.9353],[-71.3707,-38.888],[-71.2798,-38.8502],[-71.236,-38.8116],[-71.1528,-38.7988],[-71.0787,-38.7571],[-71.01,-38.7463]],[[-71.6898,-39.5684],[-71.6008,-39.6195]],[[-71.6837,-40.099],[-71.6709,-40.0608],[-71.6805,-40.0095],[-71.6166,-39.9099],[-71.6794,-39.8479],[-71.7105,-39.7475],[-71.694,-39.6735],[-71.7187,-39.6234],[-71.6898,-39.5684]],[[-71.555,-39.6128],[-71.5367,-39.6157]],[[-71.6008,-39.6195],[-71.555,-39.6128]],[[-71.7668,-40.0769],[-71.6837,-40.099]],[[-71.73,-40.2986],[-71.8238,-40.2101],[-71.8029,-40.1161],[-71.814,-40.0929],[-71.7668,-40.0769]],[[-71.7293,-40.4214],[-71.674,-40.3241],[-71.6793,-40.2953],[-71.7055,-40.2819]],[[-71.7055,-40.2819],[-71.73,-40.2986]],[[-71.7847,-40.4113],[-71.7293,-40.4214]],[[-71.9238,-42.1769],[-71.8843,-42.1442],[-71.7731,-42.12],[-71.7363,-42.0839],[-71.7396,-42.0319],[-71.7807,-41.9864],[-71.7744,-41.9392],[-71.794,-41.8675],[-71.8569,-41.7861],[-71.869,-41.7155],[-71.9259,-41.653],[-71.926,-41.6229],[-71.8533,-41.5673],[-71.8881,-41.5128],[-71.8798,-41.4367],[-71.904,-41.3677],[-71.8734,-41.2492],[-71.8894,-41.1798],[-71.8713,-41.1667],[-71.854,-41.0789],[-71.8677,-40.999],[-71.8514,-40.9383],[-71.9107,-40.8501],[-71.9556,-40.7204],[-71.8531,-40.6164],[-71.8477,-40.5796],[-71.8618,-40.5497],[-71.7847,-40.4113]],[[-72.0098,-42.1247],[-71.9775,-42.1253],[-71.9238,-42.1769]],[[-71.7609,-43.3069],[-71.7484,-43.277],[-71.7502,-43.1725],[-71.8619,-43.1332],[-72.0544,-43.1054],[-72.1293,-43.0422],[-72.1485,-42.9987],[-72.1127,-42.8638],[-72.1432,-42.5571],[-72.0392,-42.4812],[-72.0752,-42.4338],[-72.0607,-42.3689],[-72.0699,-42.35],[-72.1337,-42.2876],[-72.0589,-42.1976],[-72.0399,-42.1447],[-72.0098,-42.1247]],[[-71.8051,-43.3],[-71.7609,-43.3069]],[[-71.9373,-43.4569],[-71.9551,-43.4435],[-71.9368,-43.4267],[-71.941,-43.3918],[-71.9123,-43.3678],[-71.9017,-43.322],[-71.8051,-43.3]],[[-71.8511,-43.5426],[-71.8815,-43.5245],[-71.8583,-43.4774],[-71.9062,-43.4492]],[[-71.9062,-43.4492],[-71.9373,-43.4569]],[[-71.7971,-43.7808],[-71.8192,-43.7581],[-71.8032,-43.726],[-71.7257,-43.6974],[-71.7037,-43.6716],[-71.7143,-43.6022],[-71.8234,-43.5421]],[[-71.8234,-43.5421],[-71.8511,-43.5426]],[[-71.822,-44.4032],[-71.8642,-44.3592],[-71.8104,-44.3336],[-71.804,-44.3148],[-71.8318,-44.2702],[-71.8051,-44.2052],[-71.8587,-44.1078],[-71.7622,-44.0641],[-71.6593,-43.9397],[-71.7158,-43.8587],[-71.7618,-43.8284],[-71.762,-43.7689]],[[-71.762,-43.7689],[-71.7971,-43.7808]],[[-71.6432,-44.4026],[-71.6944,-44.3934]],[[-71.6944,-44.3934],[-71.822,-44.4032]],[[-71.336,-44.8016],[-71.2628,-44.7771],[-71.2382,-44.7479],[-71.2349,-44.6388],[-71.1994,-44.5917],[-71.1316,-44.5706],[-71.1227,-44.5303],[-71.1554,-44.4986],[-71.1713,-44.4522],[-71.2098,-44.4276],[-71.4378,-44.4015]],[[-71.4378,-44.4015],[-71.6432,-44.4026]],[[-71.4971,-44.7429],[-71.336,-44.8016]],[[-71.6312,-44.78],[-71.4971,-44.7429]],[[-71.7627,-44.7544],[-71.6312,-44.78]],[[-71.8545,-44.791],[-71.7627,-44.7544]],[[-72.0478,-44.7548],[-71.8545,-44.791]],[[-72.0533,-44.9068],[-72.0809,-44.8866],[-72.0741,-44.8371],[-72.0887,-44.7828],[-72.0762,-44.7608],[-72.0478,-44.7548]],[[-71.8894,-44.9472],[-72.0098,-44.9045]],[[-72.0098,-44.9045],[-72.0533,-44.9068]],[[-71.6617,-44.9792],[-71.7024,-44.9737],[-71.7825,-44.9274]],[[-71.7825,-44.9274],[-71.8894,-44.9472]],[[-71.5617,-45.5239],[-71.5258,-45.519],[-71.4781,-45.4827],[-71.5083,-45.4084],[-71.3894,-45.3708],[-71.3115,-45.2995],[-71.3172,-45.2672],[-71.3633,-45.2088],[-71.4489,-45.159],[-71.4971,-45.1117],[-71.5552,-45.0058],[-71.5887,-44.9781],[-71.624,-44.9749]],[[-71.624,-44.9749],[-71.6617,-44.9792]],[[-71.6392,-45.52],[-71.5617,-45.5239]],[[-71.9125,-47.2345],[-71.8633,-47.1966],[-71.8741,-47.1425],[-72.0052,-47.0619],[-72.0,-47.0422],[-71.9148,-46.9985],[-71.9704,-46.9485],[-71.9362,-46.8543],[-71.9501,-46.814],[-71.9341,-46.7995],[-71.8341,-46.7886],[-71.6872,-46.6901],[-71.6802,-46.6596],[-71.6955,-46.5871],[-71.6805,-46.5381],[-71.7519,-46.393],[-71.7633,-46.2445],[-71.9147,-46.1523],[-71.9045,-46.1363],[-71.7702,-46.1126],[-71.6123,-45.9705],[-71.6659,-45.884],[-71.7585,-45.8482],[-71.749,-45.7868],[-71.8018,-45.724],[-71.7805,-45.6894],[-71.7824,-45.6418],[-71.7428,-45.5943],[-71.7651,-45.5724],[-71.7496,-45.5493],[-71.6392,-45.52]],[[-72.0303,-47.1975],[-71.9125,-47.2345]],[[-72.2092,-47.4203],[-72.1706,-47.4075],[-72.0579,-47.3119],[-72.0294,-47.2697],[-72.0451,-47.2158],[-72.0303,-47.1975]],[[-72.2629,-47.4138],[-72.2092,-47.4203]],[[-72.3154,-48.3503],[-72.2951,-48.3333],[-72.3256,-48.2855],[-72.3095,-48.2112],[-72.343,-48.0704],[-72.388,-48.0578],[-72.4192,-48.0096],[-72.5094,-47.973],[-72.5439,-47.9148],[-72.4573,-47.7491],[-72.3444,-47.6023],[-72.3209,-47.4984],[-72.3705,-47.4745],[-72.3612,-47.451],[-72.3287,-47.4265],[-72.2629,-47.4138]],[[-72.3587,-48.343],[-72.3154,-48.3503]],[[-73.0976,-49.2666],[-73.1626,-49.2582],[-73.1843,-49.2143],[-73.0971,-49.1213],[-73.0786,-49.0587],[-72.9696,-48.9643],[-72.7812,-48.9339],[-72.6188,-48.8197],[-72.5923,-48.7911],[-72.578,-48.7219],[-72.5842,-48.6159],[-72.6147,-48.51],[-72.5768,-48.4521],[-72.4331,-48.4004],[-72.3587,-48.343]]]}},{"type":"Feature","properties":{"featurecla":"International boundary (verify)","adm0_a3_l":"ARG","adm0_a3_r":"CHL"},"geometry":{"type":"LineString","coordinates":[[-68.642,-54.7992],[-68.6541,-54.8862]]}},{"type":"Feature","properties":{"featurecla":"International boundary (verify)","adm0_a3_l":"COL","adm0_a3_r":"VEN"},"geometry":{"type":"MultiLineString","coordinates":[[[-71.3576,11.8508],[-71.3275,11.85]],[[-72.2847,11.1505],[-72.2566,11.1678],[-71.9906,11.6491],[-71.4495,11.7955],[-71.3576,11.8508]],[[-72.3413,11.1621],[-72.2847,11.1505]],[[-73.3778,9.1647],[-73.3911,9.1728],[-73.3791,9.2139],[-73.3244,9.2559],[-73.1784,9.523],[-73.1077,9.578],[-72.9855,9.8122],[-72.9776,9.8381],[-72.997,9.9007],[-72.9877,9.9994],[-72.9356,10.1752],[-72.9076,10.4525],[-72.7544,10.6749],[-72.683,10.8556],[-72.5765,10.9574],[-72.4993,11.1208],[-72.3413,11.1621]],[[-72.9364,9.0992],[-72.9732,9.1284],[-72.9801,9.2165],[-73.0097,9.2954]],[[-73.0097,9.2954],[-73.0327,9.2946],[-73.2122,9.1734],[-73.3778,9.1647]],[[-72.3501,8.0426],[-72.3338,8.0655],[-72.3358,8.1039],[-72.396,8.2566],[-72.384,8.3218],[-72.3935,8.3554],[-72.4563,8.4039],[-72.6754,8.6515],[-72.7831,9.0599],[-72.8,9.0794],[-72.7856,9.1024],[-72.8267,9.1417]],[[-72.8267,9.1417],[-72.8341,9.1336]],[[-72.8341,9.1336],[-72.8617,9.137]],[[-72.8617,9.137],[-72.9364,9.0992]],[[-72.3883,8.0462],[-72.3501,8.0426]],[[-72.3218,7.39],[-72.4146,7.4138],[-72.4513,7.4402],[-72.482,7.508],[-72.4634,7.5708],[-72.4833,7.6494],[-72.4742,7.7542],[-72.4518,7.8328],[-72.4586,7.8935],[-72.4912,7.9375],[-72.4301,7.9905],[-72.4071,8.0438],[-72.3883,8.0462]],[[-71.8482,6.9839],[-71.9938,7.0129],[-72.081,7.0666],[-72.1641,7.2208],[-72.1663,7.3341],[-72.2062,7.3819],[-72.2397,7.3913]],[[-72.2397,7.3913],[-72.3218,7.39]],[[-70.6393,7.0735],[-70.7033,7.0999]],[[-70.7033,7.0999],[-70.8955,7.0685],[-70.9613,7.0094],[-71.0655,6.9845]],[[-70.4841,7.0053],[-70.5209,7.0156],[-70.5786,7.0858]],[[-70.5786,7.0858],[-70.6393,7.0735]],[[-71.5878,7.0293],[-71.6204,7.0521],[-71.6543,7.0534]],[[-71.6543,7.0534],[-71.6735,7.0442],[-71.6696,7.0277]],[[-71.5288,7.0271],[-71.5584,7.0412]],[[-71.5584,7.0412],[-71.5878,7.0293]],[[-71.6696,7.0277],[-71.698,7.035]],[[-71.698,7.035],[-71.774,7.0289],[-71.7778,7.0075]],[[-71.4677,7.0124],[-71.5099,7.0346]],[[-71.5099,7.0346],[-71.5288,7.0271]],[[-71.3494,7.0195],[-71.4139,7.031]],[[-71.4139,7.031],[-71.4677,7.0124]],[[-71.184,6.9626],[-71.2755,6.9844],[-71.2835,7.0188],[-71.3078,7.0274]],[[-71.3078,7.0274],[-71.3494,7.0195]],[[-71.7778,7.0075],[-71.7886,7.0097]],[[-71.7886,7.0097],[-71.8482,6.9839]],[[-70.2876,6.9369],[-70.3191,6.9383],[-70.4613,7.0083]],[[-70.4613,7.0083],[-70.4841,7.0053]],[[-71.0655,6.9845],[-71.136,6.9921]],[[-71.136,6.9921],[-71.184,6.9626]],[[-69.4436,6.1222],[-70.0966,6.9444],[-70.1578,6.9795]],[[-70.1578,6.9795],[-70.2313,6.9685],[-70.2876,6.9369]],[[-67.7567,5.4088],[-67.6525,5.478],[-67.617,5.5416],[-67.6491,5.6561],[-67.6251,5.7845],[-67.4852,5.9441],[-67.4348,5.9682],[-67.4186,5.9953],[-67.4286,6.0385],[-67.4912,6.1145],[-67.487,6.1668],[-67.45,6.1979],[-67.4905,6.2016],[-67.574,6.2662],[-67.8185,6.3138]],[[-67.8185,6.3138],[-67.8793,6.2779]],[[-67.8793,6.2779],[-67.8928,6.2783]],[[-67.8928,6.2783],[-67.9241,6.2346],[-68.019,6.2116]],[[-68.019,6.2116],[-68.1465,6.2238]],[[-68.1465,6.2238],[-68.3411,6.1768]],[[-68.9786,6.1973],[-69.0369,6.2188]],[[-69.0369,6.2188],[-69.0802,6.2094],[-69.2461,6.0807]],[[-68.8929,6.1843],[-68.9609,6.2024]],[[-68.9609,6.2024],[-68.9786,6.1973]],[[-68.3411,6.1768],[-68.4274,6.1973]],[[-68.4274,6.1973],[-68.5847,6.17],[-68.6353,6.1359]],[[-68.6353,6.1359],[-68.8291,6.1878]],[[-68.8291,6.1878],[-68.8929,6.1843]],[[-69.2461,6.0807],[-69.3314,6.1564]],[[-69.3314,6.1564],[-69.4436,6.1222]],[[-67.7679,5.4105],[-67.7567,5.4088]],[[-67.8477,4.4979],[-67.8751,4.5326],[-67.8552,4.5662],[-67.8456,4.6897],[-67.8229,4.7436],[-67.8135,4.8405],[-67.8264,4.8948],[-67.7931,5.0633],[-67.8266,5.1204],[-67.8147,5.2103],[-67.8437,5.2972],[-67.8098,5.3788],[-67.7679,5.4105]],[[-67.5765,3.7307],[-67.6318,3.7619],[-67.6444,3.8346],[-67.6939,3.9286],[-67.7206,4.075],[-67.7862,4.173],[-67.8049,4.2685],[-67.7794,4.3508],[-67.7999,4.3989],[-67.7931,4.429],[-67.8477,4.5047]],[[-67.8477,4.5047],[-67.8477,4.4979]],[[-67.8559,2.7898],[-67.8553,2.8582],[-67.8386,2.8861],[-67.4522,3.2437],[-67.3958,3.2666],[-67.3095,3.3839],[-67.3046,3.4257],[-67.3901,3.4851],[-67.4714,3.6801],[-67.4998,3.7179],[-67.5374,3.7355]],[[-67.5374,3.7355],[-67.5765,3.7307]],[[-67.6656,2.8013],[-67.751,2.8421]],[[-67.751,2.8421],[-67.7814,2.8315]],[[-67.7814,2.8315],[-67.8033,2.8326]],[[-67.8033,2.8326],[-67.8559,2.7898]],[[-66.8751,1.2225],[-66.9009,1.289],[-66.8835,1.3499],[-66.9327,1.4246],[-66.9336,1.5017],[-66.9742,1.58],[-66.9809,1.6659],[-67.0873,1.9388],[-67.1326,1.9908],[-67.1112,2.0488],[-67.1146,2.103],[-67.1778,2.1545],[-67.2173,2.2661],[-67.2177,2.2845],[-67.1738,2.3364],[-67.1897,2.3944],[-67.3254,2.4746],[-67.3406,2.5105],[-67.4709,2.6271],[-67.5003,2.6753],[-67.5756,2.6911],[-67.5943,2.7761],[-67.6266,2.8134]],[[-67.6266,2.8134],[-67.6656,2.8013]]]}},{"type":"Feature","properties":{"featurecla":"International boundary (verify)","adm0_a3_l":"POL","adm0_a3_r":"RUS"},"geometry":{"type":"MultiLineString","coordinates":[[[22.6984,54.3429],[19.6803,54.4367],[19.6095,54.4567]],[[22.7672,54.3563],[22.6984,54.3429]]]}},{"type":"Feature","properties":{"featurecla":"International boundary (verify)","adm0_a3_l":"PNG","adm0_a3_r":"IDN"},"geometry":{"type":"MultiLineString","coordinates":[[[140.9745,-2.6005],[140.9769,-6.3351],[140.9528,-6.3738],[140.9671,-6.3939],[140.9528,-6.4318]],[[140.9528,-6.4318],[140.9416,-6.4309]],[[140.9416,-6.4309],[140.9125,-6.4386],[140.93,-6.445],[140.9328,-6.466]],[[140.9486,-6.4655],[140.9502,-6.4987],[140.921,-6.5164],[140.9151,-6.5585],[140.893,-6.5654],[140.905,-6.5895],[140.8504,-6.6236],[140.8658,-6.6492],[140.8504,-6.713],[140.8845,-6.7539],[140.8709,-6.7784],[140.9016,-6.8122],[140.916,-6.8627]],[[140.9328,-6.466],[140.9486,-6.4655]],[[140.9397,-6.8563],[140.9433,-6.8881],[140.9622,-6.898]],[[140.916,-6.8627],[140.9397,-6.8563]],[[140.9772,-6.8966],[140.977,-9.1061]],[[140.9622,-6.898],[140.9772,-6.8966]]]}},{"type":"Feature","properties":{"featurecla":"International boundary (verify)","adm0_a3_l":"KAZ","adm0_a3_r":"TKM"},"geometry":{"type":"MultiLineString","coordinates":[[[54.0472,42.3454],[54.1953,42.3181],[54.7383,42.0482],[54.9071,41.9321],[54.9408,41.8896],[54.935,41.8337],[54.9507,41.7956],[55.1,41.6442],[55.2284,41.4728],[55.3726,41.3756],[55.4295,41.2908],[55.5093,41.2589]],[[52.4377,41.7489],[52.7647,41.9938],[52.9787,42.1266],[53.4123,42.2582],[54.0472,42.3454]],[[55.9101,41.3266],[55.9784,41.3217]],[[55.5093,41.2589],[55.6355,41.2644],[55.9101,41.3266]]]}},{"type":"Feature","properties":{"featurecla":"International boundary (verify)","adm0_a3_l":"UZB","adm0_a3_r":"KAZ"},"geometry":{"type":"MultiLineString","coordinates":[[[62.0261,43.4806],[61.9857,43.4933],[61.1617,44.1681],[61.1029,44.2361],[61.0802,44.3355],[61.0363,44.3828],[58.5822,45.5487],[58.5314,45.5587]],[[58.5314,45.5587],[57.4783,45.3369],[55.9761,44.9951],[55.9784,41.3217]],[[65.8126,42.8758],[65.7952,42.8772],[65.5169,43.2972],[65.2714,43.417],[64.9565,43.6974],[64.891,43.7228]],[[64.891,43.7228],[64.4267,43.547]],[[64.4267,43.547],[63.208,43.6275]],[[63.208,43.6275],[62.0261,43.4806]],[[66.4774,41.9962],[66.0087,42.0027],[66.0137,42.403],[66.0532,42.4409],[66.1013,42.9903]],[[66.1013,42.9903],[65.8126,42.8758]],[[70.9478,42.2481],[70.88,42.2069],[70.8045,42.1884]],[[70.8045,42.1884],[70.7581,42.198]],[[70.7581,42.198],[70.7199,42.1829],[70.6102,42.0274],[70.579,42.0162]],[[70.579,42.0162],[70.5342,42.025],[70.5045,42.0685],[70.4554,42.0937]],[[70.4554,42.0937],[70.3151,42.0346],[70.283,41.9763],[70.2042,41.9358],[70.1111,41.826],[69.972,41.7646],[69.9124,41.7129],[69.6246,41.6683],[69.4773,41.5731],[69.3938,41.545],[69.3808,41.5188],[69.4011,41.4852],[69.3907,41.4697]],[[66.8153,41.1419],[66.733,41.1581],[66.6882,41.1992],[66.5389,41.7408],[66.5041,41.9935],[66.4848,41.997]],[[66.4848,41.997],[66.4774,41.9962]],[[69.3907,41.4697],[69.3311,41.4779]],[[69.3311,41.4779],[69.2629,41.4546]],[[69.2629,41.4546],[69.2333,41.4626]],[[69.2333,41.4626],[69.1627,41.4341],[69.1281,41.3951]],[[69.1281,41.3951],[69.1095,41.4007]],[[69.1095,41.4007],[69.0316,41.367],[69.0548,41.3154],[69.0312,41.2088],[68.9438,41.1649],[68.8802,41.1555],[68.8424,41.1101],[68.7738,41.0873],[68.7463,41.0638],[68.7095,40.9838],[68.6001,40.9301],[68.5892,40.9066]],[[68.0344,41.0427],[68.0031,41.1156],[67.9374,41.2004]],[[67.9374,41.2004],[67.8349,41.1569]],[[67.8349,41.1569],[67.7481,41.1841]],[[67.7481,41.1841],[66.8153,41.1419]],[[68.4617,40.5847],[68.2261,40.6789],[68.0675,40.788],[67.9909,40.8111],[68.0547,40.8472],[68.096,40.899],[68.1206,40.9653],[68.1209,40.9938],[68.0997,41.0136],[68.1313,41.0296],[68.1189,41.034],[68.1174,41.0667]],[[68.1174,41.0667],[68.096,41.0651],[68.0821,41.0427]],[[68.0821,41.0427],[68.0591,41.0548]],[[68.0591,41.0548],[68.0344,41.0427]],[[68.5892,40.9066],[68.5709,40.9135]],[[68.5709,40.9135],[68.5719,40.8705],[68.5497,40.835],[68.5598,40.7513],[68.5746,40.7245],[68.6094,40.7158],[68.6274,40.6671],[68.6011,40.63],[68.6204,40.6222],[68.6142,40.6091],[68.593,40.5995]],[[68.593,40.5995],[68.5148,40.6191]],[[68.5148,40.6191],[68.4924,40.5986]],[[68.4924,40.5986],[68.4773,40.5992]],[[68.4773,40.5992],[68.4617,40.5847]]]}},{"type":"Feature","properties":{"featurecla":"International boundary (verify)","adm0_a3_l":"UZB","adm0_a3_r":"TKM"},"geometry":{"type":"MultiLineString","coordinates":[[[58.5879,42.7912],[58.8944,42.5478],[59.0092,42.5185]],[[58.4932,42.6455],[58.5345,42.6545],[58.5557,42.6836],[58.5694,42.7685],[58.5879,42.7912]],[[58.2583,42.6895],[58.4932,42.6455]],[[58.4139,42.2848],[58.4941,42.3057],[58.3062,42.5287],[58.127,42.605],[58.1306,42.6388],[58.2583,42.6895]],[[59.122,42.538],[59.2238,42.4609],[59.2584,42.3475],[59.3616,42.3258],[59.4265,42.2868],[59.4782,42.2856]],[[59.0092,42.5185],[59.122,42.538]],[[58.0382,42.5028],[58.0799,42.4973],[58.1332,42.4546]],[[57.8092,42.1764],[57.8505,42.1914],[57.8273,42.2274],[57.8881,42.2616],[57.9288,42.3309],[57.9357,42.3698],[57.9086,42.4304],[57.9977,42.4934],[58.0382,42.5028]],[[58.2038,42.4695],[58.3589,42.4134],[58.3949,42.3522],[58.3858,42.3013],[58.4139,42.2848]],[[58.1332,42.4546],[58.2038,42.4695]],[[59.6895,42.3098],[59.7763,42.304]],[[59.4782,42.2856],[59.6895,42.3098]],[[59.821,42.308],[59.8664,42.3042],[59.9257,42.2463],[60.0404,42.1865],[60.037,42.1697],[59.9837,42.1456],[59.9745,42.0992],[59.9972,42.0106],[59.9373,41.9934]],[[59.7763,42.304],[59.821,42.308]],[[57.7409,42.1787],[57.8092,42.1764]],[[57.6198,42.1482],[57.7409,42.1787]],[[57.4783,42.1665],[57.6198,42.1482]],[[57.0102,41.2541],[57.0801,41.322],[57.1614,41.368],[57.0742,41.395],[57.0196,41.4659],[57.0121,41.5578],[56.9605,41.6472],[56.972,41.7485],[56.9501,41.8661],[56.9784,41.8951],[57.1155,41.9521],[57.2078,42.0706],[57.2882,42.1294],[57.3823,42.1636],[57.4783,42.1665]],[[59.9373,41.9934],[59.9369,41.9935]],[[59.9369,41.9935],[59.9065,41.9666],[59.9318,41.9476]],[[59.9837,41.949],[60.0888,41.9194],[60.1675,41.8496],[60.2289,41.8196],[60.2527,41.7801],[60.2254,41.7655]],[[59.9318,41.9476],[59.9837,41.949]],[[60.2254,41.7655],[60.1337,41.7973]],[[60.1337,41.7973],[60.0749,41.781],[60.0492,41.7535],[60.0583,41.7186],[60.1647,41.585],[60.0796,41.5315],[60.0661,41.4105],[60.2999,41.3098],[60.4145,41.2353],[60.4781,41.2121]],[[55.9784,41.3217],[56.7935,41.2883],[57.0102,41.2541]],[[61.4332,41.3003],[61.6544,41.2494],[61.8974,41.1088],[61.9793,40.9988],[61.9827,40.8857],[62.0368,40.7363],[62.1001,40.6604],[62.1342,40.5778],[62.1918,40.499],[62.3533,40.4304],[62.4051,40.2452],[62.4358,40.1942],[62.4216,40.1151],[62.442,40.036],[62.5246,39.9397],[63.4776,39.4029],[63.7093,39.1909],[64.1206,38.9617],[64.1801,38.9451]],[[61.2432,41.1563],[61.3159,41.1705],[61.3875,41.2358],[61.4108,41.292],[61.4332,41.3003]],[[60.8603,41.253],[60.9303,41.2402],[60.978,41.2028]],[[60.4781,41.2121],[60.6589,41.2438],[60.8603,41.253]],[[61.0103,41.2372],[61.0228,41.2169]],[[60.978,41.2028],[61.0103,41.2372]],[[61.0819,41.2245],[61.2432,41.1563]],[[61.0228,41.2169],[61.0819,41.2245]],[[64.3136,38.9825],[64.4243,38.883],[64.6349,38.7441],[64.9777,38.6123],[65.2053,38.4496],[65.6041,38.2374],[65.6716,38.2197]],[[64.1801,38.9451],[64.3136,38.9825]],[[65.8429,38.2753],[66.0435,38.2262],[66.1336,38.1753],[66.2311,38.1488],[66.3069,38.0804],[66.4083,38.0428],[66.5542,38.0269],[66.6243,37.9938],[66.6458,37.9459],[66.5188,37.7827],[66.5191,37.6252],[66.4935,37.5222],[66.5466,37.4508],[66.497,37.3977],[66.4948,37.3794],[66.5196,37.3642]],[[65.6716,38.2197],[65.7402,38.2241],[65.8429,38.2753]]]}},{"type":"Feature","properties":{"featurecla":"International boundary (verify)","adm0_a3_l":"IRN","adm0_a3_r":"TKM"},"geometry":{"type":"MultiLineString","coordinates":[[[57.4963,37.9223],[57.3524,37.9675],[57.3271,37.9941],[57.3443,38.0811],[57.2183,38.2651],[57.1749,38.2776]],[[57.1749,38.2776],[57.0384,38.1873]],[[57.0384,38.1873],[56.8124,38.229],[56.7294,38.2711]],[[56.7294,38.2711],[56.5852,38.2346]],[[56.5852,38.2346],[56.5282,38.2574]],[[56.5282,38.2574],[56.4365,38.2551],[56.3664,38.2255],[56.2971,38.1658],[56.329,38.1238],[56.3155,38.0895],[56.2141,38.0688]],[[55.9784,38.0659],[55.7087,38.1187]],[[55.7087,38.1187],[55.4474,38.0837],[55.3075,38.0088],[55.2288,37.9858],[55.2197,37.97],[55.1303,37.9523],[55.0068,37.8431],[54.8267,37.7353],[54.7873,37.6519],[54.8094,37.6033],[54.7837,37.5175],[54.654,37.4389],[54.6169,37.433]],[[56.2141,38.0688],[56.1215,38.0865]],[[56.1215,38.0865],[55.9784,38.0659]],[[57.6123,37.9166],[57.5446,37.93]],[[57.5446,37.93],[57.4963,37.9223]],[[57.7384,37.898],[57.6761,37.9205]],[[57.6761,37.9205],[57.6123,37.9166]],[[57.8,37.8676],[57.7547,37.901]],[[57.7547,37.901],[57.7384,37.898]],[[58.3718,37.6304],[58.2068,37.6787],[58.1735,37.7816],[58.0409,37.8057],[57.8495,37.8727]],[[57.8495,37.8727],[57.8,37.8676]],[[58.6817,37.6427],[58.6159,37.6595],[58.5493,37.7016]],[[58.5493,37.7016],[58.5143,37.6915],[58.4797,37.6441],[58.3718,37.6304]],[[59.2331,37.5147],[59.0346,37.6245],[58.8011,37.6947]],[[58.8011,37.6947],[58.7798,37.6596],[58.759,37.6562]],[[58.759,37.6562],[58.7377,37.6594]],[[58.7377,37.6594],[58.6817,37.6427]],[[59.5095,37.1898],[59.4617,37.2076],[59.4694,37.2407],[59.3704,37.3194],[59.3483,37.4093],[59.362,37.4392],[59.3517,37.4938],[59.2892,37.5352]],[[59.2892,37.5352],[59.2331,37.5147]],[[54.6169,37.433],[54.556,37.4436]],[[54.556,37.4436],[54.3642,37.3627],[54.3064,37.3532]],[[54.3064,37.3532],[54.2833,37.3557]],[[54.2833,37.3557],[54.1866,37.3237]],[[54.1866,37.3237],[53.9137,37.3428]],[[59.605,37.1239],[59.5727,37.1834],[59.5412,37.1998]],[[59.5412,37.1998],[59.5095,37.1898]],[[60.3423,36.6371],[60.3092,36.652],[60.2385,36.7697],[60.1326,36.8734],[60.0192,37.0258],[59.8995,37.0506],[59.7972,37.1122],[59.6426,37.1502]],[[59.6426,37.1502],[59.605,37.1239]],[[61.2697,35.6185],[61.2317,35.6719],[61.2563,35.7695],[61.241,35.8939],[61.1883,35.9536],[61.1298,35.9705],[61.174,36.0065],[61.174,36.048],[61.1982,36.0608],[61.2247,36.1237],[61.1854,36.284],[61.1535,36.3149],[61.1467,36.3573],[61.186,36.5777],[61.1658,36.6363],[61.0755,36.6478]],[[61.0755,36.6478],[60.3423,36.6371]]]}},{"type":"Feature","properties":{"featurecla":"International boundary (verify)","adm0_a3_l":"IRN","adm0_a3_r":"AFG"},"geometry":{"type":"MultiLineString","coordinates":[[[60.9358,34.6357],[60.958,34.6494],[60.9599,34.7232],[61.0096,34.761],[61.0348,34.8062],[61.0655,34.8147],[61.0748,34.9331],[61.1159,35.0599],[61.1473,35.1021],[61.1399,35.1397],[61.0964,35.1932],[61.1124,35.202],[61.1025,35.2567],[61.1227,35.2877],[61.1871,35.3004],[61.1951,35.3901],[61.29,35.5481],[61.2697,35.6185]],[[60.9228,34.6365],[60.9358,34.6357]],[[60.7339,33.5549],[60.6556,33.5599],[60.5748,33.5878],[60.5118,33.6384],[60.4869,33.7114],[60.528,33.8414],[60.4868,34.0943],[60.4928,34.139],[60.5524,34.2201],[60.6506,34.2854],[60.6437,34.3066],[60.8905,34.3189],[60.7794,34.4551],[60.6997,34.5164],[60.7393,34.548],[60.819,34.5599],[60.9228,34.6365]],[[60.8444,29.8582],[61.8023,30.8471],[61.8002,30.9614],[61.8263,31.0346],[61.7792,31.1811],[61.7427,31.2395],[61.7423,31.3209],[61.6869,31.3732],[60.8217,31.4947],[60.7926,31.6601],[60.8053,31.734],[60.7926,32.0113],[60.7749,32.0272],[60.8148,32.0879],[60.8303,32.2489],[60.5775,32.9943],[60.5615,33.1373],[60.757,33.3663],[60.8291,33.4163],[60.8322,33.4845],[60.9209,33.5141],[60.8796,33.5487],[60.8074,33.5582]],[[60.8074,33.5582],[60.7339,33.5549]]]}},{"type":"Feature","properties":{"featurecla":"International boundary (verify)","adm0_a3_l":"AFG","adm0_a3_r":"PAK"},"geometry":{"type":"MultiLineString","coordinates":[[[74.5214,36.9585],[74.5374,36.9622],[74.5424,37.0217]],[[74.457,37.0044],[74.5214,36.9585]],[[74.2117,36.8951],[74.394,36.994],[74.457,37.0044]],[[74.146,36.9017],[74.2117,36.8951]],[[74.0353,36.8156],[74.0943,36.8312],[74.1153,36.8895],[74.146,36.9017]],[[73.6401,36.8966],[73.8341,36.8829],[73.9469,36.8309],[74.0353,36.8156]],[[73.5093,36.8787],[73.6401,36.8966]],[[73.4459,36.8865],[73.5093,36.8787]],[[73.3797,36.8792],[73.4459,36.8865]],[[73.3318,36.8821],[73.3797,36.8792]],[[73.2675,36.8665],[73.3318,36.8821]],[[73.1918,36.877],[73.2675,36.8665]],[[72.9905,36.8416],[73.0425,36.8643],[73.1918,36.877]],[[72.9459,36.8522],[72.9905,36.8416]],[[72.7794,36.8268],[72.9459,36.8522]],[[72.6959,36.8367],[72.7794,36.8268]],[[72.4331,36.7534],[72.5652,36.8206],[72.6959,36.8367]],[[72.3873,36.7558],[72.4331,36.7534]],[[71.751,36.3911],[71.7944,36.4076],[71.7732,36.48],[71.8747,36.4991],[71.977,36.563],[72.0388,36.5805],[72.0591,36.6271],[72.1716,36.6536],[72.1535,36.7021],[72.2136,36.7264],[72.3873,36.7558]],[[71.6291,36.4595],[71.751,36.3911]],[[71.0475,34.5511],[71.0766,34.5785],[71.0688,34.6459],[71.0806,34.6729],[71.2031,34.7482],[71.2895,34.875],[71.4696,34.9497],[71.5113,35.0087],[71.5089,35.072],[71.6041,35.1382],[71.6379,35.1897],[71.5298,35.3009],[71.5316,35.3279],[71.6111,35.3955],[71.6224,35.4296],[71.5878,35.4709],[71.5842,35.5642],[71.5128,35.5963],[71.4833,35.6266],[71.5198,35.6838],[71.4756,35.741],[71.4644,35.7947],[71.4167,35.8588],[71.3713,35.8851],[71.3416,35.9473],[71.2574,35.9716],[71.1709,36.027],[71.1659,36.0457],[71.2231,36.1254],[71.3021,36.1633],[71.3191,36.2006],[71.3824,36.2186],[71.4791,36.3005],[71.5584,36.3279],[71.5472,36.3716],[71.6007,36.4493],[71.6291,36.4595]],[[71.007,34.5563],[71.0475,34.5511]],[[70.9397,34.0009],[71.0626,34.0543],[71.0628,34.1053],[71.1081,34.1652],[71.0971,34.2625],[71.1264,34.3322],[71.122,34.3568],[71.0198,34.4144],[70.9612,34.4876],[70.9687,34.5497],[71.007,34.5563]],[[69.9691,34.0457],[70.3282,33.9573],[70.522,33.9387]],[[70.0656,33.721],[69.9575,33.7527],[69.8854,33.8895],[69.8411,33.9418],[69.872,33.9715],[69.8726,34.0172],[69.8893,34.0312],[69.9691,34.0457]],[[70.8943,34.0094],[70.9397,34.0009]],[[70.7913,33.9536],[70.8622,33.9648],[70.8943,34.0094]],[[70.6562,33.9548],[70.7913,33.9536]],[[70.522,33.9387],[70.6562,33.9548]],[[70.1054,33.1898],[70.2944,33.3189],[70.3016,33.3518],[70.2204,33.456],[70.1638,33.4887],[70.1514,33.5259],[70.1741,33.6321],[70.1325,33.6614],[70.1082,33.7273]],[[70.1082,33.7273],[70.0656,33.721]],[[70.0598,33.1981],[70.1054,33.1898]],[[69.9947,33.1273],[70.0598,33.1981]],[[69.9657,33.1294],[69.9947,33.1273]],[[69.8387,33.0867],[69.8809,33.0892],[69.9657,33.1294]],[[69.7718,33.1148],[69.8387,33.0867]],[[69.6678,33.077],[69.7718,33.1148]],[[69.6407,33.0842],[69.6678,33.077]],[[69.6083,33.0791],[69.6407,33.0842]],[[69.5878,33.0795],[69.6083,33.0791]],[[68.9773,31.6415],[69.1001,31.724],[69.2238,31.8819],[69.3048,31.9469],[69.251,32.1306],[69.2681,32.3013],[69.228,32.4213],[69.2329,32.4627],[69.282,32.5328],[69.3612,32.5685],[69.426,32.6551],[69.4147,32.7256],[69.3832,32.7445],[69.3763,32.7719],[69.4773,32.8568],[69.4872,32.8859],[69.4685,32.9943],[69.4877,33.0284],[69.5475,33.075],[69.5878,33.0795]],[[68.1591,31.8259],[68.2769,31.7636]],[[67.9147,31.6314],[67.9552,31.6332],[68.0466,31.6884],[68.1257,31.8115],[68.1591,31.8259]],[[68.5275,31.823],[68.6883,31.7686],[68.7054,31.7013],[68.8038,31.6026]],[[68.4614,31.7636],[68.4187,31.783],[68.5275,31.823]],[[68.3165,31.7652],[68.498,31.7252]],[[68.2769,31.7636],[68.3165,31.7652]],[[68.498,31.7252],[68.5498,31.7535],[68.5213,31.7648]],[[68.5213,31.7648],[68.4614,31.7636]],[[68.941,31.6437],[68.9773,31.6415]],[[68.8038,31.6026],[68.941,31.6437]],[[67.8843,31.6356],[67.9147,31.6314]],[[67.6655,31.5181],[67.7267,31.5314],[67.8427,31.6235],[67.8843,31.6356]],[[67.6005,31.5305],[67.6655,31.5181]],[[67.6511,31.3953],[67.597,31.4257],[67.5911,31.4648],[67.5561,31.5122],[67.569,31.5299],[67.6005,31.5305]],[[67.7494,31.328],[67.7751,31.3528],[67.7704,31.3947],[67.7343,31.4048]],[[67.7343,31.4048],[67.6511,31.3953]],[[67.709,31.3293],[67.7494,31.328]],[[67.3462,31.2078],[67.6022,31.2711],[67.709,31.3293]],[[67.0021,31.3159],[67.0239,31.2953],[67.0153,31.2447],[67.0785,31.232]],[[65.0364,29.5402],[66.1956,29.8353],[66.2752,29.8852],[66.3405,29.9566],[66.2193,30.0579],[66.3053,30.2448],[66.3218,30.4374],[66.3138,30.4783],[66.2649,30.5578],[66.268,30.6014],[66.3663,30.9229],[66.3923,30.9446],[66.55,30.977],[66.6631,31.0831],[66.697,31.1958],[66.7595,31.2148],[66.8385,31.277],[66.9059,31.3055],[67.0021,31.3159]],[[67.1368,31.2411],[67.2303,31.2106]],[[67.0785,31.232],[67.1368,31.2411]],[[67.2822,31.2128],[67.3462,31.2078]],[[67.2303,31.2106],[67.2822,31.2128]],[[60.8444,29.8582],[62.3745,29.4249],[62.4775,29.4078]],[[64.4777,29.5704],[64.8203,29.5679],[65.0364,29.5402]],[[64.0861,29.3866],[64.1134,29.3963],[64.1726,29.4843],[64.4777,29.5704]],[[63.5686,29.4975],[63.972,29.4296],[64.0861,29.3866]],[[62.4775,29.4078],[63.5686,29.4975]]]}},{"type":"Feature","properties":{"featurecla":"International boundary (verify)","adm0_a3_l":"IRN","adm0_a3_r":"PAK"},"geometry":{"type":"MultiLineString","coordinates":[[[62.5756,28.229],[62.4923,28.3007],[62.4643,28.3498],[62.3628,28.4189],[62.0491,28.4863],[61.8928,28.5426],[61.653,28.7563],[61.5665,28.871],[61.5109,29.0074],[61.4703,29.0359],[61.4878,29.0807],[61.4609,29.0939],[61.4377,29.1396],[61.3979,29.1591],[61.387,29.2066],[61.3423,29.2545],[61.3374,29.3744],[61.2792,29.4066],[60.8444,29.8582]],[[62.8006,27.2252],[62.7424,27.2668],[62.7681,27.2744],[62.7788,27.2998],[62.756,27.3481],[62.8147,27.495],[62.7803,27.8297],[62.7357,27.995],[62.7664,28.2115],[62.7615,28.2464],[62.7393,28.2583]],[[62.7393,28.2583],[62.5756,28.229]],[[63.3196,27.1173],[63.2606,27.2138],[63.167,27.2587]],[[63.167,27.2587],[63.0994,27.2428]],[[63.0994,27.2428],[63.0827,27.2444]],[[63.0827,27.2444],[62.8924,27.2135]],[[62.8924,27.2135],[62.8293,27.2336]],[[62.8293,27.2336],[62.8006,27.2252]],[[63.3024,27.1234],[63.3196,27.1173]],[[63.1413,26.6254],[63.1638,26.6451],[63.1743,26.685],[63.1896,26.846],[63.2616,26.8717],[63.235,26.9411],[63.2314,27.0658],[63.2609,27.1156],[63.3024,27.1234]],[[62.7536,26.6442],[63.0689,26.6325]],[[62.671,26.5977],[62.718,26.6105],[62.7536,26.6442]],[[63.098,26.6384],[63.1413,26.6254]],[[63.0689,26.6325],[63.098,26.6384]],[[62.6406,26.6051],[62.671,26.5977]],[[62.3864,26.5366],[62.4185,26.5623],[62.5953,26.5807],[62.6406,26.6051]],[[62.3653,26.5375],[62.3864,26.5366]],[[62.2434,26.3506],[62.2651,26.361],[62.249,26.4165],[62.2979,26.474],[62.292,26.5012],[62.3653,26.5375]],[[62.1238,26.374],[62.2434,26.3506]],[[61.7219,25.7997],[61.7601,25.8376],[61.8099,26.1674],[61.8329,26.2254],[62.0942,26.3148],[62.1238,26.374]],[[61.7026,25.8001],[61.7219,25.7997]],[[61.5882,25.2021],[61.62,25.2855],[61.6432,25.6133],[61.6735,25.6583],[61.6603,25.7692],[61.7026,25.8001]]]}},{"type":"Feature","properties":{"featurecla":"International boundary (verify)","adm0_a3_l":"RUS","adm0_a3_r":"KAZ"},"geometry":{"type":"MultiLineString","coordinates":[[[68.9432,55.4346],[69.1226,55.3979],[69.1861,55.3258]],[[68.9456,55.2704],[68.9809,55.2915],[68.9773,55.3467],[68.9178,55.3709],[68.9024,55.4125],[68.9432,55.4346]],[[69.3346,55.3851],[69.4773,55.3494],[69.6739,55.334],[69.8023,55.2921],[69.9403,55.2002],[70.0586,55.187],[70.2137,55.132]],[[69.1861,55.3258],[69.3346,55.3851]],[[68.7006,55.3605],[68.846,55.3368],[68.9456,55.2704]],[[68.5936,55.1936],[68.6158,55.2055],[68.6137,55.2431],[68.6764,55.2732],[68.7006,55.3605]],[[70.7212,55.3131],[70.8204,55.2941],[70.7889,55.2655],[70.7932,55.2332],[70.9601,55.1056],[70.9771,55.078],[70.957,54.9735],[70.9745,54.9469],[70.9459,54.8879],[70.99,54.8486],[71.006,54.7742],[71.1369,54.727]],[[70.5389,55.2692],[70.7212,55.3131]],[[70.4601,55.2874],[70.5389,55.2692]],[[70.2137,55.132],[70.2846,55.1832],[70.3825,55.2062],[70.4,55.2459],[70.4601,55.2874]],[[68.5672,55.1976],[68.5936,55.1936]],[[68.4773,55.1828],[68.5672,55.1976]],[[68.3768,55.1951],[68.4773,55.1828]],[[68.3058,55.1814],[68.3768,55.1951]],[[68.2624,55.194],[68.3058,55.1814]],[[68.0097,54.943],[68.1661,54.9561],[68.2348,55.0385],[68.3042,55.0526],[68.3082,55.0728],[68.1905,55.1254],[68.207,55.1542],[68.1771,55.1705],[68.2624,55.194]],[[67.8822,54.9704],[68.0097,54.943]],[[67.6227,54.8539],[67.6985,54.8679],[67.8173,54.9522],[67.8822,54.9704]],[[67.3113,54.8599],[67.3779,54.8491]],[[67.174,54.7914],[67.2133,54.7972],[67.3113,54.8599]],[[67.443,54.857],[67.6227,54.8539]],[[67.3779,54.8491],[67.443,54.857]],[[67.0985,54.792],[67.174,54.7914]],[[66.6377,54.7137],[66.7003,54.7192],[66.7818,54.7582],[66.9773,54.7637],[67.0985,54.792]],[[71.1803,54.7274],[71.2528,54.6824],[71.2649,54.6392],[71.1476,54.5914],[71.1452,54.4806],[71.171,54.451],[71.1687,54.4109],[71.1981,54.3917],[71.1906,54.3182],[71.1344,54.3116]],[[71.1369,54.727],[71.1803,54.7274]],[[66.5099,54.7167],[66.6377,54.7137]],[[65.9775,54.6117],[66.5099,54.7167]],[[65.9328,54.7026],[65.9519,54.6937],[65.9607,54.628],[65.9775,54.6117]],[[65.713,54.5972],[65.7703,54.6174],[65.827,54.6727],[65.9328,54.7026]],[[65.4774,54.6327],[65.713,54.5972]],[[65.4275,54.5528],[65.449,54.5566],[65.4562,54.5779],[65.4498,54.6275],[65.4774,54.6327]],[[65.3704,54.5625],[65.4275,54.5528]],[[65.1738,54.3102],[65.2129,54.343],[65.1813,54.4491],[65.2023,54.4725],[65.1982,54.5162],[65.3704,54.5625]],[[76.8723,54.4647],[76.9105,54.4546],[76.9036,54.4326],[76.8047,54.4101],[76.753,54.3767],[76.8342,54.3457],[76.8377,54.2969],[76.7625,54.2026],[76.6646,54.1341]],[[76.7572,54.4371],[76.8723,54.4647]],[[76.7013,54.4402],[76.7572,54.4371]],[[76.6078,54.3546],[76.6409,54.3665],[76.6518,54.4223],[76.7013,54.4402]],[[64.9106,54.4027],[64.9777,54.3866],[65.1002,54.3055]],[[64.7202,54.3338],[64.9106,54.4027]],[[64.5785,54.3856],[64.6527,54.3471],[64.7202,54.3338]],[[64.5114,54.3651],[64.5785,54.3856]],[[72.0432,54.378],[72.1518,54.3683],[72.2219,54.3332],[72.2787,54.2627],[72.3244,54.2535],[72.3371,54.2365],[72.2986,54.1784],[72.4829,54.1356],[72.4542,54.1071]],[[72.1289,54.1261],[72.1776,54.136],[72.1874,54.1794],[72.17,54.1968],[72.0667,54.2224],[72.0721,54.2627],[72.103,54.3116],[72.0271,54.3553],[72.0247,54.3709],[72.0432,54.378]],[[64.4671,54.372],[64.5114,54.3651]],[[64.3338,54.3446],[64.4325,54.3515],[64.4671,54.372]],[[76.5772,54.3568],[76.6078,54.3546]],[[76.4331,54.3166],[76.5772,54.3568]],[[64.294,54.3534],[64.3338,54.3446]],[[64.152,54.3174],[64.294,54.3534]],[[76.2342,54.3474],[76.4331,54.3166]],[[75.6032,54.0945],[76.1838,54.2516],[76.1771,54.3068],[76.2342,54.3474]],[[71.1344,54.3116],[71.0034,54.3331]],[[71.0034,54.3331],[70.9708,54.305],[70.9771,54.2701],[71.0521,54.2632],[71.044,54.1859],[71.0974,54.1651],[71.1613,54.102],[71.1823,54.1016]],[[64.1081,54.3247],[64.152,54.3174]],[[64.0481,54.3027],[64.1081,54.3247]],[[64.0045,54.3197],[64.0481,54.3027]],[[63.8975,54.1942],[64.0079,54.2287],[64.0254,54.2552],[63.979,54.2965],[64.0045,54.3197]],[[65.1437,54.3176],[65.1738,54.3102]],[[65.1002,54.3055],[65.1437,54.3176]],[[63.7086,54.2504],[63.8975,54.1942]],[[63.3316,54.1627],[63.7086,54.2504]],[[71.7625,54.2476],[72.0025,54.2256],[72.077,54.1483],[72.1289,54.1261]],[[71.6324,54.1071],[71.7087,54.1322],[71.7154,54.2107],[71.7625,54.2476]],[[71.3206,54.201],[71.413,54.1844]],[[71.1823,54.1016],[71.3206,54.201]],[[71.4435,54.1851],[71.4683,54.1584],[71.4771,54.1097]],[[71.413,54.1844],[71.4435,54.1851]],[[63.1567,54.1801],[63.3316,54.1627]],[[63.0847,54.0856],[63.1274,54.1104],[63.11,54.158],[63.1567,54.1801]],[[76.6646,54.1341],[76.4126,54.1657]],[[76.4126,54.1657],[76.3744,54.1478],[76.4765,54.042],[76.5257,53.9613],[77.6128,53.4428],[77.8668,53.2723],[78.4765,52.6379],[79.0428,51.9925]],[[72.6242,54.135],[72.8855,54.1173]],[[72.5094,54.0436],[72.5274,54.1001],[72.5731,54.1287],[72.6242,54.135]],[[71.5735,54.1292],[71.6324,54.1071]],[[71.4771,54.1097],[71.5735,54.1292]],[[72.942,54.1218],[72.9684,54.1041],[72.9768,54.0477],[73.0237,54.034],[73.0628,53.9791],[73.3603,53.9384]],[[72.8855,54.1173],[72.942,54.1218]],[[72.4542,54.1071],[72.4397,54.1089]],[[72.4397,54.1089],[72.4079,54.0896]],[[75.4998,54.1023],[75.6032,54.0945]],[[75.0008,53.8065],[75.434,53.9865],[75.3607,54.0595],[75.4998,54.1023]],[[72.4079,54.0896],[72.3682,54.0963]],[[72.3682,54.0963],[72.3636,54.0595],[72.4187,54.016],[72.373,53.9201],[72.4234,53.9035]],[[62.8121,54.095],[62.9024,54.0785]],[[62.5253,53.8719],[62.5451,53.8837],[62.5318,53.9304],[62.5865,53.9698],[62.5506,54.0268],[62.581,54.0536],[62.8121,54.095]],[[62.9855,54.0929],[63.0847,54.0856]],[[62.9024,54.0785],[62.9855,54.0929]],[[73.6543,54.0785],[73.6849,54.0484]],[[73.4816,53.9454],[73.518,53.956],[73.5283,54.0107],[73.6044,54.0347],[73.5885,54.0662],[73.6543,54.0785]],[[61.3377,54.0632],[61.4177,54.056],[61.4786,54.0029],[61.5528,53.9925],[61.5562,53.9609],[61.5818,53.9477]],[[61.1929,53.9071],[61.2108,53.9077],[61.2305,53.9431],[61.1935,54.0183],[61.2498,54.0207],[61.3377,54.0632]],[[73.7406,54.0579],[73.6971,53.9008],[73.6829,53.8741],[73.6343,53.8574]],[[73.6849,54.0484],[73.7406,54.0579]],[[72.6737,53.9505],[72.7002,53.9576],[72.6756,54.0217],[72.6318,54.0539],[72.5971,54.0546]],[[72.5971,54.0546],[72.5094,54.0436]],[[62.4127,54.0266],[62.4461,54.0145],[62.444,53.9923],[62.3996,53.9745],[62.39,53.9416],[62.5253,53.8719]],[[62.0036,53.932],[62.0026,54.0174],[62.4127,54.0266]],[[61.7913,54.0008],[61.8205,53.9926],[61.8362,53.9511],[61.8564,53.9427],[62.0036,53.932]],[[61.7421,53.9816],[61.7913,54.0008]],[[61.7153,53.9926],[61.7421,53.9816]],[[61.5818,53.9477],[61.6111,53.9595],[61.6199,53.9926],[61.7153,53.9926]],[[72.5568,53.9772],[72.6737,53.9505]],[[72.4234,53.9035],[72.4767,53.9134],[72.5568,53.9772]],[[73.3928,53.974],[73.4816,53.9454]],[[73.3603,53.9384],[73.3928,53.974]],[[61.0964,53.9562],[61.1452,53.9501],[61.1929,53.9071]],[[61.0076,53.6357],[61.0427,53.6542],[61.0522,53.7033],[61.1069,53.7124],[61.1275,53.7472],[61.1991,53.7971],[61.202,53.8196],[61.085,53.8753],[60.978,53.8826],[60.9718,53.9158],[60.9961,53.9414],[61.0964,53.9562]],[[73.6343,53.8574],[73.4853,53.8749]],[[73.4853,53.8749],[73.411,53.8503],[73.3912,53.8282],[73.4378,53.8085],[73.3474,53.7876],[73.3312,53.7752],[73.3066,53.6857],[73.2448,53.6748],[73.2204,53.6431],[73.2588,53.6063],[73.2306,53.5723],[73.3912,53.5202],[73.3472,53.4594],[73.411,53.43]],[[74.8062,53.8377],[74.9239,53.831],[75.0008,53.8065]],[[74.6165,53.6807],[74.6545,53.7484],[74.7253,53.7591],[74.7622,53.8226],[74.8062,53.8377]],[[74.4535,53.685],[74.6165,53.6807]],[[74.3884,53.4622],[74.4569,53.5698],[74.4208,53.6031],[74.4297,53.6536],[74.4535,53.685]],[[60.9047,53.6571],[61.0076,53.6357]],[[61.2807,53.5424],[61.1404,53.5627],[61.0964,53.5992],[60.9073,53.6136],[60.8802,53.6328],[60.9047,53.6571]],[[73.9367,53.6395],[74.058,53.6246],[74.0628,53.5732],[74.1077,53.5651]],[[73.7878,53.5951],[73.8727,53.6321],[73.9367,53.6395]],[[73.6598,53.6116],[73.7878,53.5951]],[[73.6319,53.5609],[73.6598,53.6116]],[[74.148,53.598],[74.2233,53.5946],[74.2505,53.5568],[74.2703,53.5532],[74.2696,53.5152],[74.3061,53.4924]],[[74.1077,53.5651],[74.148,53.598]],[[61.4123,53.4358],[61.5553,53.5057],[61.5284,53.5717],[61.503,53.589]],[[61.503,53.589],[61.3612,53.5826],[61.3161,53.5452],[61.2807,53.5424]],[[73.6079,53.5633],[73.6319,53.5609]],[[73.411,53.43],[73.5465,53.5069],[73.576,53.5532],[73.6079,53.5633]],[[61.2611,53.5067],[61.3071,53.4927],[61.3816,53.4361],[61.4123,53.4358]],[[61.2495,53.2697],[61.1627,53.2992],[61.1337,53.3481],[61.1372,53.3731],[61.2098,53.4498],[61.2182,53.4927],[61.2611,53.5067]],[[74.3062,53.4924],[74.3884,53.4622]],[[74.3061,53.4924],[74.3062,53.4924]],[[61.5143,53.2087],[61.3448,53.2701]],[[61.3448,53.2701],[61.2495,53.2697]],[[61.9592,52.9349],[62.0348,52.9527],[62.0942,52.9925],[62.116,53.0646],[62.0832,53.1133],[61.7642,53.1695],[61.6431,53.2433]],[[61.6431,53.2433],[61.5143,53.2087]],[[61.4483,53.0214],[61.6056,52.9483]],[[61.3185,52.9825],[61.4483,53.0214]],[[61.1903,53.0131],[61.3185,52.9825]],[[60.7416,52.6254],[60.7117,52.6322],[60.6726,52.6722],[60.6962,52.7349],[60.8291,52.7716],[60.8849,52.8253],[61.0584,52.9222],[60.9746,52.9712],[61.0886,52.9781],[61.1903,53.0131]],[[61.8198,52.9782],[61.9592,52.9349]],[[61.7178,52.9699],[61.8198,52.9782]],[[61.6753,52.9736],[61.7178,52.9699]],[[61.6056,52.9483],[61.6753,52.9736]],[[60.6181,52.1429],[60.6722,52.1443],[60.7812,52.2206],[60.8967,52.2547],[61.0399,52.335],[60.9614,52.402],[60.9365,52.4886],[60.8149,52.5219],[60.8135,52.6055],[60.7931,52.6288]],[[60.7931,52.6288],[60.7416,52.6254]],[[60.5065,52.1516],[60.6181,52.1429]],[[60.0923,51.8548],[60.0401,51.8712],[59.9946,51.9363],[59.9873,51.9688],[60.0032,51.9926],[60.2028,51.9927],[60.3477,52.0896],[60.5065,52.1516]],[[79.043,51.9925],[79.4698,51.4926],[79.9665,50.8102],[80.0213,50.7669],[80.086,50.7521]],[[79.0428,51.9925],[79.043,51.9925]],[[61.0485,51.4789],[60.959,51.5249],[60.9344,51.5658],[60.9374,51.6112],[60.5151,51.6179],[60.4847,51.651],[60.3551,51.6714],[60.356,51.6923],[60.4374,51.7284],[60.4402,51.7539],[60.4797,51.7843],[60.4521,51.8055],[60.2745,51.8328],[60.1381,51.8889]],[[60.1381,51.8889],[60.0923,51.8548]],[[52.3078,51.7745],[52.3349,51.7637],[52.3777,51.6601],[52.4445,51.5802],[52.4788,51.5049],[52.5537,51.458]],[[52.2302,51.7225],[52.2796,51.7353],[52.3078,51.7745]],[[50.767,51.7594],[50.8393,51.7455],[50.9254,51.6797],[51.1698,51.6695]],[[50.6965,51.5656],[50.7907,51.5973],[50.7945,51.626],[50.7474,51.709],[50.7442,51.7424],[50.767,51.7594]],[[52.1741,51.7252],[52.2302,51.7225]],[[52.0353,51.6524],[52.0918,51.6587],[52.1741,51.7252]],[[51.2339,51.6855],[51.2884,51.6429],[51.3719,51.6296],[51.3811,51.5871],[51.359,51.5615],[51.2365,51.5359],[51.3042,51.4716],[51.3795,51.4671]],[[51.1698,51.6695],[51.2339,51.6855]],[[51.8968,51.6797],[52.0353,51.6524]],[[51.6474,51.4512],[51.6933,51.4541],[51.7823,51.4929],[51.7647,51.5933],[51.8968,51.6797]],[[50.5817,51.6353],[50.6942,51.6112],[50.6587,51.5762],[50.6965,51.5656]],[[49.5397,51.1008],[49.7791,51.1022],[49.9869,51.2298],[50.2075,51.2659],[50.3254,51.3035],[50.3489,51.3226],[50.3376,51.372],[50.3762,51.397],[50.3596,51.4133],[50.4575,51.4269],[50.479,51.4537],[50.5272,51.4701],[50.5254,51.5656],[50.5757,51.5884],[50.5817,51.6353]],[[51.5843,51.5349],[51.6205,51.5187],[51.6244,51.481],[51.6474,51.4512]],[[51.3795,51.4671],[51.515,51.4927],[51.5598,51.5346],[51.5843,51.5349]],[[53.1658,51.5146],[53.2141,51.4948]],[[53.1572,51.487],[53.1486,51.5048],[53.1658,51.5146]],[[52.7798,51.5081],[52.8207,51.487]],[[52.6685,51.4551],[52.7798,51.5081]],[[53.3463,51.503],[53.3669,51.4936]],[[53.3074,51.4938],[53.3463,51.503]],[[53.2322,51.5007],[53.3074,51.4938]],[[53.2141,51.4948],[53.2322,51.5007]],[[53.3695,51.4939],[53.4073,51.4842],[53.4534,51.4419],[53.6103,51.3884],[53.6179,51.3721],[53.5744,51.3532],[53.5932,51.3391],[53.5941,51.2894],[53.6739,51.2199],[53.8577,51.1846]],[[53.3669,51.4936],[53.3695,51.4939]],[[52.8763,51.4901],[52.8965,51.4853],[52.8828,51.4671],[52.9443,51.4529]],[[52.8207,51.487],[52.8763,51.4901]],[[53.0371,51.4897],[53.1572,51.487]],[[52.9443,51.4529],[53.0371,51.4897]],[[61.164,51.4671],[61.0815,51.4802]],[[61.0815,51.4802],[61.0485,51.4789]],[[61.3049,51.4529],[61.233,51.4706]],[[61.233,51.4706],[61.164,51.4671]],[[52.5751,51.4671],[52.6685,51.4551]],[[52.5537,51.458],[52.5751,51.4671]],[[60.7185,50.6527],[61.3721,50.7825],[61.404,50.8026],[61.4418,50.875],[61.5342,51.2061],[61.5673,51.2339],[61.6637,51.2584],[61.563,51.2955],[61.4738,51.4258],[61.3562,51.4597]],[[61.3562,51.4597],[61.3049,51.4529]],[[80.6828,51.302],[80.8425,51.2575]],[[80.5613,51.2021],[80.5992,51.2086],[80.6324,51.278],[80.6828,51.302]],[[80.8825,51.2849],[80.9057,51.2836],[80.9361,51.2057],[81.0701,51.172]],[[80.8425,51.2575],[80.8825,51.2849]],[[80.4762,51.2096],[80.5613,51.2021]],[[80.3204,50.9141],[80.4029,50.9337],[80.4594,50.9927],[80.4611,51.059],[80.4105,51.1048],[80.4076,51.1357],[80.422,51.1876],[80.4762,51.2096]],[[81.1129,51.1959],[81.152,51.1865],[81.156,51.1574],[81.0515,50.9557],[81.1044,50.9367]],[[81.0701,51.172],[81.1129,51.1959]],[[53.909,51.1904],[53.9747,51.1665],[54.0176,51.1191],[54.1116,51.096],[54.1454,50.9927],[54.2758,50.9043],[54.4786,50.8535],[54.4853,50.8254],[54.4219,50.7687],[54.3798,50.6194],[54.4358,50.5475],[54.4994,50.5233]],[[53.8577,51.1846],[53.909,51.1904]],[[58.3084,51.15],[58.366,51.1089],[58.378,51.0707],[58.5205,51.0619],[58.595,51.0234],[58.5964,50.9625],[58.5465,50.9119],[58.56,50.8752],[58.5905,50.8611]],[[58.1676,51.0552],[58.1906,51.0655],[58.2238,51.1231],[58.3084,51.15]],[[57.7962,51.1233],[57.8577,51.1034]],[[57.6892,50.8967],[57.7224,50.9087],[57.7373,50.9382],[57.7344,51.0739],[57.7688,51.1197],[57.7962,51.1233]],[[49.4601,51.1162],[49.5397,51.1008]],[[48.7863,50.5906],[48.8304,50.596],[49.0127,50.6834],[49.1441,50.7817],[49.2837,50.8037],[49.4084,50.8483],[49.4237,50.8821],[49.3474,50.9643],[49.4106,51.0855],[49.4601,51.1162]],[[57.9123,51.1034],[57.9602,51.0775]],[[57.8577,51.1034],[57.9123,51.1034]],[[57.1545,51.1],[57.1812,51.0735],[57.1975,51.0174],[57.2729,50.9975],[57.3343,50.8974],[57.443,50.8578]],[[57.0252,51.0627],[57.1545,51.1]],[[58.0773,51.0979],[58.1137,51.0652],[58.1676,51.0552]],[[57.9602,51.0775],[58.0773,51.0979]],[[56.7601,51.0802],[56.8386,51.0514]],[[56.6884,50.9691],[56.7096,50.9816],[56.6803,51.0498],[56.7601,51.0802]],[[56.4783,51.073],[56.508,51.0663],[56.5966,50.984],[56.6884,50.9691]],[[56.2886,50.8803],[56.3357,50.8959],[56.365,50.9579],[56.432,50.9762],[56.4212,51.0335],[56.4783,51.073]],[[56.9411,51.0683],[57.0252,51.0627]],[[56.8386,51.0514],[56.9411,51.0683]],[[54.6622,51.0279],[54.8117,50.9724],[54.8943,50.9124],[55.0477,50.8842],[55.0632,50.8622],[55.0614,50.8227],[55.084,50.7969],[55.3478,50.6514]],[[54.4994,50.5233],[54.5914,50.5423],[54.6763,50.6025],[54.6391,50.707],[54.6502,50.7863],[54.6269,50.8116],[54.6518,50.8463],[54.6382,50.8857],[54.503,50.9283],[54.546,50.9533],[54.5253,50.9911],[54.5338,51.0032],[54.6622,51.0279]],[[83.3238,51.0024],[83.434,50.9927],[83.4983,50.9454],[83.6098,50.932],[83.7128,50.8822],[83.8004,50.8757],[83.9506,50.7804],[83.9497,50.7179],[83.9758,50.6864],[84.1017,50.6286],[84.1956,50.5114],[84.1768,50.4391],[84.2394,50.3446],[84.25,50.2599],[84.3044,50.2432],[84.3314,50.2135],[84.3688,50.2118]],[[83.1796,50.9873],[83.3238,51.0024]],[[83.1274,50.9952],[83.1796,50.9873]],[[82.9759,50.8819],[83.0579,50.9172],[83.1076,50.9927],[83.1274,50.9952]],[[81.2774,50.9627],[81.4008,50.9591],[81.4161,50.8897],[81.4661,50.8337],[81.4188,50.7625],[81.4602,50.7303]],[[81.1044,50.9367],[81.2774,50.9627]],[[57.5559,50.9188],[57.6892,50.8967]],[[57.443,50.8578],[57.4914,50.8669],[57.5559,50.9188]],[[80.2796,50.9172],[80.3204,50.9141]],[[80.1192,50.8149],[80.1545,50.8272],[80.1813,50.8757],[80.2796,50.9172]],[[56.1749,50.9087],[56.2886,50.8803]],[[55.66,50.53],[56.0789,50.7248],[56.1001,50.7479],[56.1475,50.8923],[56.1749,50.9087]],[[82.7645,50.9067],[82.9759,50.8819]],[[82.4758,50.714],[82.6728,50.7898],[82.698,50.811],[82.7,50.881],[82.7645,50.9067]],[[58.641,50.8634],[58.6467,50.8013],[58.6898,50.7884]],[[58.5905,50.8611],[58.641,50.8634]],[[60.0833,50.8572],[60.1362,50.8445],[60.1767,50.7422],[60.2454,50.702],[60.3004,50.6847],[60.7185,50.6527]],[[59.7255,50.5277],[59.7747,50.5337],[59.8157,50.5629],[59.9151,50.6738],[59.9202,50.7631],[59.9691,50.8374],[60.0833,50.8572]],[[80.0493,50.8523],[80.1192,50.8149]],[[80.086,50.7521],[80.0154,50.8395],[80.0493,50.8523]],[[58.7478,50.7951],[58.794,50.7377],[58.8868,50.6889],[59.1975,50.6627],[59.2908,50.6155]],[[58.6898,50.7884],[58.7478,50.7951]],[[81.7441,50.7849],[81.8224,50.7657]],[[81.4602,50.7303],[81.6741,50.736],[81.7441,50.7849]],[[81.895,50.7742],[81.9903,50.7596],[82.0731,50.7157],[82.1473,50.7016]],[[81.8224,50.7657],[81.895,50.7742]],[[82.3284,50.7521],[82.3625,50.7421]],[[82.2884,50.7374],[82.3284,50.7521]],[[82.4083,50.7484],[82.4758,50.714]],[[82.3625,50.7421],[82.4083,50.7484]],[[82.2557,50.7452],[82.2884,50.7374]],[[82.1473,50.7016],[82.1988,50.7088],[82.2557,50.7452]],[[55.4423,50.6617],[55.4911,50.6459],[55.5243,50.6007],[55.5704,50.5883],[55.66,50.53]],[[55.3478,50.6514],[55.4423,50.6617]],[[48.584,50.6496],[48.7863,50.5906]],[[48.4299,49.8097],[48.4791,49.8432],[48.7846,49.9334],[48.8857,50.0199],[48.8655,50.0862],[48.7828,50.1115],[48.789,50.173],[48.7013,50.3346],[48.6744,50.4785],[48.6734,50.5795],[48.6485,50.6016],[48.5729,50.6169],[48.5683,50.6365],[48.584,50.6496]],[[59.4376,50.6311],[59.5634,50.5799],[59.5604,50.5538],[59.5353,50.5466]],[[59.2908,50.6155],[59.4376,50.6311]],[[59.5353,50.5466],[59.4782,50.5524]],[[59.4782,50.5524],[59.4508,50.5223],[59.5228,50.4746]],[[59.6731,50.5295],[59.7255,50.5277]],[[59.5228,50.4746],[59.6222,50.5241],[59.6731,50.5295]],[[47.5993,50.4527],[47.9932,50.1818],[48.0122,50.1421],[48.0964,50.0785],[48.1493,49.9549],[48.2004,49.925],[48.2393,49.8648],[48.274,49.8631]],[[46.4786,48.4102],[46.7538,48.9141],[46.93,49.004],[47.0209,49.0968],[47.04,49.1503],[47.0286,49.2015],[46.9792,49.2443],[46.7751,49.3325],[46.8999,49.8203],[46.9226,49.8614],[46.9586,49.8841],[47.1774,49.9472],[47.3087,50.0448],[47.3286,50.073],[47.3276,50.1093],[47.2731,50.1584],[47.2651,50.1863],[47.3223,50.2374],[47.2948,50.2754],[47.3057,50.2949],[47.3922,50.3232],[47.4389,50.3832],[47.5115,50.4369],[47.5993,50.4527]],[[84.4408,50.2446],[84.5693,50.1855]],[[84.3688,50.2118],[84.4408,50.2446]],[[84.606,50.1874],[84.642,50.1849],[84.7381,50.1354]],[[84.5693,50.1855],[84.606,50.1874]],[[84.7732,50.1383],[84.8387,50.0808]],[[84.7381,50.1354],[84.7732,50.1383]],[[84.888,50.0967],[84.9758,50.0752],[85.0201,50.0331],[85.0254,50.0041],[84.9548,49.9905],[84.9546,49.9069],[85.0563,49.8733],[85.0817,49.8],[85.1851,49.705],[85.195,49.6257],[85.2631,49.5815]],[[84.8387,50.0808],[84.888,50.0967]],[[48.3029,49.8667],[48.4299,49.8097]],[[48.274,49.8631],[48.3029,49.8667]],[[86.6102,49.7955],[86.7002,49.7777]],[[86.5582,49.7415],[86.6102,49.7955]],[[86.7484,49.783],[86.7596,49.7677],[86.7405,49.7228],[86.7759,49.695],[86.6471,49.6537],[86.596,49.6019],[86.5918,49.5872],[86.6186,49.558],[86.6641,49.5474]],[[86.7002,49.7777],[86.7484,49.783]],[[86.5456,49.7426],[86.5582,49.7415]],[[86.1773,49.4633],[86.2721,49.5836],[86.4755,49.6708],[86.4727,49.7083],[86.5456,49.7426]],[[85.5972,49.6193],[85.6733,49.5604]],[[85.4757,49.5831],[85.5313,49.5891],[85.5972,49.6193]],[[85.384,49.6157],[85.4757,49.5831]],[[85.2631,49.5815],[85.384,49.6157]],[[85.7258,49.573],[85.8092,49.5365]],[[85.6733,49.5604],[85.7258,49.573]],[[85.8999,49.5641],[85.9406,49.5596],[85.9314,49.4928],[85.963,49.4786]],[[85.8092,49.5365],[85.8999,49.5641]],[[86.7095,49.5545],[86.8243,49.5092],[86.814,49.45],[86.829,49.4333],[86.9331,49.3901],[86.9051,49.3519],[86.913,49.3387],[87.0125,49.2807],[87.0245,49.2489],[87.076,49.2369]],[[86.6641,49.5474],[86.7095,49.5545]],[[86.0705,49.5263],[86.1115,49.5202],[86.1773,49.4633]],[[85.963,49.4786],[86.0705,49.5263]],[[87.1604,49.242],[87.2718,49.2051],[87.3238,49.0853]],[[87.076,49.2369],[87.1604,49.242]],[[47.3597,47.6833],[47.1238,47.808],[47.1252,47.8321],[47.1587,47.8715],[47.0442,47.9862],[47.1371,48.0273],[47.192,48.0718],[47.1036,48.1012],[47.1165,48.1539],[47.0752,48.2051],[47.1121,48.2416],[47.0989,48.2654],[46.4793,48.4102]],[[46.4793,48.4102],[46.4786,48.4102]],[[47.6497,47.7656],[47.4122,47.8359]],[[47.4122,47.8359],[47.3888,47.8119],[47.3829,47.7054],[47.3597,47.6833]],[[48.764,46.6828],[48.9169,46.7026],[49.0063,46.7691],[48.6973,47.101],[48.5251,47.4102],[48.4111,47.4458],[48.1744,47.7129],[48.0445,47.7697]],[[48.0445,47.7697],[47.6497,47.7656]],[[48.6182,46.7704],[48.6766,46.758],[48.7395,46.6906],[48.764,46.6828]],[[48.8441,46.4785],[48.8196,46.4793],[48.705,46.5504],[48.5394,46.568],[48.563,46.5913],[48.53,46.6382],[48.4551,46.6608],[48.5058,46.7326],[48.5567,46.7617],[48.6182,46.7704]],[[49.2271,46.3279],[49.0332,46.4049],[48.918,46.4743],[48.8687,46.4824]],[[48.8687,46.4824],[48.8441,46.4785]]]}},{"type":"Feature","properties":{"featurecla":"International boundary (verify)","adm0_a3_l":"ISR","adm0_a3_r":"JOR"},"geometry":{"type":"LineString","coordinates":[[35.6118,32.6819],[35.636,32.6791],[35.7576,32.7443]]}},{"type":"Feature","properties":{"featurecla":"International boundary (verify)","adm0_a3_l":"SYR","adm0_a3_r":"JOR"},"geometry":{"type":"MultiLineString","coordinates":[[[36.8066,32.313],[38.7745,33.3717]],[[35.7697,32.7481],[35.9274,32.6924]],[[35.7576,32.7443],[35.7697,32.7481]],[[35.9404,32.6925],[35.9412,32.6735]],[[35.9274,32.6924],[35.9404,32.6925]],[[35.9412,32.6735],[35.9375,32.674]],[[35.9375,32.674],[35.9658,32.6544]],[[35.9803,32.6566],[36.0036,32.6551],[36.006,32.6079],[36.0663,32.5173],[36.0962,32.5159]],[[35.9658,32.6544],[35.9803,32.6566]],[[36.1774,32.5273],[36.3879,32.3793],[36.6535,32.3429],[36.6896,32.3197]],[[36.1559,32.5152],[36.1774,32.5273]],[[36.1332,32.5201],[36.1559,32.5152]],[[36.0962,32.5159],[36.1332,32.5201]],[[36.7069,32.3283],[36.8066,32.313]],[[36.6896,32.3197],[36.7069,32.3283]]]}},{"type":"Feature","properties":{"featurecla":"International boundary (verify)","adm0_a3_l":"ISR","adm0_a3_r":"EGY"},"geometry":{"type":"LineString","coordinates":[[34.2484,31.2114],[34.4804,30.6512],[34.5044,30.5303],[34.5362,30.4822],[34.5269,30.4096],[34.5995,30.3445],[34.7332,30.0126],[34.7414,29.9402],[34.8244,29.7417],[34.8553,29.5457],[34.8867,29.4901]]}},{"type":"Feature","properties":{"featurecla":"International boundary (verify)","adm0_a3_l":"PSX","adm0_a3_r":"EGY"},"geometry":{"type":"LineString","coordinates":[[34.2003,31.3143],[34.2484,31.2114]]}},{"type":"Feature","properties":{"featurecla":"International boundary (verify)","adm0_a3_l":"IRQ","adm0_a3_r":"SAU"},"geometry":{"type":"MultiLineString","coordinates":[[[39.1577,32.1213],[40.0288,31.9945]],[[39.1464,32.1181],[39.1577,32.1213]],[[40.029,31.9945],[40.4241,31.9205],[42.0754,31.0799],[42.8587,30.4947],[44.6918,29.2018],[46.3575,29.0631]],[[40.0288,31.9945],[40.029,31.9945]],[[46.3575,29.0631],[46.5324,29.0957]]]}},{"type":"Feature","properties":{"featurecla":"International boundary (verify)","adm0_a3_l":"JOR","adm0_a3_r":"SAU"},"geometry":{"type":"MultiLineString","coordinates":[[[38.9634,31.9943],[39.1464,32.1181]],[[38.9633,31.9944],[38.9634,31.9943]],[[36.0164,29.19],[36.0695,29.2],[36.4771,29.4946],[36.7287,29.8535],[37.4702,29.9946],[37.4917,30.0112],[37.6476,30.3309],[37.9814,30.4988],[37.48,31.0073],[36.9595,31.491],[38.9633,31.9944]],[[34.9494,29.3517],[36.0164,29.19]]]}},{"type":"Feature","properties":{"featurecla":"International boundary (verify)","adm0_a3_l":"SAU","adm0_a3_r":"KWT"},"geometry":{"type":"MultiLineString","coordinates":[[[47.4334,28.9947],[46.5324,29.0957]],[[47.6681,28.5335],[47.6598,28.56],[47.5817,28.6315],[47.5499,28.7706],[47.4945,28.904],[47.4335,28.9947]],[[47.4335,28.9947],[47.4334,28.9947]],[[48.4328,28.5405],[47.6681,28.5335]]]}},{"type":"Feature","properties":{"featurecla":"International boundary (verify)","adm0_a3_l":"IRQ","adm0_a3_r":"JOR"},"geometry":{"type":"MultiLineString","coordinates":[[[38.7745,33.3717],[39.0572,32.4966],[38.9782,32.475],[39.0463,32.3085]],[[39.2358,32.3529],[39.2563,32.3427],[39.292,32.2445],[39.1464,32.1181]],[[39.0463,32.3085],[39.2358,32.3529]]]}},{"type":"Feature","properties":{"featurecla":"International boundary (verify)","adm0_a3_l":"IRQ","adm0_a3_r":"SYR"},"geometry":{"type":"MultiLineString","coordinates":[[[42.3572,37.11],[42.3772,37.0622],[41.8173,36.5997],[41.3854,36.5164],[41.2688,36.328],[41.2366,36.077],[41.2662,35.9943]],[[41.2663,35.9943],[41.3545,35.8256],[41.3635,35.6552],[41.3422,35.5937],[41.2611,35.4942],[41.2431,35.3665],[41.2013,35.243],[41.1915,35.1821],[41.2042,34.7931],[40.9653,34.4019],[40.6905,34.3315],[38.7745,33.3717]],[[41.2662,35.9943],[41.2663,35.9943]]]}},{"type":"Feature","properties":{"featurecla":"International boundary (verify)","adm0_a3_l":"OMN","adm0_a3_r":"YEM"},"geometry":{"type":"LineString","coordinates":[[51.9786,18.9956],[52.7215,17.2982],[52.8016,17.2674],[53.0904,16.6424]]}},{"type":"Feature","properties":{"featurecla":"International boundary (verify)","adm0_a3_l":"OMN","adm0_a3_r":"SAU"},"geometry":{"type":"LineString","coordinates":[[52.0899,19.0326],[51.9786,18.9956]]}},{"type":"Feature","properties":{"featurecla":"International boundary (verify)","adm0_a3_l":"OMN","adm0_a3_r":"SAU"},"geometry":{"type":"LineString","coordinates":[[55.1868,22.7036],[55.6267,22.0238],[55.6376,21.979],[54.9784,19.9954],[52.0899,19.0326]]}},{"type":"Feature","properties":{"featurecla":"International boundary (verify)","adm0_a3_l":"ARE","adm0_a3_r":"SAU"},"geometry":{"type":"MultiLineString","coordinates":[[[51.5693,24.2562],[51.5732,24.1278],[51.5935,24.0783],[52.5585,22.9386],[55.1053,22.6209]],[[55.1053,22.6209],[55.1868,22.7036]]]}},{"type":"Feature","properties":{"featurecla":"International boundary (verify)","adm0_a3_l":"SAU","adm0_a3_r":"YEM"},"geometry":{"type":"MultiLineString","coordinates":[[[47.1288,16.943],[47.1909,16.9589],[47.4276,17.0918],[47.458,17.1309],[47.589,17.4633],[48.1619,18.1489],[49.0358,18.5797],[49.1288,18.6121],[51.9786,18.9956]],[[43.435,17.5229],[43.5771,17.483],[43.7306,17.3524],[43.7688,17.3455]],[[43.1629,16.6615],[43.1861,16.6833],[43.1685,16.7372],[43.2086,16.7734],[43.2115,16.7969],[43.1458,16.8345],[43.1126,16.91],[43.1359,17.0096],[43.1184,17.0862],[43.1562,17.2097],[43.2486,17.2519],[43.2522,17.272],[43.2222,17.3078],[43.165,17.3259],[43.3031,17.459],[43.435,17.5229]],[[44.6465,17.4318],[45.1654,17.4284],[45.2221,17.4174],[45.4304,17.312],[46.3226,17.2241]],[[44.5338,17.4029],[44.6465,17.4318]],[[44.4041,17.4187],[44.5338,17.4029]],[[44.2115,17.3906],[44.4041,17.4187]],[[44.149,17.4048],[44.2115,17.3906]],[[44.0853,17.3434],[44.149,17.4048]],[[44.0039,17.3678],[44.0853,17.3434]],[[43.9151,17.3018],[43.9387,17.3052],[44.0039,17.3678]],[[43.8867,17.3537],[43.894,17.3122],[43.9151,17.3018]],[[43.8458,17.3462],[43.8867,17.3537]],[[43.8062,17.3496],[43.8458,17.3462]],[[43.7688,17.3455],[43.8062,17.3496]],[[46.7101,17.2754],[46.7472,17.2548],[46.9703,16.9568],[47.1288,16.943]],[[46.3226,17.2241],[46.7101,17.2754]],[[43.0978,16.6778],[43.1629,16.6615]],[[42.7895,16.3709],[42.8982,16.4189],[42.9068,16.4794],[42.9709,16.4958],[43.0363,16.5363],[43.0978,16.6778]]]}},{"type":"Feature","properties":{"featurecla":"International boundary (verify)","adm0_a3_l":"TCD","adm0_a3_r":"LBY"},"geometry":{"type":"MultiLineString","coordinates":[[[23.9813,19.4961],[15.9851,23.4447]],[[15.9851,23.4447],[14.9799,22.9957]]]}},{"type":"Feature","properties":{"featurecla":"International boundary (verify)","adm0_a3_l":"LBY","adm0_a3_r":"NER"},"geometry":{"type":"MultiLineString","coordinates":[[[11.9689,23.5174],[13.4823,23.1797],[13.5996,23.119],[14.2162,22.6163]],[[14.2162,22.6163],[14.9799,22.9957]]]}},{"type":"Feature","properties":{"featurecla":"International boundary (verify)","adm0_a3_l":"DZA","adm0_a3_r":"NER"},"geometry":{"type":"LineString","coordinates":[[4.2286,19.1422],[5.7943,19.4498],[7.4827,20.8726],[11.9689,23.5174]]}},{"type":"Feature","properties":{"featurecla":"International boundary (verify)","adm0_a3_l":"DZA","adm0_a3_r":"MRT"},"geometry":{"type":"LineString","coordinates":[[-8.6824,27.2854],[-5.516,25.4233],[-4.8216,24.9951]]}},{"type":"Feature","properties":{"featurecla":"International boundary (verify)","adm0_a3_l":"NER","adm0_a3_r":"TCD"},"geometry":{"type":"LineString","coordinates":[[13.6073,13.7041],[13.4492,14.3801],[13.4495,14.439],[13.4823,14.4836],[13.5439,14.5106],[13.6243,14.5213],[13.6579,14.5487],[13.6667,14.5855],[13.6447,14.6442],[13.71,14.7051],[13.7644,14.7191],[13.772,14.7629],[13.7552,14.8472],[13.8339,15.0196],[14.369,15.7496],[15.4524,16.8762],[15.472,16.9167],[15.736,19.9035],[15.9703,20.3363],[15.954,20.3746],[15.6695,20.6719],[15.5702,20.7519],[15.5442,20.799],[15.5443,20.8903],[15.569,20.9289],[15.6093,20.9507],[15.301,21.4013],[15.2666,21.4407],[15.1845,21.4912],[15.172,21.9934],[14.9799,22.9957]]}},{"type":"Feature","properties":{"featurecla":"International boundary (verify)","adm0_a3_l":"SDS","adm0_a3_r":"KEN"},"geometry":{"type":"LineString","coordinates":[[33.9771,4.2197],[34.3812,4.6202]]}},{"type":"Feature","properties":{"featurecla":"International boundary (verify)","adm0_a3_l":"EGY","adm0_a3_r":"SDN"},"geometry":{"type":"LineString","coordinates":[[31.4355,21.9954],[33.1587,21.9954]]}},{"type":"Feature","properties":{"featurecla":"International boundary (verify)","adm0_a3_l":"KEN","adm0_a3_r":"ETH"},"geometry":{"type":"MultiLineString","coordinates":[[[36.0413,4.4437],[35.9405,4.508],[35.9208,4.6193]],[[36.2772,4.4364],[36.2363,4.4497]],[[36.2363,4.4497],[36.0413,4.4437]],[[36.6513,4.4306],[36.6195,4.4434]],[[36.6195,4.4434],[36.2772,4.4364]],[[37.0484,4.332],[37.0157,4.3706],[36.8441,4.4322]],[[36.8441,4.4322],[36.6513,4.4306]],[[37.1,4.2837],[37.0685,4.3335]],[[37.0685,4.3335],[37.0484,4.332]],[[41.2153,3.9366],[41.1145,3.9623],[40.9798,4.1108],[40.8977,4.1459],[40.846,4.215],[40.7637,4.2849]],[[40.7637,4.2849],[40.7007,4.2435],[40.3827,4.1214],[40.3657,4.0949],[40.1828,4.032]],[[38.1141,3.6106],[38.0362,3.6489],[37.9767,3.7264],[37.106,4.2838]],[[37.106,4.2838],[37.1,4.2837]],[[40.1828,4.032],[40.1672,4.0355]],[[40.1672,4.0355],[40.1624,4.0194],[39.8485,3.8673],[39.7642,3.6857],[39.575,3.4979],[39.5363,3.405],[39.5044,3.4033]],[[41.8359,3.9494],[41.6998,3.9969]],[[41.6998,3.9969],[41.643,3.9694]],[[41.643,3.9694],[41.5863,3.9842]],[[41.5863,3.9842],[41.4295,3.9489],[41.2153,3.9366]],[[41.885,3.9772],[41.8359,3.9494]],[[38.5741,3.6046],[38.5471,3.6095],[38.509,3.6508]],[[38.509,3.6508],[38.4969,3.6239],[38.3899,3.5969]],[[38.8952,3.5136],[38.722,3.5604],[38.661,3.622]],[[38.661,3.622],[38.6603,3.5945]],[[38.3899,3.5969],[38.1769,3.6209]],[[38.1769,3.6209],[38.1141,3.6106]],[[38.6603,3.5945],[38.5937,3.6108]],[[38.5937,3.6108],[38.5741,3.6046]],[[39.2194,3.4687],[39.0679,3.5266]],[[39.0679,3.5266],[38.995,3.5143]],[[38.995,3.5143],[38.9632,3.5221]],[[38.9632,3.5221],[38.8952,3.5136]],[[39.5044,3.4033],[39.467,3.452],[39.3113,3.4661],[39.3205,3.4845],[39.3027,3.4957]],[[39.3027,3.4957],[39.2576,3.4697],[39.2194,3.4687]]]}},{"type":"Feature","properties":{"featurecla":"Indefinite (please verify)","adm0_a3_l":"MAR","adm0_a3_r":"DZA"},"geometry":{"type":"MultiLineString","coordinates":[[[-2.5161,32.1322],[-1.2496,32.0817]],[[-3.5487,31.67],[-2.8278,31.7946],[-2.9387,32.0486],[-2.8812,32.0763],[-2.6956,32.0897],[-2.5161,32.1322]],[[-1.2496,32.0817],[-1.2103,32.0897]],[[-3.5914,31.6783],[-3.5487,31.67]],[[-3.8108,31.1429],[-3.8393,31.1528],[-3.8428,31.1702],[-3.815,31.2205],[-3.8152,31.3372],[-3.7475,31.3852],[-3.6735,31.3892],[-3.6595,31.6478],[-3.5914,31.6783]],[[-5.6373,29.4953],[-5.5395,29.5232],[-5.4347,29.642],[-5.2739,29.8866],[-5.1761,29.9775],[-4.8756,30.1802],[-4.624,30.285],[-4.4842,30.3828],[-4.3724,30.5086],[-4.2745,30.5576],[-4.1557,30.5855],[-4.002,30.5925],[-3.8342,30.6275],[-3.6455,30.7113],[-3.6595,30.8371],[-3.5547,30.9559],[-3.6087,31.0309],[-3.6241,31.0865],[-3.7489,31.1802]],[[-3.7489,31.1802],[-3.8108,31.1429]],[[-5.7562,29.6141],[-5.7212,29.5232],[-5.6373,29.4953]],[[-6.7835,29.4463],[-6.6996,29.5162],[-6.4131,29.5651],[-6.0008,29.5791],[-5.7562,29.6141]],[[-7.0701,29.5162],[-6.9582,29.5092],[-6.7835,29.4463]],[[-7.3496,29.3834],[-7.2588,29.4673],[-7.1469,29.5092],[-7.0701,29.5162]],[[-7.6195,29.3894],[-7.5061,29.3802]],[[-8.6824,27.6614],[-8.6824,28.6659],[-8.6676,28.7117],[-8.4304,28.841],[-8.3685,28.9165],[-8.1823,29.0355],[-8.0363,29.0999],[-7.945,29.1762],[-7.6195,29.3894]],[[-7.4633,29.3891],[-7.3496,29.3834]],[[-7.5061,29.3802],[-7.4633,29.3891]]]}},{"type":"Feature","properties":{"featurecla":"International boundary (verify)","adm0_a3_l":"SAH","adm0_a3_r":"MRT"},"geometry":{"type":"LineString","coordinates":[[-17.0569,20.7669],[-17.0774,20.9045],[-16.9588,21.3329],[-13.0152,21.3334],[-13.0933,22.4955],[-13.155,22.6888],[-13.1655,22.7527],[-13.1523,22.82],[-13.0152,23.018],[-12.6194,23.2708],[-12.3539,23.3225],[-12.0193,23.461],[-12.0153,25.9949],[-8.6877,26.0],[-8.6824,27.2854]]}},{"type":"Feature","properties":{"featurecla":"International boundary (verify)","adm0_a3_l":"DZA","adm0_a3_r":"TUN"},"geometry":{"type":"MultiLineString","coordinates":[[[8.5201,36.7979],[8.6417,36.8364],[8.6082,36.8907],[8.6025,36.9395]],[[8.4827,36.8],[8.5201,36.7979]],[[8.0436,33.1018],[7.9827,33.1168],[7.872,33.1841],[7.7507,33.2077],[7.725,33.2314],[7.7097,33.2782],[7.7082,33.4149],[7.553,33.6587],[7.5342,33.7362],[7.4985,33.8],[7.4798,33.8939],[7.5175,34.095],[7.6315,34.1991],[7.7653,34.2447],[7.8315,34.4144],[8.0941,34.5301],[8.2365,34.6477],[8.2106,34.6812],[8.2666,34.7503],[8.2489,34.902],[8.3005,35.0677],[8.3137,35.1031],[8.4313,35.2417],[8.3174,35.2895],[8.2944,35.3251],[8.29,35.4026],[8.337,35.5379],[8.3236,35.6522],[8.2577,35.7503],[8.2414,35.8277],[8.2756,36.0368],[8.3171,36.1459],[8.3071,36.2436],[8.3544,36.3509],[8.3577,36.4304],[8.3492,36.4488],[8.2956,36.4687],[8.1679,36.4914],[8.1699,36.5258],[8.2223,36.5638],[8.4079,36.6426],[8.4532,36.6977],[8.4618,36.7328],[8.4067,36.768],[8.4131,36.7839],[8.4827,36.8]],[[9.5197,30.2289],[9.045,32.0718],[9.0199,32.1049],[8.3313,32.5276],[8.2829,32.8364],[8.0868,33.0943],[8.0645,33.1058]],[[8.0645,33.1058],[8.0436,33.1018]]]}},{"type":"Feature","properties":{"featurecla":"International boundary (verify)","adm0_a3_l":"MLI","adm0_a3_r":"DZA"},"geometry":{"type":"MultiLineString","coordinates":[[[1.1913,20.7306],[1.1472,20.7514],[1.1801,20.9953],[1.1465,21.1017],[-4.8212,24.9948]],[[1.8209,20.2936],[1.7781,20.3043],[1.6592,20.3975],[1.644,20.5227],[1.6237,20.5513],[1.5204,20.617],[1.364,20.6577],[1.3105,20.7227],[1.2733,20.7394]],[[1.2733,20.7394],[1.1913,20.7306]],[[1.9134,20.2311],[1.8914,20.2318],[1.8706,20.2835],[1.8389,20.2959]],[[1.8389,20.2959],[1.8209,20.2936]],[[3.3331,18.9756],[3.1586,19.0815],[3.1041,19.1355],[3.1393,19.2219],[3.1744,19.2516],[3.1929,19.3258],[3.251,19.3655],[3.2608,19.3883],[3.226,19.4597],[3.2323,19.4955],[3.1994,19.5538],[3.2128,19.8078],[2.946,19.9417],[2.5148,20.0159],[2.4004,20.0566],[2.2796,20.2179],[2.1824,20.2785]],[[2.1824,20.2785],[2.0712,20.2133]],[[2.0712,20.2133],[1.9553,20.2549]],[[1.9553,20.2549],[1.9134,20.2311]],[[4.2286,19.1422],[3.3331,18.9756]]]}},{"type":"Feature","properties":{"featurecla":"International boundary (verify)","adm0_a3_l":"SDN","adm0_a3_r":"LBY"},"geometry":{"type":"MultiLineString","coordinates":[[[24.9812,21.9954],[24.9805,20.0021],[24.8672,19.995]],[[24.8672,19.995],[24.1424,19.9954]],[[24.1424,19.9954],[23.9813,19.9954],[23.9813,19.4961]]]}},{"type":"Feature","properties":{"featurecla":"International boundary (verify)","adm0_a3_l":"TCD","adm0_a3_r":"SDN"},"geometry":{"type":"MultiLineString","coordinates":[[[23.9726,15.6911],[23.9844,15.7212],[23.9813,19.4961]],[[23.5927,15.749],[23.8291,15.731],[23.9726,15.6911]],[[23.3206,15.6813],[23.3958,15.6883],[23.5927,15.749]],[[23.1668,15.7129],[23.3206,15.6813]],[[22.0197,12.6314],[21.9008,12.6564],[21.8094,12.7937],[21.853,12.9057],[21.9641,13.0983],[22.0161,13.1402],[22.14,13.1935],[22.2676,13.3346],[22.276,13.3763],[22.2156,13.465],[22.1959,13.5805],[22.1321,13.6387],[22.1129,13.7298],[22.075,13.7803],[22.2147,13.9566],[22.5464,14.1397],[22.5319,14.2206],[22.4577,14.2411],[22.429,14.2646],[22.4181,14.3059],[22.451,14.3458],[22.4249,14.4704],[22.3635,14.5435],[22.3823,14.5791],[22.4654,14.6293],[22.6766,14.689],[22.6508,14.8162],[22.6589,14.8574],[22.7153,14.8994],[22.7389,14.9798],[22.829,15.0716],[22.9133,15.1217],[22.9657,15.2239],[22.9764,15.3736],[22.9068,15.4814],[22.9067,15.5414],[23.0045,15.6114],[23.0946,15.7043],[23.1668,15.7129]],[[22.4581,12.0304],[22.484,12.1647],[22.408,12.3998],[22.3728,12.4631],[22.4457,12.6111],[22.3301,12.6615],[22.2049,12.7434]],[[22.2049,12.7434],[22.1441,12.6713],[22.0197,12.6314]],[[22.7818,11.3989],[22.7688,11.4423],[22.743,11.4661],[22.6281,11.5098],[22.5923,11.5437],[22.5417,11.633],[22.5371,11.6809],[22.6073,12.0777]],[[22.6073,12.0777],[22.5989,12.0632]],[[22.5989,12.0632],[22.5855,12.0714]],[[22.5855,12.0714],[22.4581,12.0304]],[[22.8611,10.9192],[22.9565,11.2088],[22.9148,11.3961],[22.877,11.4088]],[[22.877,11.4088],[22.7818,11.3989]]]}},{"type":"Feature","properties":{"featurecla":"International boundary (verify)","adm0_a3_l":"EGY","adm0_a3_r":"LBY"},"geometry":{"type":"LineString","coordinates":[[25.1509,31.6565],[25.0604,31.5794],[25.0237,31.4944],[24.8613,31.3804],[24.849,31.3486],[24.8595,31.146],[24.8826,31.0391],[24.9949,30.7851],[24.9077,30.4987],[24.7724,30.331],[24.6887,30.1828],[24.6973,30.1226],[24.8116,29.8909],[24.7982,29.7964],[24.8049,29.7548],[24.8707,29.6383],[24.8638,29.5029],[24.9566,29.2927],[24.9812,29.1814],[24.9812,21.9954]]}},{"type":"Feature","properties":{"featurecla":"International boundary (verify)","adm0_a3_l":"GNB","adm0_a3_r":"SEN"},"geometry":{"type":"MultiLineString","coordinates":[[[-13.7283,12.6734],[-15.1951,12.6794]],[[-15.1951,12.6794],[-15.2497,12.6636],[-15.4246,12.555],[-15.7115,12.4322]],[[-15.9733,12.4372],[-16.0905,12.4643]],[[-16.0905,12.4643],[-16.1819,12.4434]],[[-16.1819,12.4434],[-16.2224,12.4551]],[[-16.2224,12.4551],[-16.4123,12.3617],[-16.5333,12.3478]],[[-15.7115,12.4322],[-15.8939,12.4428]],[[-15.8939,12.4428],[-15.9733,12.4372]],[[-16.5333,12.3478],[-16.6689,12.3567]],[[-16.6689,12.3567],[-16.7284,12.3325]]]}},{"type":"Feature","properties":{"featurecla":"International boundary (verify)","adm0_a3_l":"SOM","adm0_a3_r":"KEN"},"geometry":{"type":"LineString","coordinates":[[41.885,3.9772],[41.3427,3.2011],[40.9654,2.8141],[40.9798,-0.8708],[41.5229,-1.5728],[41.5386,-1.6137],[41.5351,-1.6963]]}},{"type":"Feature","properties":{"featurecla":"International boundary (verify)","adm0_a3_l":"KEN","adm0_a3_r":"TZA"},"geometry":{"type":"MultiLineString","coordinates":[[[33.9845,-1.0021],[34.0,-1.0026],[34.0154,-1.0375],[34.0525,-1.0404],[37.6449,-3.046],[37.6602,-3.0706],[37.7001,-3.3144],[37.6719,-3.3243],[37.6699,-3.3561],[37.6272,-3.3703],[37.5852,-3.413],[37.5794,-3.4464],[37.6082,-3.4636],[37.5991,-3.5134]],[[33.9042,-1.0026],[33.9845,-1.0021]],[[37.6469,-3.5106],[37.7223,-3.54],[37.771,-3.6554],[39.1906,-4.6775]],[[37.5991,-3.5134],[37.6469,-3.5106]]]}},{"type":"Feature","properties":{"featurecla":"International boundary (verify)","adm0_a3_l":"UGA","adm0_a3_r":"TZA"},"geometry":{"type":"MultiLineString","coordinates":[[[30.7771,-0.9858],[30.8284,-1.0026]],[[30.6386,-1.0734],[30.6871,-1.025],[30.7771,-0.9858]],[[30.8284,-1.0026],[33.9042,-1.0026]],[[30.481,-1.0591],[30.5117,-1.0734]],[[30.473,-1.0656],[30.481,-1.0591]],[[30.5927,-1.0634],[30.6386,-1.0734]],[[30.5117,-1.0734],[30.5927,-1.0634]]]}},{"type":"Feature","properties":{"featurecla":"International boundary (verify)","adm0_a3_l":"GNQ","adm0_a3_r":"CMR"},"geometry":{"type":"MultiLineString","coordinates":[[[9.991,2.1656],[9.8721,2.2112],[9.8237,2.249],[9.7996,2.3417]],[[11.3221,2.1658],[9.991,2.1656]]]}},{"type":"Feature","properties":{"featurecla":"International boundary (verify)","adm0_a3_l":"GNQ","adm0_a3_r":"GAB"},"geometry":{"type":"MultiLineString","coordinates":[[[11.3363,0.9992],[11.3221,2.1658]],[[10.0294,1.0035],[11.3363,0.9992]],[[9.9441,0.9249],[9.9718,0.9398],[9.9808,0.9972],[10.0294,1.0035]],[[9.8044,0.9984],[9.8496,0.9892],[9.9086,0.9351],[9.9441,0.9249]]]}},{"type":"Feature","properties":{"featurecla":"International boundary (verify)","adm0_a3_l":"MLI","adm0_a3_r":"NER"},"geometry":{"type":"MultiLineString","coordinates":[[[3.5071,15.354],[3.5265,15.496],[3.6141,15.5477],[3.6922,15.6315],[3.8084,15.6656],[3.8712,15.7148],[3.9099,15.9048],[3.9832,15.984],[3.9712,16.0861],[4.0606,16.2983],[4.0948,16.3408],[4.1759,16.3926],[4.184,16.4161],[4.182,16.8096],[4.202,16.8489],[4.1978,16.9652],[4.2356,16.9959],[4.2286,19.1422]],[[3.073,15.4272],[3.5071,15.354]],[[0.6701,14.9397],[0.7692,14.9691],[0.9221,14.974],[0.9737,14.9913],[1.2709,15.2599],[1.3315,15.2836],[3.0002,15.3391],[3.0103,15.4177],[3.073,15.4272]],[[0.2213,14.9959],[0.387,14.9632]],[[0.2185,14.911],[0.2213,14.9959]],[[0.5148,14.9936],[0.6701,14.9397]],[[0.387,14.9632],[0.5148,14.9936]]]}},{"type":"Feature","properties":{"featurecla":"International boundary (verify)","adm0_a3_l":"SOL","adm0_a3_r":"ETH"},"geometry":{"type":"MultiLineString","coordinates":[[[42.9237,10.9988],[42.8935,10.9197],[42.8194,10.8726],[42.8012,10.8208],[42.7381,10.7598],[42.7116,10.6752],[42.6472,10.6322],[42.6486,10.611],[42.6952,10.5247],[42.7658,10.4519],[42.7895,10.3333],[42.8363,10.2081],[42.9819,10.0916],[43.0399,9.95],[43.0677,9.9225],[43.1872,9.8833],[43.2063,9.8512],[43.2488,9.6523],[43.306,9.6176],[43.3707,9.5442],[43.419,9.413],[43.5668,9.3343]],[[43.6072,9.3446],[44.0239,8.9855],[45.5144,8.4965]],[[43.5668,9.3343],[43.6072,9.3446]],[[45.5145,8.4965],[46.9792,7.9966],[47.0681,7.9965]],[[45.5144,8.4965],[45.5145,8.4965]],[[47.0681,7.9965],[47.9792,7.9966]]]}},{"type":"Feature","properties":{"featurecla":"International boundary (verify)","adm0_a3_l":"SEN","adm0_a3_r":"MRT"},"geometry":{"type":"MultiLineString","coordinates":[[[-14.9125,16.6406],[-14.9743,16.6914]],[[-14.9743,16.6914],[-15.0444,16.6319]],[[-15.0444,16.6319],[-15.0933,16.6692]],[[-15.0933,16.6692],[-15.1183,16.6426],[-15.0975,16.5945],[-15.2486,16.5658]],[[-14.326,16.5824],[-14.3355,16.6315],[-14.4066,16.6608]],[[-14.4066,16.6608],[-14.4931,16.6325]],[[-14.7112,16.6358],[-14.882,16.6477]],[[-14.882,16.6477],[-14.9125,16.6406]],[[-14.6081,16.6288],[-14.656,16.6459]],[[-14.656,16.6459],[-14.7112,16.6358]],[[-14.4931,16.6325],[-14.5445,16.6408]],[[-14.5445,16.6408],[-14.6081,16.6288]],[[-13.8273,16.1185],[-13.8528,16.1335],[-13.8838,16.1937],[-13.9641,16.2301],[-13.9779,16.338],[-14.073,16.4007],[-14.2142,16.535],[-14.2681,16.5479],[-14.2877,16.5857]],[[-14.2877,16.5857],[-14.326,16.5824]],[[-15.4145,16.548],[-15.464,16.5815]],[[-15.464,16.5815],[-15.5248,16.5222],[-15.5515,16.5151]],[[-15.2486,16.5658],[-15.2959,16.573]],[[-15.2959,16.573],[-15.4145,16.548]],[[-16.0312,16.4929],[-16.074,16.5049],[-16.1323,16.5548]],[[-16.1323,16.5548],[-16.2067,16.5207]],[[-16.2067,16.5207],[-16.251,16.5276]],[[-16.251,16.5276],[-16.2951,16.5106],[-16.3274,16.4746],[-16.3917,16.2247],[-16.4588,16.1942],[-16.4704,16.1064],[-16.5075,16.0104],[-16.5197,15.8464],[-16.5423,15.8088]],[[-15.5515,16.5151],[-15.5944,16.5236]],[[-15.5944,16.5236],[-15.6875,16.4805]],[[-15.862,16.5103],[-15.8969,16.5184]],[[-15.8969,16.5184],[-15.9581,16.4984]],[[-15.6875,16.4805],[-15.8289,16.5145]],[[-15.8289,16.5145],[-15.862,16.5103]],[[-15.9581,16.4984],[-15.9856,16.5059]],[[-15.9856,16.5059],[-16.0312,16.4929]],[[-13.669,16.1057],[-13.7196,16.1356],[-13.7201,16.19]],[[-13.7201,16.19],[-13.8273,16.1185]],[[-13.4915,16.0884],[-13.5017,16.0951],[-13.4831,16.141],[-13.4915,16.1563]],[[-13.4915,16.1563],[-13.669,16.1057]],[[-13.2378,15.6234],[-13.2487,15.6567],[-13.2283,15.7113],[-13.2861,15.7696],[-13.28,15.8229],[-13.316,15.8818],[-13.3159,15.9304],[-13.3698,15.9855],[-13.3886,16.0521],[-13.4551,16.1022]],[[-13.4551,16.1022],[-13.4915,16.0884]],[[-13.0532,15.4851],[-13.0896,15.497],[-13.099,15.5869],[-13.1928,15.629]],[[-13.1928,15.629],[-13.2378,15.6234]],[[-12.85,15.2674],[-12.8334,15.27],[-12.8345,15.3002],[-12.919,15.3654],[-12.958,15.5017],[-12.9802,15.5163]],[[-12.9802,15.5163],[-13.0532,15.4851]],[[-12.8842,15.2708],[-12.85,15.2674]],[[-12.8383,15.2188],[-12.8884,15.2509],[-12.8842,15.2708]],[[-12.6903,15.0924],[-12.7798,15.1464],[-12.782,15.2073],[-12.8064,15.2231]],[[-12.8064,15.2231],[-12.8383,15.2188]],[[-12.2641,14.7749],[-12.3825,14.846],[-12.4476,14.9074],[-12.4849,15.0173],[-12.6323,15.1054]],[[-12.6323,15.1054],[-12.6903,15.0924]]]}},{"type":"Feature","properties":{"featurecla":"International boundary (verify)","adm0_a3_l":"MLI","adm0_a3_r":"MRT"},"geometry":{"type":"MultiLineString","coordinates":[[[-4.8216,24.9951],[-6.5931,24.9941],[-5.9491,19.4956],[-5.6233,16.5278],[-5.6059,16.4959],[-5.3649,16.3349],[-5.3533,16.312],[-5.5134,15.4934]],[[-8.9112,15.4954],[-9.3492,15.4956],[-9.3293,15.6552],[-9.3324,15.6876],[-9.3565,15.6979]],[[-9.3565,15.6979],[-9.4517,15.5883],[-9.4239,15.4405],[-9.6721,15.4307],[-9.8356,15.3711]],[[-10.9152,15.1029],[-11.0454,15.2702],[-11.2982,15.451],[-11.4096,15.6022],[-11.4582,15.6329],[-11.5154,15.6444]],[[-11.5154,15.6444],[-11.5273,15.6426],[-11.5123,15.6202],[-11.5243,15.6003],[-11.6441,15.5264]],[[-11.6441,15.5264],[-11.7271,15.5412]],[[-11.7271,15.5412],[-11.7294,15.4961],[-11.7549,15.4691],[-11.8211,15.2801],[-11.8457,15.1791],[-11.8609,15.049],[-11.851,15.042]],[[-8.4702,15.4953],[-8.6893,15.4954]],[[-8.6893,15.4954],[-8.9112,15.4954]],[[-7.1745,15.4948],[-8.327,15.4953]],[[-8.327,15.4953],[-8.4702,15.4953]],[[-5.9382,15.4944],[-7.0045,15.4948]],[[-7.0045,15.4948],[-7.1745,15.4948]],[[-5.5134,15.4934],[-5.8073,15.4944]],[[-5.8073,15.4944],[-5.9382,15.4944]],[[-10.5155,15.4377],[-10.535,15.4417]],[[-10.535,15.4417],[-10.6071,15.4244]],[[-10.3708,15.4335],[-10.5004,15.4404]],[[-10.5004,15.4404],[-10.5155,15.4377]],[[-10.2145,15.402],[-10.3226,15.4371]],[[-10.3226,15.4371],[-10.3708,15.4335]],[[-10.6071,15.4244],[-10.7092,15.4339]],[[-10.7092,15.4339],[-10.7364,15.4226],[-10.7468,15.3411],[-10.8272,15.2877],[-10.9152,15.1029]],[[-10.0676,15.3647],[-10.1316,15.3726],[-10.1961,15.4053]],[[-10.1961,15.4053],[-10.2145,15.402]],[[-9.8356,15.3711],[-9.9514,15.3812]],[[-9.9514,15.3812],[-10.0676,15.3647]],[[-11.8328,15.049],[-11.8111,15.0143],[-11.8309,14.9264],[-11.8204,14.9],[-11.8775,14.8415],[-11.936,14.8236],[-11.974,14.7798],[-12.0111,14.7627]],[[-11.851,15.042],[-11.8328,15.049]],[[-12.0704,14.7344],[-12.1389,14.7845]],[[-12.1389,14.7845],[-12.2248,14.7634]],[[-12.2248,14.7634],[-12.2641,14.7749]],[[-12.0111,14.7627],[-12.0497,14.7672]],[[-12.0497,14.7672],[-12.0704,14.7344]]]}},{"type":"Feature","properties":{"featurecla":"International boundary (verify)","adm0_a3_l":"ZAF","adm0_a3_r":"MOZ"},"geometry":{"type":"MultiLineString","coordinates":[[[32.1432,-26.8457],[32.1139,-26.84]],[[32.3522,-26.8603],[32.1941,-26.8403]],[[32.1941,-26.8403],[32.1432,-26.8457]],[[32.8931,-26.8461],[32.3522,-26.8603]]]}},{"type":"Feature","properties":{"featurecla":"International boundary (verify)","adm0_a3_l":"AGO","adm0_a3_r":"ZMB"},"geometry":{"type":"MultiLineString","coordinates":[[[22.0199,-16.2531],[22.0452,-16.2523],[21.9815,-16.1443],[21.9799,-13.0015],[24.0006,-13.0015],[23.9718,-12.9334],[23.8951,-12.8498],[23.8657,-12.7897],[23.9287,-12.5616],[24.0308,-12.3851],[24.0169,-12.2789],[23.9596,-12.1967],[23.9543,-12.1519],[23.967,-11.8829],[23.9902,-11.8241],[23.9546,-11.6369],[24.0097,-11.5234],[24.0099,-11.4595],[24.0617,-11.407],[24.0112,-11.2729],[24.0153,-11.1305],[23.9901,-11.1135],[24.0037,-10.9825],[23.9675,-10.8723]],[[22.0117,-16.2523],[22.0199,-16.2531]],[[22.2513,-16.67],[22.1517,-16.5977],[22.1381,-16.5526],[22.1081,-16.544],[22.0799,-16.4578],[22.1056,-16.3794],[22.0558,-16.3646],[22.052,-16.3268],[22.0117,-16.2523]],[[23.207,-17.5412],[23.1775,-17.524],[23.1762,-17.4782],[23.0976,-17.4322],[22.9986,-17.2938],[22.8762,-17.2481],[22.7652,-17.1696],[22.7105,-17.0554],[22.6517,-16.9987],[22.5734,-16.971],[22.5672,-16.9369],[22.5085,-16.9062],[22.4089,-16.7458],[22.378,-16.7348],[22.3337,-16.6737],[22.2908,-16.6564]],[[22.2908,-16.6564],[22.2513,-16.67]],[[23.3817,-17.6411],[23.3823,-17.601],[23.3406,-17.5607],[23.2584,-17.5328]],[[23.2584,-17.5328],[23.207,-17.5412]]]}},{"type":"Feature","properties":{"featurecla":"International boundary (verify)","adm0_a3_l":"NAM","adm0_a3_r":"AGO"},"geometry":{"type":"MultiLineString","coordinates":[[[13.1849,-16.9642],[13.1663,-16.9511]],[[13.1663,-16.9511],[13.0143,-16.9779],[12.8872,-17.0298],[12.8764,-17.0598],[12.8183,-17.1048],[12.5546,-17.2356]],[[13.2572,-16.9816],[13.1981,-16.9574]],[[13.1981,-16.9574],[13.1849,-16.9642]],[[13.9806,-17.4236],[13.9427,-17.4082],[13.8844,-17.3385],[13.5213,-17.1219],[13.5309,-17.0933],[13.4798,-17.0103],[13.3637,-16.9642]],[[13.3637,-16.9642],[13.3215,-16.9749]],[[13.3215,-16.9749],[13.3084,-16.9702]],[[13.3084,-16.9702],[13.2675,-16.9854]],[[13.2675,-16.9854],[13.2675,-16.9779]],[[13.2675,-16.9779],[13.2572,-16.9816]],[[12.1399,-17.156],[12.0881,-17.1392]],[[12.0881,-17.1392],[11.983,-17.1619],[11.8076,-17.2659]],[[12.2426,-17.2248],[12.1615,-17.1463]],[[12.1615,-17.1463],[12.1399,-17.156]],[[12.5546,-17.2356],[12.4179,-17.2034]],[[12.4179,-17.2034],[12.3795,-17.2204]],[[12.3795,-17.2204],[12.3147,-17.2181]],[[12.3147,-17.2181],[12.2426,-17.2248]],[[11.8076,-17.2659],[11.7661,-17.2527]],[[14.2188,-17.3881],[14.2074,-17.388]],[[14.2074,-17.388],[14.1971,-17.4129],[14.175,-17.4162]],[[14.8006,-17.3883],[14.2874,-17.3881]],[[14.2874,-17.3881],[14.2188,-17.3881]],[[15.8268,-17.3887],[15.0572,-17.3883]],[[15.0572,-17.3883],[14.8006,-17.3883]],[[16.5963,-17.3888],[16.3398,-17.3887]],[[16.3398,-17.3887],[15.8268,-17.3887]],[[17.3661,-17.389],[16.8529,-17.3888]],[[16.8529,-17.3888],[16.5963,-17.3888]],[[18.3923,-17.3893],[17.6226,-17.389]],[[17.6226,-17.389],[17.3661,-17.389]],[[19.0206,-17.8223],[18.89,-17.7993],[18.762,-17.7477],[18.6333,-17.6289],[18.6197,-17.5948],[18.5541,-17.5464],[18.5166,-17.4713],[18.4899,-17.4624],[18.4457,-17.3893]],[[18.4457,-17.3893],[18.3923,-17.3893]],[[14.175,-17.4162],[14.1307,-17.4092]],[[14.1307,-17.4092],[14.0854,-17.4236]],[[14.0854,-17.4236],[14.0179,-17.4092]],[[14.0179,-17.4092],[13.9806,-17.4236]],[[23.3817,-17.6411],[21.3868,-18.0145]],[[19.2019,-17.8071],[19.1608,-17.8009]],[[19.1608,-17.8009],[19.0206,-17.8223]],[[19.4213,-17.8594],[19.2466,-17.804]],[[19.2466,-17.804],[19.2019,-17.8071]],[[19.771,-17.8903],[19.7113,-17.873],[19.6726,-17.8427]],[[19.6726,-17.8427],[19.4213,-17.8594]],[[20.3868,-17.8903],[20.3362,-17.8549]],[[20.3362,-17.8549],[20.2889,-17.8616]],[[20.2889,-17.8616],[20.2782,-17.8549]],[[20.2782,-17.8549],[20.2434,-17.8828]],[[20.0343,-17.8959],[19.952,-17.8623]],[[19.952,-17.8623],[19.794,-17.8623],[19.771,-17.8903]],[[20.2434,-17.8828],[20.1931,-17.8721]],[[20.1931,-17.8721],[20.1546,-17.8903]],[[20.1546,-17.8903],[20.1471,-17.8828]],[[20.1471,-17.8828],[20.1199,-17.8907]],[[20.5655,-17.9852],[20.4126,-17.8841]],[[20.4126,-17.8841],[20.3868,-17.8903]],[[20.1199,-17.8907],[20.0926,-17.8903]],[[20.0926,-17.8903],[20.0343,-17.8959]],[[21.3868,-18.0145],[21.3648,-17.992],[21.2166,-17.9306]],[[21.2166,-17.9306],[21.1758,-17.9332]],[[21.1758,-17.9332],[21.1613,-17.9306]],[[21.1613,-17.9306],[21.1094,-17.945]],[[21.1094,-17.945],[21.0931,-17.9381]],[[21.0931,-17.9381],[20.9083,-17.9861],[20.8945,-18.0126],[20.8062,-18.0314]],[[20.7225,-18.0065],[20.6301,-17.9769]],[[20.6301,-17.9769],[20.5655,-17.9852]],[[20.8062,-18.0314],[20.7375,-17.9935]],[[20.7375,-17.9935],[20.7225,-18.0065]]]}},{"type":"Feature","properties":{"featurecla":"International boundary (verify)","adm0_a3_l":"NAM","adm0_a3_r":"ZMB"},"geometry":{"type":"MultiLineString","coordinates":[[[24.5712,-17.5335],[24.3889,-17.4713]],[[24.3889,-17.4713],[24.3213,-17.4887]],[[24.3213,-17.4887],[24.2388,-17.4782]],[[24.2388,-17.4782],[23.3817,-17.6411]],[[24.7974,-17.5191],[24.6844,-17.4924]],[[24.6844,-17.4924],[24.6297,-17.4955],[24.5712,-17.5335]],[[24.9376,-17.5607],[24.8983,-17.5311],[24.8295,-17.5177]],[[24.8295,-17.5177],[24.7974,-17.5191]],[[25.008,-17.5885],[24.958,-17.5517]],[[24.958,-17.5517],[24.9376,-17.5607]],[[25.1226,-17.6979],[25.0885,-17.6427],[25.0339,-17.6085],[25.037,-17.5812]],[[25.037,-17.5812],[25.008,-17.5885]],[[25.2598,-17.7941],[25.2424,-17.7703],[25.1612,-17.7294],[25.1385,-17.6861]],[[25.1385,-17.6861],[25.1226,-17.6979]]]}},{"type":"Feature","properties":{"featurecla":"International boundary (verify)","adm0_a3_l":"ZWE","adm0_a3_r":"MOZ"},"geometry":{"type":"MultiLineString","coordinates":[[[30.4026,-16.0012],[30.3963,-15.636]],[[31.3877,-16.1496],[31.2789,-16.0303],[31.1141,-15.9969]],[[31.1141,-15.9969],[31.0809,-16.0259]],[[30.9898,-16.0643],[30.9019,-16.0071],[30.8574,-15.9981]],[[30.8574,-15.9981],[30.4026,-16.0012]],[[31.0809,-16.0259],[31.0569,-16.0176]],[[31.0569,-16.0176],[30.9898,-16.0643]],[[32.0141,-16.4449],[31.8944,-16.4215],[31.8719,-16.3504],[31.8181,-16.3196],[31.7107,-16.2179],[31.5192,-16.1965],[31.4657,-16.1677],[31.4046,-16.1623],[31.3996,-16.1473]],[[31.3996,-16.1473],[31.3877,-16.1496]],[[32.7313,-16.7088],[32.6987,-16.6868],[32.6718,-16.5998],[32.2905,-16.4518],[32.2118,-16.4402]],[[32.2118,-16.4402],[32.0141,-16.4449]],[[32.9882,-18.4132],[33.0428,-18.352],[32.955,-18.2563],[32.9755,-18.1833],[32.9274,-17.9729],[32.9521,-17.9402],[32.9369,-17.875],[32.9461,-17.8347],[32.9991,-17.7943],[33.0041,-17.6756],[33.0245,-17.6192],[33.0066,-17.581],[32.9517,-17.5514],[32.9366,-17.4983],[33.0163,-17.3772],[33.0216,-17.3456],[32.9732,-17.2979],[32.9541,-17.1672],[32.8288,-16.9351],[32.9162,-16.8479],[32.9685,-16.6816]],[[32.9685,-16.6816],[32.8934,-16.7124]],[[32.8934,-16.7124],[32.7693,-16.6955]],[[32.7693,-16.6955],[32.7313,-16.7088]],[[32.9854,-18.4125],[32.9882,-18.4132]],[[32.8589,-18.79],[32.9025,-18.7745],[32.9223,-18.6932],[32.8717,-18.5732],[32.8707,-18.5358],[32.9964,-18.4671],[33.003,-18.4469],[32.9854,-18.4125]],[[32.8179,-18.787],[32.8589,-18.79]],[[32.7239,-19.0266],[32.699,-19.0222],[32.6886,-19.001],[32.6825,-18.9427],[32.7158,-18.9198],[32.6968,-18.8972],[32.6914,-18.8342],[32.8179,-18.787]],[[32.7931,-19.4767],[32.7634,-19.464],[32.7665,-19.3734],[32.8287,-19.2846],[32.8623,-19.1181],[32.82,-19.0283],[32.786,-19.0177]],[[32.786,-19.0177],[32.7239,-19.0266]],[[32.8722,-19.6902],[32.8196,-19.6743],[32.8322,-19.5009],[32.8113,-19.4745]],[[32.8113,-19.4745],[32.7931,-19.4767]],[[33.0073,-20.032],[33.002,-19.927],[33.0328,-19.7842],[32.9624,-19.7354],[32.961,-19.6588],[32.9432,-19.6493]],[[32.9432,-19.6493],[32.8722,-19.6902]],[[32.9537,-20.0302],[33.0073,-20.032]],[[32.6037,-20.5648],[32.6465,-20.558],[32.6718,-20.5318],[32.7359,-20.4142],[32.8452,-20.2867],[32.8853,-20.103],[32.9265,-20.0865],[32.9537,-20.0302]],[[32.5565,-20.5593],[32.6037,-20.5648]],[[32.3734,-21.1636],[32.3398,-21.1341],[32.491,-20.9363],[32.4691,-20.6868],[32.4816,-20.603],[32.5131,-20.5646],[32.5565,-20.5593]],[[32.4472,-21.3137],[32.3717,-21.1879],[32.3777,-21.1634]],[[32.3777,-21.1634],[32.3734,-21.1636]],[[32.4085,-21.2903],[32.4472,-21.3137]],[[31.2889,-22.3973],[31.4338,-22.302],[32.4085,-21.2903]]]}},{"type":"Feature","properties":{"featurecla":"International boundary (verify)","adm0_a3_l":"AGO","adm0_a3_r":"COD"},"geometry":{"type":"MultiLineString","coordinates":[[[14.0212,-5.8725],[13.9436,-5.8416]],[[13.9436,-5.8416],[13.6415,-5.8658]],[[16.4125,-5.8968],[16.3157,-5.8546]],[[16.3157,-5.8546],[14.7037,-5.8814],[14.5766,-5.9047]],[[13.5227,-5.8675],[13.3805,-5.8564]],[[13.3805,-5.8564],[13.3425,-5.8906]],[[13.3425,-5.8906],[13.2693,-5.8635],[13.1849,-5.8564]],[[13.1849,-5.8564],[13.1839,-5.8564]],[[13.6415,-5.8658],[13.5626,-5.8574]],[[13.5626,-5.8574],[13.5227,-5.8675]],[[14.4367,-5.8934],[14.2418,-5.8896],[14.1401,-5.8635]],[[14.1401,-5.8635],[14.0212,-5.8725]],[[16.6043,-6.0619],[16.5807,-5.9554],[16.5974,-5.9247],[16.4793,-5.8822]],[[16.4793,-5.8822],[16.4125,-5.8968]],[[14.5766,-5.9047],[14.4821,-5.8855]],[[14.4821,-5.8855],[14.4367,-5.8934]],[[16.707,-6.4154],[16.6936,-6.3598],[16.721,-6.3424],[16.7148,-6.2316],[16.7268,-6.1892],[16.6959,-6.1409],[16.6111,-6.0898],[16.6284,-6.0553]],[[16.6284,-6.0553],[16.6043,-6.0619]],[[16.9612,-7.0692],[16.9732,-7.0148],[16.9553,-6.9815],[16.9287,-6.9687],[16.915,-6.8641],[16.8329,-6.8278],[16.8231,-6.7851],[16.7604,-6.692],[16.7308,-6.5698],[16.7473,-6.522],[16.7217,-6.4918],[16.7278,-6.466],[16.7061,-6.465],[16.7136,-6.414]],[[16.7136,-6.414],[16.707,-6.4154]],[[20.5205,-7.2864],[20.5245,-7.1431],[20.6115,-6.916]],[[20.6115,-6.916],[20.3195,-6.9185],[20.2943,-7.0019],[19.5218,-7.0019],[19.5426,-7.0523],[19.4872,-7.1539],[19.4764,-7.3159],[19.5132,-7.4794],[19.4687,-7.5211],[19.4583,-7.5603],[19.4247,-7.5797]],[[16.9291,-7.0607],[16.9612,-7.0692]],[[17.1182,-7.4255],[17.0981,-7.4023],[17.0934,-7.3523],[16.9961,-7.298],[16.9891,-7.2549],[16.9457,-7.2046],[16.9291,-7.0607]],[[21.9565,-9.7618],[21.9424,-9.7229],[21.8541,-9.6178],[21.8322,-9.4884],[21.792,-9.4061],[21.8516,-9.2338],[21.8397,-9.0924],[21.8599,-8.8464],[21.9069,-8.6455],[21.936,-8.5831],[21.9162,-8.5768],[21.9439,-8.4559],[21.8999,-8.3488],[21.9206,-8.329],[21.8732,-8.2641],[21.8573,-8.1569],[21.8151,-8.0968],[21.7996,-8.0409],[21.7539,-7.9973],[21.7705,-7.8068],[21.8541,-7.586],[21.8467,-7.5143],[21.8609,-7.4698],[21.8329,-7.3908],[21.8424,-7.3699],[21.8025,-7.2989],[21.7645,-7.2828]],[[21.7645,-7.2828],[20.5205,-7.2864]],[[17.2889,-7.6995],[17.2864,-7.6252],[17.2178,-7.586],[17.1462,-7.4631],[17.1803,-7.4354],[17.1322,-7.4096]],[[17.1322,-7.4096],[17.1182,-7.4255]],[[19.4247,-7.5797],[19.3556,-7.5741]],[[19.3556,-7.5741],[19.3814,-7.7039],[19.3309,-7.8986],[19.3555,-8.002],[18.7738,-8.002]],[[17.4264,-7.8755],[17.4206,-7.8439],[17.3907,-7.8392],[17.4,-7.8234],[17.381,-7.8232],[17.3754,-7.7923],[17.3424,-7.784],[17.316,-7.7536],[17.3204,-7.7136],[17.3038,-7.6924]],[[17.3038,-7.6924],[17.2889,-7.6995]],[[17.4683,-7.9599],[17.4683,-7.9395],[17.4341,-7.9158],[17.4524,-7.884],[17.4409,-7.8711]],[[17.4409,-7.8711],[17.4264,-7.8755]],[[18.5887,-7.9323],[18.5165,-7.9322]],[[18.5165,-7.9322],[18.5043,-7.9407],[18.5076,-7.9975],[18.4879,-7.9983]],[[18.7738,-8.002],[18.7385,-7.9323]],[[18.7385,-7.9323],[18.5887,-7.9323]],[[17.6002,-8.0985],[17.5365,-8.076],[17.5365,-8.0151],[17.4962,-7.9872],[17.4819,-7.9457]],[[17.4819,-7.9457],[17.4683,-7.9599]],[[18.3666,-8.0168],[18.1927,-7.9969]],[[18.1927,-7.9969],[18.1022,-8.0333],[18.0982,-8.1093],[18.0085,-8.1112]],[[18.4879,-7.9983],[18.4818,-7.9973]],[[18.4818,-7.9973],[18.3666,-8.0168]],[[18.0085,-8.1112],[17.9014,-8.0481],[17.868,-8.0445]],[[17.868,-8.0445],[17.7772,-8.0833]],[[17.7772,-8.0833],[17.7133,-8.0683]],[[17.7133,-8.0683],[17.6002,-8.0985]],[[22.0658,-9.881],[21.9984,-9.8091],[21.9844,-9.7488]],[[21.9844,-9.7488],[21.9565,-9.7618]],[[22.2376,-11.2495],[22.2555,-11.1666],[22.2438,-11.0783],[22.1961,-10.9923],[22.1655,-10.8524],[22.224,-10.7971],[22.3195,-10.7613],[22.3264,-10.6946],[22.3101,-10.6688],[22.306,-10.5507],[22.2718,-10.4817],[22.3134,-10.3686],[22.2028,-10.1306],[22.2097,-10.0982],[22.1599,-9.9315],[22.0799,-9.8716]],[[22.0799,-9.8716],[22.0658,-9.881]],[[23.9675,-10.8723],[23.9486,-10.8815],[23.928,-10.9454],[23.8878,-10.9744],[23.8674,-11.0164],[23.8337,-11.0285]],[[23.6749,-11.007],[23.456,-10.961]],[[23.456,-10.961],[23.3733,-10.9751],[23.1968,-11.0719],[22.9696,-11.1025]],[[23.8337,-11.0285],[23.7141,-11.0039]],[[23.7141,-11.0039],[23.6749,-11.007]],[[22.7277,-11.0968],[22.5376,-11.0372]],[[22.5376,-11.0372],[22.501,-11.0424],[22.4694,-11.1224],[22.4403,-11.1469],[22.3403,-11.1802],[22.2818,-11.2367],[22.2376,-11.2495]],[[22.9696,-11.1025],[22.8292,-11.0521]],[[22.8292,-11.0521],[22.7277,-11.0968]]]}},{"type":"Feature","properties":{"featurecla":"International boundary (verify)","adm0_a3_l":"ZAF","adm0_a3_r":"NAM"},"geometry":{"type":"LineString","coordinates":[[19.9814,-24.7525],[19.9817,-28.4223]]}},{"type":"Feature","properties":{"featurecla":"International boundary (verify)","adm0_a3_l":"BWA","adm0_a3_r":"NAM"},"geometry":{"type":"MultiLineString","coordinates":[[[25.2598,-17.7941],[25.1539,-17.7818]],[[25.1539,-17.7818],[25.1209,-17.8135],[25.057,-17.8277]],[[24.9833,-17.8205],[24.9581,-17.8009],[24.9643,-17.7867]],[[24.9643,-17.7867],[24.7707,-17.8655],[24.6492,-17.9628],[24.5746,-18.0504],[24.5056,-18.0603]],[[25.057,-17.8277],[25.0475,-17.8071]],[[25.0475,-17.8071],[25.0071,-17.8257]],[[25.0071,-17.8257],[24.9985,-17.814]],[[24.9985,-17.814],[24.9833,-17.8205]],[[24.5056,-18.0603],[24.4216,-17.9565],[24.3653,-17.9508]],[[24.3653,-17.9508],[24.2964,-18.0262]],[[23.4189,-18.1984],[23.3958,-18.1914],[23.3958,-18.1634],[23.3366,-18.0794],[23.3115,-18.0098],[23.2549,-17.9974]],[[23.2549,-17.9974],[22.9814,-18.02],[21.4757,-18.2995],[20.9751,-18.3193],[20.9848,-21.964],[20.972,-22.0007],[19.9783,-22.0007],[19.9814,-24.7525]],[[24.2964,-18.0262],[24.2382,-18.0099]],[[24.2382,-18.0099],[24.1831,-18.0294],[24.1351,-18.0855],[24.057,-18.119],[23.9712,-18.1839]],[[23.9712,-18.1839],[23.9566,-18.1766]],[[23.9566,-18.1766],[23.916,-18.2012],[23.9129,-18.2357],[23.7158,-18.4191],[23.6454,-18.466],[23.5922,-18.4782]],[[23.5922,-18.4782],[23.5466,-18.3695],[23.5608,-18.3485],[23.5188,-18.2937],[23.5273,-18.2777],[23.5015,-18.2375],[23.4641,-18.2255],[23.4294,-18.1885]],[[23.4294,-18.1885],[23.4189,-18.1984]]]}},{"type":"Feature","properties":{"featurecla":"International boundary (verify)","adm0_a3_l":"SEN","adm0_a3_r":"GMB"},"geometry":{"type":"MultiLineString","coordinates":[[[-15.0977,13.82],[-14.8793,13.7806],[-14.8313,13.7356],[-14.8029,13.6523],[-14.7409,13.6154]],[[-15.2673,13.7418],[-15.0977,13.82]],[[-15.3478,13.7886],[-15.3045,13.7819],[-15.2673,13.7418]],[[-15.5182,13.5831],[-15.5025,13.5883],[-15.4968,13.6483],[-15.4675,13.7083],[-15.3941,13.7715],[-15.3478,13.7886]],[[-14.6267,13.6635],[-14.5426,13.6408],[-14.5097,13.6091],[-14.4703,13.5224],[-14.3473,13.4524]],[[-14.7409,13.6154],[-14.6267,13.6635]],[[-14.6616,13.3409],[-14.7316,13.359],[-14.7903,13.4173],[-15.0151,13.4957],[-15.1377,13.59]],[[-15.1377,13.59],[-15.218,13.5147],[-15.2278,13.4252],[-15.2483,13.399],[-15.3098,13.3684],[-15.3792,13.3625]],[[-16.5614,13.5869],[-15.5182,13.5831]],[[-13.9885,13.5791],[-13.9181,13.555],[-13.8846,13.5055],[-13.8427,13.4766],[-13.8187,13.4294],[-13.8226,13.3782],[-13.851,13.3358],[-13.9006,13.3146],[-14.0995,13.282]],[[-14.0445,13.5586],[-13.9885,13.5791]],[[-14.0619,13.5601],[-14.0445,13.5586]],[[-14.3473,13.4524],[-14.0619,13.5601]],[[-15.3792,13.3625],[-15.5195,13.3866]],[[-15.5195,13.3866],[-15.6125,13.3542]],[[-15.6125,13.3542],[-15.6799,13.3607]],[[-15.6799,13.3607],[-15.8187,13.3335],[-15.8333,13.1568]],[[-14.3418,13.2336],[-14.395,13.243],[-14.4703,13.2983],[-14.5296,13.3073],[-14.5922,13.3531]],[[-14.5922,13.3531],[-14.6616,13.3409]],[[-14.0995,13.282],[-14.1168,13.2822]],[[-14.1168,13.2822],[-14.2017,13.2296],[-14.2306,13.2286]],[[-14.2306,13.2286],[-14.2849,13.2385]],[[-14.2849,13.2385],[-14.3418,13.2336]],[[-15.8333,13.1568],[-16.6735,13.1643]],[[-16.6735,13.1643],[-16.7084,13.1567],[-16.7485,13.0992],[-16.7537,13.065]]]}},{"type":"Feature","properties":{"featurecla":"International boundary (verify)","adm0_a3_l":"SAH","adm0_a3_r":"DZA"},"geometry":{"type":"LineString","coordinates":[[-8.6824,27.2854],[-8.6824,27.6614]]}},{"type":"Feature","properties":{"featurecla":"International boundary (verify)","adm0_a3_l":"LBY","adm0_a3_r":"DZA"},"geometry":{"type":"MultiLineString","coordinates":[[[9.5197,30.2289],[9.2865,30.1171],[9.5497,29.8023],[9.6677,29.6083],[9.8261,29.1285],[9.8483,28.9757],[9.8513,28.786],[9.777,28.2676],[9.9359,27.8667],[9.9343,27.8274],[9.8634,27.6192],[9.7939,27.5697],[9.8216,27.5057],[9.7563,27.423],[9.7213,27.2919],[9.8255,26.9206],[9.9106,26.8431],[9.8826,26.7018],[9.8963,26.6528],[9.8546,26.5244],[9.8358,26.5042],[9.4826,26.3526],[9.4776,26.3156],[9.4348,26.272],[9.3778,26.1689],[9.4012,26.1134],[10.0079,25.3314],[10.0214,25.268],[10.032,24.8563],[10.0445,24.8296],[10.1934,24.7499],[10.2422,24.5951],[10.4105,24.4733]],[[10.6991,24.5561],[11.5414,24.2975],[11.9689,23.5174]],[[10.4105,24.4733],[10.6991,24.5561]]]}},{"type":"Feature","properties":{"featurecla":"International boundary (verify)","adm0_a3_l":"NER","adm0_a3_r":"BFA"},"geometry":{"type":"MultiLineString","coordinates":[[[0.2185,14.911],[0.2208,14.8882],[0.1858,14.8482],[0.1841,14.8196],[0.2197,14.7312],[0.1529,14.5467],[0.1588,14.4961],[0.1886,14.4477],[0.3464,14.3076],[0.3888,14.2516],[0.3392,14.1258],[0.3785,14.0704],[0.3692,14.0391],[0.4019,14.0138],[0.4119,13.9784],[0.4567,13.9469],[0.4548,13.9024],[0.6005,13.7687],[0.5805,13.7138],[0.5943,13.6889],[0.6207,13.68]],[[0.7534,13.6841],[0.7664,13.6751],[0.7637,13.6464],[0.8131,13.625]],[[0.6207,13.68],[0.7534,13.6841]],[[0.8507,13.6286],[0.951,13.5832],[0.9914,13.5411],[1.0153,13.4657],[1.1572,13.3926],[1.2343,13.3776],[1.2687,13.3461],[1.2415,13.3355]],[[0.8131,13.625],[0.8507,13.6286]],[[1.1607,13.3113],[0.9835,13.3684]],[[0.9835,13.3684],[0.9704,13.3283],[0.9718,13.0673],[0.9835,13.0324],[1.114,12.9962],[1.5639,12.6321],[1.8261,12.6042]],[[1.2415,13.3355],[1.1877,13.3641]],[[1.1877,13.3641],[1.1607,13.3113]],[[1.9717,12.7242],[2.109,12.7056],[2.1933,12.6095],[2.2109,12.5231],[2.2463,12.4659],[2.245,12.4242],[2.1638,12.4048]],[[1.9345,12.6935],[1.9717,12.7242]],[[1.9196,12.6983],[1.9345,12.6935]],[[1.8261,12.6042],[1.8607,12.6171],[1.9196,12.6983]],[[2.1638,12.4048],[2.145,12.4117]],[[2.145,12.4117],[2.0693,12.3833],[2.0518,12.3419],[2.3381,11.9401],[2.3902,11.8965]]]}},{"type":"Feature","properties":{"featurecla":"International boundary (verify)","adm0_a3_l":"COG","adm0_a3_r":"CAF"},"geometry":{"type":"MultiLineString","coordinates":[[[17.6273,3.6263],[17.5505,3.6482],[17.4589,3.7083]],[[17.4589,3.7083],[17.3757,3.6634],[17.3344,3.6185],[17.2981,3.6159]],[[17.7651,3.6144],[17.7332,3.6322]],[[17.7332,3.6322],[17.6273,3.6263]],[[18.6264,3.4769],[18.5703,3.4896],[18.5134,3.5922],[18.4721,3.6321]],[[18.4721,3.6321],[18.4206,3.5964]],[[17.2981,3.6159],[17.2594,3.6259]],[[17.2594,3.6259],[17.1829,3.5796]],[[17.8564,3.5373],[17.8421,3.5401],[17.8083,3.6086],[17.7845,3.6182]],[[17.7845,3.6182],[17.7651,3.6144]],[[18.4206,3.5964],[18.4037,3.5974]],[[18.4037,3.5974],[18.3799,3.5744]],[[18.3799,3.5744],[18.3556,3.5815]],[[18.3556,3.5815],[18.2759,3.5744]],[[17.1829,3.5796],[17.1428,3.5808]],[[17.1428,3.5808],[17.0884,3.5644]],[[18.2759,3.5744],[18.2559,3.5772]],[[18.2559,3.5772],[18.22,3.5039],[18.1816,3.4774]],[[17.0884,3.5644],[17.0614,3.5661]],[[17.0614,3.5661],[17.0031,3.5377]],[[17.9695,3.5375],[17.9192,3.5656]],[[17.9192,3.5656],[17.8564,3.5373]],[[18.1816,3.4774],[18.1467,3.4949],[18.1164,3.552],[18.082,3.5635]],[[18.082,3.5635],[17.9695,3.5375]],[[16.9047,3.5506],[16.8678,3.5615]],[[16.8678,3.5615],[16.8532,3.5601],[16.8526,3.5328],[16.8119,3.5217]],[[16.9686,3.5335],[16.9324,3.5539]],[[16.9324,3.5539],[16.9047,3.5506]],[[16.8119,3.5217],[16.7094,3.5437]],[[16.7094,3.5437],[16.6394,3.5286],[16.5677,3.4644],[16.5115,3.2272],[16.4655,3.1565],[16.4908,3.0678],[16.4455,2.9577],[16.4483,2.9135],[16.4838,2.8604],[16.4791,2.8363],[16.1967,2.2365]],[[17.0031,3.5377],[16.9897,3.5395]],[[16.9897,3.5395],[16.9686,3.5335]]]}},{"type":"Feature","properties":{"featurecla":"International boundary (verify)","adm0_a3_l":"COG","adm0_a3_r":"CMR"},"geometry":{"type":"MultiLineString","coordinates":[[[16.1967,2.2365],[16.2077,2.2231],[16.1593,2.1821]],[[14.6461,2.1334],[14.6448,2.1542],[14.5621,2.2088]],[[14.5621,2.2088],[14.547,2.1665],[14.4329,2.1321]],[[16.1593,2.1821],[16.1204,2.2033]],[[16.1204,2.2033],[16.0858,2.1492],[16.0925,2.1069],[16.0767,2.0859],[16.0649,1.979],[16.1014,1.9328],[16.1351,1.8453],[16.159,1.7348],[16.1451,1.7143]],[[14.4329,2.1321],[14.3836,2.1621],[14.3203,2.1707]],[[14.3203,2.1707],[14.267,2.1524]],[[14.267,2.1524],[13.2946,2.1611]],[[14.7205,2.0996],[14.672,2.1343]],[[14.672,2.1343],[14.6461,2.1334]],[[14.7371,2.0961],[14.7273,2.0996],[14.7479,2.1132],[14.7209,2.1276]],[[14.7209,2.1276],[14.7205,2.0996]],[[14.9321,2.0033],[14.8925,2.0064],[14.9073,2.0589],[14.857,2.1159]],[[14.857,2.1159],[14.8412,2.0759],[14.7648,2.0655]],[[14.7648,2.0655],[14.7614,2.0996]],[[14.7614,2.0996],[14.7371,2.0961]],[[15.1836,2.0293],[15.1517,2.041]],[[15.1517,2.041],[15.1385,2.0115]],[[15.3374,1.9215],[15.3016,1.9436],[15.2954,1.9815],[15.2126,2.0396]],[[15.2126,2.0396],[15.1836,2.0293]],[[15.0437,1.9909],[14.971,2.0345]],[[14.971,2.0345],[14.963,2.0104],[14.9321,2.0033]],[[15.1385,2.0115],[15.1239,2.017]],[[15.1239,2.017],[15.0749,1.9794]],[[15.0749,1.9794],[15.0631,1.9972]],[[15.0631,1.9972],[15.0437,1.9909]],[[15.8899,1.7933],[15.8757,1.8238],[15.8029,1.86],[15.7574,1.913],[15.4829,1.9758]],[[15.4829,1.9758],[15.3374,1.9215]],[[15.9805,1.7706],[15.929,1.789],[15.9259,1.8047]],[[15.9259,1.8047],[15.8899,1.7933]],[[16.0699,1.6546],[16.022,1.7228],[16.022,1.7638],[15.9908,1.7762]],[[15.9908,1.7762],[15.9805,1.7706]],[[16.1451,1.7143],[16.1236,1.7216]],[[16.1236,1.7216],[16.0699,1.6546]]]}},{"type":"Feature","properties":{"featurecla":"International boundary (verify)","adm0_a3_l":"CAF","adm0_a3_r":"CMR"},"geometry":{"type":"MultiLineString","coordinates":[[[15.481,7.5233],[15.4195,7.4365],[15.4328,7.3897],[15.4032,7.3864],[15.3853,7.3584],[15.2239,7.2475],[15.1866,7.1663],[15.1875,7.0886],[15.1362,7.0453],[15.0346,6.7768],[14.9325,6.7103],[14.7822,6.3936],[14.7723,6.3183],[14.719,6.2579],[14.5764,6.1898]],[[14.5764,6.1898],[14.535,6.1901]],[[14.535,6.1901],[14.4306,6.0881],[14.4129,6.047]],[[14.4129,6.047],[14.4025,6.0549]],[[14.4025,6.0549],[14.3894,6.0311],[14.4469,5.97],[14.4657,5.9207],[14.5306,5.9059]],[[14.5725,5.9242],[14.6174,5.865],[14.6311,5.738],[14.5901,5.6083],[14.6174,5.4953],[14.5928,5.4],[14.5199,5.2906],[14.5397,5.2618],[14.6245,5.224],[14.6589,5.1645],[14.6595,4.997],[14.687,4.9089],[14.7015,4.8144],[14.6907,4.7621],[14.7173,4.622],[14.7797,4.545],[14.9939,4.4133],[15.0638,4.2934],[15.0845,4.1486],[15.1026,4.1124]],[[14.5306,5.9059],[14.5725,5.9242]],[[15.1178,4.1143],[15.1485,4.0739]],[[15.1026,4.1124],[15.1178,4.1143]],[[15.1624,4.0739],[15.1921,4.0522],[15.0917,4.0159]],[[15.1485,4.0739],[15.1624,4.0739]],[[15.0917,4.0159],[15.0431,4.0261]],[[15.0431,4.0261],[15.026,4.0261],[15.0849,3.8858],[15.1713,3.759],[15.7856,3.108],[15.8135,3.099]],[[15.8342,3.1085],[15.8548,3.099]],[[15.8135,3.099],[15.8342,3.1085]],[[15.8978,3.1035],[15.9501,3.061],[15.982,2.9767]],[[15.8548,3.099],[15.8978,3.1035]],[[16.0061,2.984],[16.0342,2.9706],[16.0924,2.8633],[16.0952,2.8368],[16.0562,2.7598],[16.0593,2.7118],[16.0728,2.7028]],[[15.982,2.9767],[16.0061,2.984]],[[16.0863,2.705],[16.1105,2.7014],[16.0903,2.6619],[16.1115,2.5862],[16.0903,2.5105],[16.1129,2.4104],[16.1865,2.2777],[16.1797,2.247],[16.1967,2.2365]],[[16.0728,2.7028],[16.0863,2.705]]]}},{"type":"Feature","properties":{"featurecla":"International boundary (verify)","adm0_a3_l":"UGA","adm0_a3_r":"SDS"},"geometry":{"type":"MultiLineString","coordinates":[[[33.9771,4.2197],[33.5326,3.7743],[33.4473,3.7444]],[[33.4473,3.7444],[33.1645,3.7631],[32.9972,3.8855]],[[32.9972,3.8855],[32.8404,3.7943],[32.7564,3.769],[32.3718,3.7311],[32.1878,3.6192],[32.1746,3.5209],[32.1558,3.5118]],[[32.1558,3.5118],[32.0762,3.5332],[32.0302,3.5859],[31.93,3.5984],[31.9019,3.7043],[31.8307,3.7839],[31.7779,3.8164]],[[31.7779,3.8164],[31.6868,3.7128],[31.5648,3.6898],[31.5237,3.6561]],[[31.5237,3.6561],[31.295,3.7742],[31.1676,3.7924]],[[31.1676,3.7924],[30.9858,3.6921]],[[30.9858,3.6921],[30.966,3.6926]],[[30.966,3.6926],[30.9444,3.6793],[30.8395,3.4902]]]}},{"type":"Feature","properties":{"featurecla":"International boundary (verify)","adm0_a3_l":"COD","adm0_a3_r":"AGO"},"geometry":{"type":"MultiLineString","coordinates":[[[13.0737,-4.6353],[13.0653,-4.664],[12.8029,-4.7398],[12.7748,-4.7795],[12.7662,-4.8252],[12.697,-4.8756],[12.6789,-4.9243],[12.6158,-4.9355],[12.5877,-5.0003],[12.4581,-5.0542]],[[12.4581,-5.0542],[12.4507,-5.0531]],[[12.4507,-5.0531],[12.4447,-5.0935],[12.5241,-5.1291],[12.5307,-5.1627],[12.509,-5.7263]],[[12.509,-5.7263],[12.3444,-5.7246]],[[12.3444,-5.7246],[12.259,-5.7367],[12.2106,-5.7635]]]}},{"type":"Feature","properties":{"featurecla":"International boundary (verify)","adm0_a3_l":"ZAF","adm0_a3_r":"MOZ"},"geometry":{"type":"LineString","coordinates":[[31.9492,-25.9581],[31.9058,-25.813],[31.9544,-25.6849],[31.9958,-25.6369],[31.9664,-25.4797],[31.9887,-25.3726],[31.9866,-24.4231],[31.8695,-24.1638],[31.8504,-23.9306],[31.7552,-23.8578],[31.6423,-23.5879],[31.5276,-23.4568],[31.5363,-23.157],[31.2791,-22.4153],[31.2889,-22.3973]]}},{"type":"Feature","properties":{"featurecla":"International boundary (verify)","adm0_a3_l":"SWZ","adm0_a3_r":"ZAF"},"geometry":{"type":"MultiLineString","coordinates":[[[31.8634,-25.9899],[31.4015,-25.736]],[[31.4015,-25.736],[31.3093,-25.7574],[31.1198,-25.91],[31.0378,-26.1001],[30.9699,-26.2091],[30.8046,-26.3975],[30.7829,-26.4724],[30.7857,-26.7169],[30.8024,-26.8089]],[[31.9492,-25.9581],[31.8634,-25.9899]],[[30.8802,-26.7722],[30.9026,-26.8313],[30.9551,-26.8914],[30.9536,-27.0003],[31.157,-27.2056],[31.5265,-27.3109],[31.9683,-27.3163]],[[30.8024,-26.8089],[30.8364,-26.8051],[30.8802,-26.7722]],[[31.9901,-26.8083],[32.0732,-26.8114],[32.1139,-26.84]],[[31.9683,-27.3163],[31.9474,-27.2555],[31.9421,-27.1007],[31.9901,-26.8083]]]}},{"type":"Feature","properties":{"featurecla":"International boundary (verify)","adm0_a3_l":"MOZ","adm0_a3_r":"ZMB"},"geometry":{"type":"LineString","coordinates":[[33.2027,-14.0139],[31.6584,-14.5196],[31.4109,-14.6336],[30.8158,-14.7682],[30.4856,-14.886],[30.3184,-14.967],[30.2145,-14.9815],[30.2258,-15.1063],[30.2631,-15.2313],[30.2879,-15.2789],[30.3349,-15.3047],[30.3649,-15.3542],[30.3718,-15.4398],[30.3929,-15.4808],[30.3653,-15.5474],[30.4127,-15.6279],[30.3963,-15.636]]}},{"type":"Feature","properties":{"featurecla":"International boundary (verify)","adm0_a3_l":"ZMB","adm0_a3_r":"COD"},"geometry":{"type":"MultiLineString","coordinates":[[[30.7521,-8.1941],[28.8892,-8.4831],[28.9355,-8.5908],[28.9305,-8.6799],[28.8931,-8.7658],[28.7654,-8.934],[28.5991,-9.0964],[28.3723,-9.2351],[28.3525,-9.272],[28.3685,-9.3086],[28.4954,-9.3532],[28.516,-9.3783],[28.5197,-9.4456],[28.5628,-9.4849],[28.5863,-9.544]],[[28.6178,-9.5433],[28.5836,-9.5638],[28.6218,-9.6383],[28.6313,-9.7156],[28.6985,-9.792],[28.6685,-9.8216],[28.6279,-9.9294],[28.6285,-10.1027],[28.5699,-10.2196],[28.6239,-10.2764],[28.6209,-10.3733],[28.6461,-10.4384],[28.6349,-10.5195],[28.6723,-10.5643],[28.6655,-10.609],[28.6996,-10.6432],[28.6815,-10.6819],[28.6462,-10.7098]],[[28.5863,-9.544],[28.6178,-9.5433]],[[28.6462,-10.7098],[28.6335,-10.7089]],[[28.6335,-10.7089],[28.5635,-10.8119],[28.5472,-10.9138],[28.4768,-11.078],[28.4873,-11.1534],[28.4737,-11.2257],[28.4362,-11.2891],[28.4396,-11.3482],[28.4086,-11.3724],[28.3544,-11.4647],[28.3603,-11.5336],[28.4055,-11.6052],[28.4525,-11.7808],[28.4889,-11.8087],[28.5079,-11.8728]],[[24.1242,-11.0433],[24.1142,-10.9192],[24.0484,-10.8823],[23.9675,-10.8723]],[[24.238,-11.048],[24.1646,-11.034]],[[24.1646,-11.034],[24.1242,-11.0433]],[[24.4696,-11.4656],[24.4264,-11.4541],[24.3702,-11.4102],[24.3101,-11.4066],[24.2855,-11.3812],[24.3524,-11.345],[24.3922,-11.2791],[24.3978,-11.2383],[24.3913,-11.1998],[24.3617,-11.1647],[24.3818,-11.1206],[24.3705,-11.1002],[24.2751,-11.0479]],[[24.2751,-11.0479],[24.238,-11.048]],[[25.3604,-11.6472],[25.3274,-11.6167],[25.3004,-11.535],[25.3167,-11.473],[25.279,-11.3963],[25.278,-11.3718],[25.3065,-11.3331],[25.2847,-11.3073],[25.3249,-11.2837],[25.3225,-11.2054],[25.3103,-11.1948]],[[25.3103,-11.1948],[25.184,-11.2467],[24.9812,-11.2719]],[[24.9812,-11.2719],[24.9429,-11.2686]],[[24.9429,-11.2686],[24.8267,-11.3176],[24.6741,-11.3416],[24.5542,-11.4463]],[[24.5542,-11.4463],[24.5425,-11.4454]],[[24.5425,-11.4454],[24.4696,-11.4656]],[[27.7107,-12.3063],[27.6382,-12.2936],[27.5205,-12.1796],[27.4676,-12.0016],[27.4207,-11.922],[27.2342,-11.8091],[27.21,-11.722],[27.2076,-11.6394],[27.1801,-11.5696]],[[27.1801,-11.5696],[27.0545,-11.5975]],[[27.0545,-11.5975],[27.0324,-11.5943]],[[27.0324,-11.5943],[27.0103,-11.6098],[27.0215,-11.6979],[26.9811,-11.749],[26.9673,-11.8704],[26.9477,-11.9091],[26.8742,-11.9643],[26.8317,-11.9733]],[[25.4956,-11.7765],[25.4741,-11.7562],[25.4812,-11.7153],[25.3732,-11.6471]],[[25.3732,-11.6471],[25.3604,-11.6472]],[[25.8016,-11.8042],[25.7256,-11.8005],[25.6215,-11.7289],[25.5757,-11.7273]],[[25.5757,-11.7273],[25.561,-11.7533],[25.4956,-11.7765]],[[25.9941,-11.9048],[25.9636,-11.8951],[25.9498,-11.864],[25.8398,-11.7919]],[[25.8398,-11.7919],[25.8016,-11.8042]],[[28.5211,-11.8657],[28.5495,-11.8796],[28.5692,-11.9137]],[[28.5079,-11.8728],[28.5211,-11.8657]],[[28.5927,-11.9005],[28.6239,-11.9478],[28.7071,-11.9894]],[[28.5692,-11.9137],[28.5927,-11.9005]],[[26.2296,-11.9331],[26.1667,-11.9024]],[[26.1667,-11.9024],[25.9941,-11.9048]],[[26.6971,-12.0175],[26.6435,-11.9855],[26.4891,-11.9608],[26.4146,-11.9118]],[[26.4146,-11.9118],[26.3391,-11.919],[26.298,-11.9412]],[[26.298,-11.9412],[26.2656,-11.9308]],[[26.2656,-11.9308],[26.2296,-11.9331]],[[26.8317,-11.9733],[26.785,-11.9684]],[[26.785,-11.9684],[26.7594,-11.9687],[26.6971,-12.0175]],[[28.742,-11.9843],[28.7599,-12.0352],[28.8215,-12.0757],[28.8595,-12.1418],[28.9447,-12.2061],[29.0351,-12.3789]],[[28.7071,-11.9894],[28.742,-11.9843]],[[29.7993,-12.1541],[29.7976,-13.4242],[29.7672,-13.4584]],[[29.6319,-12.216],[29.7349,-12.1648],[29.7993,-12.1541]],[[29.5903,-12.1881],[29.6319,-12.216]],[[29.4805,-12.4549],[29.5147,-12.4439],[29.5282,-12.4105],[29.5234,-12.3925],[29.4805,-12.3805],[29.4466,-12.3351],[29.4679,-12.2553],[29.4895,-12.2315],[29.5903,-12.1881]],[[27.981,-12.3745],[27.9587,-12.3678],[27.9339,-12.3033],[27.8314,-12.2599]],[[27.8314,-12.2599],[27.7883,-12.2965],[27.7107,-12.3063]],[[29.255,-12.3662],[29.2955,-12.401],[29.3644,-12.4093],[29.4392,-12.442]],[[29.1111,-12.3935],[29.1734,-12.3676],[29.255,-12.3662]],[[28.1313,-12.4292],[28.0877,-12.3775],[28.014,-12.3705]],[[28.014,-12.3705],[27.981,-12.3745]],[[29.1002,-12.374],[29.1111,-12.3935]],[[29.0672,-12.3848],[29.1002,-12.374]],[[29.0427,-12.3788],[29.0672,-12.3848]],[[29.0351,-12.3789],[29.0427,-12.3788]],[[28.2375,-12.4371],[28.1858,-12.4024]],[[28.1858,-12.4024],[28.1313,-12.4292]],[[28.5685,-12.8955],[28.5428,-12.8856],[28.5394,-12.8338],[28.4809,-12.7621],[28.474,-12.7365],[28.5116,-12.6944],[28.5123,-12.6684],[28.4364,-12.5428],[28.3397,-12.4505],[28.2838,-12.4341]],[[28.2838,-12.4341],[28.2375,-12.4371]],[[29.4533,-12.4408],[29.4805,-12.4549]],[[29.4392,-12.442],[29.4533,-12.4408]],[[29.0103,-13.3994],[28.9504,-13.351],[28.9034,-13.1623],[28.8537,-13.1371],[28.8442,-13.1024],[28.8258,-13.0928],[28.8309,-13.0518],[28.8094,-13.0384],[28.7934,-12.9916],[28.6679,-12.8493],[28.6212,-12.8394]],[[28.6212,-12.8394],[28.5685,-12.8955]],[[29.6411,-13.2628],[29.551,-13.2242]],[[29.551,-13.2242],[29.4496,-13.3003],[29.3083,-13.3537],[29.1841,-13.4369]],[[29.7672,-13.4584],[29.6631,-13.4469],[29.6107,-13.411],[29.6017,-13.3744],[29.6251,-13.3642],[29.6266,-13.3264],[29.6675,-13.292],[29.6497,-13.2599]],[[29.6497,-13.2599],[29.6411,-13.2628]],[[29.1841,-13.4369],[29.1221,-13.3843]],[[29.1221,-13.3843],[29.0103,-13.3994]]]}},{"type":"Feature","properties":{"featurecla":"International boundary (verify)","adm0_a3_l":"TGO","adm0_a3_r":"BFA"},"geometry":{"type":"MultiLineString","coordinates":[[[0.4876,10.9332],[0.4997,10.9757],[0.4836,10.9797],[0.4866,11.0032],[-0.1661,11.135]],[[0.9015,10.9927],[0.6753,10.9885],[0.4876,10.9332]]]}},{"type":"Feature","properties":{"featurecla":"International boundary (verify)","adm0_a3_l":"BEN","adm0_a3_r":"TGO"},"geometry":{"type":"MultiLineString","coordinates":[[[0.9015,10.9927],[0.8758,10.9312],[0.8851,10.8694],[0.8629,10.7961],[0.7813,10.693],[0.7885,10.5639],[0.7607,10.3822],[1.331,9.9965],[1.3438,9.9624],[1.356,9.6475],[1.3513,9.5951],[1.3232,9.5423],[1.3513,9.4825]],[[1.3684,9.4908],[1.4012,9.3213],[1.5673,9.1367],[1.6012,9.0495],[1.6076,8.5588],[1.6442,8.4935],[1.6076,8.4219],[1.6011,8.3716],[1.6256,8.2705],[1.6257,6.9968],[1.6075,6.9914]],[[1.3513,9.4825],[1.3684,9.4908]],[[1.6075,6.9914],[1.5319,6.9919]],[[1.5319,6.9919],[1.5514,6.9209],[1.5901,6.8673],[1.5832,6.8083],[1.6011,6.7464],[1.566,6.6781],[1.5963,6.6364],[1.5973,6.6008],[1.6368,6.5723]],[[1.6466,6.5732],[1.6808,6.5301],[1.6817,6.4898],[1.7184,6.467],[1.7441,6.4257],[1.7824,6.2773],[1.6331,6.2457],[1.6124,6.2348],[1.6197,6.2139]],[[1.6368,6.5723],[1.6466,6.5732]]]}},{"type":"Feature","properties":{"featurecla":"International boundary (verify)","adm0_a3_l":"GHA","adm0_a3_r":"BFA"},"geometry":{"type":"MultiLineString","coordinates":[[[-0.1661,11.135],[-0.3017,11.1629]],[[-0.3017,11.1629],[-0.3061,11.1135],[-0.3689,11.0652]],[[-0.3689,11.0652],[-0.4059,11.1015]],[[-0.4059,11.1015],[-0.4252,11.1015],[-0.4444,11.0774],[-0.4567,11.0296],[-0.5165,10.9886]],[[-1.1076,10.9943],[-1.3553,10.9967],[-1.4361,11.0227],[-1.5624,11.0266]],[[-1.5624,11.0266],[-1.5987,10.9971],[-2.7507,10.9858]],[[-0.9044,10.9795],[-0.924,11.0014],[-1.0703,11.0139]],[[-1.0703,11.0139],[-1.1076,10.9943]],[[-0.6902,10.9818],[-0.696,10.994],[-0.8278,11.0058]],[[-0.8278,11.0058],[-0.9006,10.9662]],[[-2.7507,10.9858],[-2.7511,10.9965],[-2.8373,10.998]],[[-2.8373,10.998],[-2.8214,10.9063],[-2.8642,10.8643],[-2.9189,10.7066]],[[-0.5165,10.9886],[-0.5554,10.99]],[[-0.5554,10.99],[-0.5906,10.9824],[-0.6348,10.908]],[[-0.6348,10.908],[-0.6828,10.9536],[-0.668,10.9765],[-0.6832,10.9843]],[[-0.6832,10.9843],[-0.6902,10.9818]],[[-0.9006,10.9662],[-0.8939,10.9799]],[[-0.8939,10.9799],[-0.9044,10.9795]],[[-2.9169,10.7066],[-2.9051,10.6927],[-2.9325,10.6343],[-2.8915,10.5217],[-2.8244,10.435],[-2.7676,10.4212],[-2.8223,10.3876],[-2.8413,10.3433],[-2.8332,10.306],[-2.7932,10.2785]],[[-2.9189,10.7066],[-2.9169,10.7066]],[[-2.7845,10.2788],[-2.7544,10.248],[-2.7985,10.1895],[-2.7885,10.0388],[-2.7544,9.9668],[-2.7649,9.8958],[-2.7339,9.8228],[-2.7916,9.7409],[-2.7748,9.6893]],[[-2.7932,10.2785],[-2.7845,10.2788]],[[-2.7693,9.6899],[-2.7402,9.6508],[-2.7615,9.6253],[-2.7663,9.5765],[-2.6892,9.4887]],[[-2.7748,9.6893],[-2.7693,9.6899]]]}},{"type":"Feature","properties":{"featurecla":"International boundary (verify)","adm0_a3_l":"MOZ","adm0_a3_r":"MWI"},"geometry":{"type":"MultiLineString","coordinates":[[[34.9646,-11.5736],[34.6512,-11.57]],[[34.6512,-11.57],[34.6071,-11.5911],[34.612,-11.6931],[34.5638,-11.8309],[34.3801,-12.1039],[34.354,-12.1995],[34.4945,-12.6874],[34.5493,-13.1591],[34.5453,-13.3257],[34.6376,-13.4882],[34.6675,-13.5009]],[[34.7954,-13.4988],[34.8944,-13.5347],[35.0841,-13.7042],[35.4557,-14.137],[35.5228,-14.2627],[35.8472,-14.6504],[35.8633,-14.8767],[35.8828,-14.8875]],[[34.6675,-13.5009],[34.7954,-13.4988]],[[33.6624,-14.607],[33.633,-14.5914],[33.5958,-14.5114],[33.5459,-14.4816],[33.5125,-14.433],[33.4574,-14.4043],[33.3543,-14.2253],[33.2906,-14.1569],[33.2802,-14.0608],[33.2027,-14.0139]],[[35.033,-16.8192],[35.0045,-16.8146],[34.9481,-16.7593],[34.9055,-16.7408],[34.8935,-16.7057],[34.8446,-16.6784],[34.8195,-16.6278],[34.7321,-16.5292],[34.655,-16.4894],[34.6374,-16.4505],[34.5751,-16.3923],[34.5247,-16.3008],[34.446,-16.2932],[34.4265,-16.2739],[34.3852,-16.1865],[34.4045,-16.0597],[34.3043,-15.9522],[34.244,-15.9176],[34.2332,-15.8898],[34.2471,-15.7941],[34.2933,-15.7511],[34.3418,-15.7309],[34.404,-15.6468],[34.4191,-15.5753],[34.4101,-15.4813],[34.4804,-15.4129],[34.4966,-15.3627],[34.5468,-15.3232],[34.5691,-15.2712],[34.5487,-15.0576],[34.5842,-14.9845],[34.5511,-14.9183],[34.5428,-14.7963],[34.5058,-14.7003],[34.5181,-14.6074],[34.4265,-14.4976],[34.3721,-14.402],[34.3441,-14.3874]],[[34.3441,-14.3874],[34.3049,-14.4058]],[[34.3049,-14.4058],[34.2889,-14.404]],[[34.2889,-14.404],[34.1824,-14.4395],[34.1096,-14.4414],[34.0775,-14.4547],[34.0508,-14.4952]],[[34.0508,-14.4952],[33.9163,-14.4813]],[[33.9163,-14.4813],[33.8024,-14.5328]],[[33.8024,-14.5328],[33.7742,-14.53],[33.7204,-14.4897]],[[33.7204,-14.4897],[33.6841,-14.5188],[33.6624,-14.607]],[[35.9043,-14.8869],[35.7842,-15.1718],[35.8405,-15.4172],[35.7946,-16.0207],[35.77,-16.0588],[35.6779,-16.1135]],[[35.8828,-14.8875],[35.9043,-14.8869]],[[35.6779,-16.1135],[35.6589,-16.1101]],[[35.6589,-16.1101],[35.529,-16.1408],[35.5146,-16.1714]],[[35.5146,-16.1714],[35.4564,-16.1294],[35.4161,-16.1229]],[[35.4161,-16.1229],[35.3746,-16.141],[35.2772,-16.234],[35.2519,-16.3178],[35.2662,-16.3565],[35.2387,-16.3941],[35.2282,-16.4703],[35.1319,-16.5376],[35.1743,-16.6255],[35.223,-16.6421],[35.2782,-16.7007],[35.2851,-16.7867],[35.3102,-16.8506],[35.2852,-16.8711],[35.2851,-16.9301],[35.271,-16.9442],[35.3144,-16.9823],[35.2987,-17.0136],[35.305,-17.1042],[35.2919,-17.1293],[35.2348,-17.1353]],[[35.2348,-17.1353],[35.1339,-17.132],[35.066,-17.1098],[35.0691,-17.0841],[35.0365,-17.0359],[35.0444,-17.0047],[35.1134,-16.9603],[35.1281,-16.9007],[35.1183,-16.8334],[35.0628,-16.8164]],[[35.0628,-16.8164],[35.033,-16.8192]]]}},{"type":"Feature","properties":{"featurecla":"International boundary (verify)","adm0_a3_l":"UGA","adm0_a3_r":"KEN"},"geometry":{"type":"MultiLineString","coordinates":[[[34.108,3.8689],[34.0848,3.8773],[34.1096,3.9434],[34.0611,4.0078],[34.0724,4.0764],[34.041,4.1204],[34.0411,4.1648],[33.9771,4.2197]],[[34.1652,3.7708],[34.1525,3.7756],[34.179,3.7961],[34.149,3.8227],[34.2076,3.8609],[34.205,3.8745],[34.1634,3.8862]],[[34.1634,3.8862],[34.108,3.8689]],[[34.2904,3.7032],[34.2409,3.7836]],[[34.2409,3.7836],[34.1652,3.7708]],[[34.6541,2.8565],[34.5747,2.9461],[34.5338,3.1185],[34.4449,3.1591],[34.434,3.182],[34.4241,3.3048],[34.384,3.3883],[34.3986,3.4336],[34.3813,3.4769],[34.4345,3.5262],[34.4464,3.6467],[34.4397,3.6677],[34.3371,3.7346]],[[34.3371,3.7346],[34.2904,3.7032]],[[34.8418,2.5878],[34.8187,2.598],[34.7765,2.6856],[34.7369,2.8444],[34.685,2.881]],[[34.685,2.881],[34.6541,2.8565]],[[34.5404,1.0894],[34.5612,1.0934],[34.5805,1.1525],[34.6289,1.1636],[34.6838,1.2091],[34.7979,1.2319],[34.8105,1.2725],[34.779,1.3885],[34.8384,1.4372],[34.8595,1.5179],[34.8826,1.5522],[34.9337,1.5757],[34.9787,1.6759],[34.9797,1.8703],[35.0065,1.9169],[34.962,1.9778],[34.9675,2.1019],[34.8656,2.3475],[34.8679,2.4115],[34.9061,2.4369],[34.9236,2.4773],[34.8871,2.5224],[34.8656,2.6049]],[[34.8656,2.6049],[34.8418,2.5878]],[[34.5075,1.1025],[34.5404,1.0894]],[[33.9042,-1.0026],[33.8948,-0.6627],[33.9535,-0.1544],[33.8936,0.1098],[34.0852,0.347],[34.0757,0.4222],[34.1044,0.4622],[34.1496,0.6036],[34.2521,0.655],[34.2762,0.6808],[34.2984,0.7593],[34.388,0.8158],[34.4572,0.9576],[34.4772,1.0646],[34.5075,1.1025]]]}},{"type":"Feature","properties":{"featurecla":"International boundary (verify)","adm0_a3_l":"UGA","adm0_a3_r":"COD"},"geometry":{"type":"MultiLineString","coordinates":[[[30.8964,3.52],[30.9093,3.4961],[30.91,3.3934],[30.8042,3.246],[30.7438,3.0555],[30.7571,3.0215],[30.8209,2.9732],[30.844,2.9328],[30.8534,2.8534],[30.8287,2.7861],[30.8016,2.7691],[30.7353,2.5931],[30.737,2.5195],[30.7077,2.4623],[30.7249,2.4408],[30.8049,2.4344],[30.8198,2.376],[30.8718,2.3321]],[[30.8395,3.4902],[30.8964,3.52]],[[30.9309,2.4056],[30.9849,2.3946],[31.0413,2.3312],[31.0407,2.2979],[31.1126,2.2821]],[[30.8718,2.3321],[30.9006,2.346],[30.9309,2.4056]],[[31.1776,2.3029],[31.1901,2.2215],[31.2804,2.1534],[31.2428,2.0512],[31.0258,1.7782],[30.6817,1.5003],[30.4783,1.2386],[30.3993,1.2006]],[[31.1126,2.2821],[31.1776,2.3029]],[[30.3993,1.2006],[30.3766,1.2031]],[[30.3766,1.2031],[30.3238,1.1558]],[[30.3238,1.1558],[30.2865,1.1743]],[[30.2865,1.1743],[30.2389,1.136],[30.2153,1.0771],[30.221,1.0171],[30.1548,0.9087],[30.0384,0.8789],[29.9473,0.8246],[29.9268,0.7749],[29.9195,0.6181],[29.9405,0.4983],[29.8396,0.3585],[29.7872,0.1585]],[[29.7872,0.1585],[29.7613,0.1721]],[[29.7613,0.1721],[29.7031,0.0725],[29.7143,-0.0075],[29.6294,-0.4424],[29.6531,-0.5656],[29.6188,-0.5994],[29.6306,-0.622],[29.603,-0.7229],[29.6108,-0.864],[29.5547,-0.9286],[29.5485,-1.0026],[29.5701,-1.0779],[29.557,-1.1818],[29.5814,-1.2348],[29.5715,-1.2792],[29.5871,-1.3106],[29.5779,-1.3884]]]}},{"type":"Feature","properties":{"featurecla":"International boundary (verify)","adm0_a3_l":"SDN","adm0_a3_r":"ERI"},"geometry":{"type":"MultiLineString","coordinates":[[[38.2097,17.5223],[38.2502,17.5418],[38.2566,17.6025],[38.3437,17.6559],[38.4593,17.8907],[38.6016,18.0048]],[[38.1606,17.5573],[38.2097,17.5223]],[[38.0765,17.4799],[38.108,17.4938],[38.1195,17.5456],[38.1606,17.5573]],[[38.0388,17.5482],[38.0712,17.5381],[38.0765,17.4799]],[[37.872,17.4373],[38.0388,17.5482]],[[37.7989,17.4771],[37.872,17.4373]],[[37.4034,17.0299],[37.4598,17.0947],[37.4947,17.1746],[37.5056,17.2368],[37.496,17.3122],[37.7204,17.3838],[37.7639,17.4591],[37.7989,17.4771]],[[37.0005,17.0726],[37.134,17.0164]],[[36.5264,14.2635],[36.4251,15.1334],[36.5249,15.2479],[36.5756,15.3934],[36.6279,15.4456],[36.6167,15.5315],[36.671,15.7231],[36.7595,15.8375],[36.8859,16.1849],[36.9543,16.2783],[36.9282,16.3611],[36.9337,16.4181],[36.8834,16.4904],[36.8773,16.5273],[36.8924,16.6369],[36.9604,16.7056],[36.985,16.7657],[36.9997,16.8421],[36.9906,16.9136],[36.9681,16.9466],[36.997,16.9995],[36.9713,17.0541],[37.0005,17.0726]],[[37.3098,17.0553],[37.4034,17.0299]],[[37.2031,17.0228],[37.3098,17.0553]],[[37.1883,17.0249],[37.2031,17.0228]],[[37.134,17.0164],[37.1883,17.0249]]]}},{"type":"Feature","properties":{"featurecla":"International boundary (verify)","adm0_a3_l":"ERI","adm0_a3_r":"ETH"},"geometry":{"type":"MultiLineString","coordinates":[[[37.8915,14.8795],[37.9984,14.7309],[38.1333,14.6778]],[[37.5537,14.1055],[37.8915,14.8795]],[[38.1903,14.6873],[38.2293,14.6797],[38.2576,14.6104],[38.2893,14.5877],[38.3134,14.5193],[38.3943,14.4643],[38.4352,14.4163]],[[38.1333,14.6778],[38.1903,14.6873]],[[39.0097,14.6512],[39.0855,14.6335],[39.1275,14.6022],[39.2082,14.4402]],[[38.7244,14.4594],[38.8661,14.4937],[38.9797,14.5671],[39.0097,14.6512]],[[39.515,14.5678],[39.5521,14.5567],[39.5995,14.5116],[39.6777,14.4942]],[[39.3476,14.4818],[39.4894,14.5245],[39.515,14.5678]],[[39.7669,14.5048],[39.9112,14.4234]],[[39.6777,14.4942],[39.7669,14.5048]],[[39.2934,14.4903],[39.3476,14.4818]],[[39.2082,14.4402],[39.2332,14.4404],[39.2685,14.4864],[39.2934,14.4903]],[[38.6685,14.4677],[38.7244,14.4594]],[[38.493,14.4183],[38.6066,14.4365],[38.6685,14.4677]],[[40.1046,14.466],[40.1944,14.4446],[40.2771,14.4046],[40.4216,14.2738],[40.4798,14.2444],[40.5859,14.1947],[40.7723,14.1484],[40.8332,14.106],[41.0436,13.8725],[41.192,13.6159],[41.5307,13.3938],[41.7118,13.2479],[41.7848,13.1646],[41.8943,12.948],[41.9466,12.8762],[42.1373,12.7733],[42.1849,12.733],[42.2502,12.624],[42.3795,12.4659]],[[40.0232,14.4512],[40.1046,14.466]],[[39.9798,14.4587],[40.0232,14.4512]],[[39.9112,14.4234],[39.9798,14.4587]],[[37.2938,14.4574],[37.3902,14.3582],[37.3977,14.3017],[37.4526,14.2606],[37.4754,14.1996],[37.5165,14.1806],[37.5253,14.1288],[37.5537,14.1055]],[[37.2582,14.4481],[37.2938,14.4574]],[[37.1842,14.4496],[37.2582,14.4481]],[[37.0524,14.2753],[37.0835,14.2977],[37.0978,14.3795],[37.1211,14.4208],[37.1842,14.4496]],[[38.4437,14.4187],[38.493,14.4183]],[[38.4352,14.4163],[38.4437,14.4187]],[[36.8164,14.3321],[36.9469,14.3047],[37.0056,14.2632]],[[36.5457,14.2632],[36.5657,14.2929],[36.6485,14.3146],[36.8164,14.3321]],[[37.0343,14.2775],[37.0524,14.2753]],[[37.0056,14.2632],[37.0343,14.2775]],[[36.5264,14.2635],[36.5457,14.2632]]]}},{"type":"Feature","properties":{"featurecla":"International boundary (verify)","adm0_a3_l":"EST","adm0_a3_r":"RUS"},"geometry":{"type":"MultiLineString","coordinates":[[[28.1818,59.3561],[28.1865,59.3749],[28.1378,59.4004],[28.1048,59.4392],[28.0191,59.4818]],[[28.1575,59.364],[28.1818,59.3561]],[[28.0732,59.319],[28.0006,59.3337],[28.1575,59.364]],[[28.0766,59.3053],[28.0969,59.3194]],[[28.0969,59.3194],[28.0732,59.319]],[[27.9597,59.3065],[28.0766,59.3053]],[[27.3529,57.5276],[27.328,57.5832],[27.3821,57.6027],[27.377,57.6567],[27.3914,57.6802],[27.5078,57.7148],[27.5024,57.7725],[27.5539,57.7948],[27.5246,57.8073],[27.7007,57.8248],[27.7993,57.8611],[27.7744,57.8907],[27.665,57.9184],[27.6752,57.9678],[27.6691,57.992],[27.6316,58.0042],[27.6304,58.0883],[27.4954,58.2215],[27.4828,58.2686],[27.4941,58.3195],[27.5549,58.3952],[27.4106,58.7549],[27.4778,58.8754],[27.7133,58.9919],[27.8424,59.1612],[27.8908,59.258],[27.8823,59.2757],[27.9597,59.3065]]]}},{"type":"Feature","properties":{"featurecla":"International boundary (verify)","adm0_a3_l":"IND","adm0_a3_r":"PAK"},"geometry":{"type":"MultiLineString","coordinates":[[[75.2984,32.3324],[75.353,32.2844],[75.359,32.2617],[75.3166,32.2107],[75.2947,32.1489]],[[75.2947,32.1489],[75.2633,32.1509]],[[75.2633,32.1509],[75.1958,32.1286],[75.1731,32.1097],[75.1742,32.0868]],[[75.1103,32.0776],[75.0408,32.098]],[[75.0408,32.098],[75.0226,32.0947],[75.0202,32.0658]],[[75.1742,32.0868],[75.1384,32.0935]],[[75.1384,32.0935],[75.1103,32.0776]],[[75.0202,32.0658],[74.9956,32.0674]],[[74.9956,32.0674],[74.9679,32.0379],[74.9314,32.0298]],[[74.9314,32.0298],[74.9088,32.0319]],[[74.9088,32.0319],[74.8732,32.0117]],[[74.8732,32.0117],[74.8286,32.0254]],[[74.8286,32.0254],[74.7837,31.9429],[74.763,31.939]],[[74.763,31.939],[74.6984,31.9502]],[[74.6984,31.9502],[74.67,31.9042],[74.5504,31.827],[74.5351,31.7711],[74.4894,31.7112],[74.5556,31.6122],[74.6172,31.4589],[74.5322,31.3032],[74.5091,31.1957],[74.5149,31.1418],[74.5531,31.109]],[[74.5969,31.1158],[74.6588,31.0838],[74.5795,31.0427],[74.5641,31.0044],[74.5193,30.9625],[74.4416,30.9462],[74.4013,30.8931]],[[74.5531,31.109],[74.5969,31.1158]],[[74.4013,30.8931],[74.3425,30.9019]],[[74.3425,30.9019],[74.3107,30.8845],[74.3002,30.8382],[74.2567,30.8153],[74.2667,30.7884],[74.1912,30.717],[74.1637,30.6649],[74.0674,30.6105],[74.0575,30.5314],[74.0044,30.5089],[73.9391,30.4261],[73.9167,30.4172]],[[73.9167,30.4172],[73.8999,30.4221]],[[73.8999,30.4221],[73.9061,30.3948]],[[73.9061,30.3948],[73.8876,30.3965]],[[73.8876,30.3965],[73.8423,30.353],[73.9119,30.3038],[73.9489,30.2173],[73.9444,30.1883],[73.7397,30.0485],[73.5578,30.0125],[73.3703,29.9273],[73.2329,29.5366],[72.9182,29.0329],[72.3546,28.7672],[72.2565,28.6456],[72.1978,28.4449],[72.1499,28.3538],[71.9882,28.2281],[71.9083,28.1356],[71.8744,27.9597],[71.5607,27.8685],[71.4771,27.8624]],[[70.8316,27.7015],[70.7618,27.7098],[70.7104,27.7412],[70.6407,27.8548],[70.6332,27.9316],[70.5349,28.016],[70.4562,28.0398]],[[70.4562,28.0398],[70.3239,28.0004],[70.102,27.8117],[69.9935,27.5711],[69.9081,27.4973],[69.848,27.4104],[69.5756,27.1884],[69.5344,27.1256],[69.5076,27.0501],[69.4651,26.8078],[69.4728,26.7666],[69.5042,26.7352],[69.6594,26.6777],[69.7723,26.5951],[69.8156,26.5803]],[[71.4771,27.8624],[71.3978,27.8684]],[[71.3978,27.8684],[71.2263,27.8454],[70.9138,27.7178],[70.8316,27.7015]],[[70.0561,26.5891],[70.1296,26.5625],[70.1581,26.5301],[70.1629,26.4933],[70.1605,26.3713],[70.1425,26.3137],[70.1469,26.2174],[70.0783,26.0996],[70.0646,25.9803],[70.115,25.8817],[70.214,25.7863],[70.2492,25.7077],[70.3601,25.6735]],[[69.8156,26.5803],[70.0561,26.5891]],[[70.5923,25.7088],[70.6323,25.7014],[70.6539,25.6745],[70.6545,25.3966],[70.7105,25.3359],[70.7349,25.2673],[70.8486,25.1633],[70.9152,24.9466],[71.0639,24.6826],[70.9771,24.6397],[70.9548,24.5845],[70.9578,24.556],[70.9809,24.5347],[70.9771,24.4649],[71.075,24.4364],[71.0828,24.4115],[70.9967,24.3566]],[[70.3601,25.6735],[70.4772,25.6763],[70.5923,25.7088]],[[70.7555,24.2314],[70.6215,24.2412],[70.5847,24.2579],[70.5602,24.2873],[70.5456,24.3622],[70.5752,24.4],[70.5629,24.4241],[70.5209,24.4249]],[[70.5209,24.4249],[70.4164,24.4019],[70.3532,24.3663],[70.2985,24.3634],[70.2426,24.3306],[70.1097,24.3049],[70.0521,24.2021],[70.016,24.1741],[69.7691,24.1626]],[[70.9967,24.3566],[70.9363,24.3672]],[[70.9363,24.3672],[70.8409,24.3058],[70.8515,24.2649],[70.7555,24.2314]],[[68.8388,24.2365],[68.8197,24.2503],[68.7992,24.3291],[68.7473,24.3312]],[[68.7473,24.3312],[68.7259,24.2892],[68.7245,23.9652]],[[68.9808,24.2554],[68.9626,24.2572],[68.9042,24.3206]],[[68.9042,24.3206],[68.8851,24.3136],[68.8388,24.2365]],[[69.1667,24.2532],[69.0677,24.2884]],[[69.0677,24.2884],[68.9808,24.2554]],[[69.7691,24.1626],[69.6706,24.1887],[69.5631,24.2768],[69.2808,24.2837]],[[69.2808,24.2837],[69.1667,24.2532]],[[68.3536,23.9393],[68.3426,23.9686]],[[68.3426,23.9686],[68.3304,23.9666],[68.326,23.9278],[68.3004,23.9105]],[[68.7245,23.9652],[68.4316,23.9671]],[[68.4316,23.9671],[68.3536,23.9393]],[[68.3004,23.9105],[68.274,23.9377]],[[68.274,23.9377],[68.2549,23.9291],[68.2529,23.8917]],[[68.2529,23.8917],[68.243,23.8934]],[[68.243,23.8934],[68.2073,23.877],[68.183,23.8422]]]}},{"type":"Feature","properties":{"featurecla":"International boundary (verify)","adm0_a3_l":"CAN","adm0_a3_r":"USA"},"geometry":{"type":"MultiLineString","coordinates":[[[-141.0055,69.6509],[-141.0012,60.3211],[-140.9796,60.2958],[-140.5337,60.2185]],[[-139.1016,60.3466],[-139.0795,60.341],[-139.0732,60.2998],[-139.1832,60.1002],[-139.1821,60.0734],[-139.0038,59.9772],[-138.7049,59.8985],[-138.6543,59.8055],[-138.5992,59.7538],[-137.6114,59.2393],[-137.5821,59.2066],[-137.4844,58.9919],[-137.5088,58.9149],[-137.4535,58.8991]],[[-140.0158,60.1874],[-139.9169,60.2079],[-139.6798,60.3268],[-139.1016,60.3466]],[[-140.4478,60.2945],[-140.0158,60.1874]],[[-140.5337,60.2185],[-140.4478,60.2945]],[[-135.4828,59.7925],[-135.2599,59.6982],[-135.1578,59.6233],[-135.0879,59.6065],[-135.0185,59.5594],[-135.0233,59.4771],[-135.0958,59.4189],[-134.9933,59.3819],[-135.0162,59.3362],[-134.9578,59.281],[-134.6921,59.2352],[-134.6604,59.1813],[-134.6108,59.1446],[-134.451,59.0979],[-134.3872,59.0369],[-134.3994,58.975],[-134.3297,58.963],[-134.3169,58.9038],[-134.2222,58.8427],[-133.8311,58.718],[-133.6263,58.5464],[-133.4631,58.4622],[-133.3922,58.4039],[-133.4301,58.3721],[-133.415,58.3305],[-133.1656,58.1473],[-133.0752,58.0079],[-132.9172,57.8805],[-132.5524,57.4991],[-132.3623,57.3457],[-132.231,57.1968],[-132.3412,57.0804],[-132.0319,57.0284],[-132.1074,56.8588],[-131.8716,56.7935],[-131.886,56.7371],[-131.8304,56.6648],[-131.8256,56.5933],[-131.6923,56.5851]],[[-136.3668,59.4496],[-136.275,59.4864],[-136.2447,59.5282],[-136.2585,59.5561],[-136.3503,59.5924],[-136.2585,59.6216],[-135.9238,59.6667],[-135.4828,59.7925]],[[-136.4676,59.4616],[-136.3668,59.4496]],[[-136.6719,59.1508],[-136.5695,59.1722],[-136.4848,59.2538],[-136.4665,59.2878],[-136.4676,59.4616]],[[-136.7855,59.1572],[-136.6719,59.1508]],[[-137.4535,58.8991],[-137.2819,58.9871],[-136.7855,59.1572]],[[-131.5859,56.595],[-131.1005,56.4077],[-130.8391,56.3725],[-130.7603,56.3452],[-130.6458,56.2619],[-130.4723,56.2249],[-130.404,56.1219],[-130.2112,56.09]],[[-131.6923,56.5851],[-131.5859,56.595]],[[-130.1168,56.1056],[-130.0715,56.0841],[-130.0266,56.0241],[-130.0196,55.908]],[[-130.2112,56.09],[-130.1168,56.1056]]]}},{"type":"Feature","properties":{"featurecla":"International boundary (verify)","adm0_a3_l":"SDS","adm0_a3_r":"SDN"},"geometry":{"type":"MultiLineString","coordinates":[[[34.0707,9.4546],[33.9009,9.4553],[33.8814,9.4992],[33.8839,9.6199],[33.9049,9.7107],[33.9733,9.8549],[33.9561,9.934],[33.9668,10.0473],[33.917,10.1745],[33.469,10.5439],[33.3813,10.6458],[33.14,10.739],[33.1821,10.8432],[33.0832,11.5992],[33.1324,11.6862],[33.145,11.9347],[33.203,12.1281],[33.2092,12.2104],[32.7318,12.2162]],[[32.7318,12.2162],[32.7257,12.1323],[32.7467,12.0027],[32.0822,11.9998],[32.3483,11.7032],[32.3598,11.5735],[32.3488,11.3076],[32.3642,11.24],[32.4354,11.107],[32.4141,11.0509],[31.9429,10.6556],[31.8642,10.4721],[31.802,10.3762],[31.6648,10.2142],[31.2348,9.7923],[31.1644,9.764],[30.837,9.7494],[30.7791,9.7199]],[[30.7791,9.7199],[30.4846,9.972],[30.013,10.2705]],[[30.013,10.2705],[29.6154,10.0581],[29.6139,9.9145],[29.5673,9.8414],[29.4831,9.7617],[29.2524,9.7112],[29.1323,9.6677],[28.9895,9.5871]]]}},{"type":"Feature","properties":{"featurecla":"International boundary (verify)","adm0_a3_l":"CHN","adm0_a3_r":"HKG"},"geometry":{"type":"MultiLineString","coordinates":[[[114.1732,22.5639],[114.183,22.5562]],[[114.1487,22.5381],[114.1732,22.5639]],[[114.1999,22.5562],[114.2207,22.5551]],[[114.183,22.5562],[114.1999,22.5562]],[[114.2207,22.5551],[114.2298,22.5558]],[[114.1382,22.5393],[114.1487,22.5381]],[[114.1171,22.5276],[114.1382,22.5393]],[[114.1084,22.5344],[114.1171,22.5276]],[[114.0824,22.5294],[114.1084,22.5344]]]}},{"type":"Feature","properties":{"featurecla":"International boundary (verify)","adm0_a3_l":"ITA","adm0_a3_r":"VAT"},"geometry":{"type":"MultiLineString","coordinates":[[[12.453,41.9039],[12.4531,41.9028]],[[12.4531,41.9028],[12.453,41.9039]]]}},{"type":"Feature","properties":{"featurecla":"Disputed (please verify)","adm0_a3_l":"SDS","adm0_a3_r":"SDN"},"geometry":{"type":"MultiLineString","coordinates":[[[28.8438,9.3245],[28.0451,9.3314],[27.9971,9.3849],[27.8951,9.5954]],[[28.9895,9.5871],[28.8493,9.4659],[28.8287,9.4275],[28.8438,9.3245]]]}},{"type":"Feature","properties":{"featurecla":"International boundary (verify)","adm0_a3_l":"SDS","adm0_a3_r":"SDN"},"geometry":{"type":"MultiLineString","coordinates":[[[26.6836,9.476],[26.6257,9.4807],[26.5569,9.5205],[26.1795,9.959],[26.1026,9.9878],[26.0108,10.1227],[25.9054,10.1813],[25.8936,10.3513],[25.8393,10.4206]],[[25.8393,10.4206],[25.7459,10.3944]],[[25.7459,10.3944],[25.7057,10.396]],[[25.7057,10.396],[25.4795,10.3438]],[[25.4795,10.3438],[25.4393,10.3452]],[[25.4393,10.3452],[25.3162,10.3156]],[[25.2847,10.3119],[25.2396,10.323]],[[25.2396,10.323],[25.21,10.3161]],[[25.21,10.3161],[25.1983,10.3176]],[[25.1983,10.3176],[25.1569,10.3062]],[[25.3162,10.3156],[25.3054,10.3171]],[[25.3054,10.3171],[25.2847,10.3119]],[[25.1569,10.3062],[25.1313,10.3083]],[[25.1313,10.3083],[25.067,10.2749],[25.0171,10.168],[25.029,10.092],[24.9763,9.9674],[24.9139,9.8907],[24.7964,9.8189],[24.7925,9.5204],[24.6802,9.3734],[24.6599,9.177],[24.5593,8.9999],[24.5584,8.8867],[24.4938,8.8583],[24.3801,8.8442],[24.2406,8.7615],[24.183,8.7179],[24.1703,8.6893]],[[27.3851,9.6048],[27.3392,9.6128]],[[27.3392,9.6128],[27.0804,9.6068],[26.6836,9.476]],[[27.6093,9.5952],[27.5281,9.6054]],[[27.5281,9.6054],[27.3851,9.6048]],[[27.7696,9.5833],[27.6415,9.6019]],[[27.6415,9.6019],[27.6093,9.5952]],[[27.8951,9.5954],[27.7696,9.5833]]]}},{"type":"Feature","properties":{"featurecla":"International boundary (verify)","adm0_a3_l":"MAR","adm0_a3_r":"DZA"},"geometry":{"type":"MultiLineString","coordinates":[[[-1.289,32.1509],[-1.3096,32.1674],[-1.2766,32.2009],[-1.2342,32.3746],[-1.2017,32.3999],[-1.1232,32.4179],[-1.032,32.4944],[-1.327,32.6989],[-1.4233,32.7424],[-1.5588,32.9336],[-1.503,32.9746],[-1.4995,33.0602],[-1.5714,33.112],[-1.6236,33.1966],[-1.6742,33.238],[-1.6834,33.2708],[-1.6832,33.3692],[-1.6127,33.5215],[-1.6173,33.5544],[-1.6624,33.6447],[-1.7468,33.7024],[-1.7032,33.7618],[-1.7187,33.8981],[-1.6696,34.0792],[-1.7461,34.2903],[-1.8096,34.3725],[-1.703,34.4797],[-1.7507,34.4942],[-1.8711,34.5966],[-1.7695,34.7413],[-1.9797,34.8653],[-2.0163,34.9262],[-2.0612,34.9297],[-2.1938,35.0036],[-2.2211,35.05],[-2.2226,35.0893]],[[-1.2103,32.0897],[-1.1906,32.1252],[-1.1956,32.146],[-1.2327,32.1637]],[[-1.2327,32.1637],[-1.289,32.1509]]]}},{"type":"Feature","properties":{"featurecla":"International boundary (verify)","adm0_a3_l":"CHN","adm0_a3_r":"IND"},"geometry":{"type":"LineString","coordinates":[[78.9177,33.3863],[78.9934,33.3308],[79.098,33.2877],[79.125,33.2902]]}},{"type":"Feature","properties":{"featurecla":"International boundary (verify)","adm0_a3_l":"CHN","adm0_a3_r":"IND"},"geometry":{"type":"MultiLineString","coordinates":[[[78.9434,32.3464],[78.9113,32.3547],[78.7714,32.4617],[78.7369,32.5458],[78.751,32.6128],[78.7133,32.6375]],[[78.7133,32.6375],[78.6302,32.578],[78.4475,32.5663],[78.3848,32.5475],[78.381,32.528],[78.4522,32.4168],[78.4345,32.3838],[78.4627,32.2818],[78.458,32.2297],[78.469,32.2265]],[[79.2152,32.5079],[79.1129,32.4724],[79.0917,32.3906],[79.0663,32.3701]],[[79.0663,32.3701],[79.0282,32.3771]],[[79.0282,32.3771],[78.9434,32.3464]]]}},{"type":"Feature","properties":{"featurecla":"International boundary (verify)","adm0_a3_l":"CHN","adm0_a3_r":"IND"},"geometry":{"type":"MultiLineString","coordinates":[[[78.7142,31.883],[78.6709,31.7705],[78.6956,31.7467],[78.6981,31.711],[78.7398,31.666]],[[78.7581,31.6666],[78.8189,31.6074],[78.6995,31.51],[78.6954,31.4881],[78.7626,31.4451],[78.7409,31.3177],[78.796,31.2881]],[[78.7398,31.666],[78.7581,31.6666]],[[78.822,31.2937],[78.8487,31.2909]],[[78.796,31.2881],[78.822,31.2937]]]}},{"type":"Feature","properties":{"featurecla":"International boundary (verify)","adm0_a3_l":"CHN","adm0_a3_r":"IND"},"geometry":{"type":"MultiLineString","coordinates":[[[79.3884,31.0695],[79.4144,31.0204]],[[79.4463,31.0238],[79.4764,31.014],[79.5296,30.9536],[79.5778,30.9384]],[[79.4144,31.0204],[79.4463,31.0238]],[[79.739,30.9792],[79.8504,30.9545],[79.9146,30.8838]],[[79.5778,30.9384],[79.6303,30.9625],[79.739,30.9792]]]}},{"type":"Feature","properties":{"featurecla":"Disputed (please verify)","adm0_a3_l":"CHN","adm0_a3_r":"IND"},"geometry":{"type":"LineString","coordinates":[[79.125,33.2902],[79.4201,33.2752],[79.4561,33.2504],[79.4235,33.1578],[79.3732,33.1121],[79.3993,33.0269],[79.3398,33.0133],[79.3336,32.9943],[79.4141,32.9721],[79.5641,32.7939],[79.6139,32.765],[79.6207,32.7287],[79.5762,32.6706],[79.5312,32.6483],[79.5157,32.6081],[79.4435,32.5348],[79.4068,32.5297],[79.3795,32.5764],[79.3205,32.5923],[79.2874,32.5326],[79.2356,32.5043],[79.2152,32.5079]]}},{"type":"Feature","properties":{"featurecla":"Disputed (please verify)","adm0_a3_l":"CHN","adm0_a3_r":"IND"},"geometry":{"type":"LineString","coordinates":[[78.469,32.2265],[78.5131,32.2076],[78.6493,32.0364],[78.7338,31.9847],[78.742,31.9453],[78.7142,31.883]]}},{"type":"Feature","properties":{"featurecla":"Disputed (please verify)","adm0_a3_l":"CHN","adm0_a3_r":"IND"},"geometry":{"type":"LineString","coordinates":[[78.8487,31.2909],[78.921,31.2697],[79.078,31.4617],[79.1314,31.4384],[79.2383,31.3297],[79.262,31.2785],[79.2529,31.2454],[79.2783,31.24],[79.3022,31.1635],[79.367,31.1116],[79.3884,31.0695]]}},{"type":"Feature","properties":{"featurecla":"Disputed (please verify)","adm0_a3_l":"CHN","adm0_a3_r":"IND"},"geometry":{"type":"MultiLineString","coordinates":[[[79.9146,30.8838],[80.0056,30.8473],[80.0625,30.7848],[80.0922,30.7745]],[[80.1407,30.7932],[80.1693,30.7853],[80.2314,30.7249],[80.1917,30.6797]],[[80.0922,30.7745],[80.1407,30.7932]],[[80.1917,30.6797],[80.182,30.68]],[[80.182,30.68],[80.1669,30.6619],[80.2033,30.6063],[80.1798,30.5595]]]}},{"type":"Feature","properties":{"featurecla":"International boundary (verify)","adm0_a3_l":"TZA","adm0_a3_r":"MWI"},"geometry":{"type":"MultiLineString","coordinates":[[[32.9747,-9.3812],[33.1039,-9.4879],[33.1729,-9.511]],[[32.9209,-9.4079],[32.9747,-9.3812]],[[33.2824,-9.486],[33.375,-9.5491],[33.4042,-9.6049],[33.4805,-9.6244]],[[33.2491,-9.5007],[33.2824,-9.486]],[[33.2163,-9.4934],[33.2491,-9.5007]],[[33.1729,-9.511],[33.2163,-9.4934]],[[33.7346,-9.5841],[33.8653,-9.6696],[33.9119,-9.718]],[[33.6506,-9.611],[33.7346,-9.5841]],[[33.5595,-9.5933],[33.6506,-9.611]],[[33.4805,-9.6244],[33.5595,-9.5933]]]}},{"type":"Feature","properties":{"featurecla":"Line of control (please verify)","name":"Line of control","adm0_a3_l":"CNM","adm0_a3_r":"CYN"},"geometry":{"type":"LineString","coordinates":[[34.0123,35.0638],[33.9065,35.0691]]}},{"type":"Feature","properties":{"featurecla":"Line of control (please verify)","name":"Line of control","adm0_a3_l":"CNM","adm0_a3_r":"CYN"},"geometry":{"type":"MultiLineString","coordinates":[[[33.4768,35.0027],[33.4658,35.0144],[33.4768,35.0948],[33.4135,35.1994]],[[33.4135,35.1994],[33.3153,35.1619]],[[33.3153,35.1619],[33.1903,35.1899]],[[33.1903,35.1899],[33.1091,35.1588]],[[32.8549,35.0792],[32.7948,35.1268],[32.7315,35.1432],[32.7114,35.1816]],[[33.1091,35.1588],[33.0958,35.1697]],[[33.0958,35.1697],[32.9227,35.0987]],[[32.9227,35.0987],[32.8884,35.1026]],[[32.8884,35.1026],[32.8549,35.0792]],[[33.5915,35.0339],[33.5469,35.0731]],[[33.5469,35.0731],[33.529,35.0558]],[[33.529,35.0558],[33.5072,35.0613]],[[33.5072,35.0613],[33.4768,35.0027]],[[33.6375,35.0308],[33.6141,35.0464]],[[33.6141,35.0464],[33.5915,35.0339]],[[33.6794,35.0339],[33.671,35.0308]],[[33.671,35.0308],[33.6561,35.0324]],[[33.6561,35.0324],[33.6375,35.0308]]]}},{"type":"Feature","properties":{"featurecla":"Unrecognized","name":"Line of control","adm0_a3_l":"CNM","adm0_a3_r":"CYN"},"geometry":{"type":"MultiLineString","coordinates":[[[32.6407,35.1871],[32.6152,35.1634]],[[32.6152,35.1634],[32.6019,35.1786]]]}},{"type":"Feature","properties":{"featurecla":"International boundary (verify)","adm0_a3_l":"CYN","adm0_a3_r":"ESB"},"geometry":{"type":"MultiLineString","coordinates":[[[33.8894,35.119],[33.9059,35.0909]],[[33.8427,35.0566],[33.8769,35.0768],[33.8762,35.119],[33.8894,35.119]],[[33.9136,35.0909],[33.9215,35.0807],[33.9065,35.0691]],[[33.9059,35.0909],[33.9136,35.0909]],[[33.824,35.0667],[33.8427,35.0566]],[[33.7865,35.0385],[33.824,35.0667]],[[33.7147,35.0667],[33.7076,35.0293]],[[33.6794,35.0339],[33.6789,35.0558],[33.7147,35.0667]],[[33.7397,35.0472],[33.7661,35.0316]],[[33.7076,35.0293],[33.7397,35.0472]],[[33.7755,35.0402],[33.7865,35.0385]],[[33.7661,35.0316],[33.7755,35.0402]]]}},{"type":"Feature","properties":{"featurecla":"International boundary (verify)","adm0_a3_l":"CNM","adm0_a3_r":"ESB"},"geometry":{"type":"MultiLineString","coordinates":[[[33.7115,34.9856],[33.7022,35.0223],[33.6794,35.0339]],[[33.7029,34.9879],[33.7115,34.9856]]]}},{"type":"Feature","properties":{"featurecla":"International boundary (verify)","adm0_a3_l":"CYP","adm0_a3_r":"ESB"},"geometry":{"type":"LineString","coordinates":[[33.7015,34.9729],[33.7029,34.9879]]}},{"type":"Feature","properties":{"featurecla":"International boundary (verify)","adm0_a3_l":"CNM","adm0_a3_r":"ESB"},"geometry":{"type":"LineString","coordinates":[[33.9065,35.0691],[33.8981,35.0613]]}},{"type":"Feature","properties":{"featurecla":"International boundary (verify)","adm0_a3_l":"CYP","adm0_a3_r":"ESB"},"geometry":{"type":"MultiLineString","coordinates":[[[33.8981,35.0613],[33.8801,35.0731]],[[33.8801,35.0731],[33.8412,35.0511]],[[33.8412,35.0511],[33.8271,35.0613]],[[33.8271,35.0613],[33.799,35.0385],[33.8302,35.023],[33.8294,35.0012],[33.859,34.9918],[33.8458,34.9597]],[[33.8644,34.963],[33.8918,34.9581]],[[33.8458,34.9597],[33.8644,34.963]]]}},{"type":"Feature","properties":{"featurecla":"International boundary (verify)","adm0_a3_l":"PAK","adm0_a3_r":"CHN"},"geometry":{"type":"MultiLineString","coordinates":[[[74.8243,36.9941],[74.7926,37.0152],[74.7192,37.0164],[74.6624,37.0545]],[[74.6624,37.0545],[74.5424,37.0217]],[[75.4926,36.7207],[75.4319,36.7229],[75.4105,36.7473],[75.3945,36.8643],[75.3513,36.9158],[75.1951,36.9489],[75.1001,36.9941]],[[75.1001,36.9941],[74.925,36.9709],[74.8724,36.9071]],[[74.8724,36.9071],[74.8245,36.9941]],[[74.8245,36.9941],[74.8243,36.9941]],[[75.9768,36.4618],[75.8498,36.6447],[75.7287,36.7232],[75.5705,36.7667]],[[75.5705,36.7667],[75.508,36.7476],[75.4926,36.7207]]]}},{"type":"Feature","properties":{"featurecla":"International boundary (verify)","adm0_a3_l":"CAN","adm0_a3_r":"USA"},"geometry":{"type":"LineString","coordinates":[[-123.0905,48.9925],[-123.0353,48.9925]]}},{"type":"Feature","properties":{"featurecla":"International boundary (verify)","adm0_a3_l":"ARG","adm0_a3_r":"CHL"},"geometry":{"type":"LineString","coordinates":[[-68.6276,-52.6396],[-68.6419,-54.783]]}},{"type":"Feature","properties":{"featurecla":"Lease limit","adm0_a3_l":"CUB","adm0_a3_r":"USG"},"geometry":{"type":"MultiLineString","coordinates":[[[-75.1789,19.9707],[-75.1602,19.9706]],[[-75.2329,19.9001],[-75.229,19.9374],[-75.1789,19.9707]]]}},{"type":"Feature","properties":{"featurecla":"International boundary (verify)","adm0_a3_l":"DEU","adm0_a3_r":"POL"},"geometry":{"type":"LineString","coordinates":[[14.2008,53.8782],[14.1753,53.9065],[14.2101,53.9385]]}},{"type":"Feature","properties":{"featurecla":"International boundary (verify)","adm0_a3_l":"LTU","adm0_a3_r":"RUS"},"geometry":{"type":"LineString","coordinates":[[20.9246,55.2827],[20.9894,55.2731]]}},{"type":"Feature","properties":{"featurecla":"International boundary (verify)","adm0_a3_l":"GHA","adm0_a3_r":"CIV"},"geometry":{"type":"LineString","coordinates":[[-3.1153,5.1078],[-3.1196,5.0913]]}},{"type":"Feature","properties":{"featurecla":"Indeterminant frontier","adm0_a3_l":"PAK","adm0_a3_r":"KAS"},"geometry":{"type":"LineString","coordinates":[[77.049,35.1104],[76.7774,35.6461]]}},{"type":"Feature","properties":{"featurecla":"Indeterminant frontier","adm0_a3_l":"KAS","adm0_a3_r":"IND"},"geometry":{"type":"LineString","coordinates":[[77.049,35.1104],[77.8003,35.4954]]}},{"type":"Feature","properties":{"featurecla":"Overlay limit","name":"Korean Demilitarized Zone","adm0_a3_l":"KOR","adm0_a3_r":"KOR"},"geometry":{"type":"LineString","coordinates":[[128.3948,38.5781],[128.3315,38.5535],[128.3326,38.4704],[128.2622,38.3615],[128.2014,38.3114],[128.0489,38.2519],[127.7997,38.2402],[127.7352,38.2711],[127.4675,38.2426],[127.3726,38.2651],[127.2221,38.2596],[127.1099,38.2365],[127.0054,38.1775],[126.9627,38.102],[126.8847,38.0443],[126.7971,37.9388],[126.7149,37.8966],[126.7202,37.8316],[126.686,37.7822]]}},{"type":"Feature","properties":{"featurecla":"Lease limit","name":"Baikonur Cosmodrome","adm0_a3_l":"KAZ","adm0_a3_r":"KAB"},"geometry":{"type":"MultiLineString","coordinates":[[[63.3839,46.3908],[63.6109,46.3584],[63.7963,46.27],[63.9213,46.1389],[63.9553,46.0614],[63.9671,45.9783],[63.9553,45.8952],[63.9213,45.8178],[63.7963,45.6866],[63.6109,45.5983],[63.3839,45.5658]],[[63.3839,45.5658],[63.1569,45.5983],[62.9715,45.6866],[62.8465,45.8178],[62.8125,45.8952],[62.8006,45.9783],[62.8125,46.0614],[62.8465,46.1389],[62.9715,46.27],[63.1569,46.3584],[63.3839,46.3908]]]}},{"type":"Feature","properties":{"featurecla":"Overlay limit","name":"Korean Demilitarized Zone","adm0_a3_l":"PRK","adm0_a3_r":"PRK"},"geometry":{"type":"LineString","coordinates":[[126.6208,37.7877],[126.6071,37.9175],[126.619,37.9718],[126.7262,38.0191],[126.8098,38.1198],[126.8771,38.1674],[126.9103,38.2323],[127.0,38.3004],[127.1469,38.3595],[127.222,38.3659],[127.3814,38.3719],[127.4763,38.3493],[127.7652,38.3793],[127.8078,38.3487],[128.0308,38.3567],[128.1432,38.4006],[128.1887,38.438],[128.2294,38.4982],[128.2203,38.5806],[128.2401,38.6213],[128.36,38.6754]]}},{"type":"Feature","properties":{"featurecla":"Overlay limit","name":"UNDOF","adm0_a3_l":"SYR","adm0_a3_r":"SYR"},"geometry":{"type":"LineString","coordinates":[[35.8701,33.4312],[35.87,33.4069],[35.8302,33.3648],[35.845,33.3039],[35.8193,33.2844],[35.8513,33.2758],[35.8888,33.1986],[35.8849,33.1791],[35.9113,33.1658],[35.9106,33.1354],[35.8919,33.1244],[35.9027,33.1096],[35.8684,33.1073],[35.8646,33.0815],[35.8771,32.9926],[35.9238,32.9677],[35.8607,32.8802],[35.8427,32.8217],[35.7697,32.7481]]}},{"type":"Feature","properties":{"featurecla":"Overlay limit","name":"Cyprus U.N. Buffer Zone","adm0_a3_l":"CNM","adm0_a3_r":"CYP"},"geometry":{"type":"MultiLineString","coordinates":[[[32.6915,35.1837],[32.7127,35.1338],[32.7956,35.1026],[32.826,35.0589]],[[33.1895,35.1627],[33.3012,35.1136]],[[33.0982,35.1307],[33.1895,35.1627]],[[33.4159,35.1603],[33.4588,35.0948],[33.4463,35.0012],[33.4588,34.9778]],[[33.373,35.1557],[33.4159,35.1603]],[[33.3566,35.1572],[33.373,35.1557]],[[33.3012,35.1136],[33.3566,35.1572]],[[33.0467,35.1378],[33.0982,35.1307]],[[32.9219,35.0723],[33.0467,35.1378]],[[32.8908,35.0917],[32.9219,35.0723]],[[32.826,35.0589],[32.861,35.0651],[32.8908,35.0917]],[[33.5196,35.0441],[33.546,34.995]],[[33.4588,34.9778],[33.4862,34.9816],[33.497,35.0261],[33.5196,35.0441]],[[33.5806,35.0199],[33.603,35.0121]],[[33.546,34.995],[33.5806,35.0199]],[[33.6195,35.0168],[33.7029,34.9879]],[[33.603,35.0121],[33.6195,35.0168]]]}},{"type":"Feature","properties":{"featurecla":"Overlay limit","name":"Cyprus U.N. Buffer Zone","adm0_a3_l":"CNM","adm0_a3_r":"CYP"},"geometry":{"type":"MultiLineString","coordinates":[[[32.6222,35.1518],[32.6598,35.1871]],[[32.5848,35.1725],[32.6222,35.1518]]]}},{"type":"Feature","properties":{"featurecla":"Overlay limit","name":"Cyprus U.N. Buffer Zone","adm0_a3_l":"CNM","adm0_a3_r":"CYP"},"geometry":{"type":"MultiLineString","coordinates":[[[33.8981,35.0613],[33.9308,35.0511]],[[33.9801,35.0574],[34.002,35.0472]],[[33.9308,35.0511],[33.9801,35.0574]],[[34.002,35.0472],[34.022,35.057]]]}},{"type":"Feature","properties":{"featurecla":"International boundary (verify)","adm0_a3_l":"KAS","adm0_a3_r":"CHN"},"geometry":{"type":"MultiLineString","coordinates":[[[77.8003,35.4954],[77.7736,35.499]],[[77.7736,35.499],[77.6606,35.4581]],[[77.6606,35.4581],[77.5196,35.4774]]]}},{"type":"Feature","properties":{"featurecla":"Indefinite (please verify)","adm0_a3_l":"KAS","adm0_a3_r":"CHN"},"geometry":{"type":"MultiLineString","coordinates":[[[76.9764,35.5787],[76.8964,35.5896],[76.8246,35.6478]],[[76.8246,35.6478],[76.7828,35.6457]],[[76.7828,35.6457],[76.7774,35.6461]],[[77.1775,35.5232],[77.1053,35.538],[77.039,35.585]],[[77.039,35.585],[76.9764,35.5787]],[[77.4128,35.4694],[77.2508,35.5307]],[[77.2508,35.5307],[77.1775,35.5232]],[[77.5196,35.4774],[77.5122,35.4785]],[[77.5122,35.4785],[77.4128,35.4694]]]}},{"type":"Feature","properties":{"featurecla":"International boundary (verify)","adm0_a3_l":"MYS","adm0_a3_r":"IDN"},"geometry":{"type":"MultiLineString","coordinates":[[[117.7036,4.1634],[117.7381,4.1572]],[[117.8526,4.1572],[117.907,4.1567]],[[117.7381,4.1572],[117.8526,4.1572]]]}},{"type":"Feature","properties":{"featurecla":"International boundary (verify)","adm0_a3_l":"CYP","adm0_a3_r":"WSB"},"geometry":{"type":"MultiLineString","coordinates":[[[32.8323,34.7009],[32.8408,34.6995]],[[32.7986,34.671],[32.8323,34.7009]],[[32.8597,34.7006],[32.8656,34.6787],[32.9137,34.6603]],[[32.8408,34.6995],[32.8597,34.7006]],[[32.7668,34.6761],[32.7986,34.671]],[[32.7607,34.6532],[32.7668,34.6761]],[[32.9137,34.6603],[32.9172,34.6671]]]}},{"type":"Feature","properties":{"featurecla":"International boundary (verify)","adm0_a3_l":"CYP","adm0_a3_r":"WSB"},"geometry":{"type":"MultiLineString","coordinates":[[[32.9547,34.6773],[32.9875,34.6734],[32.9898,34.6461],[32.9703,34.6461]],[[32.9361,34.6577],[32.9547,34.6773]],[[32.9172,34.6671],[32.9361,34.6577]],[[32.9703,34.6461],[32.9656,34.6516]],[[32.9656,34.6516],[32.954,34.643],[32.9625,34.625]],[[32.9625,34.625],[33.0156,34.6344]]]}},{"type":"Feature","properties":{"featurecla":"Disputed (please verify)","adm0_a3_l":"GTM","adm0_a3_r":"BLZ"},"geometry":{"type":"MultiLineString","coordinates":[[[-89.2282,15.8808],[-89.2341,15.9549],[-89.1931,16.3926]],[[-88.9519,15.8797],[-89.0403,15.9017]],[[-89.0403,15.9017],[-89.1009,15.8968]],[[-89.1009,15.8968],[-89.1774,15.9003]],[[-89.1774,15.9003],[-89.2282,15.8808]],[[-88.914,15.8939],[-88.9519,15.8797]]]}},{"type":"Feature","properties":{"featurecla":"International boundary (verify)","adm0_a3_l":"CHL","adm0_a3_r":"ARG"},"geometry":{"type":"LineString","coordinates":[[-68.4486,-52.3466],[-68.4545,-52.2999],[-68.6217,-52.2636],[-68.8205,-52.2432],[-69.0076,-52.1791],[-69.2123,-52.138],[-69.4853,-52.1325],[-69.9528,-52.0074],[-71.9177,-51.9901],[-71.9652,-51.9706],[-71.9485,-51.896],[-71.9817,-51.8449],[-72.1421,-51.7394],[-72.3007,-51.6915],[-72.3309,-51.5994],[-72.3515,-51.5835],[-72.4291,-51.576],[-72.4501,-51.5527],[-72.3512,-51.476],[-72.3517,-51.4404],[-72.3236,-51.3908],[-72.3205,-51.3126],[-72.2588,-51.2452],[-72.274,-51.2168],[-72.3822,-51.1606],[-72.4046,-51.1058],[-72.3386,-51.037],[-72.2934,-51.0292],[-72.2659,-50.9607],[-72.2635,-50.8363],[-72.3474,-50.7432],[-72.3028,-50.6489],[-72.506,-50.6013],[-72.6181,-50.6668],[-72.6626,-50.6678],[-72.7558,-50.6164],[-72.9029,-50.6666],[-73.0517,-50.7578],[-73.1395,-50.7702],[-73.1777,-50.7495],[-73.1922,-50.6414],[-73.2576,-50.573],[-73.2742,-50.3645],[-73.3014,-50.2996],[-73.3463,-50.2437],[-73.5306,-50.1408],[-73.5415,-50.1137],[-73.4786,-50.0095],[-73.5002,-49.9787],[-73.5727,-49.9324],[-73.5419,-49.8945],[-73.5345,-49.8476],[-73.463,-49.7871],[-73.4651,-49.76]]}},{"type":"Feature","properties":{"featurecla":"Indefinite (please verify)","adm0_a3_l":"CHL","adm0_a3_r":"ARG"},"geometry":{"type":"LineString","coordinates":[[-73.4651,-49.76],[-73.5395,-49.6927],[-73.5464,-49.6768],[-73.5211,-49.609],[-73.588,-49.5405],[-73.5426,-49.491],[-73.5511,-49.444],[-73.5404,-49.4278],[-73.4667,-49.3876],[-73.4711,-49.3172],[-73.145,-49.3037],[-73.1413,-49.2856],[-73.0976,-49.2666]]}},{"type":"Feature","properties":{"featurecla":"Line of control (please verify)","adm0_a3_l":"SAH","adm0_a3_r":"MAR"},"geometry":{"type":"MultiLineString","coordinates":[[[-8.7526,27.6614],[-8.817,27.6615]],[[-8.6824,27.6614],[-8.7526,27.6614]]]}},{"type":"Feature","properties":{"featurecla":"International boundary (verify)","adm0_a3_l":"OMN","adm0_a3_r":"ARE"},"geometry":{"type":"MultiLineString","coordinates":[[[56.2738,25.2813],[56.2883,25.2719],[56.283,25.2555],[56.263,25.2492]],[[56.263,25.2492],[56.2596,25.276],[56.2738,25.2813]]]}},{"type":"Feature","properties":{"featurecla":"International boundary (verify)","adm0_a3_l":"BTN","adm0_a3_r":"BTN"},"geometry":{"type":"LineString","coordinates":[[89.2249,27.8078],[89.1982,27.7306],[89.1247,27.6149]]}},{"type":"Feature","properties":{"featurecla":"International boundary (verify)","adm0_a3_l":"BTN","adm0_a3_r":"CHN"},"geometry":{"type":"LineString","coordinates":[[89.796,28.2402],[89.7558,28.1844],[89.5615,28.1346],[89.4445,28.0312],[89.336,27.8691],[89.2249,27.8078]]}},{"type":"Feature","properties":{"featurecla":"Disputed (please verify)","adm0_a3_l":"BTN","adm0_a3_r":"CHN"},"geometry":{"type":"MultiLineString","coordinates":[[[90.3295,28.2558],[90.2915,28.2614],[90.2618,28.2991],[90.2618,28.3354],[90.2256,28.3584]],[[90.2256,28.3584],[90.1532,28.3222]],[[90.1532,28.3222],[90.0709,28.3452]],[[90.0709,28.3452],[89.9525,28.3082]],[[89.9525,28.3082],[89.9161,28.3156]],[[89.9161,28.3156],[89.8813,28.2975]],[[89.8813,28.2975],[89.8736,28.3006]],[[89.8736,28.3006],[89.796,28.2402]],[[90.4165,28.2827],[90.3869,28.2991]],[[90.3869,28.2991],[90.354,28.2991],[90.3295,28.2558]],[[90.4752,28.0723],[90.4857,28.1247],[90.5976,28.2004],[90.5877,28.2333],[90.5054,28.2498],[90.456,28.2827]],[[90.456,28.2827],[90.4165,28.2827]]]}},{"type":"Feature","properties":{"featurecla":"Line of control (please verify)","name":"Line of control","adm0_a3_l":"IND","adm0_a3_r":"PAK"},"geometry":{"type":"MultiLineString","coordinates":[[[74.6718,32.8406],[74.6891,32.8088],[74.6497,32.7231],[74.656,32.6407],[74.6296,32.5881],[74.6626,32.4984],[74.725,32.4608]],[[74.521,32.7453],[74.6141,32.7704],[74.6359,32.8221],[74.6718,32.8406]],[[74.3065,32.8099],[74.3293,32.7764],[74.3677,32.7635]],[[74.4387,32.786],[74.521,32.7453]],[[74.3677,32.7635],[74.4387,32.786]],[[74.8381,32.4749],[74.907,32.4452]],[[74.725,32.4608],[74.8381,32.4749]],[[75.0237,32.4663],[75.126,32.4117],[75.1962,32.3973],[75.2984,32.3324]],[[74.907,32.4452],[75.0237,32.4663]]]}},{"type":"Feature","properties":{"featurecla":"International boundary (verify)","adm0_a3_l":"BTN","adm0_a3_r":"BTN"},"geometry":{"type":"LineString","coordinates":[[88.983,27.4926],[88.9511,27.4331],[88.997,27.3309],[88.9719,27.3124],[88.9152,27.3309],[88.8923,27.3155]]}},{"type":"Feature","properties":{"featurecla":"Disputed (please verify)","adm0_a3_l":"BTN","adm0_a3_r":"BTN"},"geometry":{"type":"MultiLineString","coordinates":[[[89.1059,27.623],[89.1247,27.6149]],[[88.983,27.4926],[88.98,27.498]]]}},{"type":"Feature","properties":{"featurecla":"Disputed (please verify)","adm0_a3_l":"CHN","adm0_a3_r":"BTN"},"geometry":{"type":"LineString","coordinates":[[88.98,27.498],[88.9784,27.5303],[89.0162,27.5758],[89.064,27.6159],[89.1059,27.623]]}},{"type":"Feature","properties":{"featurecla":"Disputed (please verify)","adm0_a3_l":"RUS","adm0_a3_r":"UKR"},"geometry":{"type":"LineString","coordinates":[[33.6285,46.1249],[33.6604,46.1482],[33.6703,46.2181],[33.7157,46.1957],[33.8019,46.2027],[34.1052,46.0954],[34.2359,46.0977],[34.3339,46.0697],[34.3619,46.0557],[34.4109,45.988],[34.4646,45.9553],[34.5043,45.9507],[34.53,45.981],[34.6886,45.974],[34.7633,45.932],[34.7843,45.8993],[34.789,45.8037],[34.81,45.785],[34.8707,45.7733],[34.9523,45.722],[35.0019,45.729]]}},{"type":"Feature","properties":{"featurecla":"Disputed (please verify)","adm0_a3_l":"SDS","adm0_a3_r":"KEN"},"geometry":{"type":"LineString","coordinates":[[35.7812,4.6199],[35.9208,4.6193]]}},{"type":"Feature","properties":{"featurecla":"Disputed (please verify)","adm0_a3_l":"SDS","adm0_a3_r":"KEN"},"geometry":{"type":"LineString","coordinates":[[34.3812,4.6202],[34.6663,4.765],[35.2457,4.9817],[35.2634,4.9485],[35.4116,5.0304],[35.4337,5.0038],[35.3961,4.9264],[35.4956,4.9264],[35.5708,4.9043],[35.5222,4.7805],[35.6102,4.6208]]}},{"type":"Feature","properties":{"featurecla":"Indefinite (please verify)","adm0_a3_l":"ISR","adm0_a3_r":"LBN"},"geometry":{"type":"LineString","coordinates":[[35.7162,33.3267],[35.6311,33.2746]]}},{"type":"Feature","properties":{"featurecla":"Indefinite (please verify)","adm0_a3_l":"ISR","adm0_a3_r":"LBN"},"geometry":{"type":"LineString","coordinates":[[35.6311,33.2746],[35.6039,33.2401]]}},{"type":"Feature","properties":{"featurecla":"Disputed (please verify)","adm0_a3_l":"SDS","adm0_a3_r":"KEN"},"geometry":{"type":"LineString","coordinates":[[35.6102,4.6208],[35.7004,4.5891],[35.7058,4.6193]]}},{"type":"Feature","properties":{"featurecla":"Disputed (please verify)","adm0_a3_l":"SDS","adm0_a3_r":"KEN"},"geometry":{"type":"LineString","coordinates":[[35.7058,4.6193],[35.7115,4.6616],[35.7394,4.6811]]}},{"type":"Feature","properties":{"featurecla":"Disputed (please verify)"},"geometry":{"type":"LineString","coordinates":[[145.941,43.0993],[145.9045,43.2619],[145.8463,43.3704],[145.8408,43.4171],[145.7803,43.4538],[145.6877,43.5453],[145.5387,43.5123],[145.4277,43.6369],[145.2628,43.7317],[145.2421,43.7814],[145.2521,43.8693],[145.2745,43.9053],[145.5332,44.1427],[145.6216,44.2904],[145.6645,44.4478],[145.6469,44.5898],[145.5799,44.7848]]}},{"type":"Feature","properties":{"featurecla":"Disputed (please verify)"},"geometry":{"type":"LineString","coordinates":[[36.6269,44.867],[36.6062,44.9861],[36.5047,45.1985],[36.6206,45.2253],[36.6448,45.2608],[36.5973,45.2801],[36.5751,45.3094],[36.6367,45.3302],[36.6856,45.4005],[36.6905,45.6644]]}},{"type":"Feature","properties":{"featurecla":"International boundary (verify)","adm0_a3_l":"IND","adm0_a3_r":"NPL"},"geometry":{"type":"LineString","coordinates":[[80.8837,30.2103],[80.8839,30.2104]]}},{"type":"Feature","properties":{"featurecla":"International boundary (verify)","adm0_a3_l":"IND","adm0_a3_r":"NPL"},"geometry":{"type":"LineString","coordinates":[[88.1182,27.8609],[88.1646,27.8454],[88.1597,27.7741],[88.1109,27.6395],[88.0233,27.4949],[88.0416,27.4381],[88.0148,27.3781],[88.0351,27.3226],[87.9893,27.2184],[87.9692,27.1108],[88.0095,27.0456],[88.0769,26.9918],[88.1514,26.8628],[88.1691,26.744],[88.0798,26.5176],[88.0742,26.4539],[88.0066,26.3699],[87.9755,26.3666],[87.929,26.3964],[87.8698,26.4646],[87.8216,26.4375],[87.769,26.4515],[87.7275,26.4038],[87.6812,26.4242],[87.587,26.378],[87.4803,26.4234],[87.4165,26.427],[87.3564,26.4037],[87.3262,26.3533],[87.3005,26.346],[87.2453,26.3702],[87.2191,26.4081],[87.135,26.3942],[87.1063,26.4047],[87.0667,26.4656],[87.0413,26.5802],[86.9724,26.532],[86.876,26.4949],[86.8219,26.4381],[86.7382,26.4437],[86.7136,26.4146],[86.4949,26.5278],[86.3537,26.5826],[86.316,26.581],[86.2844,26.612],[86.1959,26.5827],[86.1159,26.6026],[86.0114,26.6544],[85.9521,26.642],[85.8285,26.5661],[85.8097,26.603],[85.781,26.5992],[85.7129,26.6532],[85.7018,26.7966],[85.6094,26.851],[85.4396,26.7877],[85.3859,26.7884],[85.337,26.7468],[85.2873,26.737],[85.1949,26.7589],[85.1657,26.7863],[85.162,26.851],[85.1228,26.8657],[85.0186,26.8458],[85.018,26.8744],[84.9527,26.8976],[84.924,26.9557],[84.8175,27.0106],[84.7607,26.999],[84.6402,27.0284],[84.6215,27.058],[84.6544,27.1254],[84.6577,27.2034],[84.6065,27.3105],[84.577,27.329],[84.2894,27.3761],[84.2255,27.4404],[84.1858,27.4386],[84.1172,27.5133],[84.0796,27.5095],[84.0077,27.4408],[83.923,27.45],[83.8341,27.434],[83.8776,27.3699],[83.8546,27.3451],[83.5904,27.4566],[83.387,27.4705],[83.3559,27.4525],[83.371,27.4102],[83.3627,27.3856],[83.3244,27.3417],[83.2824,27.3309],[83.2494,27.3481],[83.2192,27.3938],[83.1328,27.4442],[83.0105,27.4434],[82.8763,27.4875],[82.7521,27.495],[82.7297,27.5182],[82.7092,27.6309],[82.6797,27.6944],[82.6521,27.7041],[82.4407,27.6664],[82.4019,27.6772],[82.3479,27.726],[82.0272,27.9124],[81.9759,27.917],[81.8832,27.8491],[81.8557,27.8509],[81.7501,27.9097],[81.6889,27.9632],[81.615,27.9812],[81.5619,28.026],[81.4735,28.0664],[81.4353,28.1298],[81.396,28.1606],[81.3579,28.166],[81.3381,28.1327],[81.2962,28.1283],[81.2994,28.1425],[81.2768,28.1538],[81.2959,28.1675],[81.2243,28.2508],[81.1697,28.3613],[81.0004,28.397],[80.976,28.4369],[80.9053,28.4408],[80.8723,28.4969],[80.7817,28.5147],[80.7271,28.5597],[80.6786,28.5747],[80.6356,28.6279],[80.5636,28.647],[80.5558,28.6789],[80.5176,28.68],[80.4876,28.6565],[80.4885,28.5624],[80.4084,28.6263],[80.3297,28.6275],[80.291,28.6897],[80.2333,28.7327],[80.1621,28.7533],[80.1142,28.8026],[80.0364,28.837],[80.0339,28.9159],[80.0529,28.9491],[80.0994,28.9773],[80.1326,29.1102],[80.2331,29.1393],[80.2137,29.1966],[80.2188,29.2111],[80.2582,29.2025],[80.2828,29.2913],[80.2636,29.3153]]}},{"type":"Feature","properties":{"featurecla":"International boundary (verify)","adm0_a3_l":"IND","adm0_a3_r":"NPL"},"geometry":{"type":"LineString","coordinates":[[80.8839,30.2104],[80.9208,30.1767],[80.996,30.197]]}},{"type":"Feature","properties":{"featurecla":"International boundary (verify)","adm0_a3_l":"URY","adm0_a3_r":"ARG"},"geometry":{"type":"LineString","coordinates":[[-57.6424,-30.1931],[-57.6237,-30.2581],[-57.6527,-30.3291],[-57.8496,-30.4853],[-57.8898,-30.5508],[-57.8858,-30.5899],[-57.8262,-30.6897],[-57.8019,-30.7733],[-57.7961,-30.8684],[-57.8196,-30.9116]]}},{"type":"Feature","properties":{"featurecla":"International boundary (verify)","adm0_a3_l":"URY","adm0_a3_r":"ARG"},"geometry":{"type":"LineString","coordinates":[[-57.8196,-30.9116],[-57.904,-30.9297],[-57.9117,-30.9474],[-57.8633,-31.0123],[-57.8552,-31.059],[-57.9117,-31.1706],[-57.9051,-31.241],[-57.9664,-31.3146],[-57.9902,-31.3993],[-58.0626,-31.4443],[-58.0752,-31.4752],[-57.9868,-31.5541],[-57.9886,-31.6428],[-58.0593,-31.8115],[-58.1529,-31.836],[-58.2026,-31.8931],[-58.1588,-31.9439],[-58.1453,-32.0179],[-58.1588,-32.1016],[-58.1865,-32.1529],[-58.0965,-32.281],[-58.1016,-32.3114],[-58.2001,-32.4471]]}},{"type":"Feature","properties":{"featurecla":"Indeterminant frontier","adm0_a3_l":"BRI","adm0_a3_r":"BRA"},"geometry":{"type":"LineString","coordinates":[[-57.6028,-30.1905],[-57.6117,-30.183]]}},{"type":"Feature","properties":{"featurecla":"Disputed (please verify)","adm0_a3_l":"URY","adm0_a3_r":"BRA"},"geometry":{"type":"LineString","coordinates":[[-56.0114,-31.0821],[-56.0222,-31.0671],[-56.0155,-30.9343],[-55.989,-30.8556]]}},{"type":"Feature","properties":{"featurecla":"International boundary (verify)","adm0_a3_l":"URY","adm0_a3_r":"BRA"},"geometry":{"type":"LineString","coordinates":[[-55.989,-30.8556],[-56.0114,-30.7982],[-56.0769,-30.7523],[-56.2151,-30.5819],[-56.3726,-30.4859],[-56.4413,-30.4088],[-56.5956,-30.2954]]}},{"type":"Feature","properties":{"featurecla":"International boundary (verify)","adm0_a3_l":"URY","adm0_a3_r":"BRA"},"geometry":{"type":"LineString","coordinates":[[-55.7127,-30.9434],[-55.7449,-30.9586],[-55.7636,-31.0084],[-55.8165,-31.0426]]}},{"type":"Feature","properties":{"featurecla":"Disputed (please verify)","adm0_a3_l":"URY","adm0_a3_r":"BRA"},"geometry":{"type":"LineString","coordinates":[[-55.8165,-31.0426],[-55.8546,-31.0746],[-55.9193,-31.0824]]}},{"type":"Feature","properties":{"featurecla":"International boundary (verify)","adm0_a3_l":"URY","adm0_a3_r":"BRA"},"geometry":{"type":"LineString","coordinates":[[-56.5956,-30.2954],[-56.6313,-30.2847],[-56.6326,-30.2475],[-56.6568,-30.2213],[-56.767,-30.1614],[-56.8313,-30.102],[-56.9545,-30.0969],[-57.0379,-30.1146],[-57.0771,-30.1061],[-57.1023,-30.1212],[-57.1508,-30.1823],[-57.1638,-30.2393],[-57.2126,-30.2873],[-57.2451,-30.2933],[-57.2704,-30.2752],[-57.2965,-30.2933],[-57.3538,-30.2719],[-57.3993,-30.2991],[-57.4431,-30.2695],[-57.511,-30.2767]]}},{"type":"Feature","properties":{"featurecla":"Disputed (please verify)","adm0_a3_l":"URY","adm0_a3_r":"BRA"},"geometry":{"type":"LineString","coordinates":[[-55.9193,-31.0824],[-56.0114,-31.0821]]}},{"type":"Feature","properties":{"featurecla":"International boundary (verify)","adm0_a3_l":"URY","adm0_a3_r":"BRA"},"geometry":{"type":"LineString","coordinates":[[-53.3791,-33.7407],[-53.4113,-33.7423],[-53.4567,-33.6875],[-53.5115,-33.6903],[-53.5396,-33.6493],[-53.514,-33.3949],[-53.5369,-33.1708],[-53.5115,-33.0992],[-53.4833,-33.0673],[-53.3273,-32.9736],[-53.2988,-32.8891],[-53.1269,-32.7548],[-53.1108,-32.7224],[-53.1198,-32.7074],[-53.2015,-32.6372],[-53.4156,-32.5642],[-53.5613,-32.4495],[-53.6439,-32.3556],[-53.6586,-32.2543],[-53.7214,-32.1624],[-53.7573,-32.055],[-53.8581,-32.0212],[-53.9058,-31.9593],[-54.0087,-31.9265],[-54.0497,-31.8871],[-54.0885,-31.8782],[-54.1463,-31.9099],[-54.2742,-31.8234],[-54.4637,-31.6719],[-54.495,-31.5656],[-54.5624,-31.5159],[-54.6045,-31.4598],[-54.8499,-31.4251],[-54.9696,-31.3408],[-55.0294,-31.2688],[-55.0873,-31.3268],[-55.2443,-31.2446],[-55.2937,-31.1537],[-55.338,-31.1256],[-55.3686,-31.0374],[-55.5919,-30.8483],[-55.6497,-30.861],[-55.6527,-30.939],[-55.6658,-30.9493],[-55.7127,-30.9434]]}},{"type":"Feature","properties":{"featurecla":"Indeterminant frontier","adm0_a3_l":"BRI","adm0_a3_r":"URY"},"geometry":{"type":"LineString","coordinates":[[-57.6425,-30.1931],[-57.6028,-30.1905]]}},{"type":"Feature","properties":{"featurecla":"International boundary (verify)","adm0_a3_l":"NIC","adm0_a3_r":"CRI"},"geometry":{"type":"LineString","coordinates":[[-83.8595,10.7218],[-83.8353,10.7476],[-83.663,10.807],[-83.6788,10.9162]]}},{"type":"Feature","properties":{"featurecla":"International boundary (verify)","adm0_a3_l":"NIC","adm0_a3_r":"CRI"},"geometry":{"type":"LineString","coordinates":[[-83.6788,10.9162],[-83.6966,10.9366]]}},{"type":"Feature","properties":{"featurecla":"International boundary (verify)","adm0_a3_l":"NIC","adm0_a3_r":"CRI"},"geometry":{"type":"LineString","coordinates":[[-84.1804,10.7898],[-84.149,10.7872]]}},{"type":"Feature","properties":{"featurecla":"International boundary (verify)","adm0_a3_l":"NIC","adm0_a3_r":"CRI"},"geometry":{"type":"LineString","coordinates":[[-84.1916,10.7817],[-84.1804,10.7898]]}},{"type":"Feature","properties":{"featurecla":"International boundary (verify)","adm0_a3_l":"NIC","adm0_a3_r":"CRI"},"geometry":{"type":"LineString","coordinates":[[-84.0092,10.7894],[-83.9173,10.7135]]}},{"type":"Feature","properties":{"featurecla":"International boundary (verify)","adm0_a3_l":"NIC","adm0_a3_r":"CRI"},"geometry":{"type":"LineString","coordinates":[[-84.0346,10.7755],[-84.0092,10.7894]]}},{"type":"Feature","properties":{"featurecla":"International boundary (verify)","adm0_a3_l":"NIC","adm0_a3_r":"CRI"},"geometry":{"type":"LineString","coordinates":[[-84.137,10.7892],[-84.1069,10.7669]]}},{"type":"Feature","properties":{"featurecla":"International boundary (verify)","adm0_a3_l":"NIC","adm0_a3_r":"CRI"},"geometry":{"type":"LineString","coordinates":[[-84.149,10.7872],[-84.137,10.7892]]}},{"type":"Feature","properties":{"featurecla":"International boundary (verify)","adm0_a3_l":"NIC","adm0_a3_r":"CRI"},"geometry":{"type":"LineString","coordinates":[[-84.0516,10.7795],[-84.0346,10.7755]]}},{"type":"Feature","properties":{"featurecla":"International boundary (verify)","adm0_a3_l":"NIC","adm0_a3_r":"CRI"},"geometry":{"type":"LineString","coordinates":[[-84.0764,10.7638],[-84.0516,10.7795]]}},{"type":"Feature","properties":{"featurecla":"International boundary (verify)","adm0_a3_l":"NIC","adm0_a3_r":"CRI"},"geometry":{"type":"LineString","coordinates":[[-84.0886,10.7755],[-84.0764,10.7638]]}},{"type":"Feature","properties":{"featurecla":"International boundary (verify)","adm0_a3_l":"NIC","adm0_a3_r":"CRI"},"geometry":{"type":"LineString","coordinates":[[-84.1069,10.7669],[-84.0886,10.7755]]}},{"type":"Feature","properties":{"featurecla":"International boundary (verify)","adm0_a3_l":"NIC","adm0_a3_r":"CRI"},"geometry":{"type":"LineString","coordinates":[[-83.8869,10.7271],[-83.8595,10.7218]]}},{"type":"Feature","properties":{"featurecla":"International boundary (verify)","adm0_a3_l":"NIC","adm0_a3_r":"CRI"},"geometry":{"type":"LineString","coordinates":[[-83.9173,10.7135],[-83.8869,10.7271]]}},{"type":"Feature","properties":{"featurecla":"International boundary (verify)","adm0_a3_l":"NIC","adm0_a3_r":"CRI"},"geometry":{"type":"LineString","coordinates":[[-83.6869,10.938],[-83.6756,10.926],[-83.6654,10.9353]]}},{"type":"Feature","properties":{"featurecla":"International boundary (verify)","adm0_a3_l":"EGY","adm0_a3_r":"SDN"},"geometry":{"type":"LineString","coordinates":[[33.1587,21.9954],[34.0761,21.9955]]}},{"type":"Feature","properties":{"featurecla":"Disputed (please verify)","adm0_a3_l":"EGY","adm0_a3_r":"SDN"},"geometry":{"type":"LineString","coordinates":[[34.0761,21.9955],[36.8836,21.9957]]}},{"type":"Feature","properties":{"featurecla":"International boundary (verify)","adm0_a3_l":"EGY","adm0_a3_r":"SDN"},"geometry":{"type":"MultiLineString","coordinates":[[[24.9812,21.9954],[30.9181,21.9945]],[[30.9181,21.9945],[31.2484,21.9944],[31.3595,22.1881],[31.4233,22.227],[31.4609,22.2155],[31.4918,22.1732],[31.4355,21.9954]]]}},{"type":"Feature","properties":{"featurecla":"Disputed (please verify)","adm0_a3_l":"HRV","adm0_a3_r":"SVN"},"geometry":{"type":"LineString","coordinates":[[13.6428,45.4594],[13.5895,45.4888]]}},{"type":"Feature","properties":{"featurecla":"International boundary (verify)","adm0_a3_l":"HRV","adm0_a3_r":"SVN"},"geometry":{"type":"MultiLineString","coordinates":[[[16.5153,46.5017],[16.3441,46.547],[16.2349,46.4933],[16.2509,46.405],[16.2787,46.3874],[16.2756,46.3732],[16.1918,46.3698],[16.1439,46.3947],[16.106,46.3737],[16.058,46.3775],[16.0596,46.3323],[16.0192,46.2988],[15.8183,46.2555],[15.7498,46.2108],[15.6398,46.2077],[15.6043,46.167],[15.5899,46.1135],[15.6315,46.0706],[15.698,46.0362],[15.6742,45.9932],[15.6756,45.9252],[15.6594,45.8888],[15.6761,45.8417],[15.6261,45.8202],[15.4513,45.8151],[15.4291,45.7753],[15.255,45.7235],[15.2509,45.7077],[15.283,45.6801],[15.3308,45.6846],[15.3738,45.6402],[15.2974,45.6257],[15.2686,45.6017],[15.2967,45.523],[15.3614,45.482],[15.3252,45.4528],[15.1842,45.4256]],[[15.1842,45.4256],[15.1393,45.43],[15.0562,45.4799],[15.0074,45.4808],[14.9226,45.5149],[14.9044,45.5144],[14.8816,45.4698],[14.7972,45.4652],[14.7812,45.4933],[14.6685,45.534],[14.6698,45.5646],[14.6031,45.6036],[14.5809,45.6678],[14.4986,45.5962],[14.4689,45.5256],[14.3728,45.4778],[14.2187,45.4972],[14.0929,45.4739],[13.9719,45.5142],[13.9615,45.4931],[13.9826,45.4753],[13.889,45.4236],[13.8199,45.4326],[13.7593,45.4632],[13.6429,45.4594]]]}},{"type":"Feature","properties":{"featurecla":"International boundary (verify)","adm0_a3_l":"SRB","adm0_a3_r":"HRV"},"geometry":{"type":"LineString","coordinates":[[19.0529,45.3454],[19.0962,45.3291],[19.1041,45.2987],[19.1972,45.2649]]}},{"type":"Feature","properties":{"featurecla":"International boundary (verify)","adm0_a3_l":"SRB","adm0_a3_r":"HRV"},"geometry":{"type":"LineString","coordinates":[[19.2599,45.243],[19.3973,45.2233],[19.4054,45.1797],[19.2045,45.1629],[19.1439,45.1995],[19.1219,45.1958],[19.1377,45.146],[19.0449,45.1372],[19.0823,45.0849],[19.0954,45.0209],[19.0872,44.9771],[19.1186,44.9756],[19.1317,44.9532],[19.0667,44.9057],[19.0184,44.9257],[18.9914,44.9149],[19.0158,44.8656]]}},{"type":"Feature","properties":{"featurecla":"Disputed (please verify)","adm0_a3_l":"SRB","adm0_a3_r":"HRV"},"geometry":{"type":"LineString","coordinates":[[19.0075,45.3595],[19.0529,45.3454]]}},{"type":"Feature","properties":{"featurecla":"Disputed (please verify)","adm0_a3_l":"SRB","adm0_a3_r":"HRV"},"geometry":{"type":"LineString","coordinates":[[19.1972,45.2649],[19.2599,45.243]]}},{"type":"Feature","properties":{"featurecla":"Indefinite (please verify)","adm0_a3_l":"ARG","adm0_a3_r":"CHL"},"geometry":{"type":"LineString","coordinates":[[-73.4651,-49.76],[-73.1967,-49.6824],[-73.0597,-49.555],[-73.0574,-49.4759],[-73.1187,-49.3924],[-73.0982,-49.2728]]}},{"type":"Feature","properties":{"featurecla":"Disputed (please verify)","adm0_a3_l":"PSX","adm0_a3_r":"ISR"},"geometry":{"type":"LineString","coordinates":[[35.1862,31.8087],[35.1836,31.8251],[35.2158,31.8201],[35.2053,31.8773],[35.222,31.8792],[35.2334,31.8426],[35.2649,31.8263],[35.2527,31.7697],[35.2628,31.7486],[35.238,31.7093],[35.149,31.7373]]}},{"type":"Feature","properties":{"featurecla":"Disputed (please verify)","adm0_a3_l":"PSX","adm0_a3_r":"ISR"},"geometry":{"type":"LineString","coordinates":[[34.9867,31.9672],[35.039,31.9086],[35.0343,31.8611],[34.9774,31.8334],[35.0129,31.8293],[35.0763,31.8542],[35.1125,31.824]]}},{"type":"Feature","properties":{"featurecla":"Disputed (please verify)","adm0_a3_l":"PSX","adm0_a3_r":"ISR"},"geometry":{"type":"LineString","coordinates":[[35.149,31.7373],[34.9553,31.6119],[34.9373,31.582],[34.9268,31.4944],[34.8672,31.3964],[34.8788,31.3628],[34.9274,31.3449],[35.0402,31.3632],[35.1649,31.3623],[35.2233,31.381],[35.3901,31.4871],[35.4581,31.4919]]}},{"type":"Feature","properties":{"featurecla":"Disputed (please verify)","adm0_a3_l":"PSX","adm0_a3_r":"ISR"},"geometry":{"type":"LineString","coordinates":[[35.1125,31.824],[35.1862,31.8087]]}},{"type":"Feature","properties":{"featurecla":"Line of control (please verify)","name":"Line of control","adm0_a3_l":"IND","adm0_a3_r":"PAK"},"geometry":{"type":"LineString","coordinates":[[75.3481,34.5572],[75.2675,34.5983],[75.2245,34.6386]]}},{"type":"Feature","properties":{"featurecla":"Line of control (please verify)","name":"Line of control","adm0_a3_l":"IND","adm0_a3_r":"PAK"},"geometry":{"type":"LineString","coordinates":[[75.2245,34.6386],[75.0178,34.6297],[74.6649,34.6883],[74.4121,34.7645],[74.2858,34.7689],[74.1209,34.6909],[73.9622,34.6682],[73.9193,34.6425],[73.926,34.565],[73.8631,34.5171],[73.8404,34.4444],[73.7798,34.3961],[73.7827,34.3468],[73.8042,34.3275],[73.8533,34.3074],[73.9377,34.3042],[73.9906,34.2185],[73.9954,34.1764],[73.8933,34.1147],[73.8844,34.0842],[73.9162,34.0279],[73.9767,34.0046],[74.045,34.0194],[74.1184,34.0025],[74.2284,34.0129],[74.2597,33.9944],[74.2723,33.9621],[74.2395,33.901],[74.1775,33.8575],[74.0346,33.8286],[74.0113,33.8105],[73.9707,33.7471],[73.9608,33.6923],[73.9767,33.6484],[74.1416,33.5494],[74.1578,33.4942],[74.096,33.3285],[74.0017,33.2702],[73.9885,33.2086],[74.0023,33.1777],[74.0985,33.1048],[74.1539,33.0402],[74.3113,32.9943],[74.3367,32.8701],[74.3065,32.8099]]}},{"type":"Feature","properties":{"featurecla":"Line of control (please verify)","name":"Line of control","adm0_a3_l":"IND","adm0_a3_r":"PAK"},"geometry":{"type":"LineString","coordinates":[[77.049,35.1104],[77.0231,35.0863],[77.0352,35.0345],[77.0131,34.9864],[76.9211,34.9207],[76.8526,34.9433],[76.7576,34.9151],[76.7439,34.8193],[76.6396,34.7411],[76.5358,34.7262],[76.4382,34.7629],[76.262,34.6847],[76.155,34.6617],[76.0583,34.6834],[76.0234,34.6772],[75.9734,34.6223],[75.7771,34.5038],[75.6116,34.4984],[75.3481,34.5572]]}},{"type":"Feature","properties":{"featurecla":"International boundary (verify)","adm0_a3_l":"PRT","adm0_a3_r":"ESP"},"geometry":{"type":"LineString","coordinates":[[-8.1913,42.0621],[-8.2224,42.1536]]}},{"type":"Feature","properties":{"featurecla":"International boundary (verify)","adm0_a3_l":"PRT","adm0_a3_r":"ESP"},"geometry":{"type":"MultiLineString","coordinates":[[[-7.1049,38.8272],[-7.0561,38.8551],[-7.066,38.9046],[-6.9733,39.014],[-6.9997,39.0847],[-7.0649,39.1148]],[[-7.0649,39.1148],[-7.1273,39.0975],[-7.1572,39.1054],[-7.1681,39.1706],[-7.2581,39.2113],[-7.2643,39.2523],[-7.2508,39.2706],[-7.3267,39.3413],[-7.3319,39.3847],[-7.3135,39.4574],[-7.3994,39.4937],[-7.4176,39.5242],[-7.5158,39.5938],[-7.5573,39.6798],[-7.3414,39.6718],[-7.2358,39.6865],[-7.1829,39.6751],[-7.0211,39.694],[-6.993,39.7742],[-7.0003,39.8025],[-6.9277,39.8619],[-6.9252,39.9179],[-6.8797,40.0092],[-6.9557,40.1029],[-7.0158,40.1191],[-7.0431,40.1814],[-7.0158,40.2255],[-6.8781,40.2652],[-6.8702,40.2955],[-6.7944,40.3564],[-6.8513,40.4095],[-6.8571,40.4421],[-6.8125,40.5146],[-6.8505,40.5822],[-6.8143,40.6472],[-6.8391,40.7575],[-6.8367,40.8402],[-6.8162,40.8568],[-6.8553,40.8872],[-6.9425,41.016],[-6.9279,41.0479],[-6.9068,41.0561],[-6.8044,41.0644],[-6.7648,41.1089],[-6.7552,41.1588],[-6.6466,41.2676],[-6.5635,41.2707],[-6.4959,41.2949],[-6.3996,41.3775],[-6.3792,41.3775],[-6.3792,41.3973],[-6.3211,41.411],[-6.2829,41.4656],[-6.2795,41.497],[-6.2059,41.5703],[-6.2722,41.6282],[-6.3659,41.6636],[-6.4608,41.6766],[-6.503,41.6531],[-6.5415,41.6589],[-6.5774,41.7397],[-6.5242,41.8674],[-6.5758,41.8829],[-6.5717,41.9426],[-6.6095,41.9623],[-6.6228,41.941],[-6.728,41.9309],[-6.7579,41.9376],[-6.7944,41.9797],[-6.8249,41.9838],[-6.8312,41.954],[-6.855,41.9429],[-6.9451,41.9434],[-6.9924,41.9664],[-7.0513,41.942],[-7.1454,41.9875],[-7.1999,41.9637],[-7.1979,41.9015],[-7.2187,41.879],[-7.3225,41.8454],[-7.3919,41.842],[-7.4427,41.806],[-7.4694,41.8525],[-7.5158,41.865],[-7.5467,41.832],[-7.6061,41.8255],[-7.6228,41.8417],[-7.6074,41.8732],[-7.6612,41.8749],[-7.722,41.8993],[-7.8966,41.8579],[-7.9061,41.9139],[-7.9258,41.9082],[-7.9448,41.867],[-7.9936,41.8637],[-8.0486,41.8164],[-8.1796,41.8107],[-8.177,41.8498],[-8.2204,41.8682],[-8.2302,41.9047],[-8.1821,41.9654],[-8.108,42.0109],[-8.0951,42.0409],[-8.1376,42.0729],[-8.204,42.0696],[-8.2043,42.1288],[-8.2224,42.1536],[-8.3467,42.1017],[-8.6269,42.051],[-8.6708,41.9998],[-8.7508,41.969]]]}},{"type":"Feature","properties":{"featurecla":"International boundary (verify)","adm0_a3_l":"PRT","adm0_a3_r":"ESP"},"geometry":{"type":"LineString","coordinates":[[-7.4144,37.1928],[-7.4689,37.4756],[-7.5291,37.5567],[-7.5143,37.6014],[-7.4716,37.6369],[-7.444,37.7302],[-7.3344,37.8119],[-7.3069,37.8508],[-7.2686,37.9492],[-7.2727,37.977],[-7.1597,37.9968],[-7.1233,38.04],[-7.024,38.0226],[-6.9475,38.1966],[-7.0264,38.1996],[-7.1035,38.1736],[-7.1269,38.1909],[-7.1672,38.2721],[-7.3171,38.4246],[-7.3592,38.4464],[-7.3352,38.4694],[-7.3456,38.4941],[-7.3177,38.5563],[-7.2704,38.6177]]}}]}