{"type":"FeatureCollection", "features": [
{"type":"Feature","geometry":{"type":"MultiPolygon","coordinates":[[[[180,-16.067],[179.414,-16.379],[179.097,-16.434],[178.597,-16.639],[178.725,-17.012],[179.364,-16.801],[180,-16.555],[180,-16.067]]],[[[178.126,-17.505],[177.671,-17.381],[177.285,-17.725],[177.381,-18.164],[177.933,-18.288],[178.553,-18.151],[178.718,-17.628],[178.374,-17.34],[178.126,-17.505]]],[[[-179.793,-16.021],[-180,-16.067],[-180,-16.555],[-179.917,-16.502],[-179.793,-16.021]]]]},"properties":{"featurecla":"Admin-0 country","scalerank":1,"LABELRANK":6,"SOVEREIGNT":"Fiji","SOV_A3":"FJI","ADM0_DIF":0,"LEVEL":2,"TYPE":"Sovereign country","TLC":"1","ADMIN":"Fiji","ADM0_A3":"FJI","GEOU_DIF":0,"GEOUNIT":"Fiji","GU_A3":"FJI","SU_DIF":0,"SUBUNIT":"Fiji","SU_A3":"FJI","BRK_DIFF":0,"NAME":"Fiji","NAME_LONG":"Fiji","BRK_A3":"FJI","BRK_NAME":"Fiji","BRK_GROUP":"","ABBREV":"Fiji","POSTAL":"FJ","FORMAL_EN":"Republic of Fiji","FORMAL_FR":"","NAME_CIAWF":"Fiji","NOTE_ADM0":"","NOTE_BRK":"","NAME_SORT":"Fiji","NAME_ALT":"","MAPCOLOR7":5,"MAPCOLOR8":1,"MAPCOLOR9":2,"MAPCOLOR13":2,"POP_EST":889953,"POP_RANK":11,"POP_YEAR":2019,"GDP_MD":5496,"GDP_YEAR":2019,"ECONOMY":"6. Developing region","INCOME_GRP":"4. Lower middle income","FIPS_10":"FJ","ISO_A2":"FJ","ISO_A2_EH":"FJ","ISO_A3":"FJI","ISO_A3_EH":"FJI","ISO_N3":"242","ISO_N3_EH":"242","UN_A3":"242","WB_A2":"FJ","WB_A3":"FJI","WOE_ID":23424813,"WOE_ID_EH":23424813,"WOE_NOTE":"Exact WOE match as country","ADM0_ISO":"FJI","ADM0_DIFF":"","ADM0_TLC":"FJI","ADM0_A3_US":"FJI","ADM0_A3_FR":"FJI","ADM0_A3_RU":"FJI","ADM0_A3_ES":"FJI","ADM0_A3_CN":"FJI","ADM0_A3_TW":"FJI","ADM0_A3_IN":"FJI","ADM0_A3_NP":"FJI","ADM0_A3_PK":"FJI","ADM0_A3_DE":"FJI","ADM0_A3_GB":"FJI","ADM0_A3_BR":"FJI","ADM0_A3_IL":"FJI","ADM0_A3_PS":"FJI","ADM0_A3_SA":"FJI","ADM0_A3_EG":"FJI","ADM0_A3_MA":"FJI","ADM0_A3_PT":"FJI","ADM0_A3_AR":"FJI","ADM0_A3_JP":"FJI","ADM0_A3_KO":"FJI","ADM0_A3_VN":"FJI","ADM0_A3_TR":"FJI","ADM0_A3_ID":"FJI","ADM0_A3_PL":"FJI","ADM0_A3_GR":"FJI","ADM0_A3_IT":"FJI","ADM0_A3_NL":"FJI","ADM0_A3_SE":"FJI","ADM0_A3_BD":"FJI","ADM0_A3_UA":"FJI","ADM0_A3_UN":-99,"ADM0_A3_WB":-99,"CONTINENT":"Oceania","REGION_UN":"Oceania","SUBREGION":"Melanesia","REGION_WB":"East Asia & Pacific","NAME_LEN":4,"LONG_LEN":4,"ABBREV_LEN":4,"TINY":-99,"HOMEPART":1,"MIN_ZOOM":0,"MIN_LABEL":3,"MAX_LABEL":8,"LABEL_X":177.975427,"LABEL_Y":-17.826099,"NE_ID":1159320625,"WIKIDATAID":"Q712","NAME_AR":"فيجي","NAME_BN":"ফিজি","NAME_DE":"Fidschi","NAME_EN":"Fiji","NAME_ES":"Fiyi","NAME_FA":"فیجی","NAME_FR":"Fidji","NAME_EL":"Φίτζι","NAME_HE":"פיג'י","NAME_HI":"फ़िजी","NAME_HU":"Fidzsi-szigetek","NAME_ID":"Fiji","NAME_IT":"Figi","NAME_JA":"フィジー","NAME_KO":"피지","NAME_NL":"Fiji","NAME_PL":"Fidżi","NAME_PT":"Fiji","NAME_RU":"Фиджи","NAME_SV":"Fiji","NAME_TR":"Fiji","NAME_UK":"Фіджі","NAME_UR":"فجی","NAME_VI":"Fiji","NAME_ZH":"斐济","NAME_ZHT":"斐濟","FCLASS_ISO":"Admin-0 country","TLC_DIFF":"","FCLASS_TLC":"Admin-0 country","FCLASS_US":"","FCLASS_FR":"","FCLASS_RU":"","FCLASS_ES":"","FCLASS_CN":"","FCLASS_TW":"","FCLASS_IN":"","FCLASS_NP":"","FCLASS_PK":"","FCLASS_DE":"","FCLASS_GB":"","FCLASS_BR":"","FCLASS_IL":"","FCLASS_PS":"","FCLASS_SA":"","FCLASS_EG":"","FCLASS_MA":"","FCLASS_PT":"","FCLASS_AR":"","FCLASS_JP":"","FCLASS_KO":"","FCLASS_VN":"","FCLASS_TR":"","FCLASS_ID":"","FCLASS_PL":"","FCLASS_GR":"","FCLASS_IT":"","FCLASS_NL":"","FCLASS_SE":"","FCLASS_BD":"","FCLASS_UA":""}},
{"type":"Feature","geometry":{"type":"Polygon","coordinates":[[[33.904,-0.95],[31.866,-1.027],[30.77,-1.015],[30.419,-1.135],[30.816,-1.699],[30.758,-2.287],[30.47,-2.414],[30.528,-2.808],[30.743,-3.034],[30.752,-3.359],[30.506,-3.569],[30.116,-4.09],[29.754,-4.452],[29.34,-4.5],[29.52,-5.42],[29.42,-5.94],[29.62,-6.52],[30.2,-7.08],[30.74,-8.34],[31.158,-8.595],[31.556,-8.762],[32.192,-8.93],[32.759,-9.231],[33.74,-9.417],[33.941,-9.694],[34.28,-10.16],[34.56,-11.52],[35.312,-11.439],[36.514,-11.721],[36.775,-11.595],[37.471,-11.569],[37.828,-11.269],[38.428,-11.285],[39.521,-10.897],[40.317,-10.317],[39.95,-10.098],[39.536,-9.112],[39.187,-8.486],[39.252,-8.008],[39.195,-7.704],[39.47,-7.1],[39.44,-6.84],[38.8,-6.476],[38.741,-5.909],[39.202,-4.677],[37.767,-3.677],[37.699,-3.097],[34.073,-1.06],[33.904,-0.95]]]},"properties":{"featurecla":"Admin-0 country","scalerank":1,"LABELRANK":3,"SOVEREIGNT":"United Republic of Tanzania","SOV_A3":"TZA","ADM0_DIF":0,"LEVEL":2,"TYPE":"Sovereign country","TLC":"1","ADMIN":"United Republic of Tanzania","ADM0_A3":"TZA","GEOU_DIF":0,"GEOUNIT":"Tanzania","GU_A3":"TZA","SU_DIF":0,"SUBUNIT":"Tanzania","SU_A3":"TZA","BRK_DIFF":0,"NAME":"Tanzania","NAME_LONG":"Tanzania","BRK_A3":"TZA","BRK_NAME":"Tanzania","BRK_GROUP":"","ABBREV":"Tanz.","POSTAL":"TZ","FORMAL_EN":"United Republic of Tanzania","FORMAL_FR":"","NAME_CIAWF":"Tanzania","NOTE_ADM0":"","NOTE_BRK":"","NAME_SORT":"Tanzania","NAME_ALT":"","MAPCOLOR7":3,"MAPCOLOR8":6,"MAPCOLOR9":2,"MAPCOLOR13":2,"POP_EST":58005463,"POP_RANK":16,"POP_YEAR":2019,"GDP_MD":63177,"GDP_YEAR":2019,"ECONOMY":"7. Least developed region","INCOME_GRP":"5. Low income","FIPS_10":"TZ","ISO_A2":"TZ","ISO_A2_EH":"TZ","ISO_A3":"TZA","ISO_A3_EH":"TZA","ISO_N3":"834","ISO_N3_EH":"834","UN_A3":"834","WB_A2":"TZ","WB_A3":"TZA","WOE_ID":23424973,"WOE_ID_EH":23424973,"WOE_NOTE":"Exact WOE match as country","ADM0_ISO":"TZA","ADM0_DIFF":"","ADM0_TLC":"TZA","ADM0_A3_US":"TZA","ADM0_A3_FR":"TZA","ADM0_A3_RU":"TZA","ADM0_A3_ES":"TZA","ADM0_A3_CN":"TZA","ADM0_A3_TW":"TZA","ADM0_A3_IN":"TZA","ADM0_A3_NP":"TZA","ADM0_A3_PK":"TZA","ADM0_A3_DE":"TZA","ADM0_A3_GB":"TZA","ADM0_A3_BR":"TZA","ADM0_A3_IL":"TZA","ADM0_A3_PS":"TZA","ADM0_A3_SA":"TZA","ADM0_A3_EG":"TZA","ADM0_A3_MA":"TZA","ADM0_A3_PT":"TZA","ADM0_A3_AR":"TZA","ADM0_A3_JP":"TZA","ADM0_A3_KO":"TZA","ADM0_A3_VN":"TZA","ADM0_A3_TR":"TZA","ADM0_A3_ID":"TZA","ADM0_A3_PL":"TZA","ADM0_A3_GR":"TZA","ADM0_A3_IT":"TZA","ADM0_A3_NL":"TZA","ADM0_A3_SE":"TZA","ADM0_A3_BD":"TZA","ADM0_A3_UA":"TZA","ADM0_A3_UN":-99,"ADM0_A3_WB":-99,"CONTINENT":"Africa","REGION_UN":"Africa","SUBREGION":"Eastern Africa","REGION_WB":"Sub-Saharan Africa","NAME_LEN":8,"LONG_LEN":8,"ABBREV_LEN":5,"TINY":-99,"HOMEPART":1,"MIN_ZOOM":0,"MIN_LABEL":3,"MAX_LABEL":8,"LABEL_X":34.959183,"LABEL_Y":-6.051866,"NE_ID":1159321337,"WIKIDATAID":"Q924","NAME_AR":"تنزانيا","NAME_BN":"তানজানিয়া","NAME_DE":"Tansania","NAME_EN":"Tanzania","NAME_ES":"Tanzania","NAME_FA":"تانزانیا","NAME_FR":"Tanzanie","NAME_EL":"Τανζανία","NAME_HE":"טנזניה","NAME_HI":"तंज़ानिया","NAME_HU":"Tanzánia","NAME_ID":"Tanzania","NAME_IT":"Tanzania","NAME_JA":"タンザニア","NAME_KO":"탄자니아","NAME_NL":"Tanzania","NAME_PL":"Tanzania","NAME_PT":"Tanzânia","NAME_RU":"Танзания","NAME_SV":"Tanzania","NAME_TR":"Tanzanya","NAME_UK":"Танзанія","NAME_UR":"تنزانیہ","NAME_VI":"Tanzania","NAME_ZH":"坦桑尼亚","NAME_ZHT":"坦尚尼亞","FCLASS_ISO":"Admin-0 country","TLC_DIFF":"","FCLASS_TLC":"Admin-0 country","FCLASS_US":"","FCLASS_FR":"","FCLASS_RU":"","FCLASS_ES":"","FCLASS_CN":"","FCLASS_TW":"","FCLASS_IN":"","FCLASS_NP":"","FCLASS_PK":"","FCLASS_DE":"","FCLASS_GB":"","FCLASS_BR":"","FCLASS_IL":"","FCLASS_PS":"","FCLASS_SA":"","FCLASS_EG":"","FCLASS_MA":"","FCLASS_PT":"","FCLASS_AR":"","FCLASS_JP":"","FCLASS_KO":"","FCLASS_VN":"","FCLASS_TR":"","FCLASS_ID":"","FCLASS_PL":"","FCLASS_GR":"","FCLASS_IT":"","FCLASS_NL":"","FCLASS_SE":"","FCLASS_BD":"","FCLASS_UA":""}},
{"type":"Feature","geometry":{"type":"Polygon","coordinates":[[[-8.666,27.656],[-8.818,27.656],[-8.795,27.121],[-9.413,27.088],[-9.735,26.861],[-10.189,26.861],[-10.551,26.991],[-11.393,26.883],[-11.718,26.104],[-12.031,26.031],[-12.501,24.77],[-13.891,23.691],[-14.221,22.31],[-14.631,21.861],[-14.751,21.501],[-17.003,21.421],[-17.02,21.422],[-17.063,21],[-16.845,21.333],[-12.929,21.327],[-13.119,22.771],[-12.874,23.285],[-11.937,23.375],[-11.969,25.933],[-8.687,25.881],[-8.684,27.396],[-8.665,27.589],[-8.666,27.656]]]},"properties":{"featurecla":"Admin-0 country","scalerank":1,"LABELRANK":7,"SOVEREIGNT":"Western Sahara","SOV_A3":"SAH","ADM0_DIF":0,"LEVEL":2,"TYPE":"Indeterminate","TLC":"1","ADMIN":"Western Sahara","ADM0_A3":"SAH","GEOU_DIF":0,"GEOUNIT":"Western Sahara","GU_A3":"SAH","SU_DIF":0,"SUBUNIT":"Western Sahara","SU_A3":"SAH","BRK_DIFF":1,"NAME":"W. Sahara","NAME_LONG":"Western Sahara","BRK_A3":"B28","BRK_NAME":"W. Sahara","BRK_GROUP":"","ABBREV":"W. Sah.","POSTAL":"WS","FORMAL_EN":"Sahrawi Arab Democratic Republic","FORMAL_FR":"","NAME_CIAWF":"Western Sahara","NOTE_ADM0":"","NOTE_BRK":"Self admin.; Claimed by Morocco","NAME_SORT":"Western Sahara","NAME_ALT":"","MAPCOLOR7":4,"MAPCOLOR8":7,"MAPCOLOR9":4,"MAPCOLOR13":4,"POP_EST":603253,"POP_RANK":11,"POP_YEAR":2017,"GDP_MD":907,"GDP_YEAR":2007,"ECONOMY":"7. Least developed region","INCOME_GRP":"5. Low income","FIPS_10":"WI","ISO_A2":"EH","ISO_A2_EH":"EH","ISO_A3":"ESH","ISO_A3_EH":"ESH","ISO_N3":"732","ISO_N3_EH":"732","UN_A3":"732","WB_A2":"-99","WB_A3":"-99","WOE_ID":23424990,"WOE_ID_EH":23424990,"WOE_NOTE":"Exact WOE match as country","ADM0_ISO":"B28","ADM0_DIFF":"","ADM0_TLC":"B28","ADM0_A3_US":"SAH","ADM0_A3_FR":"MAR","ADM0_A3_RU":"SAH","ADM0_A3_ES":"SAH","ADM0_A3_CN":"SAH","ADM0_A3_TW":"SAH","ADM0_A3_IN":"MAR","ADM0_A3_NP":"SAH","ADM0_A3_PK":"SAH","ADM0_A3_DE":"SAH","ADM0_A3_GB":"SAH","ADM0_A3_BR":"SAH","ADM0_A3_IL":"SAH","ADM0_A3_PS":"MAR","ADM0_A3_SA":"MAR","ADM0_A3_EG":"SAH","ADM0_A3_MA":"MAR","ADM0_A3_PT":"SAH","ADM0_A3_AR":"SAH","ADM0_A3_JP":"SAH","ADM0_A3_KO":"SAH","ADM0_A3_VN":"SAH","ADM0_A3_TR":"MAR","ADM0_A3_ID":"MAR","ADM0_A3_PL":"MAR","ADM0_A3_GR":"SAH","ADM0_A3_IT":"SAH","ADM0_A3_NL":"MAR","ADM0_A3_SE":"SAH","ADM0_A3_BD":"SAH","ADM0_A3_UA":"SAH","ADM0_A3_UN":-99,"ADM0_A3_WB":-99,"CONTINENT":"Africa","REGION_UN":"Africa","SUBREGION":"Northern Africa","REGION_WB":"Middle East & North Africa","NAME_LEN":9,"LONG_LEN":14,"ABBREV_LEN":7,"TINY":-99,"HOMEPART":1,"MIN_ZOOM":4.7,"MIN_LABEL":6,"MAX_LABEL":11,"LABEL_X":-12.630304,"LABEL_Y":23.967592,"NE_ID":1159321223,"WIKIDATAID":"Q6250","NAME_AR":"الصحراء الغربية","NAME_BN":"পশ্চিম সাহারা","NAME_DE":"Westsahara","NAME_EN":"Western Sahara","NAME_ES":"Sahara Occidental","NAME_FA":"صحرای غربی","NAME_FR":"Sahara occidental","NAME_EL":"Δυτική Σαχάρα","NAME_HE":"סהרה המערבית","NAME_HI":"पश्चिमी सहारा","NAME_HU":"Nyugat-Szahara","NAME_ID":"Sahara Barat","NAME_IT":"Sahara Occidentale","NAME_JA":"西サハラ","NAME_KO":"서사하라","NAME_NL":"Westelijke Sahara","NAME_PL":"Sahara Zachodnia","NAME_PT":"Sara Ocidental","NAME_RU":"Западная Сахара","NAME_SV":"Västsahara","NAME_TR":"Batı Sahra","NAME_UK":"Західна Сахара","NAME_UR":"مغربی صحارا","NAME_VI":"Tây Sahara","NAME_ZH":"西撒哈拉","NAME_ZHT":"西撒哈拉","FCLASS_ISO":"Admin-0 dependency","TLC_DIFF":"","FCLASS_TLC":"Admin-0 dependency","FCLASS_US":"","FCLASS_FR":"Unrecognized","FCLASS_RU":"","FCLASS_ES":"","FCLASS_CN":"","FCLASS_TW":"","FCLASS_IN":"Unrecognized","FCLASS_NP":"","FCLASS_PK":"","FCLASS_DE":"","FCLASS_GB":"","FCLASS_BR":"","FCLASS_IL":"","FCLASS_PS":"Unrecognized","FCLASS_SA":"Unrecognized","FCLASS_EG":"","FCLASS_MA":"Unrecognized","FCLASS_PT":"","FCLASS_AR":"","FCLASS_JP":"","FCLASS_KO":"","FCLASS_VN":"","FCLASS_TR":"Unrecognized","FCLASS_ID":"Unrecognized","FCLASS_PL":"Unrecognized","FCLASS_GR":"","FCLASS_IT":"","FCLASS_NL":"Unrecognized","FCLASS_SE":"","FCLASS_BD":"","FCLASS_UA":""}},
{"type":"Feature","geometry":{"type":"MultiPolygon","coordinates":[[[[-122.84,49],[-120,49],[-117.031,49],[-116.048,49],[-113,49],[-110.05,49],[-107.05,49],[-104.048,49],[-100.65,49],[-97.229,49.001],[-95.159,49],[-95.156,49.384],[-94.818,49.389],[-94.64,48.84],[-94.329,48.671],[-93.631,48.609],[-92.61,48.45],[-91.64,48.14],[-90.83,48.27],[-89.6,48.01],[-89.273,48.02],[-88.378,48.303],[-87.44,47.94],[-86.462,47.553],[-85.652,47.22],[-84.876,46.9],[-84.779,46.637],[-84.544,46.539],[-84.605,46.44],[-84.337,46.409],[-84.142,46.512],[-84.092,46.275],[-83.891,46.117],[-83.616,46.117],[-83.47,45.995],[-83.593,45.817],[-82.551,45.348],[-82.338,44.44],[-82.138,43.571],[-82.43,42.98],[-82.9,42.43],[-83.12,42.08],[-83.142,41.976],[-83.03,41.833],[-82.69,41.675],[-82.439,41.675],[-81.278,42.209],[-80.247,42.366],[-78.939,42.864],[-78.92,42.965],[-79.01,43.27],[-79.172,43.466],[-78.72,43.625],[-77.738,43.629],[-76.82,43.629],[-76.5,44.018],[-76.375,44.096],[-75.318,44.816],[-74.867,45],[-73.348,45.007],[-71.505,45.008],[-71.405,45.255],[-71.085,45.305],[-70.66,45.46],[-70.305,45.915],[-70,46.693],[-69.237,47.448],[-68.905,47.185],[-68.234,47.355],[-67.79,47.066],[-67.791,45.703],[-67.137,45.138],[-66.026,45.259],[-64.425,45.292],[-66.162,44.465],[-66.123,43.619],[-65.364,43.545],[-64.247,44.266],[-63.255,44.67],[-61.04,45.265],[-59.803,45.92],[-60.449,46.283],[-60.518,47.008],[-61.521,45.884],[-63.173,45.739],[-64.472,46.238],[-64.799,46.993],[-65.115,48.071],[-64.171,48.742],[-65.056,49.233],[-66.552,49.133],[-68.65,48.3],[-70.255,46.986],[-71.105,46.822],[-69.954,47.745],[-68.511,49.068],[-67.236,49.512],[-66.399,50.229],[-65.363,50.298],[-63.863,50.291],[-61.724,50.08],[-60.033,50.243],[-58.775,51.064],[-57.127,51.42],[-56.409,51.771],[-55.683,52.147],[-55.756,53.27],[-56.158,53.647],[-56.937,53.78],[-57.333,54.627],[-57.975,54.945],[-59.57,55.204],[-60.469,55.775],[-61.799,56.339],[-61.397,56.967],[-62.502,58.167],[-63.805,59.443],[-64.584,60.336],[-65.245,59.871],[-66.202,58.767],[-67.65,58.212],[-68.375,58.801],[-69.288,58.957],[-69.62,60.221],[-69.59,61.061],[-71.374,61.137],[-71.677,61.525],[-72.909,62.105],[-73.84,62.444],[-74.668,62.181],[-75.696,62.278],[-77.411,62.551],[-78.107,62.32],[-77.773,60.758],[-77.337,59.853],[-78.517,58.805],[-77.302,58.052],[-76.623,57.203],[-76.541,56.534],[-77.096,55.837],[-78.229,55.136],[-79.83,54.668],[-79.124,54.141],[-78.602,52.562],[-79.143,51.534],[-79.913,51.208],[-81.401,52.158],[-82.125,53.277],[-82.436,54.282],[-82.273,55.148],[-83.361,55.245],[-85.012,55.303],[-86.071,55.724],[-87.324,55.999],[-88.04,56.472],[-89.04,56.852],[-90.898,57.285],[-92.297,57.087],[-92.765,57.846],[-93.215,58.782],[-94.685,58.949],[-94.629,60.11],[-94.242,60.899],[-93.157,62.025],[-91.933,62.835],[-90.77,62.96],[-90.704,63.61],[-89.914,64.033],[-88.483,64.099],[-87.323,64.776],[-87.031,65.213],[-86.068,66.056],[-85.769,66.558],[-84.735,66.257],[-83.345,66.412],[-81.387,67.111],[-81.259,67.597],[-81.964,68.133],[-81.22,68.666],[-81.28,69.162],[-82.623,69.658],[-84.101,69.805],[-85.522,69.882],[-85.577,68.785],[-86.306,67.921],[-87.35,67.199],[-88.317,67.873],[-88.02,68.615],[-89.215,69.259],[-90.552,68.475],[-90.547,69.498],[-92.407,69.7],[-91.52,70.191],[-92.878,71.319],[-93.89,71.76],[-95.209,71.921],[-96.391,71.195],[-96.471,70.09],[-95.304,69.686],[-94.233,69.069],[-94.685,68.064],[-95.489,68.091],[-96.126,67.293],[-96.12,68.239],[-97.669,68.579],[-98.559,68.404],[-98.443,67.782],[-99.902,67.806],[-101.454,67.647],[-103.221,68.098],[-104.338,68.018],[-105.343,68.561],[-106.15,68.8],[-106.95,68.7],[-108.167,68.654],[-108.813,68.312],[-107.792,67.887],[-108.88,67.381],[-109.946,67.981],[-110.798,67.806],[-113.497,67.688],[-115.305,67.903],[-113.898,68.399],[-115.247,68.906],[-116.226,68.842],[-117.603,69.011],[-119.943,69.378],[-121.472,69.798],[-122.683,69.856],[-123.061,69.564],[-124.29,69.4],[-124.425,70.158],[-125.756,69.481],[-127.447,70.377],[-128.138,70.484],[-128.362,70.013],[-129.108,69.779],[-129.795,70.194],[-131.431,69.945],[-132.929,69.505],[-134.415,69.627],[-135.626,69.315],[-136.504,68.898],[-137.546,68.99],[-139.121,69.471],[-140.986,69.712],[-140.992,66],[-140.998,60.306],[-140.013,60.277],[-139.039,60],[-138.341,59.562],[-137.452,58.905],[-136.48,59.464],[-135.476,59.788],[-134.945,59.271],[-134.271,58.861],[-133.356,58.41],[-132.73,57.693],[-131.708,56.552],[-130.008,55.916],[-129.98,55.285],[-130.536,54.803],[-130.515,54.288],[-129.305,53.562],[-129.13,52.755],[-127.85,52.33],[-127.993,51.716],[-127.436,50.831],[-125.625,50.417],[-124.91,49.985],[-122.974,49.003],[-122.84,49]]],[[[-83.994,62.453],[-83.775,62.182],[-83.069,62.159],[-81.898,62.711],[-81.877,62.905],[-83.25,62.914],[-83.994,62.453]]],[[[-79.776,72.803],[-79.486,72.742],[-78.392,72.877],[-77.314,72.856],[-76.251,72.826],[-76.34,73.103],[-78.064,73.652],[-80.353,73.76],[-80.834,73.693],[-80.876,73.333],[-79.776,72.803]]],[[[-80.315,62.086],[-80.362,62.016],[-80.1,61.718],[-79.658,61.633],[-79.266,62.159],[-79.52,62.364],[-79.929,62.386],[-80.315,62.086]]],[[[-93.613,74.98],[-93.978,75.296],[-94.851,75.647],[-96.289,75.378],[-96.821,74.928],[-95.609,74.667],[-94.157,74.592],[-93.613,74.98]]],[[[-93.84,77.52],[-93.721,77.634],[-94.423,77.82],[-96.436,77.835],[-96.17,77.555],[-94.296,77.491],[-93.84,77.52]]],[[[-96.754,78.766],[-97.337,78.832],[-98.632,78.872],[-98.553,78.458],[-98.124,78.083],[-97.31,77.851],[-95.83,78.057],[-95.559,78.418],[-96.754,78.766]]],[[[-88.15,74.392],[-86.097,74.41],[-83.229,74.564],[-81.949,74.442],[-80.458,74.657],[-79.834,74.923],[-80.058,75.337],[-81.129,75.714],[-82.753,75.784],[-84.79,75.699],[-86.379,75.482],[-87.838,75.566],[-89.187,75.61],[-89.822,75.848],[-90.97,76.074],[-90.742,76.45],[-91.605,76.779],[-93.574,76.776],[-94.684,77.098],[-96.745,77.161],[-97.121,76.751],[-95.962,76.441],[-93.894,76.319],[-92.89,75.883],[-92.768,75.387],[-92.422,74.838],[-89.765,74.516],[-88.15,74.392]]],[[[-111.264,78.153],[-112.725,78.051],[-113.534,77.732],[-112.051,77.409],[-110.187,77.697],[-109.854,77.996],[-111.264,78.153]]],[[[-110.964,78.804],[-111.5,78.85],[-112.526,78.551],[-112.542,78.408],[-110.881,78.407],[-109.663,78.602],[-110.964,78.804]]],[[[-55.6,51.317],[-55.407,51.588],[-55.871,51.632],[-56.739,51.287],[-57.359,50.718],[-58.392,49.126],[-59.232,48.523],[-58.797,48.252],[-59.419,47.899],[-59.266,47.603],[-57.325,47.573],[-56.251,47.633],[-55.291,47.39],[-55.997,46.92],[-55.401,46.885],[-54.24,47.752],[-53.962,47.625],[-54.179,46.807],[-53.521,46.618],[-53.069,46.655],[-52.648,47.536],[-52.959,48.157],[-53.086,48.688],[-53.786,48.517],[-53.477,49.249],[-54.474,49.557],[-54.935,49.313],[-55.822,49.587],[-55.471,49.936],[-56.143,50.15],[-56.796,49.812],[-56.134,50.687],[-55.6,51.317]]],[[[-83.883,65.11],[-84.464,65.372],[-84.976,65.218],[-85.161,65.657],[-85.884,65.739],[-86.225,64.823],[-86.353,64.036],[-87.222,63.541],[-85.867,63.637],[-85.523,63.052],[-84.1,63.57],[-83.109,64.102],[-82.547,63.652],[-80.991,63.411],[-80.103,63.726],[-80.817,64.057],[-81.553,63.98],[-81.642,64.455],[-82.788,64.767],[-83.883,65.11]]],[[[-78.771,72.352],[-80.749,72.062],[-80.6,72.717],[-82.316,73.751],[-84.85,73.34],[-85.774,72.534],[-86.562,73.157],[-85.826,73.804],[-88.408,73.538],[-89.437,73.129],[-90.205,72.235],[-89.888,71.223],[-88.468,71.218],[-89.513,70.762],[-88.682,70.411],[-87.06,70.26],[-84.945,69.967],[-81.305,69.743],[-79.492,69.872],[-78.957,70.167],[-78.169,69.826],[-77.287,69.77],[-76.229,69.148],[-76.869,68.895],[-74.843,68.555],[-73.312,68.069],[-72.926,67.727],[-72.651,67.285],[-73.945,66.311],[-74.294,65.812],[-73.96,65.455],[-76.018,65.327],[-77.897,65.309],[-78.556,64.573],[-77.71,64.23],[-74.819,64.389],[-74.834,64.679],[-73.378,64.194],[-71.886,63.68],[-72.235,63.398],[-71.023,62.911],[-68.877,62.33],[-66.166,61.931],[-66.328,62.28],[-67.37,62.884],[-68.783,63.746],[-66.275,62.945],[-65.014,62.674],[-64.669,63.393],[-65.32,64.383],[-65.732,64.648],[-67.09,65.108],[-68.141,65.69],[-68.015,66.263],[-66.721,66.388],[-65.149,65.426],[-63.918,64.999],[-62.163,66.16],[-61.852,66.862],[-63.425,66.928],[-64.862,67.848],[-66.45,68.067],[-68.805,68.72],[-66.969,69.186],[-67.915,70.122],[-68.786,70.525],[-71.2,70.92],[-72.242,71.557],[-74.099,71.331],[-74.229,71.767],[-75.606,72.244],[-77.825,72.75],[-78.771,72.352]]],[[[-94.504,74.135],[-95.496,73.862],[-96.018,73.437],[-96.034,72.94],[-95.41,72.062],[-94.269,72.025],[-93.196,72.772],[-92.004,72.966],[-90.51,73.857],[-92.42,74.1],[-94.504,74.135]]],[[[-122.855,76.117],[-121.5,75.9],[-119.899,76.053],[-118.04,76.481],[-117.106,76.53],[-116.336,76.877],[-116.199,77.645],[-117.57,77.498],[-119.104,77.512],[-121.158,76.865],[-122.855,76.117]]],[[[-132.71,54.04],[-133.18,54.17],[-133.24,53.851],[-133.055,53.411],[-132.55,53.1],[-132.18,52.64],[-131.578,52.182],[-131.179,52.18],[-132.049,52.985],[-131.75,54.12],[-132.71,54.04]]],[[[-105.492,79.302],[-105.42,78.918],[-104.21,78.677],[-105.176,78.38],[-102.95,78.343],[-101.304,78.019],[-99.671,77.908],[-100.06,78.325],[-100.825,78.8],[-103.529,79.165],[-105.492,79.302]]],[[[-123.51,48.51],[-123.923,49.062],[-124.921,49.475],[-125.415,49.95],[-125.755,50.295],[-126.695,50.401],[-127.309,50.553],[-128.358,50.771],[-128.445,50.539],[-128.059,49.995],[-127.03,49.815],[-126.85,49.53],[-125.955,49.18],[-125.655,48.825],[-124.013,48.371],[-123.51,48.51]]],[[[-121.538,74.449],[-124.918,74.293],[-123.94,73.68],[-124.807,73.023],[-125.5,72.292],[-125.929,71.869],[-123.62,71.34],[-123.092,70.902],[-120.46,71.384],[-120.46,71.82],[-119.22,72.52],[-116.768,73.223],[-115.511,73.475],[-116.584,73.896],[-117.556,74.186],[-120.11,74.241],[-121.538,74.449]]],[[[-107.819,75.846],[-108.211,76.202],[-108.549,76.678],[-109.581,76.794],[-110.497,76.43],[-109.067,75.473],[-110.814,75.549],[-112.591,76.141],[-115.405,76.479],[-116.346,76.199],[-117.71,75.222],[-116.312,75.043],[-111.794,75.163],[-113.871,74.72],[-113.744,74.394],[-112.223,74.417],[-109.7,74.85],[-106.313,75.005],[-105.705,75.48],[-105.881,75.969],[-106.929,76.013],[-107.819,75.846]]],[[[-106.523,73.076],[-107.516,73.236],[-108.396,73.09],[-107.686,72.065],[-108.188,71.651],[-109.007,72.633],[-109.92,72.961],[-111.05,72.45],[-112.441,72.955],[-114.666,72.653],[-114.167,73.121],[-115.189,73.315],[-117.866,72.706],[-118.563,72.308],[-119.402,71.559],[-117.656,71.295],[-116.113,71.309],[-118.432,70.909],[-117.905,70.541],[-116.487,70.52],[-114.35,70.6],[-112.416,70.366],[-113.721,70.192],[-115.131,70.237],[-116.675,70.067],[-117.34,69.96],[-116.108,69.168],[-115.22,69.28],[-113.855,69.007],[-113.313,68.536],[-111.534,68.63],[-109,68.78],[-107.123,69.119],[-105.96,69.18],[-104.24,68.91],[-102.43,68.753],[-102.093,69.12],[-102.731,69.504],[-101.089,69.584],[-100.981,70.024],[-102.785,70.498],[-104.465,70.993],[-104.775,71.698],[-105.402,72.673],[-106.523,73.076]]],[[[-100.438,72.706],[-102.48,72.83],[-102.5,72.51],[-100.015,71.738],[-99.323,71.356],[-98.36,71.273],[-96.72,71.66],[-96.54,72.56],[-98.054,72.991],[-97.12,73.47],[-97.38,73.76],[-99.164,73.633],[-100.356,73.844],[-101.54,73.36],[-100.438,72.706]]],[[[-106.6,73.6],[-106.94,73.46],[-105.38,72.76],[-104.5,73.42],[-105.26,73.64],[-106.6,73.6]]],[[[-98.5,76.72],[-98.577,76.589],[-99.983,76.646],[-101.49,76.305],[-102.566,76.337],[-102.502,75.564],[-100.863,75.641],[-100.884,75.057],[-99.809,74.897],[-98.16,75],[-97.704,75.743],[-97.736,76.257],[-98.5,76.72]]],[[[-96.016,80.602],[-96.71,80.158],[-96.076,79.705],[-94.974,79.372],[-93.145,79.38],[-93.936,79.114],[-93.951,78.751],[-92.877,78.343],[-90.804,78.215],[-89.035,78.287],[-87.188,79.039],[-85.814,79.337],[-87.02,79.66],[-87.81,80.32],[-89.45,80.509],[-91.133,80.723],[-92.41,81.257],[-94.735,81.206],[-94.298,80.977],[-95.323,80.907],[-96.016,80.602]]],[[[-91.587,81.894],[-91.368,81.553],[-90.2,81.26],[-89.367,80.856],[-87.599,80.516],[-84.1,80.58],[-81.848,80.464],[-83.409,80.1],[-84.198,80.208],[-86.932,80.251],[-86.507,79.736],[-85.095,79.345],[-85.379,78.997],[-87.152,78.759],[-87.962,78.372],[-86.34,78.18],[-84.976,77.539],[-87.65,77.97],[-88.26,77.9],[-87.767,77.178],[-89.616,76.952],[-89.491,76.472],[-87.6,76.42],[-86.112,76.299],[-83.174,76.454],[-80.561,76.178],[-77.889,76.778],[-77.911,77.022],[-79.62,76.983],[-79.76,77.21],[-78.363,77.509],[-77.889,77.9],[-76.344,78.183],[-75.393,78.526],[-76.22,79.019],[-75.529,79.198],[-76.908,79.323],[-73.88,79.43],[-73.243,79.634],[-71.18,79.8],[-69.47,80.617],[-67.84,80.9],[-65.48,81.507],[-67.658,81.501],[-66.753,81.725],[-64.334,81.928],[-61.894,82.362],[-61.85,82.629],[-63.68,82.9],[-65.827,83.028],[-68.5,83.106],[-70.666,83.17],[-72.832,83.233],[-75.719,83.064],[-76.25,83.172],[-79.307,83.131],[-81.1,83.02],[-82.42,82.86],[-83.18,82.32],[-84.26,82.6],[-85.5,82.652],[-86.97,82.28],[-88.932,82.118],[-90.1,82.085],[-91.587,81.894]]],[[[-75.216,67.444],[-75.103,67.582],[-75.114,68.01],[-75.895,68.287],[-76.812,68.149],[-77.236,67.588],[-76.987,67.099],[-75.866,67.149],[-75.216,67.444]]],[[[-96.257,69.49],[-96.557,69.68],[-97.157,69.86],[-98.218,70.144],[-98.917,69.71],[-99.797,69.4],[-98.432,68.951],[-97.617,69.06],[-96.27,68.757],[-95.648,69.108],[-96.257,69.49]]],[[[-64.519,49.873],[-63.589,49.401],[-62.293,49.087],[-61.806,49.105],[-61.836,49.289],[-62.858,49.706],[-64.173,49.957],[-64.519,49.873]]],[[[-64.015,47.036],[-64.393,46.727],[-64.143,46.393],[-62.874,45.968],[-62.504,46.033],[-62.012,46.443],[-62.939,46.416],[-63.664,46.55],[-64.015,47.036]]]]},"properties":{"featurecla":"Admin-0 country","scalerank":1,"LABELRANK":2,"SOVEREIGNT":"Canada","SOV_A3":"CAN","ADM0_DIF":0,"LEVEL":2,"TYPE":"Sovereign country","TLC":"1","ADMIN":"Canada","ADM0_A3":"CAN","GEOU_DIF":0,"GEOUNIT":"Canada","GU_A3":"CAN","SU_DIF":0,"SUBUNIT":"Canada","SU_A3":"CAN","BRK_DIFF":0,"NAME":"Canada","NAME_LONG":"Canada","BRK_A3":"CAN","BRK_NAME":"Canada","BRK_GROUP":"","ABBREV":"Can.","POSTAL":"CA","FORMAL_EN":"Canada","FORMAL_FR":"","NAME_CIAWF":"Canada","NOTE_ADM0":"","NOTE_BRK":"","NAME_SORT":"Canada","NAME_ALT":"","MAPCOLOR7":6,"MAPCOLOR8":6,"MAPCOLOR9":2,"MAPCOLOR13":2,"POP_EST":37589262,"POP_RANK":15,"POP_YEAR":2019,"GDP_MD":1736425,"GDP_YEAR":2019,"ECONOMY":"1. Developed region: G7","INCOME_GRP":"1. High income: OECD","FIPS_10":"CA","ISO_A2":"CA","ISO_A2_EH":"CA","ISO_A3":"CAN","ISO_A3_EH":"CAN","ISO_N3":"124","ISO_N3_EH":"124","UN_A3":"124","WB_A2":"CA","WB_A3":"CAN","WOE_ID":23424775,"WOE_ID_EH":23424775,"WOE_NOTE":"Exact WOE match as country","ADM0_ISO":"CAN","ADM0_DIFF":"","ADM0_TLC":"CAN","ADM0_A3_US":"CAN","ADM0_A3_FR":"CAN","ADM0_A3_RU":"CAN","ADM0_A3_ES":"CAN","ADM0_A3_CN":"CAN","ADM0_A3_TW":"CAN","ADM0_A3_IN":"CAN","ADM0_A3_NP":"CAN","ADM0_A3_PK":"CAN","ADM0_A3_DE":"CAN","ADM0_A3_GB":"CAN","ADM0_A3_BR":"CAN","ADM0_A3_IL":"CAN","ADM0_A3_PS":"CAN","ADM0_A3_SA":"CAN","ADM0_A3_EG":"CAN","ADM0_A3_MA":"CAN","ADM0_A3_PT":"CAN","ADM0_A3_AR":"CAN","ADM0_A3_JP":"CAN","ADM0_A3_KO":"CAN","ADM0_A3_VN":"CAN","ADM0_A3_TR":"CAN","ADM0_A3_ID":"CAN","ADM0_A3_PL":"CAN","ADM0_A3_GR":"CAN","ADM0_A3_IT":"CAN","ADM0_A3_NL":"CAN","ADM0_A3_SE":"CAN","ADM0_A3_BD":"CAN","ADM0_A3_UA":"CAN","ADM0_A3_UN":-99,"ADM0_A3_WB":-99,"CONTINENT":"North America","REGION_UN":"Americas","SUBREGION":"Northern America","REGION_WB":"North America","NAME_LEN":6,"LONG_LEN":6,"ABBREV_LEN":4,"TINY":-99,"HOMEPART":1,"MIN_ZOOM":0,"MIN_LABEL":1.7,"MAX_LABEL":5.7,"LABEL_X":-101.9107,"LABEL_Y":60.324287,"NE_ID":1159320467,"WIKIDATAID":"Q16","NAME_AR":"كندا","NAME_BN":"কানাডা","NAME_DE":"Kanada","NAME_EN":"Canada","NAME_ES":"Canadá","NAME_FA":"کانادا","NAME_FR":"Canada","NAME_EL":"Καναδάς","NAME_HE":"קנדה","NAME_HI":"कनाडा","NAME_HU":"Kanada","NAME_ID":"Kanada","NAME_IT":"Canada","NAME_JA":"カナダ","NAME_KO":"캐나다","NAME_NL":"Canada","NAME_PL":"Kanada","NAME_PT":"Canadá","NAME_RU":"Канада","NAME_SV":"Kanada","NAME_TR":"Kanada","NAME_UK":"Канада","NAME_UR":"کینیڈا","NAME_VI":"Canada","NAME_ZH":"加拿大","NAME_ZHT":"加拿大","FCLASS_ISO":"Admin-0 country","TLC_DIFF":"","FCLASS_TLC":"Admin-0 country","FCLASS_US":"","FCLASS_FR":"","FCLASS_RU":"","FCLASS_ES":"","FCLASS_CN":"","FCLASS_TW":"","FCLASS_IN":"","FCLASS_NP":"","FCLASS_PK":"","FCLASS_DE":"","FCLASS_GB":"","FCLASS_BR":"","FCLASS_IL":"","FCLASS_PS":"","FCLASS_SA":"","FCLASS_EG":"","FCLASS_MA":"","FCLASS_PT":"","FCLASS_AR":"","FCLASS_JP":"","FCLASS_KO":"","FCLASS_VN":"","FCLASS_TR":"","FCLASS_ID":"","FCLASS_PL":"","FCLASS_GR":"","FCLASS_IT":"","FCLASS_NL":"","FCLASS_SE":"","FCLASS_BD":"","FCLASS_UA":""}},
{"type":"Feature","geometry":{"type":"MultiPolygon","coordinates":[[[[-122.84,49],[-122.5,48.18],[-122.34,47.36],[-122.587,47.096],[-123.12,48.04],[-124.566,48.38],[-124.687,48.184],[-124.396,47.72],[-124.08,46.865],[-123.899,45.523],[-124.021,44.616],[-124.142,43.708],[-124.533,42.766],[-124.214,42],[-124.179,41.142],[-124.398,40.313],[-123.865,39.767],[-123.727,38.952],[-122.953,38.114],[-122.512,37.783],[-122.547,37.552],[-121.715,36.162],[-120.744,35.157],[-120.623,34.609],[-120.368,34.447],[-119.439,34.348],[-119.081,34.078],[-118.52,34.028],[-118.411,33.741],[-117.944,33.621],[-117.296,33.046],[-117.128,32.535],[-115.991,32.612],[-114.721,32.721],[-114.815,32.525],[-113.305,32.039],[-111.024,31.335],[-109.035,31.342],[-108.242,31.342],[-108.24,31.755],[-106.508,31.755],[-106.143,31.4],[-105.632,31.084],[-105.037,30.644],[-104.706,30.122],[-104.457,29.572],[-103.94,29.27],[-103.11,28.97],[-102.48,29.76],[-101.662,29.779],[-100.958,29.381],[-100.456,28.696],[-100.11,28.11],[-99.52,27.54],[-99.3,26.84],[-99.02,26.37],[-98.24,26.06],[-97.53,25.84],[-97.14,25.87],[-97.33,26.21],[-97.38,26.69],[-97.37,27.38],[-97.14,27.83],[-96.594,28.307],[-95.6,28.739],[-94.69,29.48],[-93.848,29.714],[-93.226,29.784],[-92.499,29.552],[-91.627,29.677],[-90.88,29.149],[-90.155,29.117],[-89.779,29.307],[-89.408,29.16],[-89.218,29.291],[-89.43,29.489],[-89.414,29.894],[-89.594,30.16],[-89.18,30.316],[-88.418,30.385],[-87.53,30.274],[-86.4,30.4],[-85.773,30.153],[-85.288,29.686],[-85.109,29.636],[-84.1,30.09],[-83.71,29.937],[-82.93,29.1],[-82.65,28.55],[-82.855,27.886],[-82.705,27.495],[-82.24,26.73],[-81.71,25.87],[-81.33,25.64],[-81.172,25.201],[-80.68,25.08],[-80.381,25.206],[-80.132,25.817],[-80.088,26.206],[-80.057,26.88],[-80.53,28.04],[-80.536,28.472],[-80.98,29.18],[-81.314,30.036],[-81.49,30.73],[-81.336,31.44],[-80.865,32.033],[-80.301,32.509],[-79.204,33.158],[-79.061,33.494],[-78.554,33.861],[-78.055,33.925],[-77.398,34.512],[-76.363,34.809],[-75.727,35.551],[-75.868,36.551],[-75.972,36.897],[-76.259,36.966],[-76.302,37.918],[-76.99,38.24],[-76.329,38.083],[-76.543,38.718],[-76.35,39.15],[-76.233,38.319],[-75.722,37.937],[-76.031,37.257],[-75.94,37.217],[-75.377,38.016],[-75.057,38.404],[-75.072,38.782],[-75.32,38.96],[-75.528,39.499],[-75.2,39.248],[-74.98,39.196],[-74.906,38.94],[-74.178,39.709],[-73.962,40.428],[-74.257,40.474],[-73.952,40.751],[-73.982,40.628],[-73.345,40.63],[-71.945,40.93],[-72.241,41.119],[-73.71,40.931],[-72.876,41.221],[-72.295,41.27],[-71.86,41.32],[-71.12,41.494],[-70.64,41.475],[-69.965,41.637],[-69.885,41.923],[-70.185,42.145],[-70.08,41.78],[-70.495,41.805],[-70.825,42.335],[-70.815,42.865],[-70.645,43.09],[-70.116,43.684],[-69.06,43.98],[-68.033,44.325],[-66.965,44.81],[-67.137,45.138],[-67.791,45.703],[-67.79,47.066],[-68.234,47.355],[-68.905,47.185],[-69.237,47.448],[-70,46.693],[-70.305,45.915],[-70.66,45.46],[-71.085,45.305],[-71.405,45.255],[-71.505,45.008],[-73.348,45.007],[-74.867,45],[-75.318,44.816],[-76.375,44.096],[-76.5,44.018],[-76.82,43.629],[-77.738,43.629],[-78.72,43.625],[-79.172,43.466],[-79.01,43.27],[-78.92,42.965],[-78.939,42.864],[-80.247,42.366],[-81.278,42.209],[-82.439,41.675],[-82.69,41.675],[-83.03,41.833],[-83.142,41.976],[-83.12,42.08],[-82.9,42.43],[-82.43,42.98],[-82.138,43.571],[-82.338,44.44],[-82.551,45.348],[-83.593,45.817],[-83.47,45.995],[-83.616,46.117],[-83.891,46.117],[-84.092,46.275],[-84.142,46.512],[-84.337,46.409],[-84.605,46.44],[-84.544,46.539],[-84.779,46.637],[-84.876,46.9],[-85.652,47.22],[-86.462,47.553],[-87.44,47.94],[-88.378,48.303],[-89.273,48.02],[-89.6,48.01],[-90.83,48.27],[-91.64,48.14],[-92.61,48.45],[-93.631,48.609],[-94.329,48.671],[-94.64,48.84],[-94.818,49.389],[-95.156,49.384],[-95.159,49],[-97.229,49.001],[-100.65,49],[-104.048,49],[-107.05,49],[-110.05,49],[-113,49],[-116.048,49],[-117.031,49],[-120,49],[-122.84,49]]],[[[-155.402,20.08],[-155.785,20.249],[-155.861,20.267],[-155.919,20.174],[-155.85,19.977],[-156.024,19.814],[-156.073,19.703],[-155.908,19.339],[-155.937,19.059],[-155.688,18.916],[-155.542,19.083],[-155.222,19.24],[-154.831,19.453],[-154.807,19.509],[-155.062,19.859],[-155.225,19.993],[-155.402,20.08]]],[[[-155.996,20.764],[-156.257,20.917],[-156.613,21.012],[-156.711,20.927],[-156.702,20.864],[-156.587,20.783],[-156.414,20.572],[-156.079,20.644],[-155.996,20.764]]],[[[-156.758,21.177],[-157.25,21.22],[-157.325,21.098],[-156.789,21.069],[-156.758,21.177]]],[[[-158.025,21.717],[-158.293,21.579],[-158.254,21.539],[-158.127,21.312],[-157.779,21.277],[-157.707,21.264],[-157.653,21.322],[-157.942,21.653],[-158.025,21.717]]],[[[-159.366,22.215],[-159.596,22.236],[-159.749,22.138],[-159.801,22.065],[-159.464,21.883],[-159.345,21.982],[-159.366,22.215]]],[[[-166.468,60.384],[-167.455,60.213],[-166.848,59.941],[-166.193,59.754],[-165.579,59.91],[-165.674,60.294],[-166.468,60.384]]],[[[-153.229,57.969],[-153.763,57.817],[-154.671,57.461],[-154.516,56.993],[-154.005,56.735],[-153.006,57.116],[-152.141,57.591],[-152.565,57.901],[-153.229,57.969]]],[[[-140.986,69.712],[-142.073,69.852],[-143.589,70.153],[-144.92,69.99],[-145.69,70.12],[-147.613,70.214],[-149.72,70.53],[-150.74,70.43],[-152.27,70.6],[-152.21,70.83],[-153.9,70.89],[-154.344,70.696],[-155.068,71.148],[-156.581,71.358],[-158.12,70.825],[-159.039,70.892],[-160.935,70.448],[-161.909,70.333],[-162.931,69.858],[-163.169,69.371],[-164.431,68.916],[-166.205,68.883],[-166.764,68.359],[-165.39,68.043],[-164.431,67.616],[-163.72,67.116],[-162.49,66.736],[-161.678,66.116],[-163.789,66.077],[-163.653,66.577],[-164.475,66.577],[-166.705,66.088],[-168.111,65.67],[-166.845,65.089],[-166.425,64.687],[-164.961,64.447],[-163.546,64.559],[-162.758,64.339],[-162.453,64.559],[-161.392,64.777],[-160.778,64.789],[-161.518,64.403],[-160.958,64.223],[-160.773,63.766],[-161.534,63.456],[-162.261,63.542],[-163.067,63.059],[-163.753,63.219],[-164.563,63.146],[-164.919,62.633],[-165.734,62.075],[-166.121,61.5],[-165.351,61.074],[-165.346,60.507],[-164.662,60.267],[-163.818,59.798],[-162.518,59.99],[-161.874,59.634],[-162.055,59.267],[-161.969,58.672],[-161.355,58.671],[-160.355,59.071],[-159.981,58.573],[-159.712,58.931],[-159.059,58.424],[-158.517,58.788],[-158.195,58.616],[-157.042,58.919],[-157.55,58.328],[-157.723,57.57],[-158.461,57.217],[-158.684,57.017],[-160.071,56.418],[-160.564,56.008],[-161.804,55.895],[-162.87,55.348],[-163.848,55.039],[-164.942,54.572],[-164.786,54.404],[-163.069,54.69],[-162.238,55.024],[-161.223,55.365],[-160.29,55.644],[-159.603,55.567],[-158.433,55.994],[-158.117,56.464],[-156.556,56.98],[-156.308,57.423],[-155.307,57.728],[-154.232,58.146],[-153.288,58.865],[-154.019,59.35],[-152.578,60.062],[-151.896,60.727],[-150.621,61.284],[-150.347,61.034],[-151.41,60.726],[-151.859,59.745],[-151.716,59.156],[-150.608,59.368],[-149.728,59.706],[-148.571,59.914],[-148.018,59.978],[-148.224,60.673],[-147.114,60.885],[-145.926,60.459],[-143.959,59.999],[-142.574,60.084],[-140.825,59.728],[-139.868,59.538],[-137.8,58.5],[-136.628,58.212],[-135.038,58.188],[-134.078,58.123],[-133.539,57.179],[-132.25,56.37],[-131.967,55.498],[-131.086,55.179],[-130.536,54.803],[-129.98,55.285],[-130.008,55.916],[-131.708,56.552],[-132.73,57.693],[-133.356,58.41],[-134.271,58.861],[-134.945,59.271],[-135.476,59.788],[-136.48,59.464],[-137.452,58.905],[-138.341,59.562],[-139.039,60],[-140.013,60.277],[-140.998,60.306],[-140.992,66],[-140.986,69.712]]],[[[-171.732,63.783],[-171.791,63.406],[-171.553,63.318],[-170.671,63.376],[-170.291,63.194],[-169.529,62.977],[-168.772,63.189],[-168.689,63.298],[-169.683,63.431],[-170.491,63.695],[-171.114,63.592],[-171.732,63.783]]]]},"properties":{"featurecla":"Admin-0 country","scalerank":1,"LABELRANK":2,"SOVEREIGNT":"United States of America","SOV_A3":"US1","ADM0_DIF":1,"LEVEL":2,"TYPE":"Country","TLC":"1","ADMIN":"United States of America","ADM0_A3":"USA","GEOU_DIF":0,"GEOUNIT":"United States of America","GU_A3":"USA","SU_DIF":0,"SUBUNIT":"United States","SU_A3":"USA","BRK_DIFF":0,"NAME":"United States of America","NAME_LONG":"United States","BRK_A3":"USA","BRK_NAME":"United States","BRK_GROUP":"","ABBREV":"U.S.A.","POSTAL":"US","FORMAL_EN":"United States of America","FORMAL_FR":"","NAME_CIAWF":"United States","NOTE_ADM0":"","NOTE_BRK":"","NAME_SORT":"United States of America","NAME_ALT":"","MAPCOLOR7":4,"MAPCOLOR8":5,"MAPCOLOR9":1,"MAPCOLOR13":1,"POP_EST":328239523,"POP_RANK":17,"POP_YEAR":2019,"GDP_MD":21433226,"GDP_YEAR":2019,"ECONOMY":"1. Developed region: G7","INCOME_GRP":"1. High income: OECD","FIPS_10":"US","ISO_A2":"US","ISO_A2_EH":"US","ISO_A3":"USA","ISO_A3_EH":"USA","ISO_N3":"840","ISO_N3_EH":"840","UN_A3":"840","WB_A2":"US","WB_A3":"USA","WOE_ID":23424977,"WOE_ID_EH":23424977,"WOE_NOTE":"Exact WOE match as country","ADM0_ISO":"USA","ADM0_DIFF":"","ADM0_TLC":"USA","ADM0_A3_US":"USA","ADM0_A3_FR":"USA","ADM0_A3_RU":"USA","ADM0_A3_ES":"USA","ADM0_A3_CN":"USA","ADM0_A3_TW":"USA","ADM0_A3_IN":"USA","ADM0_A3_NP":"USA","ADM0_A3_PK":"USA","ADM0_A3_DE":"USA","ADM0_A3_GB":"USA","ADM0_A3_BR":"USA","ADM0_A3_IL":"USA","ADM0_A3_PS":"USA","ADM0_A3_SA":"USA","ADM0_A3_EG":"USA","ADM0_A3_MA":"USA","ADM0_A3_PT":"USA","ADM0_A3_AR":"USA","ADM0_A3_JP":"USA","ADM0_A3_KO":"USA","ADM0_A3_VN":"USA","ADM0_A3_TR":"USA","ADM0_A3_ID":"USA","ADM0_A3_PL":"USA","ADM0_A3_GR":"USA","ADM0_A3_IT":"USA","ADM0_A3_NL":"USA","ADM0_A3_SE":"USA","ADM0_A3_BD":"USA","ADM0_A3_UA":"USA","ADM0_A3_UN":-99,"ADM0_A3_WB":-99,"CONTINENT":"North America","REGION_UN":"Americas","SUBREGION":"Northern America","REGION_WB":"North America","NAME_LEN":24,"LONG_LEN":13,"ABBREV_LEN":6,"TINY":-99,"HOMEPART":1,"MIN_ZOOM":0,"MIN_LABEL":1.7,"MAX_LABEL":5.7,"LABEL_X":-97.482602,"LABEL_Y":39.538479,"NE_ID":1159321369,"WIKIDATAID":"Q30","NAME_AR":"الولايات المتحدة","NAME_BN":"মার্কিন যুক্তরাষ্ট্র","NAME_DE":"Vereinigte Staaten","NAME_EN":"United States of America","NAME_ES":"Estados Unidos","NAME_FA":"ایالات متحده آمریکا","NAME_FR":"États-Unis","NAME_EL":"Ηνωμένες Πολιτείες Αμερικής","NAME_HE":"ארצות הברית","NAME_HI":"संयुक्त राज्य अमेरिका","NAME_HU":"Amerikai Egyesült Államok","NAME_ID":"Amerika Serikat","NAME_IT":"Stati Uniti d'America","NAME_JA":"アメリカ合衆国","NAME_KO":"미국","NAME_NL":"Verenigde Staten van Amerika","NAME_PL":"Stany Zjednoczone","NAME_PT":"Estados Unidos","NAME_RU":"США","NAME_SV":"USA","NAME_TR":"Amerika Birleşik Devletleri","NAME_UK":"Сполучені Штати Америки","NAME_UR":"ریاستہائے متحدہ امریکا","NAME_VI":"Hoa Kỳ","NAME_ZH":"美国","NAME_ZHT":"美國","FCLASS_ISO":"Admin-0 country","TLC_DIFF":"","FCLASS_TLC":"Admin-0 country","FCLASS_US":"","FCLASS_FR":"","FCLASS_RU":"","FCLASS_ES":"","FCLASS_CN":"","FCLASS_TW":"","FCLASS_IN":"","FCLASS_NP":"","FCLASS_PK":"","FCLASS_DE":"","FCLASS_GB":"","FCLASS_BR":"","FCLASS_IL":"","FCLASS_PS":"","FCLASS_SA":"","FCLASS_EG":"","FCLASS_MA":"","FCLASS_PT":"","FCLASS_AR":"","FCLASS_JP":"","FCLASS_KO":"","FCLASS_VN":"","FCLASS_TR":"","FCLASS_ID":"","FCLASS_PL":"","FCLASS_GR":"","FCLASS_IT":"","FCLASS_NL":"","FCLASS_SE":"","FCLASS_BD":"","FCLASS_UA":""}},
{"type":"Feature","geometry":{"type":"Polygon","coordinates":[[[87.36,49.215],[86.829,49.827],[85.541,49.693],[85.116,50.117],[84.416,50.311],[83.935,50.889],[83.383,51.069],[81.946,50.812],[80.568,51.388],[80.036,50.865],[77.801,53.404],[76.525,54.177],[76.891,54.491],[74.385,53.547],[73.426,53.49],[73.509,54.036],[72.224,54.377],[71.18,54.133],[70.865,55.17],[69.068,55.385],[68.169,54.97],[65.667,54.601],[65.179,54.354],[61.437,54.006],[60.978,53.665],[61.7,52.98],[60.74,52.72],[60.927,52.448],[59.968,51.96],[61.588,51.273],[61.337,50.799],[59.933,50.842],[59.642,50.545],[58.363,51.064],[56.778,51.044],[55.717,50.622],[54.533,51.026],[52.329,51.719],[50.767,51.693],[48.702,50.605],[48.578,49.875],[47.549,50.455],[46.752,49.356],[47.044,49.152],[46.466,48.394],[47.315,47.716],[48.057,47.744],[48.695,47.076],[48.593,46.561],[49.101,46.399],[50.034,46.609],[51.192,47.049],[52.042,46.805],[53.043,46.853],[53.221,46.235],[53.041,45.259],[52.167,45.408],[51.317,45.246],[51.279,44.515],[50.306,44.61],[50.339,44.284],[50.891,44.031],[51.342,43.133],[52.501,42.792],[52.692,42.444],[52.446,42.027],[52.502,41.783],[52.944,42.116],[54.079,42.324],[54.755,42.044],[55.455,41.26],[55.968,41.309],[55.929,44.996],[58.503,45.587],[58.69,45.5],[60.24,44.784],[61.058,44.406],[62.013,43.504],[63.186,43.65],[64.901,43.728],[66.098,42.998],[66.023,41.995],[66.511,41.988],[66.714,41.168],[67.986,41.136],[68.26,40.662],[68.632,40.669],[69.07,41.384],[70.389,42.081],[70.962,42.266],[71.186,42.704],[71.845,42.845],[73.49,42.501],[73.645,43.091],[74.213,43.298],[75.637,42.878],[76,42.988],[77.658,42.961],[79.142,42.856],[79.644,42.497],[80.26,42.35],[80.18,42.92],[80.866,43.18],[79.966,44.918],[81.947,45.317],[82.459,45.54],[83.18,47.33],[85.164,47.001],[85.72,47.453],[85.768,48.456],[86.599,48.549],[87.36,49.215]]]},"properties":{"featurecla":"Admin-0 country","scalerank":1,"LABELRANK":3,"SOVEREIGNT":"Kazakhstan","SOV_A3":"KA1","ADM0_DIF":1,"LEVEL":1,"TYPE":"Sovereignty","TLC":"1","ADMIN":"Kazakhstan","ADM0_A3":"KAZ","GEOU_DIF":0,"GEOUNIT":"Kazakhstan","GU_A3":"KAZ","SU_DIF":0,"SUBUNIT":"Kazakhstan","SU_A3":"KAZ","BRK_DIFF":0,"NAME":"Kazakhstan","NAME_LONG":"Kazakhstan","BRK_A3":"KAZ","BRK_NAME":"Kazakhstan","BRK_GROUP":"","ABBREV":"Kaz.","POSTAL":"KZ","FORMAL_EN":"Republic of Kazakhstan","FORMAL_FR":"","NAME_CIAWF":"Kazakhstan","NOTE_ADM0":"","NOTE_BRK":"","NAME_SORT":"Kazakhstan","NAME_ALT":"","MAPCOLOR7":6,"MAPCOLOR8":1,"MAPCOLOR9":6,"MAPCOLOR13":1,"POP_EST":18513930,"POP_RANK":14,"POP_YEAR":2019,"GDP_MD":181665,"GDP_YEAR":2019,"ECONOMY":"6. Developing region","INCOME_GRP":"3. Upper middle income","FIPS_10":"KZ","ISO_A2":"KZ","ISO_A2_EH":"KZ","ISO_A3":"KAZ","ISO_A3_EH":"KAZ","ISO_N3":"398","ISO_N3_EH":"398","UN_A3":"398","WB_A2":"KZ","WB_A3":"KAZ","WOE_ID":-90,"WOE_ID_EH":23424871,"WOE_NOTE":"Includes Baykonur Cosmodrome as an Admin-1 states provinces","ADM0_ISO":"KAZ","ADM0_DIFF":"","ADM0_TLC":"KAZ","ADM0_A3_US":"KAZ","ADM0_A3_FR":"KAZ","ADM0_A3_RU":"KAZ","ADM0_A3_ES":"KAZ","ADM0_A3_CN":"KAZ","ADM0_A3_TW":"KAZ","ADM0_A3_IN":"KAZ","ADM0_A3_NP":"KAZ","ADM0_A3_PK":"KAZ","ADM0_A3_DE":"KAZ","ADM0_A3_GB":"KAZ","ADM0_A3_BR":"KAZ","ADM0_A3_IL":"KAZ","ADM0_A3_PS":"KAZ","ADM0_A3_SA":"KAZ","ADM0_A3_EG":"KAZ","ADM0_A3_MA":"KAZ","ADM0_A3_PT":"KAZ","ADM0_A3_AR":"KAZ","ADM0_A3_JP":"KAZ","ADM0_A3_KO":"KAZ","ADM0_A3_VN":"KAZ","ADM0_A3_TR":"KAZ","ADM0_A3_ID":"KAZ","ADM0_A3_PL":"KAZ","ADM0_A3_GR":"KAZ","ADM0_A3_IT":"KAZ","ADM0_A3_NL":"KAZ","ADM0_A3_SE":"KAZ","ADM0_A3_BD":"KAZ","ADM0_A3_UA":"KAZ","ADM0_A3_UN":-99,"ADM0_A3_WB":-99,"CONTINENT":"Asia","REGION_UN":"Asia","SUBREGION":"Central Asia","REGION_WB":"Europe & Central Asia","NAME_LEN":10,"LONG_LEN":10,"ABBREV_LEN":4,"TINY":-99,"HOMEPART":1,"MIN_ZOOM":0,"MIN_LABEL":2.7,"MAX_LABEL":7,"LABEL_X":68.685548,"LABEL_Y":49.054149,"NE_ID":1159320967,"WIKIDATAID":"Q232","NAME_AR":"كازاخستان","NAME_BN":"কাজাখস্তান","NAME_DE":"Kasachstan","NAME_EN":"Kazakhstan","NAME_ES":"Kazajistán","NAME_FA":"قزاقستان","NAME_FR":"Kazakhstan","NAME_EL":"Καζακστάν","NAME_HE":"קזחסטן","NAME_HI":"कज़ाख़िस्तान","NAME_HU":"Kazahsztán","NAME_ID":"Kazakhstan","NAME_IT":"Kazakistan","NAME_JA":"カザフスタン","NAME_KO":"카자흐스탄","NAME_NL":"Kazachstan","NAME_PL":"Kazachstan","NAME_PT":"Cazaquistão","NAME_RU":"Казахстан","NAME_SV":"Kazakstan","NAME_TR":"Kazakistan","NAME_UK":"Казахстан","NAME_UR":"قازقستان","NAME_VI":"Kazakhstan","NAME_ZH":"哈萨克斯坦","NAME_ZHT":"哈薩克","FCLASS_ISO":"Admin-0 country","TLC_DIFF":"","FCLASS_TLC":"Admin-0 country","FCLASS_US":"","FCLASS_FR":"","FCLASS_RU":"","FCLASS_ES":"","FCLASS_CN":"","FCLASS_TW":"","FCLASS_IN":"","FCLASS_NP":"","FCLASS_PK":"","FCLASS_DE":"","FCLASS_GB":"","FCLASS_BR":"","FCLASS_IL":"","FCLASS_PS":"","FCLASS_SA":"","FCLASS_EG":"","FCLASS_MA":"","FCLASS_PT":"","FCLASS_AR":"","FCLASS_JP":"","FCLASS_KO":"","FCLASS_VN":"","FCLASS_TR":"","FCLASS_ID":"","FCLASS_PL":"","FCLASS_GR":"","FCLASS_IT":"","FCLASS_NL":"","FCLASS_SE":"","FCLASS_BD":"","FCLASS_UA":""}},
{"type":"Feature","geometry":{"type":"Polygon","coordinates":[[[55.968,41.309],[57.096,41.322],[56.932,41.826],[57.787,42.171],[58.629,42.752],[59.976,42.223],[60.083,41.425],[60.466,41.22],[61.547,41.266],[61.883,41.085],[62.374,40.054],[63.518,39.363],[64.17,38.892],[65.216,38.403],[66.546,37.975],[66.519,37.363],[67.076,37.356],[67.83,37.145],[68.392,38.157],[68.176,38.902],[67.442,39.14],[67.701,39.58],[68.536,39.533],[69.012,40.086],[69.329,40.728],[70.667,40.96],[70.458,40.496],[70.601,40.219],[71.014,40.244],[71.775,40.146],[73.055,40.866],[71.87,41.393],[71.158,41.144],[70.42,41.52],[71.259,42.168],[70.962,42.266],[70.389,42.081],[69.07,41.384],[68.632,40.669],[68.26,40.662],[67.986,41.136],[66.714,41.168],[66.511,41.988],[66.023,41.995],[66.098,42.998],[64.901,43.728],[63.186,43.65],[62.013,43.504],[61.058,44.406],[60.24,44.784],[58.69,45.5],[58.503,45.587],[55.929,44.996],[55.968,41.309]]]},"properties":{"featurecla":"Admin-0 country","scalerank":1,"LABELRANK":3,"SOVEREIGNT":"Uzbekistan","SOV_A3":"UZB","ADM0_DIF":0,"LEVEL":2,"TYPE":"Sovereign country","TLC":"1","ADMIN":"Uzbekistan","ADM0_A3":"UZB","GEOU_DIF":0,"GEOUNIT":"Uzbekistan","GU_A3":"UZB","SU_DIF":0,"SUBUNIT":"Uzbekistan","SU_A3":"UZB","BRK_DIFF":0,"NAME":"Uzbekistan","NAME_LONG":"Uzbekistan","BRK_A3":"UZB","BRK_NAME":"Uzbekistan","BRK_GROUP":"","ABBREV":"Uzb.","POSTAL":"UZ","FORMAL_EN":"Republic of Uzbekistan","FORMAL_FR":"","NAME_CIAWF":"Uzbekistan","NOTE_ADM0":"","NOTE_BRK":"","NAME_SORT":"Uzbekistan","NAME_ALT":"","MAPCOLOR7":2,"MAPCOLOR8":3,"MAPCOLOR9":5,"MAPCOLOR13":4,"POP_EST":33580650,"POP_RANK":15,"POP_YEAR":2019,"GDP_MD":57921,"GDP_YEAR":2019,"ECONOMY":"6. Developing region","INCOME_GRP":"4. Lower middle income","FIPS_10":"UZ","ISO_A2":"UZ","ISO_A2_EH":"UZ","ISO_A3":"UZB","ISO_A3_EH":"UZB","ISO_N3":"860","ISO_N3_EH":"860","UN_A3":"860","WB_A2":"UZ","WB_A3":"UZB","WOE_ID":23424980,"WOE_ID_EH":23424980,"WOE_NOTE":"Exact WOE match as country","ADM0_ISO":"UZB","ADM0_DIFF":"","ADM0_TLC":"UZB","ADM0_A3_US":"UZB","ADM0_A3_FR":"UZB","ADM0_A3_RU":"UZB","ADM0_A3_ES":"UZB","ADM0_A3_CN":"UZB","ADM0_A3_TW":"UZB","ADM0_A3_IN":"UZB","ADM0_A3_NP":"UZB","ADM0_A3_PK":"UZB","ADM0_A3_DE":"UZB","ADM0_A3_GB":"UZB","ADM0_A3_BR":"UZB","ADM0_A3_IL":"UZB","ADM0_A3_PS":"UZB","ADM0_A3_SA":"UZB","ADM0_A3_EG":"UZB","ADM0_A3_MA":"UZB","ADM0_A3_PT":"UZB","ADM0_A3_AR":"UZB","ADM0_A3_JP":"UZB","ADM0_A3_KO":"UZB","ADM0_A3_VN":"UZB","ADM0_A3_TR":"UZB","ADM0_A3_ID":"UZB","ADM0_A3_PL":"UZB","ADM0_A3_GR":"UZB","ADM0_A3_IT":"UZB","ADM0_A3_NL":"UZB","ADM0_A3_SE":"UZB","ADM0_A3_BD":"UZB","ADM0_A3_UA":"UZB","ADM0_A3_UN":-99,"ADM0_A3_WB":-99,"CONTINENT":"Asia","REGION_UN":"Asia","SUBREGION":"Central Asia","REGION_WB":"Europe & Central Asia","NAME_LEN":10,"LONG_LEN":10,"ABBREV_LEN":4,"TINY":5,"HOMEPART":1,"MIN_ZOOM":0,"MIN_LABEL":3,"MAX_LABEL":8,"LABEL_X":64.005429,"LABEL_Y":41.693603,"NE_ID":1159321405,"WIKIDATAID":"Q265","NAME_AR":"أوزبكستان","NAME_BN":"উজবেকিস্তান","NAME_DE":"Usbekistan","NAME_EN":"Uzbekistan","NAME_ES":"Uzbekistán","NAME_FA":"ازبکستان","NAME_FR":"Ouzbékistan","NAME_EL":"Ουζμπεκιστάν","NAME_HE":"אוזבקיסטן","NAME_HI":"उज़्बेकिस्तान","NAME_HU":"Üzbegisztán","NAME_ID":"Uzbekistan","NAME_IT":"Uzbekistan","NAME_JA":"ウズベキスタン","NAME_KO":"우즈베키스탄","NAME_NL":"Oezbekistan","NAME_PL":"Uzbekistan","NAME_PT":"Uzbequistão","NAME_RU":"Узбекистан","NAME_SV":"Uzbekistan","NAME_TR":"Özbekistan","NAME_UK":"Узбекистан","NAME_UR":"ازبکستان","NAME_VI":"Uzbekistan","NAME_ZH":"乌兹别克斯坦","NAME_ZHT":"烏茲別克","FCLASS_ISO":"Admin-0 country","TLC_DIFF":"","FCLASS_TLC":"Admin-0 country","FCLASS_US":"","FCLASS_FR":"","FCLASS_RU":"","FCLASS_ES":"","FCLASS_CN":"","FCLASS_TW":"","FCLASS_IN":"","FCLASS_NP":"","FCLASS_PK":"","FCLASS_DE":"","FCLASS_GB":"","FCLASS_BR":"","FCLASS_IL":"","FCLASS_PS":"","FCLASS_SA":"","FCLASS_EG":"","FCLASS_MA":"","FCLASS_PT":"","FCLASS_AR":"","FCLASS_JP":"","FCLASS_KO":"","FCLASS_VN":"","FCLASS_TR":"","FCLASS_ID":"","FCLASS_PL":"","FCLASS_GR":"","FCLASS_IT":"","FCLASS_NL":"","FCLASS_SE":"","FCLASS_BD":"","FCLASS_UA":""}},
{"type":"Feature","geometry":{"type":"MultiPolygon","coordinates":[[[[141,-2.6],[141.017,-5.859],[141.034,-9.118],[142.068,-9.16],[142.628,-9.327],[143.414,-8.983],[143.286,-8.245],[143.897,-7.915],[144.744,-7.63],[146.048,-8.067],[146.568,-8.943],[147.135,-9.492],[147.913,-10.13],[148.923,-10.281],[149.782,-10.393],[150.028,-10.652],[150.691,-10.583],[150.802,-10.294],[149.739,-9.873],[150.039,-9.684],[149.267,-9.514],[149.307,-9.071],[148.734,-9.105],[148.085,-8.044],[147.192,-7.388],[146.971,-6.722],[147.891,-6.614],[147.648,-6.084],[145.982,-5.466],[145.83,-4.876],[145.273,-4.374],[144.584,-3.861],[142.735,-3.289],[141,-2.6]]],[[[152.64,-3.66],[152.24,-3.24],[151.82,-3],[151.48,-2.78],[150.94,-2.5],[150.662,-2.741],[151.384,-3.035],[151.953,-3.462],[152.406,-3.79],[152.639,-4.176],[152.827,-4.766],[153.14,-4.5],[153.02,-3.98],[152.64,-3.66]]],[[[151.301,-5.841],[151.459,-5.56],[151.983,-5.478],[152.319,-4.868],[152.339,-4.313],[152.137,-4.149],[151.538,-4.168],[151.648,-4.757],[151.09,-5.114],[150.807,-5.456],[150.237,-5.532],[150.14,-5.001],[149.996,-5.026],[149.846,-5.506],[149.298,-5.584],[148.402,-5.438],[148.319,-5.747],[148.89,-6.026],[149.71,-6.317],[150.241,-6.318],[150.754,-6.084],[151.301,-5.841]]],[[[154.76,-5.34],[154.653,-5.042],[154.514,-5.139],[154.729,-5.901],[155.167,-6.536],[155.6,-6.92],[155.88,-6.82],[156.02,-6.54],[155.548,-6.201],[155.063,-5.567],[154.76,-5.34]]]]},"properties":{"featurecla":"Admin-0 country","scalerank":1,"LABELRANK":2,"SOVEREIGNT":"Papua New Guinea","SOV_A3":"PNG","ADM0_DIF":0,"LEVEL":2,"TYPE":"Sovereign country","TLC":"1","ADMIN":"Papua New Guinea","ADM0_A3":"PNG","GEOU_DIF":0,"GEOUNIT":"Papua New Guinea","GU_A3":"PNG","SU_DIF":1,"SUBUNIT":"Papua New Guinea","SU_A3":"PN1","BRK_DIFF":0,"NAME":"Papua New Guinea","NAME_LONG":"Papua New Guinea","BRK_A3":"PN1","BRK_NAME":"Papua New Guinea","BRK_GROUP":"","ABBREV":"P.N.G.","POSTAL":"PG","FORMAL_EN":"Independent State of Papua New Guinea","FORMAL_FR":"","NAME_CIAWF":"Papua New Guinea","NOTE_ADM0":"","NOTE_BRK":"","NAME_SORT":"Papua New Guinea","NAME_ALT":"","MAPCOLOR7":4,"MAPCOLOR8":2,"MAPCOLOR9":3,"MAPCOLOR13":1,"POP_EST":8776109,"POP_RANK":13,"POP_YEAR":2019,"GDP_MD":24829,"GDP_YEAR":2019,"ECONOMY":"6. Developing region","INCOME_GRP":"4. Lower middle income","FIPS_10":"PP","ISO_A2":"PG","ISO_A2_EH":"PG","ISO_A3":"PNG","ISO_A3_EH":"PNG","ISO_N3":"598","ISO_N3_EH":"598","UN_A3":"598","WB_A2":"PG","WB_A3":"PNG","WOE_ID":23424926,"WOE_ID_EH":23424926,"WOE_NOTE":"Exact WOE match as country","ADM0_ISO":"PN1","ADM0_DIFF":"","ADM0_TLC":"PN1","ADM0_A3_US":"PNG","ADM0_A3_FR":"PNG","ADM0_A3_RU":"PNG","ADM0_A3_ES":"PNG","ADM0_A3_CN":"PNG","ADM0_A3_TW":"PNG","ADM0_A3_IN":"PNG","ADM0_A3_NP":"PNG","ADM0_A3_PK":"PNG","ADM0_A3_DE":"PNG","ADM0_A3_GB":"PNG","ADM0_A3_BR":"PNG","ADM0_A3_IL":"PNG","ADM0_A3_PS":"PNG","ADM0_A3_SA":"PNG","ADM0_A3_EG":"PNG","ADM0_A3_MA":"PNG","ADM0_A3_PT":"PNG","ADM0_A3_AR":"PNG","ADM0_A3_JP":"PNG","ADM0_A3_KO":"PNG","ADM0_A3_VN":"PNG","ADM0_A3_TR":"PNG","ADM0_A3_ID":"PNG","ADM0_A3_PL":"PNG","ADM0_A3_GR":"PNG","ADM0_A3_IT":"PNG","ADM0_A3_NL":"PNG","ADM0_A3_SE":"PNG","ADM0_A3_BD":"PNG","ADM0_A3_UA":"PNG","ADM0_A3_UN":-99,"ADM0_A3_WB":-99,"CONTINENT":"Oceania","REGION_UN":"Oceania","SUBREGION":"Melanesia","REGION_WB":"East Asia & Pacific","NAME_LEN":16,"LONG_LEN":16,"ABBREV_LEN":6,"TINY":-99,"HOMEPART":1,"MIN_ZOOM":0,"MIN_LABEL":2.5,"MAX_LABEL":7.5,"LABEL_X":143.910216,"LABEL_Y":-5.695285,"NE_ID":1159321173,"WIKIDATAID":"Q691","NAME_AR":"بابوا غينيا الجديدة","NAME_BN":"পাপুয়া নিউগিনি","NAME_DE":"Papua-Neuguinea","NAME_EN":"Papua New Guinea","NAME_ES":"Papúa Nueva Guinea","NAME_FA":"پاپوآ گینه نو","NAME_FR":"Papouasie-Nouvelle-Guinée","NAME_EL":"Παπούα Νέα Γουινέα","NAME_HE":"פפואה גינאה החדשה","NAME_HI":"पापुआ न्यू गिनी","NAME_HU":"Pápua Új-Guinea","NAME_ID":"Papua Nugini","NAME_IT":"Papua Nuova Guinea","NAME_JA":"パプアニューギニア","NAME_KO":"파푸아뉴기니","NAME_NL":"Papoea-Nieuw-Guinea","NAME_PL":"Papua-Nowa Gwinea","NAME_PT":"Papua-Nova Guiné","NAME_RU":"Папуа — Новая Гвинея","NAME_SV":"Papua Nya Guinea","NAME_TR":"Papua Yeni Gine","NAME_UK":"Папуа Нова Гвінея","NAME_UR":"پاپوا نیو گنی","NAME_VI":"Papua New Guinea","NAME_ZH":"巴布亚新几内亚","NAME_ZHT":"巴布亞紐幾內亞","FCLASS_ISO":"Admin-0 country","TLC_DIFF":"","FCLASS_TLC":"Admin-0 country","FCLASS_US":"","FCLASS_FR":"","FCLASS_RU":"","FCLASS_ES":"","FCLASS_CN":"","FCLASS_TW":"","FCLASS_IN":"","FCLASS_NP":"","FCLASS_PK":"","FCLASS_DE":"","FCLASS_GB":"","FCLASS_BR":"","FCLASS_IL":"","FCLASS_PS":"","FCLASS_SA":"","FCLASS_EG":"","FCLASS_MA":"","FCLASS_PT":"","FCLASS_AR":"","FCLASS_JP":"","FCLASS_KO":"","FCLASS_VN":"","FCLASS_TR":"","FCLASS_ID":"","FCLASS_PL":"","FCLASS_GR":"","FCLASS_IT":"","FCLASS_NL":"","FCLASS_SE":"","FCLASS_BD":"","FCLASS_UA":""}},
{"type":"Feature","geometry":{"type":"MultiPolygon","coordinates":[[[[141,-2.6],[139.927,-2.409],[139.185,-2.051],[138.33,-1.703],[137.441,-1.704],[136.293,-2.307],[135.458,-3.368],[134.423,-2.769],[134.143,-1.152],[133.986,-0.78],[132.38,-0.37],[131.868,-0.695],[130.52,-0.938],[130.943,-1.433],[131.836,-1.617],[132.232,-2.213],[133.696,-2.215],[133.78,-2.48],[133.067,-2.46],[131.99,-2.821],[132.754,-3.312],[132.757,-3.746],[132.984,-4.113],[133.368,-4.025],[133.663,-3.539],[135.165,-4.463],[135.989,-4.547],[137.928,-5.393],[138.408,-6.233],[138.669,-7.32],[138.039,-7.598],[137.614,-8.412],[138.881,-8.381],[139.128,-8.096],[140.143,-8.297],[141.034,-9.118],[141.017,-5.859],[141,-2.6]]],[[[124.969,-8.893],[123.98,-9.29],[123.55,-9.9],[123.46,-10.24],[123.58,-10.36],[124.436,-10.14],[125.089,-9.393],[125.07,-9.09],[124.969,-8.893]]],[[[134.21,-6.895],[134.725,-6.214],[134.727,-5.738],[134.5,-5.445],[134.29,-5.783],[134.113,-6.142],[134.21,-6.895]]],[[[117.882,4.138],[117.015,4.306],[115.866,4.307],[115.519,3.169],[115.134,2.821],[114.621,1.431],[113.806,1.218],[112.86,1.498],[112.38,1.41],[111.798,0.904],[111.159,0.976],[110.514,0.773],[109.83,1.338],[109.663,2.006],[109.069,1.342],[108.953,0.415],[109.092,-0.46],[109.572,-1.315],[110.071,-1.593],[110.224,-2.934],[111.048,-3.049],[111.703,-2.994],[112.068,-3.478],[113.257,-3.119],[113.756,-3.439],[114.469,-3.496],[114.865,-4.107],[116.001,-3.657],[116.148,-4.013],[116.534,-2.484],[116.56,-1.488],[117.522,-0.804],[117.478,0.102],[117.812,0.784],[118.997,0.902],[117.876,1.828],[118.048,2.288],[117.313,3.234],[117.882,4.138]]],[[[129.371,-2.802],[128.136,-2.844],[127.899,-3.393],[128.591,-3.429],[129.155,-3.363],[129.991,-3.446],[130.835,-3.858],[130.471,-3.094],[129.371,-2.802]]],[[[126.875,-3.791],[127.249,-3.459],[127.001,-3.129],[125.989,-3.177],[126.184,-3.607],[126.875,-3.791]]],[[[127.932,2.175],[127.601,1.811],[127.399,1.012],[127.696,-0.267],[128.1,-0.9],[128.38,-0.78],[127.968,-0.252],[128.12,0.356],[128.636,0.258],[128.688,1.132],[128.595,1.541],[128.004,1.629],[127.932,2.175]]],[[[122.928,0.875],[121.667,1.014],[120.886,1.309],[120.036,0.566],[119.826,0.154],[119.323,-1.353],[119.181,-2.147],[118.768,-2.802],[119.078,-3.487],[119.499,-3.494],[119.654,-4.459],[119.367,-5.38],[119.797,-5.673],[120.431,-5.528],[120.39,-4.098],[120.305,-2.932],[120.972,-2.628],[120.898,-3.602],[121.619,-4.188],[121.489,-4.575],[121.738,-4.851],[122.72,-4.464],[122.236,-5.283],[122.629,-5.635],[123.162,-5.341],[123.171,-4.684],[122.272,-3.53],[122.455,-3.186],[121.508,-1.904],[122.389,-1.517],[122.823,-0.931],[123.258,-1.076],[123.341,-0.616],[121.476,-0.956],[120.936,-1.409],[120.041,-0.52],[120.183,0.237],[121.057,0.381],[122.723,0.431],[123.686,0.236],[124.437,0.428],[125.241,1.42],[125.066,1.643],[124.078,0.917],[122.928,0.875]]],[[[120.295,-10.259],[120.716,-10.24],[120.776,-9.97],[120.426,-9.666],[119.9,-9.361],[118.968,-9.558],[120.295,-10.259]]],[[[121.342,-8.537],[120.715,-8.237],[119.921,-8.445],[119.924,-8.81],[121.254,-8.934],[122.757,-8.65],[122.904,-8.094],[122.007,-8.461],[121.342,-8.537]]],[[[118.261,-8.362],[117.9,-8.096],[117.632,-8.449],[117.084,-8.457],[116.74,-9.033],[117.278,-9.041],[117.97,-8.907],[119.127,-8.706],[118.878,-8.281],[118.261,-8.362]]],[[[108.487,-6.422],[108.072,-6.346],[107.265,-5.955],[106.052,-5.896],[105.365,-6.851],[106.281,-6.925],[106.454,-7.355],[108.278,-7.767],[108.694,-7.642],[109.428,-7.741],[110.586,-8.123],[111.522,-8.302],[112.56,-8.376],[113.465,-8.349],[114.565,-8.752],[115.706,-8.371],[114.479,-7.777],[112.979,-7.594],[112.615,-6.946],[110.76,-6.465],[110.539,-6.877],[108.623,-6.778],[108.487,-6.422]]],[[[104.37,-1.085],[104.011,-1.059],[103.438,-0.712],[103.838,0.105],[103.077,0.561],[102.498,1.399],[101.658,2.084],[100.641,2.099],[99.694,3.174],[99.143,3.59],[98.369,4.268],[97.485,5.246],[95.937,5.44],[95.293,5.48],[95.381,4.971],[96.424,3.869],[97.177,3.309],[97.7,2.453],[98.601,1.824],[98.97,1.043],[99.264,0.183],[100.142,-0.65],[100.903,-2.05],[101.399,-2.8],[102.156,-3.614],[102.584,-4.22],[103.868,-5.037],[104.71,-5.873],[105.818,-5.852],[105.857,-4.306],[106.109,-3.062],[105.622,-2.429],[104.888,-2.34],[104.539,-1.782],[104.37,-1.085]]]]},"properties":{"featurecla":"Admin-0 country","scalerank":1,"LABELRANK":2,"SOVEREIGNT":"Indonesia","SOV_A3":"IDN","ADM0_DIF":0,"LEVEL":2,"TYPE":"Sovereign country","TLC":"1","ADMIN":"Indonesia","ADM0_A3":"IDN","GEOU_DIF":0,"GEOUNIT":"Indonesia","GU_A3":"IDN","SU_DIF":0,"SUBUNIT":"Indonesia","SU_A3":"IDN","BRK_DIFF":0,"NAME":"Indonesia","NAME_LONG":"Indonesia","BRK_A3":"IDN","BRK_NAME":"Indonesia","BRK_GROUP":"","ABBREV":"Indo.","POSTAL":"INDO","FORMAL_EN":"Republic of Indonesia","FORMAL_FR":"","NAME_CIAWF":"Indonesia","NOTE_ADM0":"","NOTE_BRK":"","NAME_SORT":"Indonesia","NAME_ALT":"","MAPCOLOR7":6,"MAPCOLOR8":6,"MAPCOLOR9":6,"MAPCOLOR13":11,"POP_EST":270625568,"POP_RANK":17,"POP_YEAR":2019,"GDP_MD":1119190,"GDP_YEAR":2019,"ECONOMY":"4. Emerging region: MIKT","INCOME_GRP":"4. Lower middle income","FIPS_10":"ID","ISO_A2":"ID","ISO_A2_EH":"ID","ISO_A3":"IDN","ISO_A3_EH":"IDN","ISO_N3":"360","ISO_N3_EH":"360","UN_A3":"360","WB_A2":"ID","WB_A3":"IDN","WOE_ID":23424846,"WOE_ID_EH":23424846,"WOE_NOTE":"Exact WOE match as country","ADM0_ISO":"IDN","ADM0_DIFF":"","ADM0_TLC":"IDN","ADM0_A3_US":"IDN","ADM0_A3_FR":"IDN","ADM0_A3_RU":"IDN","ADM0_A3_ES":"IDN","ADM0_A3_CN":"IDN","ADM0_A3_TW":"IDN","ADM0_A3_IN":"IDN","ADM0_A3_NP":"IDN","ADM0_A3_PK":"IDN","ADM0_A3_DE":"IDN","ADM0_A3_GB":"IDN","ADM0_A3_BR":"IDN","ADM0_A3_IL":"IDN","ADM0_A3_PS":"IDN","ADM0_A3_SA":"IDN","ADM0_A3_EG":"IDN","ADM0_A3_MA":"IDN","ADM0_A3_PT":"IDN","ADM0_A3_AR":"IDN","ADM0_A3_JP":"IDN","ADM0_A3_KO":"IDN","ADM0_A3_VN":"IDN","ADM0_A3_TR":"IDN","ADM0_A3_ID":"IDN","ADM0_A3_PL":"IDN","ADM0_A3_GR":"IDN","ADM0_A3_IT":"IDN","ADM0_A3_NL":"IDN","ADM0_A3_SE":"IDN","ADM0_A3_BD":"IDN","ADM0_A3_UA":"IDN","ADM0_A3_UN":-99,"ADM0_A3_WB":-99,"CONTINENT":"Asia","REGION_UN":"Asia","SUBREGION":"South-Eastern Asia","REGION_WB":"East Asia & Pacific","NAME_LEN":9,"LONG_LEN":9,"ABBREV_LEN":5,"TINY":-99,"HOMEPART":1,"MIN_ZOOM":0,"MIN_LABEL":1.7,"MAX_LABEL":6.7,"LABEL_X":101.892949,"LABEL_Y":-0.954404,"NE_ID":1159320845,"WIKIDATAID":"Q252","NAME_AR":"إندونيسيا","NAME_BN":"ইন্দোনেশিয়া","NAME_DE":"Indonesien","NAME_EN":"Indonesia","NAME_ES":"Indonesia","NAME_FA":"اندونزی","NAME_FR":"Indonésie","NAME_EL":"Ινδονησία","NAME_HE":"אינדונזיה","NAME_HI":"इंडोनेशिया","NAME_HU":"Indonézia","NAME_ID":"Indonesia","NAME_IT":"Indonesia","NAME_JA":"インドネシア","NAME_KO":"인도네시아","NAME_NL":"Indonesië","NAME_PL":"Indonezja","NAME_PT":"Indonésia","NAME_RU":"Индонезия","NAME_SV":"Indonesien","NAME_TR":"Endonezya","NAME_UK":"Індонезія","NAME_UR":"انڈونیشیا","NAME_VI":"Indonesia","NAME_ZH":"印度尼西亚","NAME_ZHT":"印度尼西亞","FCLASS_ISO":"Admin-0 country","TLC_DIFF":"","FCLASS_TLC":"Admin-0 country","FCLASS_US":"","FCLASS_FR":"","FCLASS_RU":"","FCLASS_ES":"","FCLASS_CN":"","FCLASS_TW":"","FCLASS_IN":"","FCLASS_NP":"","FCLASS_PK":"","FCLASS_DE":"","FCLASS_GB":"","FCLASS_BR":"","FCLASS_IL":"","FCLASS_PS":"","FCLASS_SA":"","FCLASS_EG":"","FCLASS_MA":"","FCLASS_PT":"","FCLASS_AR":"","FCLASS_JP":"","FCLASS_KO":"","FCLASS_VN":"","FCLASS_TR":"","FCLASS_ID":"","FCLASS_PL":"","FCLASS_GR":"","FCLASS_IT":"","FCLASS_NL":"","FCLASS_SE":"","FCLASS_BD":"","FCLASS_UA":""}},
{"type":"Feature","geometry":{"type":"MultiPolygon","coordinates":[[[[-68.634,-52.636],[-68.633,-54.869],[-67.562,-54.87],[-66.96,-54.897],[-66.45,-55.25],[-65.5,-55.2],[-65.05,-54.7],[-66.45,-54.45],[-67.75,-53.85],[-68.25,-53.1],[-68.634,-52.636]]],[[[-57.625,-30.216],[-56.291,-28.853],[-55.162,-27.882],[-54.491,-27.475],[-53.649,-26.923],[-53.628,-26.125],[-54.13,-25.548],[-54.625,-25.739],[-54.789,-26.622],[-55.696,-27.388],[-56.487,-27.548],[-57.61,-27.396],[-58.618,-27.124],[-57.634,-25.604],[-57.777,-25.162],[-58.807,-24.771],[-60.029,-24.033],[-60.847,-23.881],[-62.685,-22.249],[-62.846,-22.035],[-63.987,-21.994],[-64.377,-22.798],[-64.965,-22.076],[-66.273,-21.832],[-67.107,-22.736],[-66.985,-22.986],[-67.328,-24.025],[-68.418,-24.519],[-68.386,-26.185],[-68.595,-26.507],[-68.296,-26.899],[-69.001,-27.521],[-69.656,-28.459],[-70.014,-29.368],[-69.919,-30.336],[-70.535,-31.365],[-70.074,-33.091],[-69.815,-33.274],[-69.817,-34.194],[-70.388,-35.17],[-70.365,-36.005],[-71.122,-36.658],[-71.119,-37.577],[-70.815,-38.553],[-71.414,-38.916],[-71.681,-39.808],[-71.916,-40.832],[-71.747,-42.051],[-72.149,-42.255],[-71.915,-43.409],[-71.464,-43.788],[-71.794,-44.207],[-71.33,-44.408],[-71.223,-44.784],[-71.659,-44.974],[-71.552,-45.561],[-71.917,-46.885],[-72.447,-47.739],[-72.331,-48.244],[-72.648,-48.879],[-73.415,-49.318],[-73.328,-50.379],[-72.976,-50.741],[-72.31,-50.677],[-72.329,-51.426],[-71.915,-52.009],[-69.498,-52.143],[-68.572,-52.299],[-68.15,-52.35],[-68.816,-51.771],[-69.139,-50.733],[-68.729,-50.264],[-67.816,-49.87],[-67.166,-48.697],[-65.985,-48.133],[-65.641,-47.236],[-66.597,-47.034],[-67.581,-46.302],[-67.294,-45.552],[-66.51,-45.04],[-65.565,-45.037],[-65.329,-44.501],[-65.182,-43.495],[-64.379,-42.874],[-63.458,-42.563],[-63.756,-42.044],[-64.303,-42.359],[-64.979,-42.058],[-65.118,-41.064],[-64.732,-40.803],[-63.77,-41.167],[-62.746,-41.029],[-62.146,-40.677],[-62.331,-40.173],[-62.126,-39.424],[-62.336,-38.828],[-61.237,-38.928],[-59.232,-38.72],[-57.749,-38.184],[-56.788,-36.902],[-56.737,-36.413],[-57.362,-35.977],[-57.226,-35.288],[-58.495,-34.431],[-58.427,-33.909],[-58.35,-33.263],[-58.133,-33.041],[-58.142,-32.045],[-57.875,-31.017],[-57.625,-30.216]]]]},"properties":{"featurecla":"Admin-0 country","scalerank":1,"LABELRANK":2,"SOVEREIGNT":"Argentina","SOV_A3":"ARG","ADM0_DIF":0,"LEVEL":2,"TYPE":"Sovereign country","TLC":"1","ADMIN":"Argentina","ADM0_A3":"ARG","GEOU_DIF":0,"GEOUNIT":"Argentina","GU_A3":"ARG","SU_DIF":0,"SUBUNIT":"Argentina","SU_A3":"ARG","BRK_DIFF":0,"NAME":"Argentina","NAME_LONG":"Argentina","BRK_A3":"ARG","BRK_NAME":"Argentina","BRK_GROUP":"","ABBREV":"Arg.","POSTAL":"AR","FORMAL_EN":"Argentine Republic","FORMAL_FR":"","NAME_CIAWF":"Argentina","NOTE_ADM0":"","NOTE_BRK":"","NAME_SORT":"Argentina","NAME_ALT":"","MAPCOLOR7":3,"MAPCOLOR8":1,"MAPCOLOR9":3,"MAPCOLOR13":13,"POP_EST":44938712,"POP_RANK":15,"POP_YEAR":2019,"GDP_MD":445445,"GDP_YEAR":2019,"ECONOMY":"5. Emerging region: G20","INCOME_GRP":"3. Upper middle income","FIPS_10":"AR","ISO_A2":"AR","ISO_A2_EH":"AR","ISO_A3":"ARG","ISO_A3_EH":"ARG","ISO_N3":"032","ISO_N3_EH":"032","UN_A3":"032","WB_A2":"AR","WB_A3":"ARG","WOE_ID":23424747,"WOE_ID_EH":23424747,"WOE_NOTE":"Exact WOE match as country","ADM0_ISO":"ARG","ADM0_DIFF":"","ADM0_TLC":"ARG","ADM0_A3_US":"ARG","ADM0_A3_FR":"ARG","ADM0_A3_RU":"ARG","ADM0_A3_ES":"ARG","ADM0_A3_CN":"ARG","ADM0_A3_TW":"ARG","ADM0_A3_IN":"ARG","ADM0_A3_NP":"ARG","ADM0_A3_PK":"ARG","ADM0_A3_DE":"ARG","ADM0_A3_GB":"ARG","ADM0_A3_BR":"ARG","ADM0_A3_IL":"ARG","ADM0_A3_PS":"ARG","ADM0_A3_SA":"ARG","ADM0_A3_EG":"ARG","ADM0_A3_MA":"ARG","ADM0_A3_PT":"ARG","ADM0_A3_AR":"ARG","ADM0_A3_JP":"ARG","ADM0_A3_KO":"ARG","ADM0_A3_VN":"ARG","ADM0_A3_TR":"ARG","ADM0_A3_ID":"ARG","ADM0_A3_PL":"ARG","ADM0_A3_GR":"ARG","ADM0_A3_IT":"ARG","ADM0_A3_NL":"ARG","ADM0_A3_SE":"ARG","ADM0_A3_BD":"ARG","ADM0_A3_UA":"ARG","ADM0_A3_UN":-99,"ADM0_A3_WB":-99,"CONTINENT":"South America","REGION_UN":"Americas","SUBREGION":"South America","REGION_WB":"Latin America & Caribbean","NAME_LEN":9,"LONG_LEN":9,"ABBREV_LEN":4,"TINY":-99,"HOMEPART":1,"MIN_ZOOM":0,"MIN_LABEL":2,"MAX_LABEL":7,"LABEL_X":-64.173331,"LABEL_Y":-33.501159,"NE_ID":1159320331,"WIKIDATAID":"Q414","NAME_AR":"الأرجنتين","NAME_BN":"আর্জেন্টিনা","NAME_DE":"Argentinien","NAME_EN":"Argentina","NAME_ES":"Argentina","NAME_FA":"آرژانتین","NAME_FR":"Argentine","NAME_EL":"Αργεντινή","NAME_HE":"ארגנטינה","NAME_HI":"अर्जेण्टीना","NAME_HU":"Argentína","NAME_ID":"Argentina","NAME_IT":"Argentina","NAME_JA":"アルゼンチン","NAME_KO":"아르헨티나","NAME_NL":"Argentinië","NAME_PL":"Argentyna","NAME_PT":"Argentina","NAME_RU":"Аргентина","NAME_SV":"Argentina","NAME_TR":"Arjantin","NAME_UK":"Аргентина","NAME_UR":"ارجنٹائن","NAME_VI":"Argentina","NAME_ZH":"阿根廷","NAME_ZHT":"阿根廷","FCLASS_ISO":"Admin-0 country","TLC_DIFF":"","FCLASS_TLC":"Admin-0 country","FCLASS_US":"","FCLASS_FR":"","FCLASS_RU":"","FCLASS_ES":"","FCLASS_CN":"","FCLASS_TW":"","FCLASS_IN":"","FCLASS_NP":"","FCLASS_PK":"","FCLASS_DE":"","FCLASS_GB":"","FCLASS_BR":"","FCLASS_IL":"","FCLASS_PS":"","FCLASS_SA":"","FCLASS_EG":"","FCLASS_MA":"","FCLASS_PT":"","FCLASS_AR":"","FCLASS_JP":"","FCLASS_KO":"","FCLASS_VN":"","FCLASS_TR":"","FCLASS_ID":"","FCLASS_PL":"","FCLASS_GR":"","FCLASS_IT":"","FCLASS_NL":"","FCLASS_SE":"","FCLASS_BD":"","FCLASS_UA":""}},
{"type":"Feature","geometry":{"type":"MultiPolygon","coordinates":[[[[-68.634,-52.636],[-69.346,-52.518],[-70.267,-52.931],[-70.592,-53.616],[-71.108,-54.074],[-72.434,-53.715],[-73.838,-53.047],[-74.663,-52.837],[-73.285,-53.958],[-72.264,-54.495],[-71.006,-55.054],[-69.958,-55.198],[-69.232,-55.499],[-68.64,-55.58],[-68.149,-55.612],[-67.291,-55.301],[-66.96,-54.897],[-67.562,-54.87],[-68.633,-54.869],[-68.634,-52.636]]],[[[-69.59,-17.58],[-69.858,-18.093],[-70.373,-18.348],[-70.164,-19.756],[-70.091,-21.393],[-70.404,-23.629],[-70.725,-25.706],[-70.905,-27.64],[-71.49,-28.861],[-71.37,-30.096],[-71.669,-30.921],[-71.438,-32.419],[-71.862,-33.909],[-72.553,-35.509],[-73.167,-37.124],[-73.588,-37.156],[-73.506,-38.283],[-73.218,-39.259],[-73.677,-39.942],[-74.018,-41.795],[-74.332,-43.225],[-73.701,-43.366],[-73.389,-42.118],[-72.718,-42.383],[-73.24,-44.455],[-74.352,-44.103],[-74.692,-45.764],[-75.644,-46.648],[-74.127,-46.939],[-75.183,-47.712],[-75.608,-48.674],[-75.48,-50.378],[-74.977,-51.043],[-75.26,-51.629],[-74.947,-52.263],[-73.703,-52.835],[-72.558,-53.531],[-71.43,-53.856],[-71.006,-53.833],[-70.845,-52.899],[-69.943,-52.538],[-69.461,-52.292],[-68.572,-52.299],[-69.498,-52.143],[-71.915,-52.009],[-72.329,-51.426],[-72.31,-50.677],[-72.976,-50.741],[-73.328,-50.379],[-73.415,-49.318],[-72.648,-48.879],[-72.331,-48.244],[-72.447,-47.739],[-71.917,-46.885],[-71.552,-45.561],[-71.659,-44.974],[-71.223,-44.784],[-71.33,-44.408],[-71.794,-44.207],[-71.464,-43.788],[-71.915,-43.409],[-72.149,-42.255],[-71.747,-42.051],[-71.916,-40.832],[-71.681,-39.808],[-71.414,-38.916],[-70.815,-38.553],[-71.119,-37.577],[-71.122,-36.658],[-70.365,-36.005],[-70.388,-35.17],[-69.817,-34.194],[-69.815,-33.274],[-70.074,-33.091],[-70.535,-31.365],[-69.919,-30.336],[-70.014,-29.368],[-69.656,-28.459],[-69.001,-27.521],[-68.296,-26.899],[-68.595,-26.507],[-68.386,-26.185],[-68.418,-24.519],[-67.328,-24.025],[-66.985,-22.986],[-67.107,-22.736],[-67.828,-22.873],[-68.22,-21.494],[-68.757,-20.373],[-68.442,-19.405],[-68.967,-18.982],[-69.1,-18.26],[-69.59,-17.58]]]]},"properties":{"featurecla":"Admin-0 country","scalerank":1,"LABELRANK":2,"SOVEREIGNT":"Chile","SOV_A3":"CHL","ADM0_DIF":0,"LEVEL":2,"TYPE":"Sovereign country","TLC":"1","ADMIN":"Chile","ADM0_A3":"CHL","GEOU_DIF":0,"GEOUNIT":"Chile","GU_A3":"CHL","SU_DIF":0,"SUBUNIT":"Chile","SU_A3":"CHL","BRK_DIFF":0,"NAME":"Chile","NAME_LONG":"Chile","BRK_A3":"CHL","BRK_NAME":"Chile","BRK_GROUP":"","ABBREV":"Chile","POSTAL":"CL","FORMAL_EN":"Republic of Chile","FORMAL_FR":"","NAME_CIAWF":"Chile","NOTE_ADM0":"","NOTE_BRK":"","NAME_SORT":"Chile","NAME_ALT":"","MAPCOLOR7":5,"MAPCOLOR8":1,"MAPCOLOR9":5,"MAPCOLOR13":9,"POP_EST":18952038,"POP_RANK":14,"POP_YEAR":2019,"GDP_MD":282318,"GDP_YEAR":2019,"ECONOMY":"5. Emerging region: G20","INCOME_GRP":"3. Upper middle income","FIPS_10":"CI","ISO_A2":"CL","ISO_A2_EH":"CL","ISO_A3":"CHL","ISO_A3_EH":"CHL","ISO_N3":"152","ISO_N3_EH":"152","UN_A3":"152","WB_A2":"CL","WB_A3":"CHL","WOE_ID":23424782,"WOE_ID_EH":23424782,"WOE_NOTE":"Exact WOE match as country","ADM0_ISO":"CHL","ADM0_DIFF":"","ADM0_TLC":"CHL","ADM0_A3_US":"CHL","ADM0_A3_FR":"CHL","ADM0_A3_RU":"CHL","ADM0_A3_ES":"CHL","ADM0_A3_CN":"CHL","ADM0_A3_TW":"CHL","ADM0_A3_IN":"CHL","ADM0_A3_NP":"CHL","ADM0_A3_PK":"CHL","ADM0_A3_DE":"CHL","ADM0_A3_GB":"CHL","ADM0_A3_BR":"CHL","ADM0_A3_IL":"CHL","ADM0_A3_PS":"CHL","ADM0_A3_SA":"CHL","ADM0_A3_EG":"CHL","ADM0_A3_MA":"CHL","ADM0_A3_PT":"CHL","ADM0_A3_AR":"CHL","ADM0_A3_JP":"CHL","ADM0_A3_KO":"CHL","ADM0_A3_VN":"CHL","ADM0_A3_TR":"CHL","ADM0_A3_ID":"CHL","ADM0_A3_PL":"CHL","ADM0_A3_GR":"CHL","ADM0_A3_IT":"CHL","ADM0_A3_NL":"CHL","ADM0_A3_SE":"CHL","ADM0_A3_BD":"CHL","ADM0_A3_UA":"CHL","ADM0_A3_UN":-99,"ADM0_A3_WB":-99,"CONTINENT":"South America","REGION_UN":"Americas","SUBREGION":"South America","REGION_WB":"Latin America & Caribbean","NAME_LEN":5,"LONG_LEN":5,"ABBREV_LEN":5,"TINY":-99,"HOMEPART":1,"MIN_ZOOM":0,"MIN_LABEL":1.7,"MAX_LABEL":6.7,"LABEL_X":-72.318871,"LABEL_Y":-38.151771,"NE_ID":1159320493,"WIKIDATAID":"Q298","NAME_AR":"تشيلي","NAME_BN":"চিলি","NAME_DE":"Chile","NAME_EN":"Chile","NAME_ES":"Chile","NAME_FA":"شیلی","NAME_FR":"Chili","NAME_EL":"Χιλή","NAME_HE":"צ'ילה","NAME_HI":"चिली","NAME_HU":"Chile","NAME_ID":"Chili","NAME_IT":"Cile","NAME_JA":"チリ","NAME_KO":"칠레","NAME_NL":"Chili","NAME_PL":"Chile","NAME_PT":"Chile","NAME_RU":"Чили","NAME_SV":"Chile","NAME_TR":"Şili","NAME_UK":"Чилі","NAME_UR":"چلی","NAME_VI":"Chile","NAME_ZH":"智利","NAME_ZHT":"智利","FCLASS_ISO":"Admin-0 country","TLC_DIFF":"","FCLASS_TLC":"Admin-0 country","FCLASS_US":"","FCLASS_FR":"","FCLASS_RU":"","FCLASS_ES":"","FCLASS_CN":"","FCLASS_TW":"","FCLASS_IN":"","FCLASS_NP":"","FCLASS_PK":"","FCLASS_DE":"","FCLASS_GB":"","FCLASS_BR":"","FCLASS_IL":"","FCLASS_PS":"","FCLASS_SA":"","FCLASS_EG":"","FCLASS_MA":"","FCLASS_PT":"","FCLASS_AR":"","FCLASS_JP":"","FCLASS_KO":"","FCLASS_VN":"","FCLASS_TR":"","FCLASS_ID":"","FCLASS_PL":"","FCLASS_GR":"","FCLASS_IT":"","FCLASS_NL":"","FCLASS_SE":"","FCLASS_BD":"","FCLASS_UA":""}},
{"type":"Feature","geometry":{"type":"Polygon","coordinates":[[[29.34,-4.5],[29.276,-3.294],[29.025,-2.839],[29.117,-2.292],[29.255,-2.215],[29.292,-1.62],[29.579,-1.341],[29.588,-0.587],[29.82,-0.205],[29.876,0.597],[30.086,1.062],[30.469,1.584],[30.853,1.849],[31.174,2.204],[30.773,2.34],[30.834,3.509],[29.954,4.174],[29.716,4.601],[29.159,4.389],[28.697,4.455],[28.429,4.287],[27.98,4.408],[27.374,5.234],[27.044,5.128],[26.403,5.151],[25.65,5.256],[25.279,5.17],[25.129,4.927],[24.805,4.897],[24.411,5.109],[23.297,4.61],[22.841,4.71],[22.704,4.633],[22.405,4.029],[21.659,4.224],[20.928,4.323],[20.291,4.692],[19.468,5.032],[18.932,4.71],[18.543,4.202],[18.453,3.504],[18.394,2.9],[18.094,2.366],[17.899,1.742],[17.774,0.856],[17.827,0.289],[17.664,-0.058],[17.639,-0.425],[17.524,-0.744],[16.865,-1.226],[16.407,-1.741],[15.973,-2.712],[16.006,-3.535],[15.754,-3.855],[15.171,-4.344],[14.583,-4.97],[14.209,-4.793],[14.145,-4.51],[13.6,-4.5],[13.258,-4.883],[12.996,-4.781],[12.632,-4.991],[12.468,-5.248],[12.437,-5.684],[12.182,-5.79],[12.322,-6.1],[12.735,-5.966],[13.025,-5.984],[13.376,-5.864],[16.327,-5.877],[16.573,-6.623],[16.86,-7.222],[17.09,-7.546],[17.473,-8.069],[18.134,-7.988],[18.464,-7.847],[19.017,-7.988],[19.167,-7.738],[19.418,-7.155],[20.038,-7.116],[20.092,-6.943],[20.602,-6.939],[20.515,-7.3],[21.728,-7.291],[21.746,-7.92],[21.949,-8.306],[21.802,-8.909],[21.875,-9.524],[22.209,-9.895],[22.155,-11.085],[22.403,-10.993],[22.837,-11.018],[23.457,-10.868],[23.912,-10.927],[24.257,-10.952],[24.315,-11.263],[24.783,-11.239],[25.418,-11.331],[25.752,-11.785],[26.553,-11.924],[27.164,-11.609],[27.389,-12.133],[28.155,-12.272],[28.524,-12.699],[28.934,-13.249],[29.7,-13.257],[29.616,-12.179],[29.342,-12.361],[28.642,-11.972],[28.372,-11.794],[28.496,-10.79],[28.674,-9.606],[28.45,-9.165],[28.735,-8.527],[29.003,-8.407],[30.346,-8.238],[30.74,-8.34],[30.2,-7.08],[29.62,-6.52],[29.42,-5.94],[29.52,-5.42],[29.34,-4.5]]]},"properties":{"featurecla":"Admin-0 country","scalerank":1,"LABELRANK":2,"SOVEREIGNT":"Democratic Republic of the Congo","SOV_A3":"COD","ADM0_DIF":0,"LEVEL":2,"TYPE":"Sovereign country","TLC":"1","ADMIN":"Democratic Republic of the Congo","ADM0_A3":"COD","GEOU_DIF":0,"GEOUNIT":"Democratic Republic of the Congo","GU_A3":"COD","SU_DIF":0,"SUBUNIT":"Democratic Republic of the Congo","SU_A3":"COD","BRK_DIFF":0,"NAME":"Dem. Rep. Congo","NAME_LONG":"Democratic Republic of the Congo","BRK_A3":"COD","BRK_NAME":"Democratic Republic of the Congo","BRK_GROUP":"","ABBREV":"D.R.C.","POSTAL":"DRC","FORMAL_EN":"Democratic Republic of the Congo","FORMAL_FR":"","NAME_CIAWF":"Congo, Democratic Republic of the","NOTE_ADM0":"","NOTE_BRK":"","NAME_SORT":"Congo, Dem. Rep.","NAME_ALT":"","MAPCOLOR7":4,"MAPCOLOR8":4,"MAPCOLOR9":4,"MAPCOLOR13":7,"POP_EST":86790567,"POP_RANK":16,"POP_YEAR":2019,"GDP_MD":50400,"GDP_YEAR":2019,"ECONOMY":"7. Least developed region","INCOME_GRP":"5. Low income","FIPS_10":"CG","ISO_A2":"CD","ISO_A2_EH":"CD","ISO_A3":"COD","ISO_A3_EH":"COD","ISO_N3":"180","ISO_N3_EH":"180","UN_A3":"180","WB_A2":"ZR","WB_A3":"ZAR","WOE_ID":23424780,"WOE_ID_EH":23424780,"WOE_NOTE":"Exact WOE match as country","ADM0_ISO":"COD","ADM0_DIFF":"","ADM0_TLC":"COD","ADM0_A3_US":"COD","ADM0_A3_FR":"COD","ADM0_A3_RU":"COD","ADM0_A3_ES":"COD","ADM0_A3_CN":"COD","ADM0_A3_TW":"COD","ADM0_A3_IN":"COD","ADM0_A3_NP":"COD","ADM0_A3_PK":"COD","ADM0_A3_DE":"COD","ADM0_A3_GB":"COD","ADM0_A3_BR":"COD","ADM0_A3_IL":"COD","ADM0_A3_PS":"COD","ADM0_A3_SA":"COD","ADM0_A3_EG":"COD","ADM0_A3_MA":"COD","ADM0_A3_PT":"COD","ADM0_A3_AR":"COD","ADM0_A3_JP":"COD","ADM0_A3_KO":"COD","ADM0_A3_VN":"COD","ADM0_A3_TR":"COD","ADM0_A3_ID":"COD","ADM0_A3_PL":"COD","ADM0_A3_GR":"COD","ADM0_A3_IT":"COD","ADM0_A3_NL":"COD","ADM0_A3_SE":"COD","ADM0_A3_BD":"COD","ADM0_A3_UA":"COD","ADM0_A3_UN":-99,"ADM0_A3_WB":-99,"CONTINENT":"Africa","REGION_UN":"Africa","SUBREGION":"Middle Africa","REGION_WB":"Sub-Saharan Africa","NAME_LEN":15,"LONG_LEN":32,"ABBREV_LEN":6,"TINY":-99,"HOMEPART":1,"MIN_ZOOM":0,"MIN_LABEL":2,"MAX_LABEL":7,"LABEL_X":23.458829,"LABEL_Y":-1.858167,"NE_ID":1159320513,"WIKIDATAID":"Q974","NAME_AR":"جمهورية الكونغو الديمقراطية","NAME_BN":"গণতান্ত্রিক কঙ্গো প্রজাতন্ত্র","NAME_DE":"Demokratische Republik Kongo","NAME_EN":"Democratic Republic of the Congo","NAME_ES":"República Democrática del Congo","NAME_FA":"جمهوری دموکراتیک کنگو","NAME_FR":"République démocratique du Congo","NAME_EL":"Λαϊκή Δημοκρατία του Κονγκό","NAME_HE":"הרפובליקה הדמוקרטית של קונגו","NAME_HI":"कांगो लोकतान्त्रिक गणराज्य","NAME_HU":"Kongói Demokratikus Köztársaság","NAME_ID":"Republik Demokratik Kongo","NAME_IT":"Repubblica Democratica del Congo","NAME_JA":"コンゴ民主共和国","NAME_KO":"콩고 민주 공화국","NAME_NL":"Congo-Kinshasa","NAME_PL":"Demokratyczna Republika Konga","NAME_PT":"República Democrática do Congo","NAME_RU":"Демократическая Республика Конго","NAME_SV":"Kongo-Kinshasa","NAME_TR":"Demokratik Kongo Cumhuriyeti","NAME_UK":"Демократична Республіка Конго","NAME_UR":"جمہوری جمہوریہ کانگو","NAME_VI":"Cộng hòa Dân chủ Congo","NAME_ZH":"刚果民主共和国","NAME_ZHT":"剛果民主共和國","FCLASS_ISO":"Admin-0 country","TLC_DIFF":"","FCLASS_TLC":"Admin-0 country","FCLASS_US":"","FCLASS_FR":"","FCLASS_RU":"","FCLASS_ES":"","FCLASS_CN":"","FCLASS_TW":"","FCLASS_IN":"","FCLASS_NP":"","FCLASS_PK":"","FCLASS_DE":"","FCLASS_GB":"","FCLASS_BR":"","FCLASS_IL":"","FCLASS_PS":"","FCLASS_SA":"","FCLASS_EG":"","FCLASS_MA":"","FCLASS_PT":"","FCLASS_AR":"","FCLASS_JP":"","FCLASS_KO":"","FCLASS_VN":"","FCLASS_TR":"","FCLASS_ID":"","FCLASS_PL":"","FCLASS_GR":"","FCLASS_IT":"","FCLASS_NL":"","FCLASS_SE":"","FCLASS_BD":"","FCLASS_UA":""}},
{"type":"Feature","geometry":{"type":"Polygon","coordinates":[[[41.585,-1.683],[41.811,-1.446],[42.042,-0.919],[43.136,0.292],[44.068,1.053],[45.564,2.046],[46.565,2.855],[47.741,4.219],[48.595,5.339],[49.453,6.805],[50.071,8.082],[50.552,9.199],[50.834,10.28],[51.045,10.641],[51.042,11.167],[51.134,11.748],[51.111,12.025],[50.732,12.022],[50.259,11.68],[49.729,11.579],[49.268,11.43],[48.948,11.411],[48.942,11.394],[48.938,10.982],[48.938,9.974],[48.938,9.452],[48.487,8.838],[47.789,8.003],[44.964,5.002],[43.661,4.958],[42.77,4.253],[42.129,4.234],[41.855,3.919],[40.981,2.785],[40.993,-0.858],[41.585,-1.683]]]},"properties":{"featurecla":"Admin-0 country","scalerank":1,"LABELRANK":6,"SOVEREIGNT":"Somalia","SOV_A3":"SOM","ADM0_DIF":0,"LEVEL":2,"TYPE":"Sovereign country","TLC":"1","ADMIN":"Somalia","ADM0_A3":"SOM","GEOU_DIF":0,"GEOUNIT":"Somalia","GU_A3":"SOM","SU_DIF":0,"SUBUNIT":"Somalia","SU_A3":"SOM","BRK_DIFF":0,"NAME":"Somalia","NAME_LONG":"Somalia","BRK_A3":"SOM","BRK_NAME":"Somalia","BRK_GROUP":"","ABBREV":"Som.","POSTAL":"SO","FORMAL_EN":"Federal Republic of Somalia","FORMAL_FR":"","NAME_CIAWF":"Somalia","NOTE_ADM0":"","NOTE_BRK":"","NAME_SORT":"Somalia","NAME_ALT":"","MAPCOLOR7":2,"MAPCOLOR8":8,"MAPCOLOR9":6,"MAPCOLOR13":7,"POP_EST":10192317.3,"POP_RANK":14,"POP_YEAR":2019,"GDP_MD":4719,"GDP_YEAR":2016,"ECONOMY":"7. Least developed region","INCOME_GRP":"5. Low income","FIPS_10":"SO","ISO_A2":"SO","ISO_A2_EH":"SO","ISO_A3":"SOM","ISO_A3_EH":"SOM","ISO_N3":"706","ISO_N3_EH":"706","UN_A3":"706","WB_A2":"SO","WB_A3":"SOM","WOE_ID":-90,"WOE_ID_EH":23424949,"WOE_NOTE":"Includes Somaliland (2347021, 2347020, 2347017 and portion of 2347016)","ADM0_ISO":"SOM","ADM0_DIFF":"","ADM0_TLC":"SOM","ADM0_A3_US":"SOM","ADM0_A3_FR":"SOM","ADM0_A3_RU":"SOM","ADM0_A3_ES":"SOM","ADM0_A3_CN":"SOM","ADM0_A3_TW":"SOM","ADM0_A3_IN":"SOM","ADM0_A3_NP":"SOM","ADM0_A3_PK":"SOM","ADM0_A3_DE":"SOM","ADM0_A3_GB":"SOM","ADM0_A3_BR":"SOM","ADM0_A3_IL":"SOM","ADM0_A3_PS":"SOM","ADM0_A3_SA":"SOM","ADM0_A3_EG":"SOM","ADM0_A3_MA":"SOM","ADM0_A3_PT":"SOM","ADM0_A3_AR":"SOM","ADM0_A3_JP":"SOM","ADM0_A3_KO":"SOM","ADM0_A3_VN":"SOM","ADM0_A3_TR":"SOM","ADM0_A3_ID":"SOM","ADM0_A3_PL":"SOM","ADM0_A3_GR":"SOM","ADM0_A3_IT":"SOM","ADM0_A3_NL":"SOM","ADM0_A3_SE":"SOM","ADM0_A3_BD":"SOM","ADM0_A3_UA":"SOM","ADM0_A3_UN":-99,"ADM0_A3_WB":-99,"CONTINENT":"Africa","REGION_UN":"Africa","SUBREGION":"Eastern Africa","REGION_WB":"Sub-Saharan Africa","NAME_LEN":7,"LONG_LEN":7,"ABBREV_LEN":4,"TINY":-99,"HOMEPART":1,"MIN_ZOOM":0,"MIN_LABEL":4,"MAX_LABEL":9,"LABEL_X":45.19238,"LABEL_Y":3.568925,"NE_ID":1159321261,"WIKIDATAID":"Q1045","NAME_AR":"الصومال","NAME_BN":"সোমালিয়া","NAME_DE":"Somalia","NAME_EN":"Somalia","NAME_ES":"Somalia","NAME_FA":"سومالی","NAME_FR":"Somalie","NAME_EL":"Σομαλία","NAME_HE":"סומליה","NAME_HI":"सोमालिया","NAME_HU":"Szomália","NAME_ID":"Somalia","NAME_IT":"Somalia","NAME_JA":"ソマリア","NAME_KO":"소말리아","NAME_NL":"Somalië","NAME_PL":"Somalia","NAME_PT":"Somália","NAME_RU":"Сомали","NAME_SV":"Somalia","NAME_TR":"Somali","NAME_UK":"Сомалі","NAME_UR":"صومالیہ","NAME_VI":"Somalia","NAME_ZH":"索马里","NAME_ZHT":"索馬利亞","FCLASS_ISO":"Admin-0 country","TLC_DIFF":"","FCLASS_TLC":"Admin-0 country","FCLASS_US":"","FCLASS_FR":"","FCLASS_RU":"","FCLASS_ES":"","FCLASS_CN":"","FCLASS_TW":"","FCLASS_IN":"","FCLASS_NP":"","FCLASS_PK":"","FCLASS_DE":"","FCLASS_GB":"","FCLASS_BR":"","FCLASS_IL":"","FCLASS_PS":"","FCLASS_SA":"","FCLASS_EG":"","FCLASS_MA":"","FCLASS_PT":"","FCLASS_AR":"","FCLASS_JP":"","FCLASS_KO":"","FCLASS_VN":"","FCLASS_TR":"","FCLASS_ID":"","FCLASS_PL":"","FCLASS_GR":"","FCLASS_IT":"","FCLASS_NL":"","FCLASS_SE":"","FCLASS_BD":"","FCLASS_UA":""}},
{"type":"Feature","geometry":{"type":"Polygon","coordinates":[[[39.202,-4.677],[39.605,-4.347],[39.8,-3.681],[40.121,-3.278],[40.263,-2.573],[40.638,-2.5],[40.885,-2.083],[41.585,-1.683],[40.993,-0.858],[40.981,2.785],[41.855,3.919],[41.172,3.919],[40.768,4.257],[39.855,3.839],[39.559,3.422],[38.893,3.501],[38.671,3.616],[38.437,3.589],[38.121,3.599],[36.855,4.448],[36.159,4.448],[35.817,4.777],[35.817,5.338],[35.298,5.506],[34.62,4.847],[34.005,4.25],[34.479,3.556],[34.596,3.054],[35.036,1.906],[34.672,1.177],[34.18,0.515],[33.894,0.11],[33.904,-0.95],[34.073,-1.06],[37.699,-3.097],[37.767,-3.677],[39.202,-4.677]]]},"properties":{"featurecla":"Admin-0 country","scalerank":1,"LABELRANK":2,"SOVEREIGNT":"Kenya","SOV_A3":"KEN","ADM0_DIF":0,"LEVEL":2,"TYPE":"Sovereign country","TLC":"1","ADMIN":"Kenya","ADM0_A3":"KEN","GEOU_DIF":0,"GEOUNIT":"Kenya","GU_A3":"KEN","SU_DIF":0,"SUBUNIT":"Kenya","SU_A3":"KEN","BRK_DIFF":0,"NAME":"Kenya","NAME_LONG":"Kenya","BRK_A3":"KEN","BRK_NAME":"Kenya","BRK_GROUP":"","ABBREV":"Ken.","POSTAL":"KE","FORMAL_EN":"Republic of Kenya","FORMAL_FR":"","NAME_CIAWF":"Kenya","NOTE_ADM0":"","NOTE_BRK":"","NAME_SORT":"Kenya","NAME_ALT":"","MAPCOLOR7":5,"MAPCOLOR8":2,"MAPCOLOR9":7,"MAPCOLOR13":3,"POP_EST":52573973,"POP_RANK":16,"POP_YEAR":2019,"GDP_MD":95503,"GDP_YEAR":2019,"ECONOMY":"5. Emerging region: G20","INCOME_GRP":"5. Low income","FIPS_10":"KE","ISO_A2":"KE","ISO_A2_EH":"KE","ISO_A3":"KEN","ISO_A3_EH":"KEN","ISO_N3":"404","ISO_N3_EH":"404","UN_A3":"404","WB_A2":"KE","WB_A3":"KEN","WOE_ID":23424863,"WOE_ID_EH":23424863,"WOE_NOTE":"Exact WOE match as country","ADM0_ISO":"KEN","ADM0_DIFF":"","ADM0_TLC":"KEN","ADM0_A3_US":"KEN","ADM0_A3_FR":"KEN","ADM0_A3_RU":"KEN","ADM0_A3_ES":"KEN","ADM0_A3_CN":"KEN","ADM0_A3_TW":"KEN","ADM0_A3_IN":"KEN","ADM0_A3_NP":"KEN","ADM0_A3_PK":"KEN","ADM0_A3_DE":"KEN","ADM0_A3_GB":"KEN","ADM0_A3_BR":"KEN","ADM0_A3_IL":"KEN","ADM0_A3_PS":"KEN","ADM0_A3_SA":"KEN","ADM0_A3_EG":"KEN","ADM0_A3_MA":"KEN","ADM0_A3_PT":"KEN","ADM0_A3_AR":"KEN","ADM0_A3_JP":"KEN","ADM0_A3_KO":"KEN","ADM0_A3_VN":"KEN","ADM0_A3_TR":"KEN","ADM0_A3_ID":"KEN","ADM0_A3_PL":"KEN","ADM0_A3_GR":"KEN","ADM0_A3_IT":"KEN","ADM0_A3_NL":"KEN","ADM0_A3_SE":"KEN","ADM0_A3_BD":"KEN","ADM0_A3_UA":"KEN","ADM0_A3_UN":-99,"ADM0_A3_WB":-99,"CONTINENT":"Africa","REGION_UN":"Africa","SUBREGION":"Eastern Africa","REGION_WB":"Sub-Saharan Africa","NAME_LEN":5,"LONG_LEN":5,"ABBREV_LEN":4,"TINY":-99,"HOMEPART":1,"MIN_ZOOM":0,"MIN_LABEL":1.7,"MAX_LABEL":6.7,"LABEL_X":37.907632,"LABEL_Y":0.549043,"NE_ID":1159320971,"WIKIDATAID":"Q114","NAME_AR":"كينيا","NAME_BN":"কেনিয়া","NAME_DE":"Kenia","NAME_EN":"Kenya","NAME_ES":"Kenia","NAME_FA":"کنیا","NAME_FR":"Kenya","NAME_EL":"Κένυα","NAME_HE":"קניה","NAME_HI":"कीनिया","NAME_HU":"Kenya","NAME_ID":"Kenya","NAME_IT":"Kenya","NAME_JA":"ケニア","NAME_KO":"케냐","NAME_NL":"Kenia","NAME_PL":"Kenia","NAME_PT":"Quénia","NAME_RU":"Кения","NAME_SV":"Kenya","NAME_TR":"Kenya","NAME_UK":"Кенія","NAME_UR":"کینیا","NAME_VI":"Kenya","NAME_ZH":"肯尼亚","NAME_ZHT":"肯亞","FCLASS_ISO":"Admin-0 country","TLC_DIFF":"","FCLASS_TLC":"Admin-0 country","FCLASS_US":"","FCLASS_FR":"","FCLASS_RU":"","FCLASS_ES":"","FCLASS_CN":"","FCLASS_TW":"","FCLASS_IN":"","FCLASS_NP":"","FCLASS_PK":"","FCLASS_DE":"","FCLASS_GB":"","FCLASS_BR":"","FCLASS_IL":"","FCLASS_PS":"","FCLASS_SA":"","FCLASS_EG":"","FCLASS_MA":"","FCLASS_PT":"","FCLASS_AR":"","FCLASS_JP":"","FCLASS_KO":"","FCLASS_VN":"","FCLASS_TR":"","FCLASS_ID":"","FCLASS_PL":"","FCLASS_GR":"","FCLASS_IT":"","FCLASS_NL":"","FCLASS_SE":"","FCLASS_BD":"","FCLASS_UA":""}},
{"type":"Feature","geometry":{"type":"Polygon","coordinates":[[[24.567,8.229],[23.887,8.62],[24.194,8.729],[24.537,8.918],[24.795,9.81],[25.07,10.274],[25.791,10.411],[25.962,10.136],[26.477,9.553],[26.752,9.467],[27.113,9.639],[27.834,9.604],[27.971,9.398],[28.967,9.398],[29.001,9.604],[29.516,9.793],[29.619,10.085],[29.997,10.291],[30.838,9.707],[31.353,9.81],[31.851,10.531],[32.4,11.081],[32.314,11.681],[32.074,11.973],[32.675,12.025],[32.743,12.248],[33.207,12.179],[33.087,11.441],[33.207,10.72],[33.722,10.325],[33.842,9.982],[33.825,9.484],[33.963,9.464],[33.975,8.685],[33.962,9.584],[34.257,10.63],[34.731,10.91],[34.832,11.319],[35.26,12.083],[35.864,12.578],[36.27,13.563],[36.43,14.422],[36.323,14.822],[36.754,16.292],[36.853,16.957],[37.167,17.263],[37.904,17.428],[38.41,17.998],[37.863,18.368],[37.482,18.614],[37.115,19.808],[36.969,20.837],[37.189,21.019],[36.866,22],[32.9,22],[29.02,22],[25,22],[25,20.003],[23.85,20],[23.838,19.58],[23.887,15.611],[23.025,15.681],[22.568,14.944],[22.304,14.327],[22.512,14.093],[22.183,13.786],[22.297,13.372],[22.038,12.955],[21.937,12.588],[22.288,12.646],[22.498,12.26],[22.509,11.679],[22.876,11.385],[22.864,11.142],[22.978,10.714],[23.554,10.089],[23.557,9.681],[23.395,9.265],[23.459,8.954],[23.806,8.666],[24.567,8.229]]]},"properties":{"featurecla":"Admin-0 country","scalerank":1,"LABELRANK":3,"SOVEREIGNT":"Sudan","SOV_A3":"SDN","ADM0_DIF":0,"LEVEL":2,"TYPE":"Sovereign country","TLC":"1","ADMIN":"Sudan","ADM0_A3":"SDN","GEOU_DIF":0,"GEOUNIT":"Sudan","GU_A3":"SDN","SU_DIF":0,"SUBUNIT":"Sudan","SU_A3":"SDN","BRK_DIFF":0,"NAME":"Sudan","NAME_LONG":"Sudan","BRK_A3":"SDN","BRK_NAME":"Sudan","BRK_GROUP":"","ABBREV":"Sudan","POSTAL":"SD","FORMAL_EN":"Republic of the Sudan","FORMAL_FR":"","NAME_CIAWF":"Sudan","NOTE_ADM0":"","NOTE_BRK":"","NAME_SORT":"Sudan","NAME_ALT":"","MAPCOLOR7":2,"MAPCOLOR8":6,"MAPCOLOR9":4,"MAPCOLOR13":1,"POP_EST":42813238,"POP_RANK":15,"POP_YEAR":2019,"GDP_MD":30513,"GDP_YEAR":2019,"ECONOMY":"6. Developing region","INCOME_GRP":"4. Lower middle income","FIPS_10":"SU","ISO_A2":"SD","ISO_A2_EH":"SD","ISO_A3":"SDN","ISO_A3_EH":"SDN","ISO_N3":"729","ISO_N3_EH":"729","UN_A3":"729","WB_A2":"SD","WB_A3":"SDN","WOE_ID":-90,"WOE_ID_EH":23424952,"WOE_NOTE":"Almost all FLickr photos are in the north.","ADM0_ISO":"SDZ","ADM0_DIFF":"","ADM0_TLC":"SDZ","ADM0_A3_US":"SDN","ADM0_A3_FR":"SDN","ADM0_A3_RU":"SDN","ADM0_A3_ES":"SDN","ADM0_A3_CN":"SDN","ADM0_A3_TW":"SDN","ADM0_A3_IN":"SDN","ADM0_A3_NP":"SDN","ADM0_A3_PK":"SDN","ADM0_A3_DE":"SDN","ADM0_A3_GB":"SDN","ADM0_A3_BR":"SDN","ADM0_A3_IL":"SDN","ADM0_A3_PS":"SDN","ADM0_A3_SA":"SDN","ADM0_A3_EG":"SDN","ADM0_A3_MA":"SDN","ADM0_A3_PT":"SDN","ADM0_A3_AR":"SDN","ADM0_A3_JP":"SDN","ADM0_A3_KO":"SDN","ADM0_A3_VN":"SDN","ADM0_A3_TR":"SDN","ADM0_A3_ID":"SDN","ADM0_A3_PL":"SDN","ADM0_A3_GR":"SDN","ADM0_A3_IT":"SDN","ADM0_A3_NL":"SDN","ADM0_A3_SE":"SDN","ADM0_A3_BD":"SDN","ADM0_A3_UA":"SDN","ADM0_A3_UN":-99,"ADM0_A3_WB":-99,"CONTINENT":"Africa","REGION_UN":"Africa","SUBREGION":"Northern Africa","REGION_WB":"Sub-Saharan Africa","NAME_LEN":5,"LONG_LEN":5,"ABBREV_LEN":5,"TINY":-99,"HOMEPART":1,"MIN_ZOOM":0,"MIN_LABEL":2.5,"MAX_LABEL":8,"LABEL_X":29.260657,"LABEL_Y":16.330746,"NE_ID":1159321229,"WIKIDATAID":"Q1049","NAME_AR":"السودان","NAME_BN":"সুদান","NAME_DE":"Sudan","NAME_EN":"Sudan","NAME_ES":"Sudán","NAME_FA":"سودان","NAME_FR":"Soudan","NAME_EL":"Σουδάν","NAME_HE":"סודאן","NAME_HI":"सूडान","NAME_HU":"Szudán","NAME_ID":"Sudan","NAME_IT":"Sudan","NAME_JA":"スーダン","NAME_KO":"수단","NAME_NL":"Soedan","NAME_PL":"Sudan","NAME_PT":"Sudão","NAME_RU":"Судан","NAME_SV":"Sudan","NAME_TR":"Sudan","NAME_UK":"Судан","NAME_UR":"سوڈان","NAME_VI":"Sudan","NAME_ZH":"苏丹","NAME_ZHT":"蘇丹","FCLASS_ISO":"Admin-0 country","TLC_DIFF":"","FCLASS_TLC":"Admin-0 country","FCLASS_US":"","FCLASS_FR":"","FCLASS_RU":"","FCLASS_ES":"","FCLASS_CN":"","FCLASS_TW":"","FCLASS_IN":"","FCLASS_NP":"","FCLASS_PK":"","FCLASS_DE":"","FCLASS_GB":"","FCLASS_BR":"","FCLASS_IL":"","FCLASS_PS":"","FCLASS_SA":"","FCLASS_EG":"","FCLASS_MA":"","FCLASS_PT":"","FCLASS_AR":"","FCLASS_JP":"","FCLASS_KO":"","FCLASS_VN":"","FCLASS_TR":"","FCLASS_ID":"","FCLASS_PL":"","FCLASS_GR":"","FCLASS_IT":"","FCLASS_NL":"","FCLASS_SE":"","FCLASS_BD":"","FCLASS_UA":""}},
{"type":"Feature","geometry":{"type":"Polygon","coordinates":[[[23.838,19.58],[19.849,21.495],[15.861,23.41],[14.851,22.863],[15.097,21.309],[15.471,21.048],[15.487,20.73],[15.903,20.388],[15.686,19.957],[15.3,17.928],[15.248,16.627],[13.972,15.684],[13.54,14.367],[13.957,13.997],[13.954,13.353],[14.596,13.33],[14.496,12.859],[14.893,12.219],[14.96,11.556],[14.924,10.891],[15.468,9.982],[14.909,9.992],[14.627,9.921],[14.171,10.021],[13.954,9.549],[14.544,8.966],[14.98,8.796],[15.121,8.382],[15.436,7.693],[15.279,7.422],[16.106,7.497],[16.291,7.754],[16.456,7.735],[16.706,7.508],[17.965,7.891],[18.39,8.281],[18.911,8.631],[18.812,8.983],[19.094,9.075],[20.06,9.013],[21.001,9.476],[21.724,10.567],[22.231,10.972],[22.864,11.142],[22.876,11.385],[22.509,11.679],[22.498,12.26],[22.288,12.646],[21.937,12.588],[22.038,12.955],[22.297,13.372],[22.183,13.786],[22.512,14.093],[22.304,14.327],[22.568,14.944],[23.025,15.681],[23.887,15.611],[23.838,19.58]]]},"properties":{"featurecla":"Admin-0 country","scalerank":1,"LABELRANK":3,"SOVEREIGNT":"Chad","SOV_A3":"TCD","ADM0_DIF":0,"LEVEL":2,"TYPE":"Sovereign country","TLC":"1","ADMIN":"Chad","ADM0_A3":"TCD","GEOU_DIF":0,"GEOUNIT":"Chad","GU_A3":"TCD","SU_DIF":0,"SUBUNIT":"Chad","SU_A3":"TCD","BRK_DIFF":0,"NAME":"Chad","NAME_LONG":"Chad","BRK_A3":"TCD","BRK_NAME":"Chad","BRK_GROUP":"","ABBREV":"Chad","POSTAL":"TD","FORMAL_EN":"Republic of Chad","FORMAL_FR":"","NAME_CIAWF":"Chad","NOTE_ADM0":"","NOTE_BRK":"","NAME_SORT":"Chad","NAME_ALT":"","MAPCOLOR7":6,"MAPCOLOR8":1,"MAPCOLOR9":8,"MAPCOLOR13":6,"POP_EST":15946876,"POP_RANK":14,"POP_YEAR":2019,"GDP_MD":11314,"GDP_YEAR":2019,"ECONOMY":"7. Least developed region","INCOME_GRP":"5. Low income","FIPS_10":"CD","ISO_A2":"TD","ISO_A2_EH":"TD","ISO_A3":"TCD","ISO_A3_EH":"TCD","ISO_N3":"148","ISO_N3_EH":"148","UN_A3":"148","WB_A2":"TD","WB_A3":"TCD","WOE_ID":23424777,"WOE_ID_EH":23424777,"WOE_NOTE":"Exact WOE match as country","ADM0_ISO":"TCD","ADM0_DIFF":"","ADM0_TLC":"TCD","ADM0_A3_US":"TCD","ADM0_A3_FR":"TCD","ADM0_A3_RU":"TCD","ADM0_A3_ES":"TCD","ADM0_A3_CN":"TCD","ADM0_A3_TW":"TCD","ADM0_A3_IN":"TCD","ADM0_A3_NP":"TCD","ADM0_A3_PK":"TCD","ADM0_A3_DE":"TCD","ADM0_A3_GB":"TCD","ADM0_A3_BR":"TCD","ADM0_A3_IL":"TCD","ADM0_A3_PS":"TCD","ADM0_A3_SA":"TCD","ADM0_A3_EG":"TCD","ADM0_A3_MA":"TCD","ADM0_A3_PT":"TCD","ADM0_A3_AR":"TCD","ADM0_A3_JP":"TCD","ADM0_A3_KO":"TCD","ADM0_A3_VN":"TCD","ADM0_A3_TR":"TCD","ADM0_A3_ID":"TCD","ADM0_A3_PL":"TCD","ADM0_A3_GR":"TCD","ADM0_A3_IT":"TCD","ADM0_A3_NL":"TCD","ADM0_A3_SE":"TCD","ADM0_A3_BD":"TCD","ADM0_A3_UA":"TCD","ADM0_A3_UN":-99,"ADM0_A3_WB":-99,"CONTINENT":"Africa","REGION_UN":"Africa","SUBREGION":"Middle Africa","REGION_WB":"Sub-Saharan Africa","NAME_LEN":4,"LONG_LEN":4,"ABBREV_LEN":4,"TINY":-99,"HOMEPART":1,"MIN_ZOOM":0,"MIN_LABEL":3,"MAX_LABEL":8,"LABEL_X":18.645041,"LABEL_Y":15.142959,"NE_ID":1159321301,"WIKIDATAID":"Q657","NAME_AR":"تشاد","NAME_BN":"চাদ","NAME_DE":"Tschad","NAME_EN":"Chad","NAME_ES":"Chad","NAME_FA":"چاد","NAME_FR":"Tchad","NAME_EL":"Τσαντ","NAME_HE":"צ'אד","NAME_HI":"चाड","NAME_HU":"Csád","NAME_ID":"Chad","NAME_IT":"Ciad","NAME_JA":"チャド","NAME_KO":"차드","NAME_NL":"Tsjaad","NAME_PL":"Czad","NAME_PT":"Chade","NAME_RU":"Чад","NAME_SV":"Tchad","NAME_TR":"Çad","NAME_UK":"Чад","NAME_UR":"چاڈ","NAME_VI":"Tchad","NAME_ZH":"乍得","NAME_ZHT":"查德","FCLASS_ISO":"Admin-0 country","TLC_DIFF":"","FCLASS_TLC":"Admin-0 country","FCLASS_US":"","FCLASS_FR":"","FCLASS_RU":"","FCLASS_ES":"","FCLASS_CN":"","FCLASS_TW":"","FCLASS_IN":"","FCLASS_NP":"","FCLASS_PK":"","FCLASS_DE":"","FCLASS_GB":"","FCLASS_BR":"","FCLASS_IL":"","FCLASS_PS":"","FCLASS_SA":"","FCLASS_EG":"","FCLASS_MA":"","FCLASS_PT":"","FCLASS_AR":"","FCLASS_JP":"","FCLASS_KO":"","FCLASS_VN":"","FCLASS_TR":"","FCLASS_ID":"","FCLASS_PL":"","FCLASS_GR":"","FCLASS_IT":"","FCLASS_NL":"","FCLASS_SE":"","FCLASS_BD":"","FCLASS_UA":""}},
{"type":"Feature","geometry":{"type":"Polygon","coordinates":[[[-71.712,19.714],[-72.58,19.872],[-73.19,19.916],[-73.415,19.64],[-72.784,19.484],[-72.792,19.102],[-72.335,18.668],[-72.695,18.446],[-73.45,18.526],[-74.37,18.665],[-74.458,18.343],[-73.922,18.031],[-73.455,18.218],[-72.844,18.146],[-72.372,18.215],[-71.708,18.045],[-71.688,18.317],[-71.945,18.617],[-71.701,18.785],[-71.625,19.17],[-71.712,19.714]]]},"properties":{"featurecla":"Admin-0 country","scalerank":1,"LABELRANK":5,"SOVEREIGNT":"Haiti","SOV_A3":"HTI","ADM0_DIF":0,"LEVEL":2,"TYPE":"Sovereign country","TLC":"1","ADMIN":"Haiti","ADM0_A3":"HTI","GEOU_DIF":0,"GEOUNIT":"Haiti","GU_A3":"HTI","SU_DIF":0,"SUBUNIT":"Haiti","SU_A3":"HTI","BRK_DIFF":0,"NAME":"Haiti","NAME_LONG":"Haiti","BRK_A3":"HTI","BRK_NAME":"Haiti","BRK_GROUP":"","ABBREV":"Haiti","POSTAL":"HT","FORMAL_EN":"Republic of Haiti","FORMAL_FR":"","NAME_CIAWF":"Haiti","NOTE_ADM0":"","NOTE_BRK":"","NAME_SORT":"Haiti","NAME_ALT":"","MAPCOLOR7":2,"MAPCOLOR8":1,"MAPCOLOR9":7,"MAPCOLOR13":2,"POP_EST":11263077,"POP_RANK":14,"POP_YEAR":2019,"GDP_MD":14332,"GDP_YEAR":2019,"ECONOMY":"7. Least developed region","INCOME_GRP":"5. Low income","FIPS_10":"HA","ISO_A2":"HT","ISO_A2_EH":"HT","ISO_A3":"HTI","ISO_A3_EH":"HTI","ISO_N3":"332","ISO_N3_EH":"332","UN_A3":"332","WB_A2":"HT","WB_A3":"HTI","WOE_ID":23424839,"WOE_ID_EH":23424839,"WOE_NOTE":"Exact WOE match as country","ADM0_ISO":"HTI","ADM0_DIFF":"","ADM0_TLC":"HTI","ADM0_A3_US":"HTI","ADM0_A3_FR":"HTI","ADM0_A3_RU":"HTI","ADM0_A3_ES":"HTI","ADM0_A3_CN":"HTI","ADM0_A3_TW":"HTI","ADM0_A3_IN":"HTI","ADM0_A3_NP":"HTI","ADM0_A3_PK":"HTI","ADM0_A3_DE":"HTI","ADM0_A3_GB":"HTI","ADM0_A3_BR":"HTI","ADM0_A3_IL":"HTI","ADM0_A3_PS":"HTI","ADM0_A3_SA":"HTI","ADM0_A3_EG":"HTI","ADM0_A3_MA":"HTI","ADM0_A3_PT":"HTI","ADM0_A3_AR":"HTI","ADM0_A3_JP":"HTI","ADM0_A3_KO":"HTI","ADM0_A3_VN":"HTI","ADM0_A3_TR":"HTI","ADM0_A3_ID":"HTI","ADM0_A3_PL":"HTI","ADM0_A3_GR":"HTI","ADM0_A3_IT":"HTI","ADM0_A3_NL":"HTI","ADM0_A3_SE":"HTI","ADM0_A3_BD":"HTI","ADM0_A3_UA":"HTI","ADM0_A3_UN":-99,"ADM0_A3_WB":-99,"CONTINENT":"North America","REGION_UN":"Americas","SUBREGION":"Caribbean","REGION_WB":"Latin America & Caribbean","NAME_LEN":5,"LONG_LEN":5,"ABBREV_LEN":5,"TINY":-99,"HOMEPART":1,"MIN_ZOOM":0,"MIN_LABEL":4,"MAX_LABEL":9,"LABEL_X":-72.224051,"LABEL_Y":19.263784,"NE_ID":1159320839,"WIKIDATAID":"Q790","NAME_AR":"هايتي","NAME_BN":"হাইতি","NAME_DE":"Haiti","NAME_EN":"Haiti","NAME_ES":"Haití","NAME_FA":"هائیتی","NAME_FR":"Haïti","NAME_EL":"Αϊτή","NAME_HE":"האיטי","NAME_HI":"हैती","NAME_HU":"Haiti","NAME_ID":"Haiti","NAME_IT":"Haiti","NAME_JA":"ハイチ","NAME_KO":"아이티","NAME_NL":"Haïti","NAME_PL":"Haiti","NAME_PT":"Haiti","NAME_RU":"Республика Гаити","NAME_SV":"Haiti","NAME_TR":"Haiti","NAME_UK":"Гаїті","NAME_UR":"ہیٹی","NAME_VI":"Haiti","NAME_ZH":"海地","NAME_ZHT":"海地","FCLASS_ISO":"Admin-0 country","TLC_DIFF":"","FCLASS_TLC":"Admin-0 country","FCLASS_US":"","FCLASS_FR":"","FCLASS_RU":"","FCLASS_ES":"","FCLASS_CN":"","FCLASS_TW":"","FCLASS_IN":"","FCLASS_NP":"","FCLASS_PK":"","FCLASS_DE":"","FCLASS_GB":"","FCLASS_BR":"","FCLASS_IL":"","FCLASS_PS":"","FCLASS_SA":"","FCLASS_EG":"","FCLASS_MA":"","FCLASS_PT":"","FCLASS_AR":"","FCLASS_JP":"","FCLASS_KO":"","FCLASS_VN":"","FCLASS_TR":"","FCLASS_ID":"","FCLASS_PL":"","FCLASS_GR":"","FCLASS_IT":"","FCLASS_NL":"","FCLASS_SE":"","FCLASS_BD":"","FCLASS_UA":""}},
{"type":"Feature","geometry":{"type":"Polygon","coordinates":[[[-71.708,18.045],[-71.658,17.758],[-71.4,17.599],[-71,18.283],[-70.669,18.427],[-70.517,18.184],[-70.133,18.246],[-69.953,18.428],[-69.624,18.381],[-69.165,18.423],[-68.689,18.205],[-68.318,18.612],[-68.809,18.979],[-69.254,19.015],[-69.222,19.313],[-69.769,19.293],[-69.951,19.648],[-70.214,19.623],[-70.807,19.88],[-71.587,19.885],[-71.712,19.714],[-71.625,19.17],[-71.701,18.785],[-71.945,18.617],[-71.688,18.317],[-71.708,18.045]]]},"properties":{"featurecla":"Admin-0 country","scalerank":1,"LABELRANK":5,"SOVEREIGNT":"Dominican Republic","SOV_A3":"DOM","ADM0_DIF":0,"LEVEL":2,"TYPE":"Sovereign country","TLC":"1","ADMIN":"Dominican Republic","ADM0_A3":"DOM","GEOU_DIF":0,"GEOUNIT":"Dominican Republic","GU_A3":"DOM","SU_DIF":0,"SUBUNIT":"Dominican Republic","SU_A3":"DOM","BRK_DIFF":0,"NAME":"Dominican Rep.","NAME_LONG":"Dominican Republic","BRK_A3":"DOM","BRK_NAME":"Dominican Rep.","BRK_GROUP":"","ABBREV":"Dom. Rep.","POSTAL":"DO","FORMAL_EN":"Dominican Republic","FORMAL_FR":"","NAME_CIAWF":"Dominican Republic","NOTE_ADM0":"","NOTE_BRK":"","NAME_SORT":"Dominican Republic","NAME_ALT":"","MAPCOLOR7":5,"MAPCOLOR8":2,"MAPCOLOR9":5,"MAPCOLOR13":7,"POP_EST":10738958,"POP_RANK":14,"POP_YEAR":2019,"GDP_MD":88941,"GDP_YEAR":2019,"ECONOMY":"6. Developing region","INCOME_GRP":"3. Upper middle income","FIPS_10":"DR","ISO_A2":"DO","ISO_A2_EH":"DO","ISO_A3":"DOM","ISO_A3_EH":"DOM","ISO_N3":"214","ISO_N3_EH":"214","UN_A3":"214","WB_A2":"DO","WB_A3":"DOM","WOE_ID":23424800,"WOE_ID_EH":23424800,"WOE_NOTE":"Exact WOE match as country","ADM0_ISO":"DOM","ADM0_DIFF":"","ADM0_TLC":"DOM","ADM0_A3_US":"DOM","ADM0_A3_FR":"DOM","ADM0_A3_RU":"DOM","ADM0_A3_ES":"DOM","ADM0_A3_CN":"DOM","ADM0_A3_TW":"DOM","ADM0_A3_IN":"DOM","ADM0_A3_NP":"DOM","ADM0_A3_PK":"DOM","ADM0_A3_DE":"DOM","ADM0_A3_GB":"DOM","ADM0_A3_BR":"DOM","ADM0_A3_IL":"DOM","ADM0_A3_PS":"DOM","ADM0_A3_SA":"DOM","ADM0_A3_EG":"DOM","ADM0_A3_MA":"DOM","ADM0_A3_PT":"DOM","ADM0_A3_AR":"DOM","ADM0_A3_JP":"DOM","ADM0_A3_KO":"DOM","ADM0_A3_VN":"DOM","ADM0_A3_TR":"DOM","ADM0_A3_ID":"DOM","ADM0_A3_PL":"DOM","ADM0_A3_GR":"DOM","ADM0_A3_IT":"DOM","ADM0_A3_NL":"DOM","ADM0_A3_SE":"DOM","ADM0_A3_BD":"DOM","ADM0_A3_UA":"DOM","ADM0_A3_UN":-99,"ADM0_A3_WB":-99,"CONTINENT":"North America","REGION_UN":"Americas","SUBREGION":"Caribbean","REGION_WB":"Latin America & Caribbean","NAME_LEN":14,"LONG_LEN":18,"ABBREV_LEN":9,"TINY":-99,"HOMEPART":1,"MIN_ZOOM":0,"MIN_LABEL":4.5,"MAX_LABEL":9.5,"LABEL_X":-70.653998,"LABEL_Y":19.104137,"NE_ID":1159320563,"WIKIDATAID":"Q786","NAME_AR":"جمهورية الدومينيكان","NAME_BN":"ডোমিনিকান প্রজাতন্ত্র","NAME_DE":"Dominikanische Republik","NAME_EN":"Dominican Republic","NAME_ES":"República Dominicana","NAME_FA":"جمهوری دومینیکن","NAME_FR":"République dominicaine","NAME_EL":"Δομινικανή Δημοκρατία","NAME_HE":"הרפובליקה הדומיניקנית","NAME_HI":"डोमिनिकन गणराज्य","NAME_HU":"Dominikai Köztársaság","NAME_ID":"Republik Dominika","NAME_IT":"Repubblica Dominicana","NAME_JA":"ドミニカ共和国","NAME_KO":"도미니카 공화국","NAME_NL":"Dominicaanse Republiek","NAME_PL":"Dominikana","NAME_PT":"República Dominicana","NAME_RU":"Доминиканская Республика","NAME_SV":"Dominikanska republiken","NAME_TR":"Dominik Cumhuriyeti","NAME_UK":"Домініканська Республіка","NAME_UR":"جمہوریہ ڈومینیکن","NAME_VI":"Cộng hòa Dominica","NAME_ZH":"多米尼加","NAME_ZHT":"多明尼加","FCLASS_ISO":"Admin-0 country","TLC_DIFF":"","FCLASS_TLC":"Admin-0 country","FCLASS_US":"","FCLASS_FR":"","FCLASS_RU":"","FCLASS_ES":"","FCLASS_CN":"","FCLASS_TW":"","FCLASS_IN":"","FCLASS_NP":"","FCLASS_PK":"","FCLASS_DE":"","FCLASS_GB":"","FCLASS_BR":"","FCLASS_IL":"","FCLASS_PS":"","FCLASS_SA":"","FCLASS_EG":"","FCLASS_MA":"","FCLASS_PT":"","FCLASS_AR":"","FCLASS_JP":"","FCLASS_KO":"","FCLASS_VN":"","FCLASS_TR":"","FCLASS_ID":"","FCLASS_PL":"","FCLASS_GR":"","FCLASS_IT":"","FCLASS_NL":"","FCLASS_SE":"","FCLASS_BD":"","FCLASS_UA":""}},
{"type":"Feature","geometry":{"type":"MultiPolygon","coordinates":[[[[178.725,71.099],[178.903,70.781],[180,70.832],[180,71.516],[178.725,71.099]]],[[[49.101,46.399],[48.593,46.561],[48.695,47.076],[48.057,47.744],[47.315,47.716],[46.466,48.394],[47.044,49.152],[46.752,49.356],[47.549,50.455],[48.578,49.875],[48.702,50.605],[50.767,51.693],[52.329,51.719],[54.533,51.026],[55.717,50.622],[56.778,51.044],[58.363,51.064],[59.642,50.545],[59.933,50.842],[61.337,50.799],[61.588,51.273],[59.968,51.96],[60.927,52.448],[60.74,52.72],[61.7,52.98],[60.978,53.665],[61.437,54.006],[65.179,54.354],[65.667,54.601],[68.169,54.97],[69.068,55.385],[70.865,55.17],[71.18,54.133],[72.224,54.377],[73.509,54.036],[73.426,53.49],[74.385,53.547],[76.891,54.491],[76.525,54.177],[77.801,53.404],[80.036,50.865],[80.568,51.388],[81.946,50.812],[83.383,51.069],[83.935,50.889],[84.416,50.311],[85.116,50.117],[85.541,49.693],[86.829,49.827],[87.36,49.215],[87.751,49.297],[88.806,49.471],[90.714,50.332],[92.235,50.802],[93.104,50.495],[94.148,50.481],[94.816,50.013],[95.814,49.977],[97.26,49.726],[98.232,50.422],[97.826,51.011],[98.861,52.047],[99.982,51.634],[100.889,51.517],[102.065,51.26],[102.256,50.511],[103.677,50.09],[104.622,50.275],[105.887,50.406],[106.889,50.274],[107.868,49.794],[108.475,49.283],[109.402,49.293],[110.662,49.13],[111.581,49.378],[112.898,49.544],[114.362,50.248],[114.962,50.14],[115.486,49.805],[116.679,49.889],[117.879,49.511],[119.288,50.143],[119.279,50.583],[120.182,51.644],[120.738,51.964],[120.726,52.516],[120.177,52.754],[121.003,53.251],[122.246,53.432],[123.571,53.459],[125.068,53.161],[125.946,52.793],[126.564,51.784],[126.939,51.354],[127.287,50.74],[127.657,49.76],[129.398,49.441],[130.582,48.73],[130.987,47.79],[132.507,47.789],[133.374,48.183],[135.026,48.478],[134.501,47.578],[134.112,47.212],[133.77,46.117],[133.097,45.144],[131.883,45.321],[131.025,44.968],[131.289,44.112],[131.145,42.93],[130.634,42.903],[130.64,42.395],[130.78,42.22],[130.936,42.553],[132.278,43.285],[132.906,42.798],[133.537,42.811],[134.869,43.398],[135.515,43.989],[136.862,45.144],[138.22,46.308],[138.555,47],[140.062,48.447],[140.513,50.046],[140.597,51.24],[141.379,52.239],[141.345,53.09],[139.902,54.19],[138.805,54.255],[138.165,53.755],[137.193,53.977],[136.702,54.604],[135.126,54.73],[138.958,57.088],[142.198,59.04],[145.487,59.336],[148.545,59.164],[149.784,59.656],[151.338,59.504],[151.266,58.781],[152.812,58.884],[155.044,59.145],[154.218,59.758],[156.721,61.434],[159.302,61.774],[160.121,60.544],[162.658,61.643],[163.258,62.466],[164.474,62.551],[163.67,61.141],[161.872,60.343],[160.151,59.315],[158.364,58.056],[156.81,57.832],[156.758,57.365],[155.914,56.768],[155.434,55.381],[155.992,53.159],[156.42,51.7],[156.79,51.011],[158.231,51.943],[158.531,52.959],[160.022,53.203],[160.369,54.344],[162.117,54.855],[161.701,55.286],[162.13,56.122],[163.058,56.159],[163.192,57.615],[162.053,57.839],[162.017,58.243],[163.217,59.211],[163.539,59.869],[164.877,59.732],[165.84,60.16],[166.295,59.789],[168.9,60.574],[170.331,59.882],[170.699,60.336],[172.15,60.95],[173.68,61.653],[174.569,61.769],[177.364,62.522],[179.228,62.304],[179.486,62.569],[179.37,62.983],[178.908,63.252],[178.313,64.076],[177.411,64.608],[178.707,64.535],[179.993,64.974],[180,64.98],[180,68.964],[178.6,69.4],[175.724,69.877],[173.644,69.817],[170.453,70.097],[170.008,69.653],[170.817,69.014],[169.578,68.694],[167.836,69.583],[165.94,69.472],[164.052,69.668],[162.279,69.642],[160.941,69.437],[159.709,69.722],[159.83,70.453],[158.998,70.867],[157.007,71.031],[152.969,70.842],[150.351,71.606],[149.5,72.2],[140.468,72.849],[139.148,72.416],[139.87,71.488],[138.234,71.628],[137.498,71.348],[135.562,71.655],[133.858,71.386],[132.254,71.836],[131.289,70.787],[129.716,71.193],[128.46,71.98],[129.052,72.399],[128.591,73.039],[126.976,73.565],[125.38,73.56],[123.258,73.735],[123.201,72.971],[119.02,73.12],[118.776,73.588],[115.568,73.753],[113.969,73.595],[113.53,73.335],[113.02,73.977],[112.119,73.788],[110.64,74.04],[109.4,74.18],[110.151,74.477],[112.779,75.032],[113.885,75.328],[114.134,75.848],[113.332,76.222],[111.077,76.71],[108.154,76.723],[107.24,76.48],[106.97,76.974],[104.705,77.127],[106.067,77.374],[104.352,77.698],[101.991,77.288],[101.035,76.862],[100.76,76.43],[98.923,76.447],[96.678,75.915],[95.86,76.14],[93.234,76.047],[92.901,75.773],[90.26,75.64],[88.316,75.144],[87.167,75.116],[86.01,74.46],[86.822,73.937],[84.655,73.806],[82.25,73.85],[80.511,73.648],[80.611,72.583],[81.5,71.75],[79.652,72.32],[77.577,72.267],[75.903,71.874],[76.359,71.153],[75.289,71.336],[75.684,72.301],[75.158,72.855],[74.659,72.832],[74.891,72.121],[73.101,71.447],[74.4,70.632],[73.602,69.628],[73.842,69.071],[74.936,68.989],[74.469,68.329],[75.052,67.76],[74.187,67.284],[73.921,66.789],[72.821,66.533],[72.423,66.173],[71.28,66.32],[73.239,67.74],[73.668,68.408],[72.565,69.021],[72.792,70.391],[72.47,71.09],[71.848,71.409],[72.796,72.22],[72.588,72.776],[69.94,73.04],[69.196,72.843],[68.54,71.935],[66.695,71.029],[66.725,70.709],[67.26,69.929],[66.93,69.455],[68.135,69.356],[68.164,69.144],[69.181,68.616],[68.512,68.092],[64.888,69.235],[63.504,69.547],[60.55,69.85],[60.03,69.52],[61.078,68.941],[59.941,68.278],[58.802,68.881],[57.317,68.466],[55.443,68.439],[54.726,68.097],[53.486,68.201],[54.472,68.808],[53.717,68.857],[50.228,67.999],[48.139,67.522],[47.894,66.885],[46.349,66.668],[45.562,67.01],[45.555,67.567],[46.821,67.69],[46.25,68.25],[43.453,68.571],[44.188,67.951],[43.698,67.352],[44.532,66.756],[43.95,66.069],[43.016,66.419],[42.093,66.476],[39.763,65.497],[40.436,64.764],[39.593,64.521],[37.176,65.143],[36.54,64.764],[37.142,64.335],[37.013,63.85],[36.231,64.109],[34.944,64.414],[34.879,65.436],[34.815,65.9],[33.184,66.633],[33.919,66.76],[38.383,66],[40.016,66.266],[41.126,66.792],[41.06,67.457],[40.292,67.932],[36.514,69.063],[33.775,69.301],[32.133,69.906],[31.101,69.558],[29.4,69.157],[28.592,69.065],[28.446,68.365],[29.977,67.698],[29.055,66.944],[30.218,65.806],[29.544,64.949],[30.445,64.204],[30.036,63.553],[31.516,62.868],[31.14,62.358],[30.211,61.78],[28.07,60.504],[29.118,60.028],[27.981,59.475],[28.132,59.301],[27.42,58.725],[27.717,57.792],[27.288,57.475],[27.77,57.244],[27.855,56.759],[28.177,56.169],[29.23,55.918],[29.372,55.67],[29.896,55.789],[30.874,55.551],[30.972,55.082],[30.758,54.812],[31.384,54.157],[31.791,53.975],[31.731,53.794],[32.406,53.618],[32.694,53.351],[32.305,53.133],[31.498,53.167],[31.305,53.074],[31.54,52.742],[31.786,52.102],[32.159,52.061],[32.412,52.289],[32.716,52.238],[33.753,52.335],[34.392,51.769],[34.142,51.566],[34.225,51.256],[35.022,51.208],[35.378,50.774],[35.356,50.577],[36.626,50.226],[37.393,50.384],[38.011,49.916],[38.595,49.926],[40.069,49.601],[40.081,49.307],[39.675,48.784],[39.896,48.232],[39.738,47.899],[38.771,47.826],[38.255,47.546],[38.224,47.102],[39.121,47.263],[39.148,47.045],[37.674,46.637],[38.233,46.241],[37.403,45.405],[36.675,45.245],[37.539,44.657],[38.68,44.28],[39.955,43.435],[40.077,43.553],[40.922,43.382],[42.394,43.22],[43.756,42.741],[43.931,42.555],[44.538,42.712],[45.47,42.503],[45.776,42.092],[46.405,41.861],[46.686,41.827],[47.373,41.22],[47.816,41.151],[47.987,41.406],[48.584,41.809],[47.493,42.987],[47.591,43.66],[46.682,44.609],[47.676,45.641],[48.645,45.806],[49.101,46.399]]],[[[93.778,81.025],[91.181,80.341],[92.545,80.144],[93.313,79.427],[94.973,79.045],[97.758,78.756],[99.94,78.881],[100.187,79.78],[97.884,80.747],[95.941,81.25],[93.778,81.025]]],[[[102.838,79.281],[102.086,79.346],[101.265,79.234],[99.438,77.921],[105.075,78.307],[105.372,78.713],[102.838,79.281]]],[[[138.831,76.137],[137.512,75.949],[136.974,75.262],[138.955,74.611],[140.614,74.848],[144.3,74.82],[145.086,75.563],[141.472,76.093],[138.831,76.137]]],[[[148.222,75.346],[146.358,75.497],[146.119,75.173],[147.977,74.778],[149.576,74.689],[150.732,75.084],[148.222,75.346]]],[[[139.863,73.37],[140.038,73.317],[142.088,73.205],[143.604,73.212],[143.483,73.475],[142.062,73.858],[140.812,73.765],[139.863,73.37]]],[[[44.847,80.59],[47.072,80.559],[46.503,80.247],[47.586,80.01],[48.755,80.175],[48.894,80.34],[49.794,80.415],[51.136,80.547],[51.523,80.7],[50.04,80.919],[49.097,80.754],[48.523,80.515],[48.318,80.784],[46.799,80.772],[44.847,80.59]]],[[[22.731,54.328],[22.651,54.583],[22.758,54.857],[22.316,55.015],[21.268,55.19],[19.888,54.866],[19.661,54.426],[20.892,54.313],[22.731,54.328]]],[[[53.508,73.75],[54.428,73.628],[52.444,72.775],[52.478,72.229],[51.456,72.015],[51.602,71.475],[53.412,71.207],[53.677,70.763],[56.945,70.633],[57.536,70.72],[55.623,71.541],[55.419,72.371],[56.987,73.333],[58.477,74.309],[61.584,75.261],[64.637,75.738],[68.181,76.234],[68.852,76.545],[68.157,76.94],[66.211,76.81],[64.498,76.439],[61.17,76.252],[57.869,75.609],[55.632,75.081],[55.902,74.627],[53.508,73.75]]],[[[142.915,53.705],[142.655,54.366],[142.21,54.225],[142.607,53.762],[141.683,53.302],[141.594,51.935],[142.18,50.952],[142.136,49.615],[141.904,48.859],[142.018,47.78],[141.907,46.806],[142.092,45.967],[142.748,46.741],[143.505,46.138],[143.533,46.837],[142.559,47.862],[143.174,49.307],[144.654,48.976],[143.648,50.748],[143.235,51.757],[143.261,52.741],[142.915,53.705]]],[[[-174.928,67.206],[-177.55,68.2],[-180,68.964],[-180,64.98],[-179.433,65.404],[-179.884,65.875],[-178.686,66.112],[-178.903,65.74],[-178.36,65.391],[-177.223,65.52],[-176.207,65.357],[-175.984,64.923],[-174.654,64.631],[-173.892,64.283],[-172.955,64.253],[-172.555,64.461],[-172.53,65.438],[-170.891,65.541],[-169.9,65.977],[-171.857,66.913],[-174.572,67.062],[-174.34,66.336],[-175.014,66.584],[-174.928,67.206]]],[[[-178.694,70.893],[-177.664,71.133],[-177.578,71.269],[-179.024,71.556],[-179.872,71.558],[-180,71.516],[-180,70.832],[-178.694,70.893]]],[[[33.436,45.972],[33.588,45.852],[32.631,45.519],[32.454,45.327],[33.547,45.035],[33.326,44.565],[33.883,44.361],[35.24,44.94],[36.335,45.113],[36.53,45.47],[35.51,45.41],[35.021,45.651],[35.013,45.738],[34.862,45.768],[34.732,45.966],[34.41,46.005],[33.699,46.22],[33.436,45.972]]]]},"properties":{"featurecla":"Admin-0 country","scalerank":1,"LABELRANK":2,"SOVEREIGNT":"Russia","SOV_A3":"RUS","ADM0_DIF":0,"LEVEL":2,"TYPE":"Sovereign country","TLC":"1","ADMIN":"Russia","ADM0_A3":"RUS","GEOU_DIF":0,"GEOUNIT":"Russia","GU_A3":"RUS","SU_DIF":0,"SUBUNIT":"Russia","SU_A3":"RUS","BRK_DIFF":0,"NAME":"Russia","NAME_LONG":"Russian Federation","BRK_A3":"RUS","BRK_NAME":"Russia","BRK_GROUP":"","ABBREV":"Rus.","POSTAL":"RUS","FORMAL_EN":"Russian Federation","FORMAL_FR":"","NAME_CIAWF":"Russia","NOTE_ADM0":"","NOTE_BRK":"","NAME_SORT":"Russian Federation","NAME_ALT":"","MAPCOLOR7":2,"MAPCOLOR8":5,"MAPCOLOR9":7,"MAPCOLOR13":7,"POP_EST":144373535,"POP_RANK":17,"POP_YEAR":2019,"GDP_MD":1699876,"GDP_YEAR":2019,"ECONOMY":"3. Emerging region: BRIC","INCOME_GRP":"3. Upper middle income","FIPS_10":"RS","ISO_A2":"RU","ISO_A2_EH":"RU","ISO_A3":"RUS","ISO_A3_EH":"RUS","ISO_N3":"643","ISO_N3_EH":"643","UN_A3":"643","WB_A2":"RU","WB_A3":"RUS","WOE_ID":23424936,"WOE_ID_EH":23424936,"WOE_NOTE":"Exact WOE match as country","ADM0_ISO":"RUS","ADM0_DIFF":"","ADM0_TLC":"RUS","ADM0_A3_US":"RUS","ADM0_A3_FR":"RUS","ADM0_A3_RU":"RUS","ADM0_A3_ES":"RUS","ADM0_A3_CN":"RUS","ADM0_A3_TW":"RUS","ADM0_A3_IN":"RUS","ADM0_A3_NP":"RUS","ADM0_A3_PK":"RUS","ADM0_A3_DE":"RUS","ADM0_A3_GB":"RUS","ADM0_A3_BR":"RUS","ADM0_A3_IL":"RUS","ADM0_A3_PS":"RUS","ADM0_A3_SA":"RUS","ADM0_A3_EG":"RUS","ADM0_A3_MA":"RUS","ADM0_A3_PT":"RUS","ADM0_A3_AR":"RUS","ADM0_A3_JP":"RUS","ADM0_A3_KO":"RUS","ADM0_A3_VN":"RUS","ADM0_A3_TR":"RUS","ADM0_A3_ID":"RUS","ADM0_A3_PL":"RUS","ADM0_A3_GR":"RUS","ADM0_A3_IT":"RUS","ADM0_A3_NL":"RUS","ADM0_A3_SE":"RUS","ADM0_A3_BD":"RUS","ADM0_A3_UA":"RUS","ADM0_A3_UN":-99,"ADM0_A3_WB":-99,"CONTINENT":"Europe","REGION_UN":"Europe","SUBREGION":"Eastern Europe","REGION_WB":"Europe & Central Asia","NAME_LEN":6,"LONG_LEN":18,"ABBREV_LEN":4,"TINY":-99,"HOMEPART":1,"MIN_ZOOM":0,"MIN_LABEL":1.7,"MAX_LABEL":5.2,"LABEL_X":44.686469,"LABEL_Y":58.249357,"NE_ID":1159321201,"WIKIDATAID":"Q159","NAME_AR":"روسيا","NAME_BN":"রাশিয়া","NAME_DE":"Russland","NAME_EN":"Russia","NAME_ES":"Rusia","NAME_FA":"روسیه","NAME_FR":"Russie","NAME_EL":"Ρωσία","NAME_HE":"רוסיה","NAME_HI":"रूस","NAME_HU":"Oroszország","NAME_ID":"Rusia","NAME_IT":"Russia","NAME_JA":"ロシア","NAME_KO":"러시아","NAME_NL":"Rusland","NAME_PL":"Rosja","NAME_PT":"Rússia","NAME_RU":"Россия","NAME_SV":"Ryssland","NAME_TR":"Rusya","NAME_UK":"Росія","NAME_UR":"روس","NAME_VI":"Nga","NAME_ZH":"俄罗斯","NAME_ZHT":"俄羅斯","FCLASS_ISO":"Admin-0 country","TLC_DIFF":"","FCLASS_TLC":"Admin-0 country","FCLASS_US":"","FCLASS_FR":"","FCLASS_RU":"","FCLASS_ES":"","FCLASS_CN":"","FCLASS_TW":"","FCLASS_IN":"","FCLASS_NP":"","FCLASS_PK":"","FCLASS_DE":"","FCLASS_GB":"","FCLASS_BR":"","FCLASS_IL":"","FCLASS_PS":"","FCLASS_SA":"","FCLASS_EG":"","FCLASS_MA":"","FCLASS_PT":"","FCLASS_AR":"","FCLASS_JP":"","FCLASS_KO":"","FCLASS_VN":"","FCLASS_TR":"","FCLASS_ID":"","FCLASS_PL":"","FCLASS_GR":"","FCLASS_IT":"","FCLASS_NL":"","FCLASS_SE":"","FCLASS_BD":"","FCLASS_UA":""}},
{"type":"Feature","geometry":{"type":"MultiPolygon","coordinates":[[[[-78.98,26.79],[-78.91,26.42],[-77.82,26.58],[-77.85,26.84],[-78.51,26.87],[-78.98,26.79]]],[[[-77.79,27.04],[-77.788,26.925],[-77.34,26.53],[-77.356,26.007],[-77.173,25.879],[-77,26.59],[-77.79,27.04]]],[[[-78.191,25.21],[-78.408,24.576],[-78.034,24.286],[-77.78,23.71],[-77.535,23.76],[-77.54,24.34],[-77.89,25.17],[-78.191,25.21]]]]},"properties":{"featurecla":"Admin-0 country","scalerank":1,"LABELRANK":4,"SOVEREIGNT":"The Bahamas","SOV_A3":"BHS","ADM0_DIF":0,"LEVEL":2,"TYPE":"Sovereign country","TLC":"1","ADMIN":"The Bahamas","ADM0_A3":"BHS","GEOU_DIF":0,"GEOUNIT":"The Bahamas","GU_A3":"BHS","SU_DIF":0,"SUBUNIT":"The Bahamas","SU_A3":"BHS","BRK_DIFF":0,"NAME":"Bahamas","NAME_LONG":"Bahamas","BRK_A3":"BHS","BRK_NAME":"Bahamas","BRK_GROUP":"","ABBREV":"Bhs.","POSTAL":"BS","FORMAL_EN":"Commonwealth of the Bahamas","FORMAL_FR":"","NAME_CIAWF":"Bahamas, The","NOTE_ADM0":"","NOTE_BRK":"","NAME_SORT":"Bahamas, The","NAME_ALT":"","MAPCOLOR7":1,"MAPCOLOR8":1,"MAPCOLOR9":2,"MAPCOLOR13":5,"POP_EST":389482,"POP_RANK":10,"POP_YEAR":2019,"GDP_MD":13578,"GDP_YEAR":2019,"ECONOMY":"6. Developing region","INCOME_GRP":"2. High income: nonOECD","FIPS_10":"BF","ISO_A2":"BS","ISO_A2_EH":"BS","ISO_A3":"BHS","ISO_A3_EH":"BHS","ISO_N3":"044","ISO_N3_EH":"044","UN_A3":"044","WB_A2":"BS","WB_A3":"BHS","WOE_ID":23424758,"WOE_ID_EH":23424758,"WOE_NOTE":"Exact WOE match as country","ADM0_ISO":"BHS","ADM0_DIFF":"","ADM0_TLC":"BHS","ADM0_A3_US":"BHS","ADM0_A3_FR":"BHS","ADM0_A3_RU":"BHS","ADM0_A3_ES":"BHS","ADM0_A3_CN":"BHS","ADM0_A3_TW":"BHS","ADM0_A3_IN":"BHS","ADM0_A3_NP":"BHS","ADM0_A3_PK":"BHS","ADM0_A3_DE":"BHS","ADM0_A3_GB":"BHS","ADM0_A3_BR":"BHS","ADM0_A3_IL":"BHS","ADM0_A3_PS":"BHS","ADM0_A3_SA":"BHS","ADM0_A3_EG":"BHS","ADM0_A3_MA":"BHS","ADM0_A3_PT":"BHS","ADM0_A3_AR":"BHS","ADM0_A3_JP":"BHS","ADM0_A3_KO":"BHS","ADM0_A3_VN":"BHS","ADM0_A3_TR":"BHS","ADM0_A3_ID":"BHS","ADM0_A3_PL":"BHS","ADM0_A3_GR":"BHS","ADM0_A3_IT":"BHS","ADM0_A3_NL":"BHS","ADM0_A3_SE":"BHS","ADM0_A3_BD":"BHS","ADM0_A3_UA":"BHS","ADM0_A3_UN":-99,"ADM0_A3_WB":-99,"CONTINENT":"North America","REGION_UN":"Americas","SUBREGION":"Caribbean","REGION_WB":"Latin America & Caribbean","NAME_LEN":7,"LONG_LEN":7,"ABBREV_LEN":4,"TINY":-99,"HOMEPART":1,"MIN_ZOOM":0,"MIN_LABEL":4,"MAX_LABEL":9,"LABEL_X":-77.146688,"LABEL_Y":26.401789,"NE_ID":1159320415,"WIKIDATAID":"Q778","NAME_AR":"باهاماس","NAME_BN":"বাহামা দ্বীপপুঞ্জ","NAME_DE":"Bahamas","NAME_EN":"The Bahamas","NAME_ES":"Bahamas","NAME_FA":"باهاما","NAME_FR":"Bahamas","NAME_EL":"Μπαχάμες","NAME_HE":"איי בהאמה","NAME_HI":"बहामास","NAME_HU":"Bahama-szigetek","NAME_ID":"Bahama","NAME_IT":"Bahamas","NAME_JA":"バハマ","NAME_KO":"바하마","NAME_NL":"Bahama's","NAME_PL":"Bahamy","NAME_PT":"Bahamas","NAME_RU":"Багамские Острова","NAME_SV":"Bahamas","NAME_TR":"Bahamalar","NAME_UK":"Багамські Острови","NAME_UR":"بہاماس","NAME_VI":"Bahamas","NAME_ZH":"巴哈马","NAME_ZHT":"巴哈馬","FCLASS_ISO":"Admin-0 country","TLC_DIFF":"","FCLASS_TLC":"Admin-0 country","FCLASS_US":"","FCLASS_FR":"","FCLASS_RU":"","FCLASS_ES":"","FCLASS_CN":"","FCLASS_TW":"","FCLASS_IN":"","FCLASS_NP":"","FCLASS_PK":"","FCLASS_DE":"","FCLASS_GB":"","FCLASS_BR":"","FCLASS_IL":"","FCLASS_PS":"","FCLASS_SA":"","FCLASS_EG":"","FCLASS_MA":"","FCLASS_PT":"","FCLASS_AR":"","FCLASS_JP":"","FCLASS_KO":"","FCLASS_VN":"","FCLASS_TR":"","FCLASS_ID":"","FCLASS_PL":"","FCLASS_GR":"","FCLASS_IT":"","FCLASS_NL":"","FCLASS_SE":"","FCLASS_BD":"","FCLASS_UA":""}},
{"type":"Feature","geometry":{"type":"Polygon","coordinates":[[[-61.2,-51.85],[-60.7,-52.3],[-59.85,-51.85],[-59.4,-52.2],[-58.05,-51.9],[-57.75,-51.55],[-58.55,-51.1],[-59.15,-51.5],[-60,-51.25],[-61.2,-51.85]]]},"properties":{"featurecla":"Admin-0 country","scalerank":1,"LABELRANK":5,"SOVEREIGNT":"United Kingdom","SOV_A3":"GB1","ADM0_DIF":1,"LEVEL":2,"TYPE":"Disputed","TLC":"1","ADMIN":"Falkland Islands","ADM0_A3":"FLK","GEOU_DIF":0,"GEOUNIT":"Falkland Islands","GU_A3":"FLK","SU_DIF":0,"SUBUNIT":"Falkland Islands","SU_A3":"FLK","BRK_DIFF":1,"NAME":"Falkland Is.","NAME_LONG":"Falkland Islands / Malvinas","BRK_A3":"B12","BRK_NAME":"Falkland Is.","BRK_GROUP":"","ABBREV":"Flk. Is.","POSTAL":"FK","FORMAL_EN":"Falkland Islands","FORMAL_FR":"","NAME_CIAWF":"Falkland Islands (Islas Malvinas)","NOTE_ADM0":"U.K.","NOTE_BRK":"Admin. by U.K.; Claimed by Argentina","NAME_SORT":"Falkland Islands","NAME_ALT":"Islas Malvinas","MAPCOLOR7":6,"MAPCOLOR8":6,"MAPCOLOR9":6,"MAPCOLOR13":3,"POP_EST":3398,"POP_RANK":4,"POP_YEAR":2016,"GDP_MD":282,"GDP_YEAR":2012,"ECONOMY":"2. Developed region: nonG7","INCOME_GRP":"1. High income: OECD","FIPS_10":"FK","ISO_A2":"FK","ISO_A2_EH":"FK","ISO_A3":"FLK","ISO_A3_EH":"FLK","ISO_N3":"238","ISO_N3_EH":"238","UN_A3":"238","WB_A2":"-99","WB_A3":"-99","WOE_ID":23424814,"WOE_ID_EH":23424814,"WOE_NOTE":"Exact WOE match as country","ADM0_ISO":"B12","ADM0_DIFF":"","ADM0_TLC":"B12","ADM0_A3_US":"FLK","ADM0_A3_FR":"FLK","ADM0_A3_RU":"FLK","ADM0_A3_ES":"FLK","ADM0_A3_CN":"FLK","ADM0_A3_TW":"FLK","ADM0_A3_IN":"FLK","ADM0_A3_NP":"FLK","ADM0_A3_PK":"FLK","ADM0_A3_DE":"FLK","ADM0_A3_GB":"FLK","ADM0_A3_BR":"FLK","ADM0_A3_IL":"FLK","ADM0_A3_PS":"FLK","ADM0_A3_SA":"FLK","ADM0_A3_EG":"FLK","ADM0_A3_MA":"FLK","ADM0_A3_PT":"FLK","ADM0_A3_AR":"ARG","ADM0_A3_JP":"FLK","ADM0_A3_KO":"FLK","ADM0_A3_VN":"FLK","ADM0_A3_TR":"FLK","ADM0_A3_ID":"FLK","ADM0_A3_PL":"FLK","ADM0_A3_GR":"FLK","ADM0_A3_IT":"FLK","ADM0_A3_NL":"FLK","ADM0_A3_SE":"FLK","ADM0_A3_BD":"FLK","ADM0_A3_UA":"FLK","ADM0_A3_UN":-99,"ADM0_A3_WB":-99,"CONTINENT":"South America","REGION_UN":"Americas","SUBREGION":"South America","REGION_WB":"Latin America & Caribbean","NAME_LEN":12,"LONG_LEN":27,"ABBREV_LEN":8,"TINY":-99,"HOMEPART":-99,"MIN_ZOOM":0,"MIN_LABEL":4.5,"MAX_LABEL":9,"LABEL_X":-58.738602,"LABEL_Y":-51.608913,"NE_ID":1159320711,"WIKIDATAID":"Q9648","NAME_AR":"جزر فوكلاند","NAME_BN":"ফকল্যান্ড দ্বীপপুঞ্জ","NAME_DE":"Falklandinseln","NAME_EN":"Falkland Islands","NAME_ES":"Islas Malvinas","NAME_FA":"جزایر فالکلند","NAME_FR":"îles Malouines","NAME_EL":"Νήσοι Φώκλαντ","NAME_HE":"איי פוקלנד","NAME_HI":"फ़ॉकलैंड द्वीपसमूह","NAME_HU":"Falkland-szigetek","NAME_ID":"Kepulauan Falkland","NAME_IT":"Isole Falkland","NAME_JA":"フォークランド諸島","NAME_KO":"포클랜드 제도","NAME_NL":"Falklandeilanden","NAME_PL":"Falklandy","NAME_PT":"Ilhas Malvinas","NAME_RU":"Фолклендские острова","NAME_SV":"Falklandsöarna","NAME_TR":"Falkland Adaları","NAME_UK":"Фолклендські острови","NAME_UR":"جزائر فاکلینڈ","NAME_VI":"Quần đảo Falkland","NAME_ZH":"福克兰群岛","NAME_ZHT":"福克蘭群島","FCLASS_ISO":"Admin-0 dependency","TLC_DIFF":"","FCLASS_TLC":"Admin-0 dependency","FCLASS_US":"","FCLASS_FR":"","FCLASS_RU":"","FCLASS_ES":"","FCLASS_CN":"","FCLASS_TW":"","FCLASS_IN":"","FCLASS_NP":"","FCLASS_PK":"","FCLASS_DE":"","FCLASS_GB":"","FCLASS_BR":"","FCLASS_IL":"","FCLASS_PS":"","FCLASS_SA":"","FCLASS_EG":"","FCLASS_MA":"","FCLASS_PT":"","FCLASS_AR":"Unrecognized","FCLASS_JP":"","FCLASS_KO":"","FCLASS_VN":"","FCLASS_TR":"","FCLASS_ID":"","FCLASS_PL":"","FCLASS_GR":"","FCLASS_IT":"","FCLASS_NL":"","FCLASS_SE":"","FCLASS_BD":"","FCLASS_UA":""}},
{"type":"Feature","geometry":{"type":"MultiPolygon","coordinates":[[[[15.143,79.674],[13.719,79.66],[13.171,80.01],[10.445,79.652],[11.222,78.869],[13.171,78.025],[14.67,77.736],[13.763,77.38],[15.913,76.77],[17.118,76.809],[17.594,77.638],[18.472,77.827],[19.027,78.563],[21.544,78.956],[18.252,79.702],[16.991,80.051],[15.523,80.016],[15.143,79.674]]],[[[31.101,69.558],[30.005,70.186],[31.293,70.454],[28.166,71.185],[26.37,70.986],[24.547,71.03],[23.024,70.202],[21.378,70.255],[19.184,69.817],[16.436,68.563],[14.761,67.811],[12.358,65.88],[10.528,64.486],[8.553,63.454],[5.913,62.614],[4.992,61.971],[5.308,59.663],[5.666,58.588],[7.049,58.079],[8.382,58.313],[10.357,59.47],[11.027,58.856],[11.468,59.432],[12.3,60.118],[12.631,61.294],[11.992,61.8],[11.931,63.128],[12.58,64.066],[13.572,64.049],[13.92,64.445],[13.556,64.787],[15.108,66.194],[16.109,67.302],[16.769,68.014],[17.729,68.011],[17.994,68.567],[19.879,68.407],[20.025,69.065],[20.646,69.106],[21.245,69.37],[22.356,68.842],[23.662,68.891],[24.736,68.65],[25.689,69.092],[26.18,69.825],[27.732,70.164],[29.016,69.766],[28.592,69.065],[29.4,69.157],[31.101,69.558]]],[[[27.408,80.056],[25.448,80.407],[22.919,80.657],[21.908,80.358],[20.456,80.598],[17.368,80.319],[18.462,79.86],[19.897,79.842],[20.075,79.567],[23.024,79.4],[25.925,79.518],[27.408,80.056]]],[[[24.724,77.854],[23.281,78.08],[22.884,78.455],[20.812,78.255],[21.416,77.935],[20.726,77.677],[22.49,77.445],[24.724,77.854]]]]},"properties":{"featurecla":"Admin-0 country","scalerank":1,"LABELRANK":3,"SOVEREIGNT":"Norway","SOV_A3":"NOR","ADM0_DIF":0,"LEVEL":2,"TYPE":"Sovereign country","TLC":"","ADMIN":"Norway","ADM0_A3":"NOR","GEOU_DIF":0,"GEOUNIT":"Norway","GU_A3":"NOR","SU_DIF":0,"SUBUNIT":"Norway","SU_A3":"NOR","BRK_DIFF":0,"NAME":"Norway","NAME_LONG":"Norway","BRK_A3":"NOR","BRK_NAME":"Norway","BRK_GROUP":"","ABBREV":"Nor.","POSTAL":"N","FORMAL_EN":"Kingdom of Norway","FORMAL_FR":"","NAME_CIAWF":"Norway","NOTE_ADM0":"","NOTE_BRK":"","NAME_SORT":"Norway","NAME_ALT":"","MAPCOLOR7":5,"MAPCOLOR8":3,"MAPCOLOR9":8,"MAPCOLOR13":12,"POP_EST":5347896,"POP_RANK":13,"POP_YEAR":2019,"GDP_MD":403336,"GDP_YEAR":2019,"ECONOMY":"2. Developed region: nonG7","INCOME_GRP":"1. High income: OECD","FIPS_10":"-99","ISO_A2":"-99","ISO_A2_EH":"NO","ISO_A3":"-99","ISO_A3_EH":"NOR","ISO_N3":"-99","ISO_N3_EH":"578","UN_A3":"-99","WB_A2":"-99","WB_A3":"-99","WOE_ID":-90,"WOE_ID_EH":23424910,"WOE_NOTE":"Does not include Svalbard, Jan Mayen, or Bouvet Islands (28289410).","ADM0_ISO":"NOR","ADM0_DIFF":"","ADM0_TLC":"NOR","ADM0_A3_US":"NOR","ADM0_A3_FR":"NOR","ADM0_A3_RU":"NOR","ADM0_A3_ES":"NOR","ADM0_A3_CN":"NOR","ADM0_A3_TW":"NOR","ADM0_A3_IN":"NOR","ADM0_A3_NP":"NOR","ADM0_A3_PK":"NOR","ADM0_A3_DE":"NOR","ADM0_A3_GB":"NOR","ADM0_A3_BR":"NOR","ADM0_A3_IL":"NOR","ADM0_A3_PS":"NOR","ADM0_A3_SA":"NOR","ADM0_A3_EG":"NOR","ADM0_A3_MA":"NOR","ADM0_A3_PT":"NOR","ADM0_A3_AR":"NOR","ADM0_A3_JP":"NOR","ADM0_A3_KO":"NOR","ADM0_A3_VN":"NOR","ADM0_A3_TR":"NOR","ADM0_A3_ID":"NOR","ADM0_A3_PL":"NOR","ADM0_A3_GR":"NOR","ADM0_A3_IT":"NOR","ADM0_A3_NL":"NOR","ADM0_A3_SE":"NOR","ADM0_A3_BD":"NOR","ADM0_A3_UA":"NOR","ADM0_A3_UN":-99,"ADM0_A3_WB":-99,"CONTINENT":"Europe","REGION_UN":"Europe","SUBREGION":"Northern Europe","REGION_WB":"Europe & Central Asia","NAME_LEN":6,"LONG_LEN":6,"ABBREV_LEN":4,"TINY":-99,"HOMEPART":1,"MIN_ZOOM":0,"MIN_LABEL":3,"MAX_LABEL":7,"LABEL_X":9.679975,"LABEL_Y":61.357092,"NE_ID":1159321109,"WIKIDATAID":"Q20","NAME_AR":"النرويج","NAME_BN":"নরওয়ে","NAME_DE":"Norwegen","NAME_EN":"Norway","NAME_ES":"Noruega","NAME_FA":"نروژ","NAME_FR":"Norvège","NAME_EL":"Νορβηγία","NAME_HE":"נורווגיה","NAME_HI":"नॉर्वे","NAME_HU":"Norvégia","NAME_ID":"Norwegia","NAME_IT":"Norvegia","NAME_JA":"ノルウェー","NAME_KO":"노르웨이","NAME_NL":"Noorwegen","NAME_PL":"Norwegia","NAME_PT":"Noruega","NAME_RU":"Норвегия","NAME_SV":"Norge","NAME_TR":"Norveç","NAME_UK":"Норвегія","NAME_UR":"ناروے","NAME_VI":"Na Uy","NAME_ZH":"挪威","NAME_ZHT":"挪威","FCLASS_ISO":"Unrecognized","TLC_DIFF":"","FCLASS_TLC":"Unrecognized","FCLASS_US":"","FCLASS_FR":"","FCLASS_RU":"","FCLASS_ES":"","FCLASS_CN":"","FCLASS_TW":"","FCLASS_IN":"","FCLASS_NP":"","FCLASS_PK":"","FCLASS_DE":"","FCLASS_GB":"","FCLASS_BR":"","FCLASS_IL":"","FCLASS_PS":"","FCLASS_SA":"","FCLASS_EG":"","FCLASS_MA":"","FCLASS_PT":"","FCLASS_AR":"","FCLASS_JP":"","FCLASS_KO":"","FCLASS_VN":"","FCLASS_TR":"","FCLASS_ID":"","FCLASS_PL":"","FCLASS_GR":"","FCLASS_IT":"","FCLASS_NL":"","FCLASS_SE":"","FCLASS_BD":"","FCLASS_UA":""}},
{"type":"Feature","geometry":{"type":"Polygon","coordinates":[[[-46.764,82.628],[-46.901,82.2],[-44.523,81.661],[-46.6,81.986],[-48.004,82.065],[-50.391,82.439],[-53.043,81.888],[-54.134,82.2],[-57.207,82.191],[-60.282,82.034],[-62.651,81.77],[-62.234,81.321],[-63.689,81.214],[-67.151,80.516],[-68.023,80.117],[-65.324,79.758],[-65.711,79.394],[-69.373,78.914],[-73.159,78.433],[-73.297,78.044],[-71.043,77.636],[-66.764,77.376],[-68.777,77.323],[-71.403,77.009],[-69.665,76.38],[-68.504,76.061],[-66.064,76.135],[-63.392,76.175],[-61.269,76.102],[-58.585,75.517],[-58.597,75.099],[-57.324,74.71],[-56.12,73.65],[-55.326,72.959],[-54.718,72.586],[-55.835,71.654],[-55,71.407],[-54.004,71.547],[-53.109,71.205],[-51.39,70.57],[-53.431,70.836],[-54.359,70.821],[-54.75,70.289],[-54.683,69.61],[-53.456,69.284],[-52.558,69.426],[-52.014,69.575],[-50.871,69.929],[-51.08,69.148],[-51.475,68.73],[-52.98,68.358],[-53.969,67.189],[-53.302,66.837],[-53.662,66.1],[-52.277,65.177],[-52.14,64.278],[-51.633,63.627],[-49.9,62.383],[-49.233,61.407],[-48.263,60.858],[-46.264,60.853],[-44.787,60.037],[-43.378,60.098],[-42.866,61.074],[-42.417,61.901],[-42.819,62.682],[-41.189,63.482],[-40.683,64.139],[-40.669,64.84],[-39.812,65.458],[-38.375,65.692],[-37.044,65.938],[-36.353,65.979],[-34.202,66.68],[-32.811,67.735],[-31.777,68.121],[-30.674,68.125],[-27.747,68.47],[-25.029,69.259],[-22.349,70.129],[-23.727,70.184],[-26.363,70.226],[-25.201,70.752],[-25.543,71.431],[-24.307,70.856],[-23.536,70.471],[-21.754,70.664],[-22.133,71.469],[-23.443,72.08],[-24.793,72.33],[-24.278,72.598],[-22.3,72.184],[-22.313,72.629],[-23.566,73.307],[-22.172,73.31],[-20.762,73.464],[-20.435,73.817],[-21.594,74.224],[-19.373,74.296],[-20.668,75.156],[-19.599,75.248],[-19.834,76.098],[-21.679,76.628],[-20.035,76.944],[-18.473,76.986],[-19.674,77.639],[-19.705,78.751],[-18.9,79.4],[-17.73,80.129],[-20.046,80.177],[-16.85,80.35],[-16.285,80.58],[-12.209,81.292],[-12.77,81.719],[-15.768,81.912],[-20.624,81.525],[-23.17,81.153],[-22.072,81.734],[-22.903,82.093],[-24.844,81.787],[-27.857,82.132],[-31.396,82.022],[-31.9,82.2],[-26.518,82.298],[-22.692,82.342],[-20.845,82.727],[-27.1,83.52],[-35.088,83.645],[-38.622,83.549],[-39.898,83.18],[-43.406,83.225],[-46.764,82.628]]]},"properties":{"featurecla":"Admin-0 country","scalerank":1,"LABELRANK":3,"SOVEREIGNT":"Denmark","SOV_A3":"DN1","ADM0_DIF":1,"LEVEL":2,"TYPE":"Country","TLC":"1","ADMIN":"Greenland","ADM0_A3":"GRL","GEOU_DIF":0,"GEOUNIT":"Greenland","GU_A3":"GRL","SU_DIF":0,"SUBUNIT":"Greenland","SU_A3":"GRL","BRK_DIFF":0,"NAME":"Greenland","NAME_LONG":"Greenland","BRK_A3":"GRL","BRK_NAME":"Greenland","BRK_GROUP":"","ABBREV":"Grlnd.","POSTAL":"GL","FORMAL_EN":"Greenland","FORMAL_FR":"","NAME_CIAWF":"Greenland","NOTE_ADM0":"Den.","NOTE_BRK":"","NAME_SORT":"Greenland","NAME_ALT":"","MAPCOLOR7":4,"MAPCOLOR8":1,"MAPCOLOR9":3,"MAPCOLOR13":12,"POP_EST":56225,"POP_RANK":8,"POP_YEAR":2019,"GDP_MD":3051,"GDP_YEAR":2018,"ECONOMY":"2. Developed region: nonG7","INCOME_GRP":"2. High income: nonOECD","FIPS_10":"GL","ISO_A2":"GL","ISO_A2_EH":"GL","ISO_A3":"GRL","ISO_A3_EH":"GRL","ISO_N3":"304","ISO_N3_EH":"304","UN_A3":"304","WB_A2":"GL","WB_A3":"GRL","WOE_ID":23424828,"WOE_ID_EH":23424828,"WOE_NOTE":"Exact WOE match as country","ADM0_ISO":"GRL","ADM0_DIFF":"","ADM0_TLC":"GRL","ADM0_A3_US":"GRL","ADM0_A3_FR":"GRL","ADM0_A3_RU":"GRL","ADM0_A3_ES":"GRL","ADM0_A3_CN":"GRL","ADM0_A3_TW":"GRL","ADM0_A3_IN":"GRL","ADM0_A3_NP":"GRL","ADM0_A3_PK":"GRL","ADM0_A3_DE":"GRL","ADM0_A3_GB":"GRL","ADM0_A3_BR":"GRL","ADM0_A3_IL":"GRL","ADM0_A3_PS":"GRL","ADM0_A3_SA":"GRL","ADM0_A3_EG":"GRL","ADM0_A3_MA":"GRL","ADM0_A3_PT":"GRL","ADM0_A3_AR":"GRL","ADM0_A3_JP":"GRL","ADM0_A3_KO":"GRL","ADM0_A3_VN":"GRL","ADM0_A3_TR":"GRL","ADM0_A3_ID":"GRL","ADM0_A3_PL":"GRL","ADM0_A3_GR":"GRL","ADM0_A3_IT":"GRL","ADM0_A3_NL":"GRL","ADM0_A3_SE":"GRL","ADM0_A3_BD":"GRL","ADM0_A3_UA":"GRL","ADM0_A3_UN":-99,"ADM0_A3_WB":-99,"CONTINENT":"North America","REGION_UN":"Americas","SUBREGION":"Northern America","REGION_WB":"Europe & Central Asia","NAME_LEN":9,"LONG_LEN":9,"ABBREV_LEN":6,"TINY":-99,"HOMEPART":-99,"MIN_ZOOM":0,"MIN_LABEL":1.7,"MAX_LABEL":6.7,"LABEL_X":-39.335251,"LABEL_Y":74.319387,"NE_ID":1159320551,"WIKIDATAID":"Q223","NAME_AR":"جرينلاند","NAME_BN":"গ্রিনল্যান্ড","NAME_DE":"Grönland","NAME_EN":"Greenland","NAME_ES":"Groenlandia","NAME_FA":"گرینلند","NAME_FR":"Groenland","NAME_EL":"Γροιλανδία","NAME_HE":"גרינלנד","NAME_HI":"ग्रीनलैण्ड","NAME_HU":"Grönland","NAME_ID":"Greenland","NAME_IT":"Groenlandia","NAME_JA":"グリーンランド","NAME_KO":"그린란드","NAME_NL":"Groenland","NAME_PL":"Grenlandia","NAME_PT":"Groenlândia","NAME_RU":"Гренландия","NAME_SV":"Grönland","NAME_TR":"Grönland","NAME_UK":"Гренландія","NAME_UR":"گرین لینڈ","NAME_VI":"Greenland","NAME_ZH":"格陵兰","NAME_ZHT":"格陵蘭","FCLASS_ISO":"Admin-0 dependency","TLC_DIFF":"","FCLASS_TLC":"Admin-0 dependency","FCLASS_US":"","FCLASS_FR":"","FCLASS_RU":"","FCLASS_ES":"","FCLASS_CN":"","FCLASS_TW":"","FCLASS_IN":"","FCLASS_NP":"","FCLASS_PK":"","FCLASS_DE":"","FCLASS_GB":"","FCLASS_BR":"","FCLASS_IL":"","FCLASS_PS":"","FCLASS_SA":"","FCLASS_EG":"","FCLASS_MA":"","FCLASS_PT":"","FCLASS_AR":"","FCLASS_JP":"","FCLASS_KO":"","FCLASS_VN":"","FCLASS_TR":"","FCLASS_ID":"","FCLASS_PL":"","FCLASS_GR":"","FCLASS_IT":"","FCLASS_NL":"","FCLASS_SE":"","FCLASS_BD":"","FCLASS_UA":""}},
{"type":"Feature","geometry":{"type":"Polygon","coordinates":[[[68.935,-48.625],[68.868,-48.83],[68.72,-49.242],[68.745,-49.775],[70.28,-49.71],[70.56,-49.255],[70.525,-49.065],[69.58,-48.94],[68.935,-48.625]]]},"properties":{"featurecla":"Admin-0 country","scalerank":3,"LABELRANK":6,"SOVEREIGNT":"France","SOV_A3":"FR1","ADM0_DIF":1,"LEVEL":2,"TYPE":"Dependency","TLC":"1","ADMIN":"French Southern and Antarctic Lands","ADM0_A3":"ATF","GEOU_DIF":0,"GEOUNIT":"French Southern and Antarctic Lands","GU_A3":"ATF","SU_DIF":0,"SUBUNIT":"French Southern and Antarctic Lands","SU_A3":"ATF","BRK_DIFF":0,"NAME":"Fr. S. Antarctic Lands","NAME_LONG":"French Southern and Antarctic Lands","BRK_A3":"ATF","BRK_NAME":"Fr. S. and Antarctic Lands","BRK_GROUP":"","ABBREV":"Fr. S.A.L.","POSTAL":"TF","FORMAL_EN":"Territory of the French Southern and Antarctic Lands","FORMAL_FR":"","NAME_CIAWF":"","NOTE_ADM0":"Fr.","NOTE_BRK":"","NAME_SORT":"French Southern and Antarctic Lands","NAME_ALT":"","MAPCOLOR7":7,"MAPCOLOR8":5,"MAPCOLOR9":9,"MAPCOLOR13":11,"POP_EST":140,"POP_RANK":1,"POP_YEAR":2017,"GDP_MD":16,"GDP_YEAR":2016,"ECONOMY":"6. Developing region","INCOME_GRP":"2. High income: nonOECD","FIPS_10":"FS","ISO_A2":"TF","ISO_A2_EH":"TF","ISO_A3":"ATF","ISO_A3_EH":"ATF","ISO_N3":"260","ISO_N3_EH":"260","UN_A3":"260","WB_A2":"-99","WB_A3":"-99","WOE_ID":28289406,"WOE_ID_EH":28289406,"WOE_NOTE":"Exact WOE match as country","ADM0_ISO":"ATF","ADM0_DIFF":"","ADM0_TLC":"ATF","ADM0_A3_US":"ATF","ADM0_A3_FR":"ATF","ADM0_A3_RU":"ATF","ADM0_A3_ES":"ATF","ADM0_A3_CN":"ATF","ADM0_A3_TW":"ATF","ADM0_A3_IN":"ATF","ADM0_A3_NP":"ATF","ADM0_A3_PK":"ATF","ADM0_A3_DE":"ATF","ADM0_A3_GB":"ATF","ADM0_A3_BR":"ATF","ADM0_A3_IL":"ATF","ADM0_A3_PS":"ATF","ADM0_A3_SA":"ATF","ADM0_A3_EG":"ATF","ADM0_A3_MA":"ATF","ADM0_A3_PT":"ATF","ADM0_A3_AR":"ATF","ADM0_A3_JP":"ATF","ADM0_A3_KO":"ATF","ADM0_A3_VN":"ATF","ADM0_A3_TR":"ATF","ADM0_A3_ID":"ATF","ADM0_A3_PL":"ATF","ADM0_A3_GR":"ATF","ADM0_A3_IT":"ATF","ADM0_A3_NL":"ATF","ADM0_A3_SE":"ATF","ADM0_A3_BD":"ATF","ADM0_A3_UA":"ATF","ADM0_A3_UN":-99,"ADM0_A3_WB":-99,"CONTINENT":"Seven seas (open ocean)","REGION_UN":"Africa","SUBREGION":"Seven seas (open ocean)","REGION_WB":"Sub-Saharan Africa","NAME_LEN":22,"LONG_LEN":35,"ABBREV_LEN":10,"TINY":2,"HOMEPART":-99,"MIN_ZOOM":0,"MIN_LABEL":4,"MAX_LABEL":9,"LABEL_X":69.122136,"LABEL_Y":-49.303721,"NE_ID":1159320631,"WIKIDATAID":"Q129003","NAME_AR":"أراض فرنسية جنوبية وأنتارتيكية","NAME_BN":"ফ্র. এস. অ্যান্ড অ্যান্টার্কটিক ল্যান্ড","NAME_DE":"Französische Süd- und Antarktisgebiete","NAME_EN":"French Southern and Antarctic Lands","NAME_ES":"Tierras Australes y Antárticas Francesas","NAME_FA":"سرزمینهای جنوبی و جنوبگانی فرانسه","NAME_FR":"Terres australes et antarctiques françaises","NAME_EL":"Γαλλικά Νότια και Ανταρκτικά Εδάφη","NAME_HE":"הארצות הדרומיות והאנטארקטיות של צרפת","NAME_HI":"दक्षिण फ्रांसीसी और अंटार्कटिक लैंड","NAME_HU":"Francia déli és antarktiszi területek","NAME_ID":"Daratan Selatan dan Antarktika Perancis","NAME_IT":"Terre australi e antartiche francesi","NAME_JA":"フランス領南方・南極地域","NAME_KO":"프랑스령 남방 및 남극","NAME_NL":"Franse Zuidelijke Gebieden","NAME_PL":"Francuskie Terytoria Południowe i Antarktyczne","NAME_PT":"Terras Austrais e Antárticas Francesas","NAME_RU":"Французские Южные и Антарктические территории","NAME_SV":"Franska sydterritorierna","NAME_TR":"Fransız Güney ve Antarktika Toprakları","NAME_UK":"Французькі Південні і Антарктичні території","NAME_UR":"سرزمین جنوبی فرانسیسیہ و انٹارکٹیکا","NAME_VI":"Vùng đất phía Nam và châu Nam Cực thuộc Pháp","NAME_ZH":"法属南部和南极领地","NAME_ZHT":"法屬南部和南極領地","FCLASS_ISO":"Admin-0 dependency","TLC_DIFF":"","FCLASS_TLC":"Admin-0 dependency","FCLASS_US":"","FCLASS_FR":"","FCLASS_RU":"","FCLASS_ES":"","FCLASS_CN":"","FCLASS_TW":"","FCLASS_IN":"","FCLASS_NP":"","FCLASS_PK":"","FCLASS_DE":"","FCLASS_GB":"","FCLASS_BR":"","FCLASS_IL":"","FCLASS_PS":"","FCLASS_SA":"","FCLASS_EG":"","FCLASS_MA":"","FCLASS_PT":"","FCLASS_AR":"","FCLASS_JP":"","FCLASS_KO":"","FCLASS_VN":"","FCLASS_TR":"","FCLASS_ID":"","FCLASS_PL":"","FCLASS_GR":"","FCLASS_IT":"","FCLASS_NL":"","FCLASS_SE":"","FCLASS_BD":"","FCLASS_UA":""}},
{"type":"Feature","geometry":{"type":"Polygon","coordinates":[[[124.969,-8.893],[125.07,-9.09],[125.089,-9.393],[125.926,-9.106],[126.968,-8.668],[127.336,-8.397],[126.957,-8.273],[126.645,-8.398],[125.947,-8.432],[125.086,-8.657],[124.969,-8.893]]]},"properties":{"featurecla":"Admin-0 country","scalerank":1,"LABELRANK":5,"SOVEREIGNT":"East Timor","SOV_A3":"TLS","ADM0_DIF":0,"LEVEL":2,"TYPE":"Sovereign country","TLC":"1","ADMIN":"East Timor","ADM0_A3":"TLS","GEOU_DIF":0,"GEOUNIT":"East Timor","GU_A3":"TLS","SU_DIF":0,"SUBUNIT":"East Timor","SU_A3":"TLS","BRK_DIFF":0,"NAME":"Timor-Leste","NAME_LONG":"Timor-Leste","BRK_A3":"TLS","BRK_NAME":"Timor-Leste","BRK_GROUP":"","ABBREV":"T.L.","POSTAL":"TL","FORMAL_EN":"Democratic Republic of Timor-Leste","FORMAL_FR":"","NAME_CIAWF":"Timor-Leste","NOTE_ADM0":"","NOTE_BRK":"","NAME_SORT":"Timor-Leste","NAME_ALT":"East Timor","MAPCOLOR7":2,"MAPCOLOR8":2,"MAPCOLOR9":4,"MAPCOLOR13":3,"POP_EST":1293119,"POP_RANK":12,"POP_YEAR":2019,"GDP_MD":2017,"GDP_YEAR":2019,"ECONOMY":"7. Least developed region","INCOME_GRP":"4. Lower middle income","FIPS_10":"TT","ISO_A2":"TL","ISO_A2_EH":"TL","ISO_A3":"TLS","ISO_A3_EH":"TLS","ISO_N3":"626","ISO_N3_EH":"626","UN_A3":"626","WB_A2":"TP","WB_A3":"TMP","WOE_ID":23424968,"WOE_ID_EH":23424968,"WOE_NOTE":"Exact WOE match as country","ADM0_ISO":"TLS","ADM0_DIFF":"","ADM0_TLC":"TLS","ADM0_A3_US":"TLS","ADM0_A3_FR":"TLS","ADM0_A3_RU":"TLS","ADM0_A3_ES":"TLS","ADM0_A3_CN":"TLS","ADM0_A3_TW":"TLS","ADM0_A3_IN":"TLS","ADM0_A3_NP":"TLS","ADM0_A3_PK":"TLS","ADM0_A3_DE":"TLS","ADM0_A3_GB":"TLS","ADM0_A3_BR":"TLS","ADM0_A3_IL":"TLS","ADM0_A3_PS":"TLS","ADM0_A3_SA":"TLS","ADM0_A3_EG":"TLS","ADM0_A3_MA":"TLS","ADM0_A3_PT":"TLS","ADM0_A3_AR":"TLS","ADM0_A3_JP":"TLS","ADM0_A3_KO":"TLS","ADM0_A3_VN":"TLS","ADM0_A3_TR":"TLS","ADM0_A3_ID":"TLS","ADM0_A3_PL":"TLS","ADM0_A3_GR":"TLS","ADM0_A3_IT":"TLS","ADM0_A3_NL":"TLS","ADM0_A3_SE":"TLS","ADM0_A3_BD":"TLS","ADM0_A3_UA":"TLS","ADM0_A3_UN":-99,"ADM0_A3_WB":-99,"CONTINENT":"Asia","REGION_UN":"Asia","SUBREGION":"South-Eastern Asia","REGION_WB":"East Asia & Pacific","NAME_LEN":11,"LONG_LEN":11,"ABBREV_LEN":4,"TINY":-99,"HOMEPART":1,"MIN_ZOOM":0,"MIN_LABEL":4,"MAX_LABEL":9,"LABEL_X":125.854679,"LABEL_Y":-8.803705,"NE_ID":1159321313,"WIKIDATAID":"Q574","NAME_AR":"تيمور الشرقية","NAME_BN":"পূর্ব তিমুর","NAME_DE":"Osttimor","NAME_EN":"East Timor","NAME_ES":"Timor Oriental","NAME_FA":"تیمور شرقی","NAME_FR":"Timor oriental","NAME_EL":"Ανατολικό Τιμόρ","NAME_HE":"מזרח טימור","NAME_HI":"पूर्वी तिमोर","NAME_HU":"Kelet-Timor","NAME_ID":"Timor Leste","NAME_IT":"Timor Est","NAME_JA":"東ティモール","NAME_KO":"동티모르","NAME_NL":"Oost-Timor","NAME_PL":"Timor Wschodni","NAME_PT":"Timor-Leste","NAME_RU":"Восточный Тимор","NAME_SV":"Östtimor","NAME_TR":"Doğu Timor","NAME_UK":"Східний Тимор","NAME_UR":"مشرقی تیمور","NAME_VI":"Đông Timor","NAME_ZH":"东帝汶","NAME_ZHT":"東帝汶","FCLASS_ISO":"Admin-0 country","TLC_DIFF":"","FCLASS_TLC":"Admin-0 country","FCLASS_US":"","FCLASS_FR":"","FCLASS_RU":"","FCLASS_ES":"","FCLASS_CN":"","FCLASS_TW":"","FCLASS_IN":"","FCLASS_NP":"","FCLASS_PK":"","FCLASS_DE":"","FCLASS_GB":"","FCLASS_BR":"","FCLASS_IL":"","FCLASS_PS":"","FCLASS_SA":"","FCLASS_EG":"","FCLASS_MA":"","FCLASS_PT":"","FCLASS_AR":"","FCLASS_JP":"","FCLASS_KO":"","FCLASS_VN":"","FCLASS_TR":"","FCLASS_ID":"","FCLASS_PL":"","FCLASS_GR":"","FCLASS_IT":"","FCLASS_NL":"","FCLASS_SE":"","FCLASS_BD":"","FCLASS_UA":""}},
{"type":"Feature","geometry":{"type":"Polygon","coordinates":[[[16.345,-28.577],[17.063,-29.876],[17.064,-29.879],[17.567,-30.726],[18.222,-31.662],[18.248,-32.429],[17.925,-32.611],[18.25,-33.281],[18.244,-33.868],[18.377,-34.137],[18.425,-33.998],[18.855,-34.444],[19.193,-34.463],[19.616,-34.819],[20.071,-34.795],[20.689,-34.417],[21.543,-34.259],[22.574,-33.864],[22.988,-33.916],[23.594,-33.794],[24.678,-33.987],[25.173,-33.797],[25.781,-33.945],[25.91,-33.667],[26.419,-33.615],[27.465,-33.227],[28.22,-32.772],[28.926,-32.172],[30.056,-31.14],[30.623,-30.424],[30.902,-29.91],[31.326,-29.402],[31.521,-29.257],[32.203,-28.752],[32.462,-28.301],[32.58,-27.47],[32.83,-26.742],[32.072,-26.734],[31.868,-27.178],[31.283,-27.286],[30.686,-26.744],[30.677,-26.398],[30.95,-26.023],[31.044,-25.731],[31.333,-25.66],[31.838,-25.843],[31.752,-25.484],[31.931,-24.369],[31.67,-23.659],[31.191,-22.252],[30.66,-22.152],[30.323,-22.272],[29.839,-22.102],[29.432,-22.091],[28.017,-22.828],[27.119,-23.574],[26.786,-24.241],[26.486,-24.616],[25.942,-24.696],[25.766,-25.175],[25.665,-25.487],[25.025,-25.72],[24.211,-25.67],[23.734,-25.39],[23.312,-25.269],[22.824,-25.5],[22.58,-25.979],[22.106,-26.28],[21.606,-26.727],[20.89,-26.829],[20.666,-26.477],[20.759,-25.868],[20.166,-24.918],[19.896,-24.768],[19.895,-28.461],[19.002,-28.972],[18.465,-29.045],[17.836,-28.856],[17.387,-28.784],[17.219,-28.356],[16.824,-28.082],[16.345,-28.577]],[[28.978,-28.956],[29.325,-29.257],[29.018,-29.744],[28.848,-30.07],[28.291,-30.226],[28.107,-30.546],[27.749,-30.645],[26.999,-29.876],[27.533,-29.243],[28.074,-28.851],[28.542,-28.648],[28.978,-28.956]]]},"properties":{"featurecla":"Admin-0 country","scalerank":1,"LABELRANK":2,"SOVEREIGNT":"South Africa","SOV_A3":"ZAF","ADM0_DIF":0,"LEVEL":2,"TYPE":"Sovereign country","TLC":"1","ADMIN":"South Africa","ADM0_A3":"ZAF","GEOU_DIF":0,"GEOUNIT":"South Africa","GU_A3":"ZAF","SU_DIF":0,"SUBUNIT":"South Africa","SU_A3":"ZAF","BRK_DIFF":0,"NAME":"South Africa","NAME_LONG":"South Africa","BRK_A3":"ZAF","BRK_NAME":"South Africa","BRK_GROUP":"","ABBREV":"S.Af.","POSTAL":"ZA","FORMAL_EN":"Republic of South Africa","FORMAL_FR":"","NAME_CIAWF":"South Africa","NOTE_ADM0":"","NOTE_BRK":"","NAME_SORT":"South Africa","NAME_ALT":"","MAPCOLOR7":2,"MAPCOLOR8":3,"MAPCOLOR9":4,"MAPCOLOR13":2,"POP_EST":58558270,"POP_RANK":16,"POP_YEAR":2019,"GDP_MD":351431,"GDP_YEAR":2019,"ECONOMY":"5. Emerging region: G20","INCOME_GRP":"3. Upper middle income","FIPS_10":"SF","ISO_A2":"ZA","ISO_A2_EH":"ZA","ISO_A3":"ZAF","ISO_A3_EH":"ZAF","ISO_N3":"710","ISO_N3_EH":"710","UN_A3":"710","WB_A2":"ZA","WB_A3":"ZAF","WOE_ID":23424942,"WOE_ID_EH":23424942,"WOE_NOTE":"Exact WOE match as country","ADM0_ISO":"ZAF","ADM0_DIFF":"","ADM0_TLC":"ZAF","ADM0_A3_US":"ZAF","ADM0_A3_FR":"ZAF","ADM0_A3_RU":"ZAF","ADM0_A3_ES":"ZAF","ADM0_A3_CN":"ZAF","ADM0_A3_TW":"ZAF","ADM0_A3_IN":"ZAF","ADM0_A3_NP":"ZAF","ADM0_A3_PK":"ZAF","ADM0_A3_DE":"ZAF","ADM0_A3_GB":"ZAF","ADM0_A3_BR":"ZAF","ADM0_A3_IL":"ZAF","ADM0_A3_PS":"ZAF","ADM0_A3_SA":"ZAF","ADM0_A3_EG":"ZAF","ADM0_A3_MA":"ZAF","ADM0_A3_PT":"ZAF","ADM0_A3_AR":"ZAF","ADM0_A3_JP":"ZAF","ADM0_A3_KO":"ZAF","ADM0_A3_VN":"ZAF","ADM0_A3_TR":"ZAF","ADM0_A3_ID":"ZAF","ADM0_A3_PL":"ZAF","ADM0_A3_GR":"ZAF","ADM0_A3_IT":"ZAF","ADM0_A3_NL":"ZAF","ADM0_A3_SE":"ZAF","ADM0_A3_BD":"ZAF","ADM0_A3_UA":"ZAF","ADM0_A3_UN":-99,"ADM0_A3_WB":-99,"CONTINENT":"Africa","REGION_UN":"Africa","SUBREGION":"Southern Africa","REGION_WB":"Sub-Saharan Africa","NAME_LEN":12,"LONG_LEN":12,"ABBREV_LEN":5,"TINY":-99,"HOMEPART":1,"MIN_ZOOM":0,"MIN_LABEL":1.7,"MAX_LABEL":6.7,"LABEL_X":23.665734,"LABEL_Y":-29.708776,"NE_ID":1159321431,"WIKIDATAID":"Q258","NAME_AR":"جنوب أفريقيا","NAME_BN":"দক্ষিণ আফ্রিকা","NAME_DE":"Südafrika","NAME_EN":"South Africa","NAME_ES":"Sudáfrica","NAME_FA":"آفریقای جنوبی","NAME_FR":"Afrique du Sud","NAME_EL":"Νότια Αφρική","NAME_HE":"דרום אפריקה","NAME_HI":"दक्षिण अफ़्रीका","NAME_HU":"Dél-afrikai Köztársaság","NAME_ID":"Afrika Selatan","NAME_IT":"Sudafrica","NAME_JA":"南アフリカ共和国","NAME_KO":"남아프리카 공화국","NAME_NL":"Zuid-Afrika","NAME_PL":"Południowa Afryka","NAME_PT":"África do Sul","NAME_RU":"ЮАР","NAME_SV":"Sydafrika","NAME_TR":"Güney Afrika Cumhuriyeti","NAME_UK":"Південно-Африканська Республіка","NAME_UR":"جنوبی افریقا","NAME_VI":"Cộng hòa Nam Phi","NAME_ZH":"南非","NAME_ZHT":"南非","FCLASS_ISO":"Admin-0 country","TLC_DIFF":"","FCLASS_TLC":"Admin-0 country","FCLASS_US":"","FCLASS_FR":"","FCLASS_RU":"","FCLASS_ES":"","FCLASS_CN":"","FCLASS_TW":"","FCLASS_IN":"","FCLASS_NP":"","FCLASS_PK":"","FCLASS_DE":"","FCLASS_GB":"","FCLASS_BR":"","FCLASS_IL":"","FCLASS_PS":"","FCLASS_SA":"","FCLASS_EG":"","FCLASS_MA":"","FCLASS_PT":"","FCLASS_AR":"","FCLASS_JP":"","FCLASS_KO":"","FCLASS_VN":"","FCLASS_TR":"","FCLASS_ID":"","FCLASS_PL":"","FCLASS_GR":"","FCLASS_IT":"","FCLASS_NL":"","FCLASS_SE":"","FCLASS_BD":"","FCLASS_UA":""}},
{"type":"Feature","geometry":{"type":"Polygon","coordinates":[[[28.978,-28.956],[28.542,-28.648],[28.074,-28.851],[27.533,-29.243],[26.999,-29.876],[27.749,-30.645],[28.107,-30.546],[28.291,-30.226],[28.848,-30.07],[29.018,-29.744],[29.325,-29.257],[28.978,-28.956]]]},"properties":{"featurecla":"Admin-0 country","scalerank":1,"LABELRANK":6,"SOVEREIGNT":"Lesotho","SOV_A3":"LSO","ADM0_DIF":0,"LEVEL":2,"TYPE":"Sovereign country","TLC":"1","ADMIN":"Lesotho","ADM0_A3":"LSO","GEOU_DIF":0,"GEOUNIT":"Lesotho","GU_A3":"LSO","SU_DIF":0,"SUBUNIT":"Lesotho","SU_A3":"LSO","BRK_DIFF":0,"NAME":"Lesotho","NAME_LONG":"Lesotho","BRK_A3":"LSO","BRK_NAME":"Lesotho","BRK_GROUP":"","ABBREV":"Les.","POSTAL":"LS","FORMAL_EN":"Kingdom of Lesotho","FORMAL_FR":"","NAME_CIAWF":"Lesotho","NOTE_ADM0":"","NOTE_BRK":"","NAME_SORT":"Lesotho","NAME_ALT":"","MAPCOLOR7":1,"MAPCOLOR8":5,"MAPCOLOR9":2,"MAPCOLOR13":8,"POP_EST":2125268,"POP_RANK":12,"POP_YEAR":2019,"GDP_MD":2376,"GDP_YEAR":2019,"ECONOMY":"7. Least developed region","INCOME_GRP":"4. Lower middle income","FIPS_10":"LT","ISO_A2":"LS","ISO_A2_EH":"LS","ISO_A3":"LSO","ISO_A3_EH":"LSO","ISO_N3":"426","ISO_N3_EH":"426","UN_A3":"426","WB_A2":"LS","WB_A3":"LSO","WOE_ID":23424880,"WOE_ID_EH":23424880,"WOE_NOTE":"Exact WOE match as country","ADM0_ISO":"LSO","ADM0_DIFF":"","ADM0_TLC":"LSO","ADM0_A3_US":"LSO","ADM0_A3_FR":"LSO","ADM0_A3_RU":"LSO","ADM0_A3_ES":"LSO","ADM0_A3_CN":"LSO","ADM0_A3_TW":"LSO","ADM0_A3_IN":"LSO","ADM0_A3_NP":"LSO","ADM0_A3_PK":"LSO","ADM0_A3_DE":"LSO","ADM0_A3_GB":"LSO","ADM0_A3_BR":"LSO","ADM0_A3_IL":"LSO","ADM0_A3_PS":"LSO","ADM0_A3_SA":"LSO","ADM0_A3_EG":"LSO","ADM0_A3_MA":"LSO","ADM0_A3_PT":"LSO","ADM0_A3_AR":"LSO","ADM0_A3_JP":"LSO","ADM0_A3_KO":"LSO","ADM0_A3_VN":"LSO","ADM0_A3_TR":"LSO","ADM0_A3_ID":"LSO","ADM0_A3_PL":"LSO","ADM0_A3_GR":"LSO","ADM0_A3_IT":"LSO","ADM0_A3_NL":"LSO","ADM0_A3_SE":"LSO","ADM0_A3_BD":"LSO","ADM0_A3_UA":"LSO","ADM0_A3_UN":-99,"ADM0_A3_WB":-99,"CONTINENT":"Africa","REGION_UN":"Africa","SUBREGION":"Southern Africa","REGION_WB":"Sub-Saharan Africa","NAME_LEN":7,"LONG_LEN":7,"ABBREV_LEN":4,"TINY":-99,"HOMEPART":1,"MIN_ZOOM":0,"MIN_LABEL":4,"MAX_LABEL":9,"LABEL_X":28.246639,"LABEL_Y":-29.480158,"NE_ID":1159321027,"WIKIDATAID":"Q1013","NAME_AR":"ليسوتو","NAME_BN":"লেসোথো","NAME_DE":"Lesotho","NAME_EN":"Lesotho","NAME_ES":"Lesoto","NAME_FA":"لسوتو","NAME_FR":"Lesotho","NAME_EL":"Λεσότο","NAME_HE":"לסוטו","NAME_HI":"लेसोथो","NAME_HU":"Lesotho","NAME_ID":"Lesotho","NAME_IT":"Lesotho","NAME_JA":"レソト","NAME_KO":"레소토","NAME_NL":"Lesotho","NAME_PL":"Lesotho","NAME_PT":"Lesoto","NAME_RU":"Лесото","NAME_SV":"Lesotho","NAME_TR":"Lesotho","NAME_UK":"Лесото","NAME_UR":"لیسوتھو","NAME_VI":"Lesotho","NAME_ZH":"莱索托","NAME_ZHT":"賴索托","FCLASS_ISO":"Admin-0 country","TLC_DIFF":"","FCLASS_TLC":"Admin-0 country","FCLASS_US":"","FCLASS_FR":"","FCLASS_RU":"","FCLASS_ES":"","FCLASS_CN":"","FCLASS_TW":"","FCLASS_IN":"","FCLASS_NP":"","FCLASS_PK":"","FCLASS_DE":"","FCLASS_GB":"","FCLASS_BR":"","FCLASS_IL":"","FCLASS_PS":"","FCLASS_SA":"","FCLASS_EG":"","FCLASS_MA":"","FCLASS_PT":"","FCLASS_AR":"","FCLASS_JP":"","FCLASS_KO":"","FCLASS_VN":"","FCLASS_TR":"","FCLASS_ID":"","FCLASS_PL":"","FCLASS_GR":"","FCLASS_IT":"","FCLASS_NL":"","FCLASS_SE":"","FCLASS_BD":"","FCLASS_UA":""}},
{"type":"Feature","geometry":{"type":"Polygon","coordinates":[[[-117.128,32.535],[-116.722,31.636],[-116.258,30.836],[-115.887,30.181],[-115.519,29.556],[-114.932,29.279],[-114.162,28.566],[-114.199,28.115],[-114.57,27.741],[-114.982,27.798],[-115.055,27.723],[-114.466,27.142],[-113.849,26.9],[-113.597,26.639],[-113.465,26.768],[-112.777,26.322],[-112.301,26.012],[-112.149,25.47],[-112.182,24.738],[-111.671,24.484],[-110.95,24.001],[-110.295,23.431],[-110.031,22.823],[-109.854,22.818],[-109.433,23.186],[-109.409,23.365],[-109.772,23.811],[-110.173,24.266],[-110.655,24.299],[-110.71,24.826],[-110.988,25.295],[-111.285,25.733],[-111.616,26.663],[-112.245,27.172],[-112.458,27.526],[-112.762,27.78],[-112.962,28.425],[-113.14,28.411],[-113.272,28.755],[-113.424,28.826],[-113.589,29.062],[-114.331,29.75],[-114.674,30.163],[-114.771,30.914],[-114.937,31.393],[-114.776,31.8],[-114.206,31.524],[-113.872,31.568],[-113.149,31.171],[-113.164,30.787],[-112.81,30.021],[-112.272,29.267],[-112.228,28.954],[-111.76,28.468],[-111.179,27.941],[-110.641,27.86],[-110.392,27.162],[-109.801,26.676],[-109.292,26.443],[-109.444,25.825],[-109.26,25.581],[-108.402,25.172],[-107.915,24.549],[-106.91,23.768],[-106.029,22.774],[-105.693,22.269],[-105.603,21.871],[-105.266,21.422],[-105.271,21.076],[-105.501,20.817],[-105.398,20.532],[-105.731,20.434],[-105.493,19.947],[-104.992,19.316],[-103.918,18.749],[-103.501,18.292],[-102.478,17.976],[-101.919,17.916],[-101.666,17.649],[-100.829,17.171],[-99.697,16.706],[-98.948,16.566],[-98.013,16.107],[-97.264,15.917],[-96.557,15.654],[-96.053,15.752],[-95.25,16.128],[-94.692,16.201],[-93.875,15.94],[-93.359,15.615],[-92.228,14.539],[-92.203,14.83],[-92.087,15.065],[-92.229,15.251],[-91.748,16.067],[-90.464,16.07],[-90.439,16.41],[-90.601,16.471],[-90.712,16.687],[-91.082,16.918],[-91.454,17.252],[-91.002,17.255],[-91.002,17.818],[-90.068,17.819],[-89.143,17.808],[-89.151,17.955],[-89.03,18.002],[-88.848,17.883],[-88.49,18.487],[-88.3,18.5],[-88.091,18.517],[-87.837,18.26],[-87.587,19.04],[-87.437,19.472],[-87.621,19.647],[-87.383,20.255],[-86.846,20.85],[-86.812,21.332],[-87.052,21.544],[-87.658,21.459],[-88.544,21.494],[-89.601,21.262],[-90.279,21],[-90.451,20.708],[-90.534,19.867],[-90.772,19.284],[-91.408,18.876],[-92.037,18.705],[-92.786,18.525],[-93.549,18.424],[-94.426,18.144],[-94.839,18.563],[-95.901,18.828],[-96.292,19.32],[-96.526,19.891],[-97.189,20.635],[-97.389,21.411],[-97.699,21.899],[-97.872,22.444],[-97.776,22.933],[-97.703,24.272],[-97.528,24.992],[-97.14,25.87],[-97.53,25.84],[-98.24,26.06],[-99.02,26.37],[-99.3,26.84],[-99.52,27.54],[-100.11,28.11],[-100.456,28.696],[-100.958,29.381],[-101.662,29.779],[-102.48,29.76],[-103.11,28.97],[-103.94,29.27],[-104.457,29.572],[-104.706,30.122],[-105.037,30.644],[-105.632,31.084],[-106.143,31.4],[-106.508,31.755],[-108.24,31.755],[-108.242,31.342],[-109.035,31.342],[-111.024,31.335],[-113.305,32.039],[-114.815,32.525],[-114.721,32.721],[-115.991,32.612],[-117.128,32.535]]]},"properties":{"featurecla":"Admin-0 country","scalerank":1,"LABELRANK":2,"SOVEREIGNT":"Mexico","SOV_A3":"MEX","ADM0_DIF":0,"LEVEL":2,"TYPE":"Sovereign country","TLC":"1","ADMIN":"Mexico","ADM0_A3":"MEX","GEOU_DIF":0,"GEOUNIT":"Mexico","GU_A3":"MEX","SU_DIF":0,"SUBUNIT":"Mexico","SU_A3":"MEX","BRK_DIFF":0,"NAME":"Mexico","NAME_LONG":"Mexico","BRK_A3":"MEX","BRK_NAME":"Mexico","BRK_GROUP":"","ABBREV":"Mex.","POSTAL":"MX","FORMAL_EN":"United Mexican States","FORMAL_FR":"","NAME_CIAWF":"Mexico","NOTE_ADM0":"","NOTE_BRK":"","NAME_SORT":"Mexico","NAME_ALT":"","MAPCOLOR7":6,"MAPCOLOR8":1,"MAPCOLOR9":7,"MAPCOLOR13":3,"POP_EST":127575529,"POP_RANK":17,"POP_YEAR":2019,"GDP_MD":1268870,"GDP_YEAR":2019,"ECONOMY":"4. Emerging region: MIKT","INCOME_GRP":"3. Upper middle income","FIPS_10":"MX","ISO_A2":"MX","ISO_A2_EH":"MX","ISO_A3":"MEX","ISO_A3_EH":"MEX","ISO_N3":"484","ISO_N3_EH":"484","UN_A3":"484","WB_A2":"MX","WB_A3":"MEX","WOE_ID":23424900,"WOE_ID_EH":23424900,"WOE_NOTE":"Exact WOE match as country","ADM0_ISO":"MEX","ADM0_DIFF":"","ADM0_TLC":"MEX","ADM0_A3_US":"MEX","ADM0_A3_FR":"MEX","ADM0_A3_RU":"MEX","ADM0_A3_ES":"MEX","ADM0_A3_CN":"MEX","ADM0_A3_TW":"MEX","ADM0_A3_IN":"MEX","ADM0_A3_NP":"MEX","ADM0_A3_PK":"MEX","ADM0_A3_DE":"MEX","ADM0_A3_GB":"MEX","ADM0_A3_BR":"MEX","ADM0_A3_IL":"MEX","ADM0_A3_PS":"MEX","ADM0_A3_SA":"MEX","ADM0_A3_EG":"MEX","ADM0_A3_MA":"MEX","ADM0_A3_PT":"MEX","ADM0_A3_AR":"MEX","ADM0_A3_JP":"MEX","ADM0_A3_KO":"MEX","ADM0_A3_VN":"MEX","ADM0_A3_TR":"MEX","ADM0_A3_ID":"MEX","ADM0_A3_PL":"MEX","ADM0_A3_GR":"MEX","ADM0_A3_IT":"MEX","ADM0_A3_NL":"MEX","ADM0_A3_SE":"MEX","ADM0_A3_BD":"MEX","ADM0_A3_UA":"MEX","ADM0_A3_UN":-99,"ADM0_A3_WB":-99,"CONTINENT":"North America","REGION_UN":"Americas","SUBREGION":"Central America","REGION_WB":"Latin America & Caribbean","NAME_LEN":6,"LONG_LEN":6,"ABBREV_LEN":4,"TINY":-99,"HOMEPART":1,"MIN_ZOOM":0,"MIN_LABEL":2,"MAX_LABEL":6.7,"LABEL_X":-102.289448,"LABEL_Y":23.919988,"NE_ID":1159321055,"WIKIDATAID":"Q96","NAME_AR":"المكسيك","NAME_BN":"মেক্সিকো","NAME_DE":"Mexiko","NAME_EN":"Mexico","NAME_ES":"México","NAME_FA":"مکزیک","NAME_FR":"Mexique","NAME_EL":"Μεξικό","NAME_HE":"מקסיקו","NAME_HI":"मेक्सिको","NAME_HU":"Mexikó","NAME_ID":"Meksiko","NAME_IT":"Messico","NAME_JA":"メキシコ","NAME_KO":"멕시코","NAME_NL":"Mexico","NAME_PL":"Meksyk","NAME_PT":"México","NAME_RU":"Мексика","NAME_SV":"Mexiko","NAME_TR":"Meksika","NAME_UK":"Мексика","NAME_UR":"میکسیکو","NAME_VI":"México","NAME_ZH":"墨西哥","NAME_ZHT":"墨西哥","FCLASS_ISO":"Admin-0 country","TLC_DIFF":"","FCLASS_TLC":"Admin-0 country","FCLASS_US":"","FCLASS_FR":"","FCLASS_RU":"","FCLASS_ES":"","FCLASS_CN":"","FCLASS_TW":"","FCLASS_IN":"","FCLASS_NP":"","FCLASS_PK":"","FCLASS_DE":"","FCLASS_GB":"","FCLASS_BR":"","FCLASS_IL":"","FCLASS_PS":"","FCLASS_SA":"","FCLASS_EG":"","FCLASS_MA":"","FCLASS_PT":"","FCLASS_AR":"","FCLASS_JP":"","FCLASS_KO":"","FCLASS_VN":"","FCLASS_TR":"","FCLASS_ID":"","FCLASS_PL":"","FCLASS_GR":"","FCLASS_IT":"","FCLASS_NL":"","FCLASS_SE":"","FCLASS_BD":"","FCLASS_UA":""}},
{"type":"Feature","geometry":{"type":"Polygon","coordinates":[[[-57.625,-30.216],[-57.875,-31.017],[-58.142,-32.045],[-58.133,-33.041],[-58.35,-33.263],[-58.427,-33.909],[-57.818,-34.463],[-57.14,-34.43],[-56.215,-34.86],[-55.674,-34.753],[-54.936,-34.953],[-53.806,-34.397],[-53.374,-33.768],[-53.651,-33.202],[-53.21,-32.728],[-53.788,-32.047],[-54.572,-31.495],[-55.602,-30.854],[-55.973,-30.883],[-56.976,-30.11],[-57.625,-30.216]]]},"properties":{"featurecla":"Admin-0 country","scalerank":1,"LABELRANK":4,"SOVEREIGNT":"Uruguay","SOV_A3":"URY","ADM0_DIF":0,"LEVEL":2,"TYPE":"Sovereign country","TLC":"1","ADMIN":"Uruguay","ADM0_A3":"URY","GEOU_DIF":0,"GEOUNIT":"Uruguay","GU_A3":"URY","SU_DIF":0,"SUBUNIT":"Uruguay","SU_A3":"URY","BRK_DIFF":0,"NAME":"Uruguay","NAME_LONG":"Uruguay","BRK_A3":"URY","BRK_NAME":"Uruguay","BRK_GROUP":"","ABBREV":"Ury.","POSTAL":"UY","FORMAL_EN":"Oriental Republic of Uruguay","FORMAL_FR":"","NAME_CIAWF":"Uruguay","NOTE_ADM0":"","NOTE_BRK":"","NAME_SORT":"Uruguay","NAME_ALT":"","MAPCOLOR7":1,"MAPCOLOR8":2,"MAPCOLOR9":2,"MAPCOLOR13":10,"POP_EST":3461734,"POP_RANK":12,"POP_YEAR":2019,"GDP_MD":56045,"GDP_YEAR":2019,"ECONOMY":"5. Emerging region: G20","INCOME_GRP":"3. Upper middle income","FIPS_10":"UY","ISO_A2":"UY","ISO_A2_EH":"UY","ISO_A3":"URY","ISO_A3_EH":"URY","ISO_N3":"858","ISO_N3_EH":"858","UN_A3":"858","WB_A2":"UY","WB_A3":"URY","WOE_ID":23424979,"WOE_ID_EH":23424979,"WOE_NOTE":"Exact WOE match as country","ADM0_ISO":"URY","ADM0_DIFF":"","ADM0_TLC":"URY","ADM0_A3_US":"URY","ADM0_A3_FR":"URY","ADM0_A3_RU":"URY","ADM0_A3_ES":"URY","ADM0_A3_CN":"URY","ADM0_A3_TW":"URY","ADM0_A3_IN":"URY","ADM0_A3_NP":"URY","ADM0_A3_PK":"URY","ADM0_A3_DE":"URY","ADM0_A3_GB":"URY","ADM0_A3_BR":"URY","ADM0_A3_IL":"URY","ADM0_A3_PS":"URY","ADM0_A3_SA":"URY","ADM0_A3_EG":"URY","ADM0_A3_MA":"URY","ADM0_A3_PT":"URY","ADM0_A3_AR":"URY","ADM0_A3_JP":"URY","ADM0_A3_KO":"URY","ADM0_A3_VN":"URY","ADM0_A3_TR":"URY","ADM0_A3_ID":"URY","ADM0_A3_PL":"URY","ADM0_A3_GR":"URY","ADM0_A3_IT":"URY","ADM0_A3_NL":"URY","ADM0_A3_SE":"URY","ADM0_A3_BD":"URY","ADM0_A3_UA":"URY","ADM0_A3_UN":-99,"ADM0_A3_WB":-99,"CONTINENT":"South America","REGION_UN":"Americas","SUBREGION":"South America","REGION_WB":"Latin America & Caribbean","NAME_LEN":7,"LONG_LEN":7,"ABBREV_LEN":4,"TINY":-99,"HOMEPART":1,"MIN_ZOOM":0,"MIN_LABEL":3,"MAX_LABEL":8,"LABEL_X":-55.966942,"LABEL_Y":-32.961127,"NE_ID":1159321353,"WIKIDATAID":"Q77","NAME_AR":"الأوروغواي","NAME_BN":"উরুগুয়ে","NAME_DE":"Uruguay","NAME_EN":"Uruguay","NAME_ES":"Uruguay","NAME_FA":"اروگوئه","NAME_FR":"Uruguay","NAME_EL":"Ουρουγουάη","NAME_HE":"אורוגוואי","NAME_HI":"उरुग्वे","NAME_HU":"Uruguay","NAME_ID":"Uruguay","NAME_IT":"Uruguay","NAME_JA":"ウルグアイ","NAME_KO":"우루과이","NAME_NL":"Uruguay","NAME_PL":"Urugwaj","NAME_PT":"Uruguai","NAME_RU":"Уругвай","NAME_SV":"Uruguay","NAME_TR":"Uruguay","NAME_UK":"Уругвай","NAME_UR":"یوراگوئے","NAME_VI":"Uruguay","NAME_ZH":"乌拉圭","NAME_ZHT":"烏拉圭","FCLASS_ISO":"Admin-0 country","TLC_DIFF":"","FCLASS_TLC":"Admin-0 country","FCLASS_US":"","FCLASS_FR":"","FCLASS_RU":"","FCLASS_ES":"","FCLASS_CN":"","FCLASS_TW":"","FCLASS_IN":"","FCLASS_NP":"","FCLASS_PK":"","FCLASS_DE":"","FCLASS_GB":"","FCLASS_BR":"","FCLASS_IL":"","FCLASS_PS":"","FCLASS_SA":"","FCLASS_EG":"","FCLASS_MA":"","FCLASS_PT":"","FCLASS_AR":"","FCLASS_JP":"","FCLASS_KO":"","FCLASS_VN":"","FCLASS_TR":"","FCLASS_ID":"","FCLASS_PL":"","FCLASS_GR":"","FCLASS_IT":"","FCLASS_NL":"","FCLASS_SE":"","FCLASS_BD":"","FCLASS_UA":""}},
{"type":"Feature","geometry":{"type":"Polygon","coordinates":[[[-53.374,-33.768],[-52.712,-33.197],[-52.256,-32.245],[-51.576,-31.778],[-50.697,-30.984],[-49.587,-29.224],[-48.888,-28.674],[-48.662,-28.186],[-48.475,-27.176],[-48.641,-26.624],[-48.495,-25.877],[-47.649,-24.885],[-46.472,-24.089],[-45.352,-23.797],[-44.648,-23.352],[-43.075,-22.968],[-41.988,-22.97],[-41.754,-22.371],[-40.945,-21.937],[-40.775,-20.905],[-39.761,-19.599],[-39.584,-18.262],[-39.267,-17.868],[-39.161,-17.208],[-38.882,-15.667],[-38.953,-13.793],[-38.674,-13.058],[-38.424,-13.038],[-37.684,-12.171],[-37.047,-11.041],[-35.637,-9.649],[-35.128,-8.996],[-34.73,-7.343],[-34.896,-6.738],[-35.235,-5.465],[-35.598,-5.15],[-36.453,-5.109],[-37.223,-4.821],[-38.5,-3.701],[-39.979,-2.873],[-41.473,-2.912],[-43.419,-2.383],[-44.582,-2.691],[-44.418,-2.138],[-44.906,-1.552],[-46.567,-0.941],[-47.825,-0.582],[-48.584,-1.238],[-48.621,-0.235],[-50.388,-0.078],[-50.699,0.223],[-49.947,1.046],[-49.974,1.736],[-50.509,1.902],[-51.07,3.65],[-51.317,4.203],[-51.658,4.156],[-52.249,3.241],[-52.556,2.505],[-52.94,2.125],[-53.418,2.053],[-53.555,2.335],[-53.779,2.377],[-54.088,2.106],[-54.525,2.312],[-55.098,2.524],[-55.57,2.422],[-55.973,2.51],[-56.073,2.221],[-55.906,2.022],[-55.996,1.818],[-56.539,1.9],[-56.783,1.864],[-57.336,1.949],[-57.661,1.683],[-58.113,1.507],[-58.429,1.464],[-58.54,1.268],[-59.031,1.318],[-59.646,1.787],[-59.719,2.25],[-59.975,2.755],[-59.815,3.606],[-59.538,3.959],[-59.767,4.424],[-60.111,4.575],[-59.981,5.014],[-60.214,5.244],[-60.734,5.2],[-60.601,4.918],[-60.967,4.536],[-62.085,4.162],[-62.805,4.007],[-63.093,3.771],[-63.888,4.021],[-64.629,4.148],[-64.816,4.056],[-64.368,3.797],[-64.409,3.127],[-64.27,2.497],[-63.423,2.411],[-63.369,2.201],[-64.083,1.916],[-64.199,1.493],[-64.611,1.329],[-65.355,1.095],[-65.548,0.789],[-66.326,0.724],[-66.876,1.253],[-67.065,1.13],[-67.26,1.72],[-67.538,2.037],[-67.869,1.692],[-69.817,1.715],[-69.805,1.089],[-69.219,0.986],[-69.252,0.603],[-69.452,0.706],[-70.016,0.541],[-70.021,-0.185],[-69.577,-0.55],[-69.42,-1.123],[-69.444,-1.556],[-69.894,-4.298],[-70.795,-4.251],[-70.929,-4.402],[-71.748,-4.594],[-72.892,-5.275],[-72.965,-5.741],[-73.22,-6.089],[-73.12,-6.63],[-73.724,-6.919],[-73.723,-7.341],[-73.987,-7.524],[-73.571,-8.424],[-73.015,-9.033],[-73.227,-9.462],[-72.563,-9.52],[-72.185,-10.054],[-71.302,-10.079],[-70.482,-9.49],[-70.549,-11.009],[-70.094,-11.124],[-69.53,-10.952],[-68.786,-11.036],[-68.271,-11.015],[-68.048,-10.712],[-67.174,-10.307],[-66.647,-9.931],[-65.338,-9.762],[-65.445,-10.511],[-65.322,-10.896],[-65.402,-11.566],[-64.316,-12.462],[-63.196,-12.627],[-62.803,-13.001],[-62.127,-13.199],[-61.713,-13.489],[-61.084,-13.479],[-60.503,-13.776],[-60.459,-14.354],[-60.264,-14.646],[-60.251,-15.077],[-60.543,-15.094],[-60.158,-16.258],[-58.241,-16.3],[-58.388,-16.877],[-58.281,-17.272],[-57.735,-17.552],[-57.498,-18.174],[-57.676,-18.962],[-57.95,-19.4],[-57.854,-19.97],[-58.166,-20.177],[-57.871,-20.733],[-57.937,-22.09],[-56.882,-22.282],[-56.473,-22.086],[-55.798,-22.357],[-55.611,-22.656],[-55.518,-23.572],[-55.401,-23.957],[-55.028,-24.001],[-54.653,-23.84],[-54.293,-24.021],[-54.293,-24.571],[-54.429,-25.162],[-54.625,-25.739],[-54.13,-25.548],[-53.628,-26.125],[-53.649,-26.923],[-54.491,-27.475],[-55.162,-27.882],[-56.291,-28.853],[-57.625,-30.216],[-56.976,-30.11],[-55.973,-30.883],[-55.602,-30.854],[-54.572,-31.495],[-53.788,-32.047],[-53.21,-32.728],[-53.651,-33.202],[-53.374,-33.768]]]},"properties":{"featurecla":"Admin-0 country","scalerank":1,"LABELRANK":2,"SOVEREIGNT":"Brazil","SOV_A3":"BRA","ADM0_DIF":0,"LEVEL":2,"TYPE":"Sovereign country","TLC":"1","ADMIN":"Brazil","ADM0_A3":"BRA","GEOU_DIF":0,"GEOUNIT":"Brazil","GU_A3":"BRA","SU_DIF":0,"SUBUNIT":"Brazil","SU_A3":"BRA","BRK_DIFF":0,"NAME":"Brazil","NAME_LONG":"Brazil","BRK_A3":"BRA","BRK_NAME":"Brazil","BRK_GROUP":"","ABBREV":"Brazil","POSTAL":"BR","FORMAL_EN":"Federative Republic of Brazil","FORMAL_FR":"","NAME_CIAWF":"Brazil","NOTE_ADM0":"","NOTE_BRK":"","NAME_SORT":"Brazil","NAME_ALT":"","MAPCOLOR7":5,"MAPCOLOR8":6,"MAPCOLOR9":5,"MAPCOLOR13":7,"POP_EST":211049527,"POP_RANK":17,"POP_YEAR":2019,"GDP_MD":1839758,"GDP_YEAR":2019,"ECONOMY":"3. Emerging region: BRIC","INCOME_GRP":"3. Upper middle income","FIPS_10":"BR","ISO_A2":"BR","ISO_A2_EH":"BR","ISO_A3":"BRA","ISO_A3_EH":"BRA","ISO_N3":"076","ISO_N3_EH":"076","UN_A3":"076","WB_A2":"BR","WB_A3":"BRA","WOE_ID":23424768,"WOE_ID_EH":23424768,"WOE_NOTE":"Exact WOE match as country","ADM0_ISO":"BRA","ADM0_DIFF":"","ADM0_TLC":"BRA","ADM0_A3_US":"BRA","ADM0_A3_FR":"BRA","ADM0_A3_RU":"BRA","ADM0_A3_ES":"BRA","ADM0_A3_CN":"BRA","ADM0_A3_TW":"BRA","ADM0_A3_IN":"BRA","ADM0_A3_NP":"BRA","ADM0_A3_PK":"BRA","ADM0_A3_DE":"BRA","ADM0_A3_GB":"BRA","ADM0_A3_BR":"BRA","ADM0_A3_IL":"BRA","ADM0_A3_PS":"BRA","ADM0_A3_SA":"BRA","ADM0_A3_EG":"BRA","ADM0_A3_MA":"BRA","ADM0_A3_PT":"BRA","ADM0_A3_AR":"BRA","ADM0_A3_JP":"BRA","ADM0_A3_KO":"BRA","ADM0_A3_VN":"BRA","ADM0_A3_TR":"BRA","ADM0_A3_ID":"BRA","ADM0_A3_PL":"BRA","ADM0_A3_GR":"BRA","ADM0_A3_IT":"BRA","ADM0_A3_NL":"BRA","ADM0_A3_SE":"BRA","ADM0_A3_BD":"BRA","ADM0_A3_UA":"BRA","ADM0_A3_UN":-99,"ADM0_A3_WB":-99,"CONTINENT":"South America","REGION_UN":"Americas","SUBREGION":"South America","REGION_WB":"Latin America & Caribbean","NAME_LEN":6,"LONG_LEN":6,"ABBREV_LEN":6,"TINY":-99,"HOMEPART":1,"MIN_ZOOM":0,"MIN_LABEL":1.7,"MAX_LABEL":5.7,"LABEL_X":-49.55945,"LABEL_Y":-12.098687,"NE_ID":1159320441,"WIKIDATAID":"Q155","NAME_AR":"البرازيل","NAME_BN":"ব্রাজিল","NAME_DE":"Brasilien","NAME_EN":"Brazil","NAME_ES":"Brasil","NAME_FA":"برزیل","NAME_FR":"Brésil","NAME_EL":"Βραζιλία","NAME_HE":"ברזיל","NAME_HI":"ब्राज़ील","NAME_HU":"Brazília","NAME_ID":"Brasil","NAME_IT":"Brasile","NAME_JA":"ブラジル","NAME_KO":"브라질","NAME_NL":"Brazilië","NAME_PL":"Brazylia","NAME_PT":"Brasil","NAME_RU":"Бразилия","NAME_SV":"Brasilien","NAME_TR":"Brezilya","NAME_UK":"Бразилія","NAME_UR":"برازیل","NAME_VI":"Brasil","NAME_ZH":"巴西","NAME_ZHT":"巴西","FCLASS_ISO":"Admin-0 country","TLC_DIFF":"","FCLASS_TLC":"Admin-0 country","FCLASS_US":"","FCLASS_FR":"","FCLASS_RU":"","FCLASS_ES":"","FCLASS_CN":"","FCLASS_TW":"","FCLASS_IN":"","FCLASS_NP":"","FCLASS_PK":"","FCLASS_DE":"","FCLASS_GB":"","FCLASS_BR":"","FCLASS_IL":"","FCLASS_PS":"","FCLASS_SA":"","FCLASS_EG":"","FCLASS_MA":"","FCLASS_PT":"","FCLASS_AR":"","FCLASS_JP":"","FCLASS_KO":"","FCLASS_VN":"","FCLASS_TR":"","FCLASS_ID":"","FCLASS_PL":"","FCLASS_GR":"","FCLASS_IT":"","FCLASS_NL":"","FCLASS_SE":"","FCLASS_BD":"","FCLASS_UA":""}},
{"type":"Feature","geometry":{"type":"Polygon","coordinates":[[[-69.53,-10.952],[-68.665,-12.561],[-68.88,-12.9],[-68.929,-13.603],[-68.949,-14.454],[-69.34,-14.953],[-69.16,-15.324],[-69.39,-15.66],[-68.96,-16.501],[-69.59,-17.58],[-69.1,-18.26],[-68.967,-18.982],[-68.442,-19.405],[-68.757,-20.373],[-68.22,-21.494],[-67.828,-22.873],[-67.107,-22.736],[-66.273,-21.832],[-64.965,-22.076],[-64.377,-22.798],[-63.987,-21.994],[-62.846,-22.035],[-62.685,-22.249],[-62.291,-21.052],[-62.266,-20.514],[-61.786,-19.634],[-60.044,-19.343],[-59.115,-19.357],[-58.183,-19.868],[-58.166,-20.177],[-57.854,-19.97],[-57.95,-19.4],[-57.676,-18.962],[-57.498,-18.174],[-57.735,-17.552],[-58.281,-17.272],[-58.388,-16.877],[-58.241,-16.3],[-60.158,-16.258],[-60.543,-15.094],[-60.251,-15.077],[-60.264,-14.646],[-60.459,-14.354],[-60.503,-13.776],[-61.084,-13.479],[-61.713,-13.489],[-62.127,-13.199],[-62.803,-13.001],[-63.196,-12.627],[-64.316,-12.462],[-65.402,-11.566],[-65.322,-10.896],[-65.445,-10.511],[-65.338,-9.762],[-66.647,-9.931],[-67.174,-10.307],[-68.048,-10.712],[-68.271,-11.015],[-68.786,-11.036],[-69.53,-10.952]]]},"properties":{"featurecla":"Admin-0 country","scalerank":1,"LABELRANK":3,"SOVEREIGNT":"Bolivia","SOV_A3":"BOL","ADM0_DIF":0,"LEVEL":2,"TYPE":"Sovereign country","TLC":"1","ADMIN":"Bolivia","ADM0_A3":"BOL","GEOU_DIF":0,"GEOUNIT":"Bolivia","GU_A3":"BOL","SU_DIF":0,"SUBUNIT":"Bolivia","SU_A3":"BOL","BRK_DIFF":0,"NAME":"Bolivia","NAME_LONG":"Bolivia","BRK_A3":"BOL","BRK_NAME":"Bolivia","BRK_GROUP":"","ABBREV":"Bolivia","POSTAL":"BO","FORMAL_EN":"Plurinational State of Bolivia","FORMAL_FR":"","NAME_CIAWF":"Bolivia","NOTE_ADM0":"","NOTE_BRK":"","NAME_SORT":"Bolivia","NAME_ALT":"","MAPCOLOR7":1,"MAPCOLOR8":5,"MAPCOLOR9":2,"MAPCOLOR13":3,"POP_EST":11513100,"POP_RANK":14,"POP_YEAR":2019,"GDP_MD":40895,"GDP_YEAR":2019,"ECONOMY":"5. Emerging region: G20","INCOME_GRP":"4. Lower middle income","FIPS_10":"BL","ISO_A2":"BO","ISO_A2_EH":"BO","ISO_A3":"BOL","ISO_A3_EH":"BOL","ISO_N3":"068","ISO_N3_EH":"068","UN_A3":"068","WB_A2":"BO","WB_A3":"BOL","WOE_ID":23424762,"WOE_ID_EH":23424762,"WOE_NOTE":"Exact WOE match as country","ADM0_ISO":"BOL","ADM0_DIFF":"","ADM0_TLC":"BOL","ADM0_A3_US":"BOL","ADM0_A3_FR":"BOL","ADM0_A3_RU":"BOL","ADM0_A3_ES":"BOL","ADM0_A3_CN":"BOL","ADM0_A3_TW":"BOL","ADM0_A3_IN":"BOL","ADM0_A3_NP":"BOL","ADM0_A3_PK":"BOL","ADM0_A3_DE":"BOL","ADM0_A3_GB":"BOL","ADM0_A3_BR":"BOL","ADM0_A3_IL":"BOL","ADM0_A3_PS":"BOL","ADM0_A3_SA":"BOL","ADM0_A3_EG":"BOL","ADM0_A3_MA":"BOL","ADM0_A3_PT":"BOL","ADM0_A3_AR":"BOL","ADM0_A3_JP":"BOL","ADM0_A3_KO":"BOL","ADM0_A3_VN":"BOL","ADM0_A3_TR":"BOL","ADM0_A3_ID":"BOL","ADM0_A3_PL":"BOL","ADM0_A3_GR":"BOL","ADM0_A3_IT":"BOL","ADM0_A3_NL":"BOL","ADM0_A3_SE":"BOL","ADM0_A3_BD":"BOL","ADM0_A3_UA":"BOL","ADM0_A3_UN":-99,"ADM0_A3_WB":-99,"CONTINENT":"South America","REGION_UN":"Americas","SUBREGION":"South America","REGION_WB":"Latin America & Caribbean","NAME_LEN":7,"LONG_LEN":7,"ABBREV_LEN":7,"TINY":-99,"HOMEPART":1,"MIN_ZOOM":0,"MIN_LABEL":3,"MAX_LABEL":7.5,"LABEL_X":-64.593433,"LABEL_Y":-16.666015,"NE_ID":1159320439,"WIKIDATAID":"Q750","NAME_AR":"بوليفيا","NAME_BN":"বলিভিয়া","NAME_DE":"Bolivien","NAME_EN":"Bolivia","NAME_ES":"Bolivia","NAME_FA":"بولیوی","NAME_FR":"Bolivie","NAME_EL":"Βολιβία","NAME_HE":"בוליביה","NAME_HI":"बोलिविया","NAME_HU":"Bolívia","NAME_ID":"Bolivia","NAME_IT":"Bolivia","NAME_JA":"ボリビア","NAME_KO":"볼리비아","NAME_NL":"Bolivia","NAME_PL":"Boliwia","NAME_PT":"Bolívia","NAME_RU":"Боливия","NAME_SV":"Bolivia","NAME_TR":"Bolivya","NAME_UK":"Болівія","NAME_UR":"بولیویا","NAME_VI":"Bolivia","NAME_ZH":"玻利维亚","NAME_ZHT":"玻利維亞","FCLASS_ISO":"Admin-0 country","TLC_DIFF":"","FCLASS_TLC":"Admin-0 country","FCLASS_US":"","FCLASS_FR":"","FCLASS_RU":"","FCLASS_ES":"","FCLASS_CN":"","FCLASS_TW":"","FCLASS_IN":"","FCLASS_NP":"","FCLASS_PK":"","FCLASS_DE":"","FCLASS_GB":"","FCLASS_BR":"","FCLASS_IL":"","FCLASS_PS":"","FCLASS_SA":"","FCLASS_EG":"","FCLASS_MA":"","FCLASS_PT":"","FCLASS_AR":"","FCLASS_JP":"","FCLASS_KO":"","FCLASS_VN":"","FCLASS_TR":"","FCLASS_ID":"","FCLASS_PL":"","FCLASS_GR":"","FCLASS_IT":"","FCLASS_NL":"","FCLASS_SE":"","FCLASS_BD":"","FCLASS_UA":""}},
{"type":"Feature","geometry":{"type":"Polygon","coordinates":[[[-69.894,-4.298],[-70.394,-3.767],[-70.693,-3.743],[-70.048,-2.725],[-70.813,-2.257],[-71.414,-2.343],[-71.775,-2.17],[-72.326,-2.434],[-73.07,-2.309],[-73.66,-1.26],[-74.122,-1.003],[-74.442,-0.531],[-75.107,-0.057],[-75.373,-0.152],[-75.234,-0.911],[-75.545,-1.562],[-76.635,-2.609],[-77.838,-3.003],[-78.451,-3.873],[-78.64,-4.548],[-79.205,-4.959],[-79.625,-4.454],[-80.029,-4.346],[-80.442,-4.426],[-80.469,-4.059],[-80.184,-3.821],[-80.303,-3.405],[-81.1,-4.036],[-81.411,-4.737],[-80.926,-5.691],[-81.25,-6.137],[-80.537,-6.542],[-79.761,-7.194],[-79.446,-7.931],[-79.037,-8.387],[-78.092,-10.378],[-77.106,-12.223],[-76.259,-13.535],[-76.423,-13.823],[-76.009,-14.649],[-75.238,-15.266],[-73.445,-16.359],[-71.462,-17.363],[-71.375,-17.774],[-70.373,-18.348],[-69.858,-18.093],[-69.59,-17.58],[-68.96,-16.501],[-69.39,-15.66],[-69.16,-15.324],[-69.34,-14.953],[-68.949,-14.454],[-68.929,-13.603],[-68.88,-12.9],[-68.665,-12.561],[-69.53,-10.952],[-70.094,-11.124],[-70.549,-11.009],[-70.482,-9.49],[-71.302,-10.079],[-72.185,-10.054],[-72.563,-9.52],[-73.227,-9.462],[-73.015,-9.033],[-73.571,-8.424],[-73.987,-7.524],[-73.723,-7.341],[-73.724,-6.919],[-73.12,-6.63],[-73.22,-6.089],[-72.965,-5.741],[-72.892,-5.275],[-71.748,-4.594],[-70.929,-4.402],[-70.795,-4.251],[-69.894,-4.298]]]},"properties":{"featurecla":"Admin-0 country","scalerank":1,"LABELRANK":2,"SOVEREIGNT":"Peru","SOV_A3":"PER","ADM0_DIF":0,"LEVEL":2,"TYPE":"Sovereign country","TLC":"1","ADMIN":"Peru","ADM0_A3":"PER","GEOU_DIF":0,"GEOUNIT":"Peru","GU_A3":"PER","SU_DIF":0,"SUBUNIT":"Peru","SU_A3":"PER","BRK_DIFF":0,"NAME":"Peru","NAME_LONG":"Peru","BRK_A3":"PER","BRK_NAME":"Peru","BRK_GROUP":"","ABBREV":"Peru","POSTAL":"PE","FORMAL_EN":"Republic of Peru","FORMAL_FR":"","NAME_CIAWF":"Peru","NOTE_ADM0":"","NOTE_BRK":"","NAME_SORT":"Peru","NAME_ALT":"","MAPCOLOR7":4,"MAPCOLOR8":4,"MAPCOLOR9":4,"MAPCOLOR13":11,"POP_EST":32510453,"POP_RANK":15,"POP_YEAR":2019,"GDP_MD":226848,"GDP_YEAR":2019,"ECONOMY":"5. Emerging region: G20","INCOME_GRP":"3. Upper middle income","FIPS_10":"PE","ISO_A2":"PE","ISO_A2_EH":"PE","ISO_A3":"PER","ISO_A3_EH":"PER","ISO_N3":"604","ISO_N3_EH":"604","UN_A3":"604","WB_A2":"PE","WB_A3":"PER","WOE_ID":23424919,"WOE_ID_EH":23424919,"WOE_NOTE":"Exact WOE match as country","ADM0_ISO":"PER","ADM0_DIFF":"","ADM0_TLC":"PER","ADM0_A3_US":"PER","ADM0_A3_FR":"PER","ADM0_A3_RU":"PER","ADM0_A3_ES":"PER","ADM0_A3_CN":"PER","ADM0_A3_TW":"PER","ADM0_A3_IN":"PER","ADM0_A3_NP":"PER","ADM0_A3_PK":"PER","ADM0_A3_DE":"PER","ADM0_A3_GB":"PER","ADM0_A3_BR":"PER","ADM0_A3_IL":"PER","ADM0_A3_PS":"PER","ADM0_A3_SA":"PER","ADM0_A3_EG":"PER","ADM0_A3_MA":"PER","ADM0_A3_PT":"PER","ADM0_A3_AR":"PER","ADM0_A3_JP":"PER","ADM0_A3_KO":"PER","ADM0_A3_VN":"PER","ADM0_A3_TR":"PER","ADM0_A3_ID":"PER","ADM0_A3_PL":"PER","ADM0_A3_GR":"PER","ADM0_A3_IT":"PER","ADM0_A3_NL":"PER","ADM0_A3_SE":"PER","ADM0_A3_BD":"PER","ADM0_A3_UA":"PER","ADM0_A3_UN":-99,"ADM0_A3_WB":-99,"CONTINENT":"South America","REGION_UN":"Americas","SUBREGION":"South America","REGION_WB":"Latin America & Caribbean","NAME_LEN":4,"LONG_LEN":4,"ABBREV_LEN":4,"TINY":-99,"HOMEPART":1,"MIN_ZOOM":0,"MIN_LABEL":2,"MAX_LABEL":7,"LABEL_X":-72.90016,"LABEL_Y":-12.976679,"NE_ID":1159321163,"WIKIDATAID":"Q419","NAME_AR":"بيرو","NAME_BN":"পেরু","NAME_DE":"Peru","NAME_EN":"Peru","NAME_ES":"Perú","NAME_FA":"پرو","NAME_FR":"Pérou","NAME_EL":"Περού","NAME_HE":"פרו","NAME_HI":"पेरू","NAME_HU":"Peru","NAME_ID":"Peru","NAME_IT":"Perù","NAME_JA":"ペルー","NAME_KO":"페루","NAME_NL":"Peru","NAME_PL":"Peru","NAME_PT":"Peru","NAME_RU":"Перу","NAME_SV":"Peru","NAME_TR":"Peru","NAME_UK":"Перу","NAME_UR":"پیرو","NAME_VI":"Peru","NAME_ZH":"秘鲁","NAME_ZHT":"秘魯","FCLASS_ISO":"Admin-0 country","TLC_DIFF":"","FCLASS_TLC":"Admin-0 country","FCLASS_US":"","FCLASS_FR":"","FCLASS_RU":"","FCLASS_ES":"","FCLASS_CN":"","FCLASS_TW":"","FCLASS_IN":"","FCLASS_NP":"","FCLASS_PK":"","FCLASS_DE":"","FCLASS_GB":"","FCLASS_BR":"","FCLASS_IL":"","FCLASS_PS":"","FCLASS_SA":"","FCLASS_EG":"","FCLASS_MA":"","FCLASS_PT":"","FCLASS_AR":"","FCLASS_JP":"","FCLASS_KO":"","FCLASS_VN":"","FCLASS_TR":"","FCLASS_ID":"","FCLASS_PL":"","FCLASS_GR":"","FCLASS_IT":"","FCLASS_NL":"","FCLASS_SE":"","FCLASS_BD":"","FCLASS_UA":""}},
{"type":"Feature","geometry":{"type":"Polygon","coordinates":[[[-66.876,1.253],[-67.181,2.251],[-67.447,2.6],[-67.81,2.821],[-67.303,3.318],[-67.338,3.542],[-67.622,3.839],[-67.823,4.504],[-67.745,5.221],[-67.522,5.557],[-67.341,6.095],[-67.695,6.267],[-68.265,6.153],[-68.985,6.207],[-69.389,6.1],[-70.093,6.96],[-70.674,7.088],[-71.96,6.992],[-72.198,7.34],[-72.444,7.424],[-72.48,7.633],[-72.361,8.003],[-72.44,8.405],[-72.66,8.625],[-72.789,9.085],[-73.305,9.152],[-73.028,9.737],[-72.905,10.45],[-72.615,10.822],[-72.228,11.109],[-71.974,11.609],[-71.332,11.776],[-71.137,12.113],[-71.4,12.376],[-71.754,12.437],[-72.238,11.956],[-72.628,11.732],[-73.415,11.227],[-74.197,11.31],[-74.277,11.102],[-74.907,11.083],[-75.48,10.619],[-75.665,9.774],[-75.675,9.443],[-76.086,9.337],[-76.837,8.639],[-77.353,8.671],[-77.475,8.524],[-77.243,7.935],[-77.431,7.638],[-77.753,7.71],[-77.882,7.224],[-77.477,6.691],[-77.319,5.845],[-77.533,5.583],[-77.308,4.668],[-77.496,4.088],[-77.128,3.85],[-77.51,3.325],[-77.932,2.697],[-78.428,2.63],[-78.662,2.267],[-78.618,1.766],[-78.991,1.691],[-78.855,1.381],[-77.855,0.81],[-77.669,0.826],[-77.425,0.396],[-76.576,0.257],[-76.292,0.416],[-75.801,0.085],[-75.373,-0.152],[-75.107,-0.057],[-74.442,-0.531],[-74.122,-1.003],[-73.66,-1.26],[-73.07,-2.309],[-72.326,-2.434],[-71.775,-2.17],[-71.414,-2.343],[-70.813,-2.257],[-70.048,-2.725],[-70.693,-3.743],[-70.394,-3.767],[-69.894,-4.298],[-69.444,-1.556],[-69.42,-1.123],[-69.577,-0.55],[-70.021,-0.185],[-70.016,0.541],[-69.452,0.706],[-69.252,0.603],[-69.219,0.986],[-69.805,1.089],[-69.817,1.715],[-67.869,1.692],[-67.538,2.037],[-67.26,1.72],[-67.065,1.13],[-66.876,1.253]]]},"properties":{"featurecla":"Admin-0 country","scalerank":1,"LABELRANK":2,"SOVEREIGNT":"Colombia","SOV_A3":"COL","ADM0_DIF":0,"LEVEL":2,"TYPE":"Sovereign country","TLC":"1","ADMIN":"Colombia","ADM0_A3":"COL","GEOU_DIF":0,"GEOUNIT":"Colombia","GU_A3":"COL","SU_DIF":0,"SUBUNIT":"Colombia","SU_A3":"COL","BRK_DIFF":0,"NAME":"Colombia","NAME_LONG":"Colombia","BRK_A3":"COL","BRK_NAME":"Colombia","BRK_GROUP":"","ABBREV":"Col.","POSTAL":"CO","FORMAL_EN":"Republic of Colombia","FORMAL_FR":"","NAME_CIAWF":"Colombia","NOTE_ADM0":"","NOTE_BRK":"","NAME_SORT":"Colombia","NAME_ALT":"","MAPCOLOR7":2,"MAPCOLOR8":1,"MAPCOLOR9":3,"MAPCOLOR13":1,"POP_EST":50339443,"POP_RANK":16,"POP_YEAR":2019,"GDP_MD":323615,"GDP_YEAR":2019,"ECONOMY":"6. Developing region","INCOME_GRP":"3. Upper middle income","FIPS_10":"CO","ISO_A2":"CO","ISO_A2_EH":"CO","ISO_A3":"COL","ISO_A3_EH":"COL","ISO_N3":"170","ISO_N3_EH":"170","UN_A3":"170","WB_A2":"CO","WB_A3":"COL","WOE_ID":23424787,"WOE_ID_EH":23424787,"WOE_NOTE":"Exact WOE match as country","ADM0_ISO":"COL","ADM0_DIFF":"","ADM0_TLC":"COL","ADM0_A3_US":"COL","ADM0_A3_FR":"COL","ADM0_A3_RU":"COL","ADM0_A3_ES":"COL","ADM0_A3_CN":"COL","ADM0_A3_TW":"COL","ADM0_A3_IN":"COL","ADM0_A3_NP":"COL","ADM0_A3_PK":"COL","ADM0_A3_DE":"COL","ADM0_A3_GB":"COL","ADM0_A3_BR":"COL","ADM0_A3_IL":"COL","ADM0_A3_PS":"COL","ADM0_A3_SA":"COL","ADM0_A3_EG":"COL","ADM0_A3_MA":"COL","ADM0_A3_PT":"COL","ADM0_A3_AR":"COL","ADM0_A3_JP":"COL","ADM0_A3_KO":"COL","ADM0_A3_VN":"COL","ADM0_A3_TR":"COL","ADM0_A3_ID":"COL","ADM0_A3_PL":"COL","ADM0_A3_GR":"COL","ADM0_A3_IT":"COL","ADM0_A3_NL":"COL","ADM0_A3_SE":"COL","ADM0_A3_BD":"COL","ADM0_A3_UA":"COL","ADM0_A3_UN":-99,"ADM0_A3_WB":-99,"CONTINENT":"South America","REGION_UN":"Americas","SUBREGION":"South America","REGION_WB":"Latin America & Caribbean","NAME_LEN":8,"LONG_LEN":8,"ABBREV_LEN":4,"TINY":-99,"HOMEPART":1,"MIN_ZOOM":0,"MIN_LABEL":3,"MAX_LABEL":7,"LABEL_X":-73.174347,"LABEL_Y":3.373111,"NE_ID":1159320517,"WIKIDATAID":"Q739","NAME_AR":"كولومبيا","NAME_BN":"কলম্বিয়া","NAME_DE":"Kolumbien","NAME_EN":"Colombia","NAME_ES":"Colombia","NAME_FA":"کلمبیا","NAME_FR":"Colombie","NAME_EL":"Κολομβία","NAME_HE":"קולומביה","NAME_HI":"कोलम्बिया","NAME_HU":"Kolumbia","NAME_ID":"Kolombia","NAME_IT":"Colombia","NAME_JA":"コロンビア","NAME_KO":"콜롬비아","NAME_NL":"Colombia","NAME_PL":"Kolumbia","NAME_PT":"Colômbia","NAME_RU":"Колумбия","NAME_SV":"Colombia","NAME_TR":"Kolombiya","NAME_UK":"Колумбія","NAME_UR":"کولمبیا","NAME_VI":"Colombia","NAME_ZH":"哥伦比亚","NAME_ZHT":"哥倫比亞","FCLASS_ISO":"Admin-0 country","TLC_DIFF":"","FCLASS_TLC":"Admin-0 country","FCLASS_US":"","FCLASS_FR":"","FCLASS_RU":"","FCLASS_ES":"","FCLASS_CN":"","FCLASS_TW":"","FCLASS_IN":"","FCLASS_NP":"","FCLASS_PK":"","FCLASS_DE":"","FCLASS_GB":"","FCLASS_BR":"","FCLASS_IL":"","FCLASS_PS":"","FCLASS_SA":"","FCLASS_EG":"","FCLASS_MA":"","FCLASS_PT":"","FCLASS_AR":"","FCLASS_JP":"","FCLASS_KO":"","FCLASS_VN":"","FCLASS_TR":"","FCLASS_ID":"","FCLASS_PL":"","FCLASS_GR":"","FCLASS_IT":"","FCLASS_NL":"","FCLASS_SE":"","FCLASS_BD":"","FCLASS_UA":""}},
{"type":"Feature","geometry":{"type":"Polygon","coordinates":[[[-77.353,8.671],[-77.73,8.947],[-78.056,9.248],[-78.501,9.42],[-79.058,9.455],[-79.021,9.553],[-79.573,9.612],[-79.915,9.313],[-80.522,9.111],[-80.947,8.859],[-81.439,8.786],[-81.714,9.032],[-81.809,8.951],[-82.208,8.996],[-82.187,9.207],[-82.546,9.566],[-82.933,9.477],[-82.927,9.074],[-82.719,8.926],[-82.869,8.807],[-82.83,8.626],[-82.913,8.424],[-82.966,8.225],[-82.851,8.074],[-82.82,8.291],[-82.391,8.292],[-82.131,8.175],[-81.721,8.109],[-81.52,7.707],[-81.19,7.648],[-81.06,7.818],[-80.886,7.221],[-80.421,7.272],[-80.277,7.42],[-80.004,7.548],[-80.481,8.09],[-80.383,8.298],[-80.164,8.333],[-79.761,8.585],[-79.558,8.932],[-79.12,8.996],[-78.622,8.718],[-78.435,8.388],[-78.182,8.319],[-78.429,8.052],[-78.215,7.512],[-77.882,7.224],[-77.753,7.71],[-77.431,7.638],[-77.243,7.935],[-77.475,8.524],[-77.353,8.671]]]},"properties":{"featurecla":"Admin-0 country","scalerank":1,"LABELRANK":4,"SOVEREIGNT":"Panama","SOV_A3":"PAN","ADM0_DIF":0,"LEVEL":2,"TYPE":"Sovereign country","TLC":"1","ADMIN":"Panama","ADM0_A3":"PAN","GEOU_DIF":0,"GEOUNIT":"Panama","GU_A3":"PAN","SU_DIF":0,"SUBUNIT":"Panama","SU_A3":"PAN","BRK_DIFF":0,"NAME":"Panama","NAME_LONG":"Panama","BRK_A3":"PAN","BRK_NAME":"Panama","BRK_GROUP":"","ABBREV":"Pan.","POSTAL":"PA","FORMAL_EN":"Republic of Panama","FORMAL_FR":"","NAME_CIAWF":"Panama","NOTE_ADM0":"","NOTE_BRK":"","NAME_SORT":"Panama","NAME_ALT":"","MAPCOLOR7":4,"MAPCOLOR8":4,"MAPCOLOR9":6,"MAPCOLOR13":3,"POP_EST":4246439,"POP_RANK":12,"POP_YEAR":2019,"GDP_MD":66800,"GDP_YEAR":2019,"ECONOMY":"6. Developing region","INCOME_GRP":"3. Upper middle income","FIPS_10":"PM","ISO_A2":"PA","ISO_A2_EH":"PA","ISO_A3":"PAN","ISO_A3_EH":"PAN","ISO_N3":"591","ISO_N3_EH":"591","UN_A3":"591","WB_A2":"PA","WB_A3":"PAN","WOE_ID":23424924,"WOE_ID_EH":23424924,"WOE_NOTE":"Exact WOE match as country","ADM0_ISO":"PAN","ADM0_DIFF":"","ADM0_TLC":"PAN","ADM0_A3_US":"PAN","ADM0_A3_FR":"PAN","ADM0_A3_RU":"PAN","ADM0_A3_ES":"PAN","ADM0_A3_CN":"PAN","ADM0_A3_TW":"PAN","ADM0_A3_IN":"PAN","ADM0_A3_NP":"PAN","ADM0_A3_PK":"PAN","ADM0_A3_DE":"PAN","ADM0_A3_GB":"PAN","ADM0_A3_BR":"PAN","ADM0_A3_IL":"PAN","ADM0_A3_PS":"PAN","ADM0_A3_SA":"PAN","ADM0_A3_EG":"PAN","ADM0_A3_MA":"PAN","ADM0_A3_PT":"PAN","ADM0_A3_AR":"PAN","ADM0_A3_JP":"PAN","ADM0_A3_KO":"PAN","ADM0_A3_VN":"PAN","ADM0_A3_TR":"PAN","ADM0_A3_ID":"PAN","ADM0_A3_PL":"PAN","ADM0_A3_GR":"PAN","ADM0_A3_IT":"PAN","ADM0_A3_NL":"PAN","ADM0_A3_SE":"PAN","ADM0_A3_BD":"PAN","ADM0_A3_UA":"PAN","ADM0_A3_UN":-99,"ADM0_A3_WB":-99,"CONTINENT":"North America","REGION_UN":"Americas","SUBREGION":"Central America","REGION_WB":"Latin America & Caribbean","NAME_LEN":6,"LONG_LEN":6,"ABBREV_LEN":4,"TINY":-99,"HOMEPART":1,"MIN_ZOOM":0,"MIN_LABEL":4,"MAX_LABEL":9,"LABEL_X":-80.352106,"LABEL_Y":8.72198,"NE_ID":1159321161,"WIKIDATAID":"Q804","NAME_AR":"بنما","NAME_BN":"পানামা","NAME_DE":"Panama","NAME_EN":"Panama","NAME_ES":"Panamá","NAME_FA":"پاناما","NAME_FR":"Panama","NAME_EL":"Παναμάς","NAME_HE":"פנמה","NAME_HI":"पनामा","NAME_HU":"Panama","NAME_ID":"Panama","NAME_IT":"Panama","NAME_JA":"パナマ","NAME_KO":"파나마","NAME_NL":"Panama","NAME_PL":"Panama","NAME_PT":"Panamá","NAME_RU":"Панама","NAME_SV":"Panama","NAME_TR":"Panama","NAME_UK":"Панама","NAME_UR":"پاناما","NAME_VI":"Panama","NAME_ZH":"巴拿马","NAME_ZHT":"巴拿馬","FCLASS_ISO":"Admin-0 country","TLC_DIFF":"","FCLASS_TLC":"Admin-0 country","FCLASS_US":"","FCLASS_FR":"","FCLASS_RU":"","FCLASS_ES":"","FCLASS_CN":"","FCLASS_TW":"","FCLASS_IN":"","FCLASS_NP":"","FCLASS_PK":"","FCLASS_DE":"","FCLASS_GB":"","FCLASS_BR":"","FCLASS_IL":"","FCLASS_PS":"","FCLASS_SA":"","FCLASS_EG":"","FCLASS_MA":"","FCLASS_PT":"","FCLASS_AR":"","FCLASS_JP":"","FCLASS_KO":"","FCLASS_VN":"","FCLASS_TR":"","FCLASS_ID":"","FCLASS_PL":"","FCLASS_GR":"","FCLASS_IT":"","FCLASS_NL":"","FCLASS_SE":"","FCLASS_BD":"","FCLASS_UA":""}},
{"type":"Feature","geometry":{"type":"Polygon","coordinates":[[[-82.546,9.566],[-83.016,9.993],[-83.402,10.395],[-83.656,10.939],[-83.895,10.727],[-84.19,10.793],[-84.356,10.999],[-84.673,11.083],[-84.903,10.952],[-85.562,11.217],[-85.713,11.088],[-85.942,10.895],[-85.659,10.754],[-85.792,10.439],[-85.797,10.135],[-85.661,9.933],[-85.339,9.835],[-85.111,9.557],[-84.911,9.796],[-84.976,10.087],[-84.713,9.908],[-84.648,9.616],[-84.303,9.487],[-83.91,9.291],[-83.633,9.051],[-83.596,8.83],[-83.711,8.657],[-83.508,8.447],[-82.966,8.225],[-82.913,8.424],[-82.83,8.626],[-82.869,8.807],[-82.719,8.926],[-82.927,9.074],[-82.933,9.477],[-82.546,9.566]]]},"properties":{"featurecla":"Admin-0 country","scalerank":1,"LABELRANK":5,"SOVEREIGNT":"Costa Rica","SOV_A3":"CRI","ADM0_DIF":0,"LEVEL":2,"TYPE":"Sovereign country","TLC":"1","ADMIN":"Costa Rica","ADM0_A3":"CRI","GEOU_DIF":0,"GEOUNIT":"Costa Rica","GU_A3":"CRI","SU_DIF":0,"SUBUNIT":"Costa Rica","SU_A3":"CRI","BRK_DIFF":0,"NAME":"Costa Rica","NAME_LONG":"Costa Rica","BRK_A3":"CRI","BRK_NAME":"Costa Rica","BRK_GROUP":"","ABBREV":"C.R.","POSTAL":"CR","FORMAL_EN":"Republic of Costa Rica","FORMAL_FR":"","NAME_CIAWF":"Costa Rica","NOTE_ADM0":"","NOTE_BRK":"","NAME_SORT":"Costa Rica","NAME_ALT":"","MAPCOLOR7":3,"MAPCOLOR8":2,"MAPCOLOR9":4,"MAPCOLOR13":2,"POP_EST":5047561,"POP_RANK":13,"POP_YEAR":2019,"GDP_MD":61801,"GDP_YEAR":2019,"ECONOMY":"5. Emerging region: G20","INCOME_GRP":"3. Upper middle income","FIPS_10":"CS","ISO_A2":"CR","ISO_A2_EH":"CR","ISO_A3":"CRI","ISO_A3_EH":"CRI","ISO_N3":"188","ISO_N3_EH":"188","UN_A3":"188","WB_A2":"CR","WB_A3":"CRI","WOE_ID":23424791,"WOE_ID_EH":23424791,"WOE_NOTE":"Exact WOE match as country","ADM0_ISO":"CRI","ADM0_DIFF":"","ADM0_TLC":"CRI","ADM0_A3_US":"CRI","ADM0_A3_FR":"CRI","ADM0_A3_RU":"CRI","ADM0_A3_ES":"CRI","ADM0_A3_CN":"CRI","ADM0_A3_TW":"CRI","ADM0_A3_IN":"CRI","ADM0_A3_NP":"CRI","ADM0_A3_PK":"CRI","ADM0_A3_DE":"CRI","ADM0_A3_GB":"CRI","ADM0_A3_BR":"CRI","ADM0_A3_IL":"CRI","ADM0_A3_PS":"CRI","ADM0_A3_SA":"CRI","ADM0_A3_EG":"CRI","ADM0_A3_MA":"CRI","ADM0_A3_PT":"CRI","ADM0_A3_AR":"CRI","ADM0_A3_JP":"CRI","ADM0_A3_KO":"CRI","ADM0_A3_VN":"CRI","ADM0_A3_TR":"CRI","ADM0_A3_ID":"CRI","ADM0_A3_PL":"CRI","ADM0_A3_GR":"CRI","ADM0_A3_IT":"CRI","ADM0_A3_NL":"CRI","ADM0_A3_SE":"CRI","ADM0_A3_BD":"CRI","ADM0_A3_UA":"CRI","ADM0_A3_UN":-99,"ADM0_A3_WB":-99,"CONTINENT":"North America","REGION_UN":"Americas","SUBREGION":"Central America","REGION_WB":"Latin America & Caribbean","NAME_LEN":10,"LONG_LEN":10,"ABBREV_LEN":4,"TINY":-99,"HOMEPART":1,"MIN_ZOOM":0,"MIN_LABEL":2.5,"MAX_LABEL":8,"LABEL_X":-84.077922,"LABEL_Y":10.0651,"NE_ID":1159320525,"WIKIDATAID":"Q800","NAME_AR":"كوستاريكا","NAME_BN":"কোস্টা রিকা","NAME_DE":"Costa Rica","NAME_EN":"Costa Rica","NAME_ES":"Costa Rica","NAME_FA":"کاستاریکا","NAME_FR":"Costa Rica","NAME_EL":"Κόστα Ρίκα","NAME_HE":"קוסטה ריקה","NAME_HI":"कोस्टा रीका","NAME_HU":"Costa Rica","NAME_ID":"Kosta Rika","NAME_IT":"Costa Rica","NAME_JA":"コスタリカ","NAME_KO":"코스타리카","NAME_NL":"Costa Rica","NAME_PL":"Kostaryka","NAME_PT":"Costa Rica","NAME_RU":"Коста-Рика","NAME_SV":"Costa Rica","NAME_TR":"Kosta Rika","NAME_UK":"Коста-Рика","NAME_UR":"کوسٹاریکا","NAME_VI":"Costa Rica","NAME_ZH":"哥斯达黎加","NAME_ZHT":"哥斯大黎加","FCLASS_ISO":"Admin-0 country","TLC_DIFF":"","FCLASS_TLC":"Admin-0 country","FCLASS_US":"","FCLASS_FR":"","FCLASS_RU":"","FCLASS_ES":"","FCLASS_CN":"","FCLASS_TW":"","FCLASS_IN":"","FCLASS_NP":"","FCLASS_PK":"","FCLASS_DE":"","FCLASS_GB":"","FCLASS_BR":"","FCLASS_IL":"","FCLASS_PS":"","FCLASS_SA":"","FCLASS_EG":"","FCLASS_MA":"","FCLASS_PT":"","FCLASS_AR":"","FCLASS_JP":"","FCLASS_KO":"","FCLASS_VN":"","FCLASS_TR":"","FCLASS_ID":"","FCLASS_PL":"","FCLASS_GR":"","FCLASS_IT":"","FCLASS_NL":"","FCLASS_SE":"","FCLASS_BD":"","FCLASS_UA":""}},
{"type":"Feature","geometry":{"type":"Polygon","coordinates":[[[-83.656,10.939],[-83.809,11.103],[-83.855,11.373],[-83.651,11.629],[-83.72,11.893],[-83.626,12.321],[-83.473,12.419],[-83.499,12.869],[-83.552,13.127],[-83.52,13.568],[-83.412,13.97],[-83.182,14.311],[-83.284,14.677],[-83.233,14.9],[-83.147,14.996],[-83.49,15.016],[-83.629,14.88],[-83.976,14.749],[-84.228,14.749],[-84.449,14.622],[-84.65,14.667],[-84.82,14.82],[-84.925,14.79],[-85.053,14.552],[-85.149,14.56],[-85.165,14.354],[-85.514,14.079],[-85.699,13.96],[-85.801,13.836],[-86.096,14.038],[-86.312,13.771],[-86.521,13.778],[-86.755,13.755],[-86.734,13.263],[-86.881,13.254],[-87.006,13.026],[-87.317,12.985],[-87.392,12.914],[-87.557,13.065],[-87.668,12.91],[-87.168,12.458],[-86.746,12.144],[-86.526,11.807],[-86.058,11.403],[-85.713,11.088],[-85.562,11.217],[-84.903,10.952],[-84.673,11.083],[-84.356,10.999],[-84.19,10.793],[-83.895,10.727],[-83.656,10.939]]]},"properties":{"featurecla":"Admin-0 country","scalerank":1,"LABELRANK":5,"SOVEREIGNT":"Nicaragua","SOV_A3":"NIC","ADM0_DIF":0,"LEVEL":2,"TYPE":"Sovereign country","TLC":"1","ADMIN":"Nicaragua","ADM0_A3":"NIC","GEOU_DIF":0,"GEOUNIT":"Nicaragua","GU_A3":"NIC","SU_DIF":0,"SUBUNIT":"Nicaragua","SU_A3":"NIC","BRK_DIFF":0,"NAME":"Nicaragua","NAME_LONG":"Nicaragua","BRK_A3":"NIC","BRK_NAME":"Nicaragua","BRK_GROUP":"","ABBREV":"Nic.","POSTAL":"NI","FORMAL_EN":"Republic of Nicaragua","FORMAL_FR":"","NAME_CIAWF":"Nicaragua","NOTE_ADM0":"","NOTE_BRK":"","NAME_SORT":"Nicaragua","NAME_ALT":"","MAPCOLOR7":1,"MAPCOLOR8":4,"MAPCOLOR9":1,"MAPCOLOR13":9,"POP_EST":6545502,"POP_RANK":13,"POP_YEAR":2019,"GDP_MD":12520,"GDP_YEAR":2019,"ECONOMY":"6. Developing region","INCOME_GRP":"4. Lower middle income","FIPS_10":"NU","ISO_A2":"NI","ISO_A2_EH":"NI","ISO_A3":"NIC","ISO_A3_EH":"NIC","ISO_N3":"558","ISO_N3_EH":"558","UN_A3":"558","WB_A2":"NI","WB_A3":"NIC","WOE_ID":23424915,"WOE_ID_EH":23424915,"WOE_NOTE":"Exact WOE match as country","ADM0_ISO":"NIC","ADM0_DIFF":"","ADM0_TLC":"NIC","ADM0_A3_US":"NIC","ADM0_A3_FR":"NIC","ADM0_A3_RU":"NIC","ADM0_A3_ES":"NIC","ADM0_A3_CN":"NIC","ADM0_A3_TW":"NIC","ADM0_A3_IN":"NIC","ADM0_A3_NP":"NIC","ADM0_A3_PK":"NIC","ADM0_A3_DE":"NIC","ADM0_A3_GB":"NIC","ADM0_A3_BR":"NIC","ADM0_A3_IL":"NIC","ADM0_A3_PS":"NIC","ADM0_A3_SA":"NIC","ADM0_A3_EG":"NIC","ADM0_A3_MA":"NIC","ADM0_A3_PT":"NIC","ADM0_A3_AR":"NIC","ADM0_A3_JP":"NIC","ADM0_A3_KO":"NIC","ADM0_A3_VN":"NIC","ADM0_A3_TR":"NIC","ADM0_A3_ID":"NIC","ADM0_A3_PL":"NIC","ADM0_A3_GR":"NIC","ADM0_A3_IT":"NIC","ADM0_A3_NL":"NIC","ADM0_A3_SE":"NIC","ADM0_A3_BD":"NIC","ADM0_A3_UA":"NIC","ADM0_A3_UN":-99,"ADM0_A3_WB":-99,"CONTINENT":"North America","REGION_UN":"Americas","SUBREGION":"Central America","REGION_WB":"Latin America & Caribbean","NAME_LEN":9,"LONG_LEN":9,"ABBREV_LEN":4,"TINY":-99,"HOMEPART":1,"MIN_ZOOM":0,"MIN_LABEL":4,"MAX_LABEL":9,"LABEL_X":-85.069347,"LABEL_Y":12.670697,"NE_ID":1159321091,"WIKIDATAID":"Q811","NAME_AR":"نيكاراغوا","NAME_BN":"নিকারাগুয়া","NAME_DE":"Nicaragua","NAME_EN":"Nicaragua","NAME_ES":"Nicaragua","NAME_FA":"نیکاراگوئه","NAME_FR":"Nicaragua","NAME_EL":"Νικαράγουα","NAME_HE":"ניקרגואה","NAME_HI":"निकारागुआ","NAME_HU":"Nicaragua","NAME_ID":"Nikaragua","NAME_IT":"Nicaragua","NAME_JA":"ニカラグア","NAME_KO":"니카라과","NAME_NL":"Nicaragua","NAME_PL":"Nikaragua","NAME_PT":"Nicarágua","NAME_RU":"Никарагуа","NAME_SV":"Nicaragua","NAME_TR":"Nikaragua","NAME_UK":"Нікарагуа","NAME_UR":"نکاراگوا","NAME_VI":"Nicaragua","NAME_ZH":"尼加拉瓜","NAME_ZHT":"尼加拉瓜","FCLASS_ISO":"Admin-0 country","TLC_DIFF":"","FCLASS_TLC":"Admin-0 country","FCLASS_US":"","FCLASS_FR":"","FCLASS_RU":"","FCLASS_ES":"","FCLASS_CN":"","FCLASS_TW":"","FCLASS_IN":"","FCLASS_NP":"","FCLASS_PK":"","FCLASS_DE":"","FCLASS_GB":"","FCLASS_BR":"","FCLASS_IL":"","FCLASS_PS":"","FCLASS_SA":"","FCLASS_EG":"","FCLASS_MA":"","FCLASS_PT":"","FCLASS_AR":"","FCLASS_JP":"","FCLASS_KO":"","FCLASS_VN":"","FCLASS_TR":"","FCLASS_ID":"","FCLASS_PL":"","FCLASS_GR":"","FCLASS_IT":"","FCLASS_NL":"","FCLASS_SE":"","FCLASS_BD":"","FCLASS_UA":""}},
{"type":"Feature","geometry":{"type":"Polygon","coordinates":[[[-83.147,14.996],[-83.41,15.271],[-83.774,15.424],[-84.063,15.648],[-84.368,15.835],[-84.527,15.857],[-84.984,15.996],[-85.182,15.909],[-85.444,15.886],[-85.683,15.954],[-86.002,16.005],[-86.119,15.893],[-86.441,15.783],[-86.903,15.757],[-87.368,15.847],[-87.523,15.797],[-87.616,15.879],[-87.902,15.864],[-88.121,15.689],[-88.225,15.728],[-88.681,15.346],[-89.155,15.066],[-89.225,14.874],[-89.146,14.678],[-89.353,14.424],[-89.059,14.34],[-88.843,14.141],[-88.541,13.98],[-88.504,13.845],[-88.065,13.965],[-87.86,13.893],[-87.724,13.785],[-87.793,13.384],[-87.489,13.298],[-87.317,12.985],[-87.006,13.026],[-86.881,13.254],[-86.734,13.263],[-86.755,13.755],[-86.521,13.778],[-86.312,13.771],[-86.096,14.038],[-85.801,13.836],[-85.699,13.96],[-85.514,14.079],[-85.165,14.354],[-85.149,14.56],[-85.053,14.552],[-84.925,14.79],[-84.82,14.82],[-84.65,14.667],[-84.449,14.622],[-84.228,14.749],[-83.976,14.749],[-83.629,14.88],[-83.49,15.016],[-83.147,14.996]]]},"properties":{"featurecla":"Admin-0 country","scalerank":1,"LABELRANK":5,"SOVEREIGNT":"Honduras","SOV_A3":"HND","ADM0_DIF":0,"LEVEL":2,"TYPE":"Sovereign country","TLC":"1","ADMIN":"Honduras","ADM0_A3":"HND","GEOU_DIF":0,"GEOUNIT":"Honduras","GU_A3":"HND","SU_DIF":0,"SUBUNIT":"Honduras","SU_A3":"HND","BRK_DIFF":0,"NAME":"Honduras","NAME_LONG":"Honduras","BRK_A3":"HND","BRK_NAME":"Honduras","BRK_GROUP":"","ABBREV":"Hond.","POSTAL":"HN","FORMAL_EN":"Republic of Honduras","FORMAL_FR":"","NAME_CIAWF":"Honduras","NOTE_ADM0":"","NOTE_BRK":"","NAME_SORT":"Honduras","NAME_ALT":"","MAPCOLOR7":2,"MAPCOLOR8":5,"MAPCOLOR9":2,"MAPCOLOR13":5,"POP_EST":9746117,"POP_RANK":13,"POP_YEAR":2019,"GDP_MD":25095,"GDP_YEAR":2019,"ECONOMY":"6. Developing region","INCOME_GRP":"4. Lower middle income","FIPS_10":"HO","ISO_A2":"HN","ISO_A2_EH":"HN","ISO_A3":"HND","ISO_A3_EH":"HND","ISO_N3":"340","ISO_N3_EH":"340","UN_A3":"340","WB_A2":"HN","WB_A3":"HND","WOE_ID":23424841,"WOE_ID_EH":23424841,"WOE_NOTE":"Exact WOE match as country","ADM0_ISO":"HND","ADM0_DIFF":"","ADM0_TLC":"HND","ADM0_A3_US":"HND","ADM0_A3_FR":"HND","ADM0_A3_RU":"HND","ADM0_A3_ES":"HND","ADM0_A3_CN":"HND","ADM0_A3_TW":"HND","ADM0_A3_IN":"HND","ADM0_A3_NP":"HND","ADM0_A3_PK":"HND","ADM0_A3_DE":"HND","ADM0_A3_GB":"HND","ADM0_A3_BR":"HND","ADM0_A3_IL":"HND","ADM0_A3_PS":"HND","ADM0_A3_SA":"HND","ADM0_A3_EG":"HND","ADM0_A3_MA":"HND","ADM0_A3_PT":"HND","ADM0_A3_AR":"HND","ADM0_A3_JP":"HND","ADM0_A3_KO":"HND","ADM0_A3_VN":"HND","ADM0_A3_TR":"HND","ADM0_A3_ID":"HND","ADM0_A3_PL":"HND","ADM0_A3_GR":"HND","ADM0_A3_IT":"HND","ADM0_A3_NL":"HND","ADM0_A3_SE":"HND","ADM0_A3_BD":"HND","ADM0_A3_UA":"HND","ADM0_A3_UN":-99,"ADM0_A3_WB":-99,"CONTINENT":"North America","REGION_UN":"Americas","SUBREGION":"Central America","REGION_WB":"Latin America & Caribbean","NAME_LEN":8,"LONG_LEN":8,"ABBREV_LEN":5,"TINY":-99,"HOMEPART":1,"MIN_ZOOM":0,"MIN_LABEL":4.5,"MAX_LABEL":9.5,"LABEL_X":-86.887604,"LABEL_Y":14.794801,"NE_ID":1159320827,"WIKIDATAID":"Q783","NAME_AR":"هندوراس","NAME_BN":"হন্ডুরাস","NAME_DE":"Honduras","NAME_EN":"Honduras","NAME_ES":"Honduras","NAME_FA":"هندوراس","NAME_FR":"Honduras","NAME_EL":"Ονδούρα","NAME_HE":"הונדורס","NAME_HI":"हौण्डुरस","NAME_HU":"Honduras","NAME_ID":"Honduras","NAME_IT":"Honduras","NAME_JA":"ホンジュラス","NAME_KO":"온두라스","NAME_NL":"Honduras","NAME_PL":"Honduras","NAME_PT":"Honduras","NAME_RU":"Гондурас","NAME_SV":"Honduras","NAME_TR":"Honduras","NAME_UK":"Гондурас","NAME_UR":"ہونڈوراس","NAME_VI":"Honduras","NAME_ZH":"洪都拉斯","NAME_ZHT":"宏都拉斯","FCLASS_ISO":"Admin-0 country","TLC_DIFF":"","FCLASS_TLC":"Admin-0 country","FCLASS_US":"","FCLASS_FR":"","FCLASS_RU":"","FCLASS_ES":"","FCLASS_CN":"","FCLASS_TW":"","FCLASS_IN":"","FCLASS_NP":"","FCLASS_PK":"","FCLASS_DE":"","FCLASS_GB":"","FCLASS_BR":"","FCLASS_IL":"","FCLASS_PS":"","FCLASS_SA":"","FCLASS_EG":"","FCLASS_MA":"","FCLASS_PT":"","FCLASS_AR":"","FCLASS_JP":"","FCLASS_KO":"","FCLASS_VN":"","FCLASS_TR":"","FCLASS_ID":"","FCLASS_PL":"","FCLASS_GR":"","FCLASS_IT":"","FCLASS_NL":"","FCLASS_SE":"","FCLASS_BD":"","FCLASS_UA":""}},
{"type":"Feature","geometry":{"type":"Polygon","coordinates":[[[-89.353,14.424],[-89.587,14.363],[-89.534,14.245],[-89.722,14.134],[-90.065,13.882],[-90.096,13.735],[-89.812,13.521],[-89.257,13.459],[-88.843,13.26],[-88.483,13.164],[-87.904,13.149],[-87.793,13.384],[-87.724,13.785],[-87.86,13.893],[-88.065,13.965],[-88.504,13.845],[-88.541,13.98],[-88.843,14.141],[-89.059,14.34],[-89.353,14.424]]]},"properties":{"featurecla":"Admin-0 country","scalerank":1,"LABELRANK":6,"SOVEREIGNT":"El Salvador","SOV_A3":"SLV","ADM0_DIF":0,"LEVEL":2,"TYPE":"Sovereign country","TLC":"1","ADMIN":"El Salvador","ADM0_A3":"SLV","GEOU_DIF":0,"GEOUNIT":"El Salvador","GU_A3":"SLV","SU_DIF":0,"SUBUNIT":"El Salvador","SU_A3":"SLV","BRK_DIFF":0,"NAME":"El Salvador","NAME_LONG":"El Salvador","BRK_A3":"SLV","BRK_NAME":"El Salvador","BRK_GROUP":"","ABBREV":"El. S.","POSTAL":"SV","FORMAL_EN":"Republic of El Salvador","FORMAL_FR":"","NAME_CIAWF":"El Salvador","NOTE_ADM0":"","NOTE_BRK":"","NAME_SORT":"El Salvador","NAME_ALT":"","MAPCOLOR7":1,"MAPCOLOR8":4,"MAPCOLOR9":6,"MAPCOLOR13":8,"POP_EST":6453553,"POP_RANK":13,"POP_YEAR":2019,"GDP_MD":27022,"GDP_YEAR":2019,"ECONOMY":"6. Developing region","INCOME_GRP":"4. Lower middle income","FIPS_10":"ES","ISO_A2":"SV","ISO_A2_EH":"SV","ISO_A3":"SLV","ISO_A3_EH":"SLV","ISO_N3":"222","ISO_N3_EH":"222","UN_A3":"222","WB_A2":"SV","WB_A3":"SLV","WOE_ID":23424807,"WOE_ID_EH":23424807,"WOE_NOTE":"Exact WOE match as country","ADM0_ISO":"SLV","ADM0_DIFF":"","ADM0_TLC":"SLV","ADM0_A3_US":"SLV","ADM0_A3_FR":"SLV","ADM0_A3_RU":"SLV","ADM0_A3_ES":"SLV","ADM0_A3_CN":"SLV","ADM0_A3_TW":"SLV","ADM0_A3_IN":"SLV","ADM0_A3_NP":"SLV","ADM0_A3_PK":"SLV","ADM0_A3_DE":"SLV","ADM0_A3_GB":"SLV","ADM0_A3_BR":"SLV","ADM0_A3_IL":"SLV","ADM0_A3_PS":"SLV","ADM0_A3_SA":"SLV","ADM0_A3_EG":"SLV","ADM0_A3_MA":"SLV","ADM0_A3_PT":"SLV","ADM0_A3_AR":"SLV","ADM0_A3_JP":"SLV","ADM0_A3_KO":"SLV","ADM0_A3_VN":"SLV","ADM0_A3_TR":"SLV","ADM0_A3_ID":"SLV","ADM0_A3_PL":"SLV","ADM0_A3_GR":"SLV","ADM0_A3_IT":"SLV","ADM0_A3_NL":"SLV","ADM0_A3_SE":"SLV","ADM0_A3_BD":"SLV","ADM0_A3_UA":"SLV","ADM0_A3_UN":-99,"ADM0_A3_WB":-99,"CONTINENT":"North America","REGION_UN":"Americas","SUBREGION":"Central America","REGION_WB":"Latin America & Caribbean","NAME_LEN":11,"LONG_LEN":11,"ABBREV_LEN":6,"TINY":-99,"HOMEPART":1,"MIN_ZOOM":0,"MIN_LABEL":5,"MAX_LABEL":10,"LABEL_X":-88.890124,"LABEL_Y":13.685371,"NE_ID":1159321253,"WIKIDATAID":"Q792","NAME_AR":"السلفادور","NAME_BN":"এল সালভাদোর","NAME_DE":"El Salvador","NAME_EN":"El Salvador","NAME_ES":"El Salvador","NAME_FA":"السالوادور","NAME_FR":"Salvador","NAME_EL":"Ελ Σαλβαδόρ","NAME_HE":"אל סלוודור","NAME_HI":"अल साल्वाडोर","NAME_HU":"Salvador","NAME_ID":"El Salvador","NAME_IT":"El Salvador","NAME_JA":"エルサルバドル","NAME_KO":"엘살바도르","NAME_NL":"El Salvador","NAME_PL":"Salwador","NAME_PT":"El Salvador","NAME_RU":"Сальвадор","NAME_SV":"El Salvador","NAME_TR":"El Salvador","NAME_UK":"Сальвадор","NAME_UR":"ایل سیلواڈور","NAME_VI":"El Salvador","NAME_ZH":"萨尔瓦多","NAME_ZHT":"薩爾瓦多","FCLASS_ISO":"Admin-0 country","TLC_DIFF":"","FCLASS_TLC":"Admin-0 country","FCLASS_US":"","FCLASS_FR":"","FCLASS_RU":"","FCLASS_ES":"","FCLASS_CN":"","FCLASS_TW":"","FCLASS_IN":"","FCLASS_NP":"","FCLASS_PK":"","FCLASS_DE":"","FCLASS_GB":"","FCLASS_BR":"","FCLASS_IL":"","FCLASS_PS":"","FCLASS_SA":"","FCLASS_EG":"","FCLASS_MA":"","FCLASS_PT":"","FCLASS_AR":"","FCLASS_JP":"","FCLASS_KO":"","FCLASS_VN":"","FCLASS_TR":"","FCLASS_ID":"","FCLASS_PL":"","FCLASS_GR":"","FCLASS_IT":"","FCLASS_NL":"","FCLASS_SE":"","FCLASS_BD":"","FCLASS_UA":""}},
{"type":"Feature","geometry":{"type":"Polygon","coordinates":[[[-92.228,14.539],[-91.69,14.126],[-91.232,13.928],[-90.609,13.91],[-90.096,13.735],[-90.065,13.882],[-89.722,14.134],[-89.534,14.245],[-89.587,14.363],[-89.353,14.424],[-89.146,14.678],[-89.225,14.874],[-89.155,15.066],[-88.681,15.346],[-88.225,15.728],[-88.518,15.855],[-88.605,15.706],[-88.931,15.887],[-89.229,15.887],[-89.151,17.016],[-89.143,17.808],[-90.068,17.819],[-91.002,17.818],[-91.002,17.255],[-91.454,17.252],[-91.082,16.918],[-90.712,16.687],[-90.601,16.471],[-90.439,16.41],[-90.464,16.07],[-91.748,16.067],[-92.229,15.251],[-92.087,15.065],[-92.203,14.83],[-92.228,14.539]]]},"properties":{"featurecla":"Admin-0 country","scalerank":1,"LABELRANK":3,"SOVEREIGNT":"Guatemala","SOV_A3":"GTM","ADM0_DIF":0,"LEVEL":2,"TYPE":"Sovereign country","TLC":"1","ADMIN":"Guatemala","ADM0_A3":"GTM","GEOU_DIF":0,"GEOUNIT":"Guatemala","GU_A3":"GTM","SU_DIF":0,"SUBUNIT":"Guatemala","SU_A3":"GTM","BRK_DIFF":0,"NAME":"Guatemala","NAME_LONG":"Guatemala","BRK_A3":"GTM","BRK_NAME":"Guatemala","BRK_GROUP":"","ABBREV":"Guat.","POSTAL":"GT","FORMAL_EN":"Republic of Guatemala","FORMAL_FR":"","NAME_CIAWF":"Guatemala","NOTE_ADM0":"","NOTE_BRK":"","NAME_SORT":"Guatemala","NAME_ALT":"","MAPCOLOR7":3,"MAPCOLOR8":3,"MAPCOLOR9":3,"MAPCOLOR13":6,"POP_EST":16604026,"POP_RANK":14,"POP_YEAR":2019,"GDP_MD":76710,"GDP_YEAR":2019,"ECONOMY":"6. Developing region","INCOME_GRP":"4. Lower middle income","FIPS_10":"GT","ISO_A2":"GT","ISO_A2_EH":"GT","ISO_A3":"GTM","ISO_A3_EH":"GTM","ISO_N3":"320","ISO_N3_EH":"320","UN_A3":"320","WB_A2":"GT","WB_A3":"GTM","WOE_ID":23424834,"WOE_ID_EH":23424834,"WOE_NOTE":"Exact WOE match as country","ADM0_ISO":"GTM","ADM0_DIFF":"","ADM0_TLC":"GTM","ADM0_A3_US":"GTM","ADM0_A3_FR":"GTM","ADM0_A3_RU":"GTM","ADM0_A3_ES":"GTM","ADM0_A3_CN":"GTM","ADM0_A3_TW":"GTM","ADM0_A3_IN":"GTM","ADM0_A3_NP":"GTM","ADM0_A3_PK":"GTM","ADM0_A3_DE":"GTM","ADM0_A3_GB":"GTM","ADM0_A3_BR":"GTM","ADM0_A3_IL":"GTM","ADM0_A3_PS":"GTM","ADM0_A3_SA":"GTM","ADM0_A3_EG":"GTM","ADM0_A3_MA":"GTM","ADM0_A3_PT":"GTM","ADM0_A3_AR":"GTM","ADM0_A3_JP":"GTM","ADM0_A3_KO":"GTM","ADM0_A3_VN":"GTM","ADM0_A3_TR":"GTM","ADM0_A3_ID":"GTM","ADM0_A3_PL":"GTM","ADM0_A3_GR":"GTM","ADM0_A3_IT":"GTM","ADM0_A3_NL":"GTM","ADM0_A3_SE":"GTM","ADM0_A3_BD":"GTM","ADM0_A3_UA":"GTM","ADM0_A3_UN":-99,"ADM0_A3_WB":-99,"CONTINENT":"North America","REGION_UN":"Americas","SUBREGION":"Central America","REGION_WB":"Latin America & Caribbean","NAME_LEN":9,"LONG_LEN":9,"ABBREV_LEN":5,"TINY":4,"HOMEPART":1,"MIN_ZOOM":0,"MIN_LABEL":3,"MAX_LABEL":8,"LABEL_X":-90.497134,"LABEL_Y":14.982133,"NE_ID":1159320815,"WIKIDATAID":"Q774","NAME_AR":"غواتيمالا","NAME_BN":"গুয়াতেমালা","NAME_DE":"Guatemala","NAME_EN":"Guatemala","NAME_ES":"Guatemala","NAME_FA":"گواتمالا","NAME_FR":"Guatemala","NAME_EL":"Γουατεμάλα","NAME_HE":"גואטמלה","NAME_HI":"ग्वाटेमाला","NAME_HU":"Guatemala","NAME_ID":"Guatemala","NAME_IT":"Guatemala","NAME_JA":"グアテマラ","NAME_KO":"과테말라","NAME_NL":"Guatemala","NAME_PL":"Gwatemala","NAME_PT":"Guatemala","NAME_RU":"Гватемала","NAME_SV":"Guatemala","NAME_TR":"Guatemala","NAME_UK":"Гватемала","NAME_UR":"گواتیمالا","NAME_VI":"Guatemala","NAME_ZH":"危地马拉","NAME_ZHT":"瓜地馬拉","FCLASS_ISO":"Admin-0 country","TLC_DIFF":"","FCLASS_TLC":"Admin-0 country","FCLASS_US":"","FCLASS_FR":"","FCLASS_RU":"","FCLASS_ES":"","FCLASS_CN":"","FCLASS_TW":"","FCLASS_IN":"","FCLASS_NP":"","FCLASS_PK":"","FCLASS_DE":"","FCLASS_GB":"","FCLASS_BR":"","FCLASS_IL":"","FCLASS_PS":"","FCLASS_SA":"","FCLASS_EG":"","FCLASS_MA":"","FCLASS_PT":"","FCLASS_AR":"","FCLASS_JP":"","FCLASS_KO":"","FCLASS_VN":"","FCLASS_TR":"","FCLASS_ID":"","FCLASS_PL":"","FCLASS_GR":"","FCLASS_IT":"","FCLASS_NL":"","FCLASS_SE":"","FCLASS_BD":"","FCLASS_UA":""}},
{"type":"Feature","geometry":{"type":"Polygon","coordinates":[[[-89.143,17.808],[-89.151,17.016],[-89.229,15.887],[-88.931,15.887],[-88.732,16.234],[-88.552,16.265],[-88.355,16.531],[-88.24,17.036],[-88.303,17.132],[-88.198,17.489],[-88.285,17.644],[-88.123,18.077],[-88.107,18.349],[-88.296,18.353],[-88.3,18.5],[-88.49,18.487],[-88.848,17.883],[-89.03,18.002],[-89.151,17.955],[-89.143,17.808]]]},"properties":{"featurecla":"Admin-0 country","scalerank":1,"LABELRANK":6,"SOVEREIGNT":"Belize","SOV_A3":"BLZ","ADM0_DIF":0,"LEVEL":2,"TYPE":"Sovereign country","TLC":"1","ADMIN":"Belize","ADM0_A3":"BLZ","GEOU_DIF":0,"GEOUNIT":"Belize","GU_A3":"BLZ","SU_DIF":0,"SUBUNIT":"Belize","SU_A3":"BLZ","BRK_DIFF":0,"NAME":"Belize","NAME_LONG":"Belize","BRK_A3":"BLZ","BRK_NAME":"Belize","BRK_GROUP":"","ABBREV":"Belize","POSTAL":"BZ","FORMAL_EN":"Belize","FORMAL_FR":"","NAME_CIAWF":"Belize","NOTE_ADM0":"","NOTE_BRK":"","NAME_SORT":"Belize","NAME_ALT":"","MAPCOLOR7":1,"MAPCOLOR8":4,"MAPCOLOR9":5,"MAPCOLOR13":7,"POP_EST":390353,"POP_RANK":10,"POP_YEAR":2019,"GDP_MD":1879,"GDP_YEAR":2019,"ECONOMY":"6. Developing region","INCOME_GRP":"4. Lower middle income","FIPS_10":"BH","ISO_A2":"BZ","ISO_A2_EH":"BZ","ISO_A3":"BLZ","ISO_A3_EH":"BLZ","ISO_N3":"084","ISO_N3_EH":"084","UN_A3":"084","WB_A2":"BZ","WB_A3":"BLZ","WOE_ID":23424760,"WOE_ID_EH":23424760,"WOE_NOTE":"Exact WOE match as country","ADM0_ISO":"BLZ","ADM0_DIFF":"","ADM0_TLC":"BLZ","ADM0_A3_US":"BLZ","ADM0_A3_FR":"BLZ","ADM0_A3_RU":"BLZ","ADM0_A3_ES":"BLZ","ADM0_A3_CN":"BLZ","ADM0_A3_TW":"BLZ","ADM0_A3_IN":"BLZ","ADM0_A3_NP":"BLZ","ADM0_A3_PK":"BLZ","ADM0_A3_DE":"BLZ","ADM0_A3_GB":"BLZ","ADM0_A3_BR":"BLZ","ADM0_A3_IL":"BLZ","ADM0_A3_PS":"BLZ","ADM0_A3_SA":"BLZ","ADM0_A3_EG":"BLZ","ADM0_A3_MA":"BLZ","ADM0_A3_PT":"BLZ","ADM0_A3_AR":"BLZ","ADM0_A3_JP":"BLZ","ADM0_A3_KO":"BLZ","ADM0_A3_VN":"BLZ","ADM0_A3_TR":"BLZ","ADM0_A3_ID":"BLZ","ADM0_A3_PL":"BLZ","ADM0_A3_GR":"BLZ","ADM0_A3_IT":"BLZ","ADM0_A3_NL":"BLZ","ADM0_A3_SE":"BLZ","ADM0_A3_BD":"BLZ","ADM0_A3_UA":"BLZ","ADM0_A3_UN":-99,"ADM0_A3_WB":-99,"CONTINENT":"North America","REGION_UN":"Americas","SUBREGION":"Central America","REGION_WB":"Latin America & Caribbean","NAME_LEN":6,"LONG_LEN":6,"ABBREV_LEN":6,"TINY":-99,"HOMEPART":1,"MIN_ZOOM":0,"MIN_LABEL":5,"MAX_LABEL":10,"LABEL_X":-88.712962,"LABEL_Y":17.202068,"NE_ID":1159320431,"WIKIDATAID":"Q242","NAME_AR":"بليز","NAME_BN":"বেলিজ","NAME_DE":"Belize","NAME_EN":"Belize","NAME_ES":"Belice","NAME_FA":"بلیز","NAME_FR":"Belize","NAME_EL":"Μπελίζ","NAME_HE":"בליז","NAME_HI":"बेलीज़","NAME_HU":"Belize","NAME_ID":"Belize","NAME_IT":"Belize","NAME_JA":"ベリーズ","NAME_KO":"벨리즈","NAME_NL":"Belize","NAME_PL":"Belize","NAME_PT":"Belize","NAME_RU":"Белиз","NAME_SV":"Belize","NAME_TR":"Belize","NAME_UK":"Беліз","NAME_UR":"بیلیز","NAME_VI":"Belize","NAME_ZH":"伯利兹","NAME_ZHT":"貝里斯","FCLASS_ISO":"Admin-0 country","TLC_DIFF":"","FCLASS_TLC":"Admin-0 country","FCLASS_US":"","FCLASS_FR":"","FCLASS_RU":"","FCLASS_ES":"","FCLASS_CN":"","FCLASS_TW":"","FCLASS_IN":"","FCLASS_NP":"","FCLASS_PK":"","FCLASS_DE":"","FCLASS_GB":"","FCLASS_BR":"","FCLASS_IL":"","FCLASS_PS":"","FCLASS_SA":"","FCLASS_EG":"","FCLASS_MA":"","FCLASS_PT":"","FCLASS_AR":"","FCLASS_JP":"","FCLASS_KO":"","FCLASS_VN":"","FCLASS_TR":"","FCLASS_ID":"","FCLASS_PL":"","FCLASS_GR":"","FCLASS_IT":"","FCLASS_NL":"","FCLASS_SE":"","FCLASS_BD":"","FCLASS_UA":""}},
{"type":"Feature","geometry":{"type":"Polygon","coordinates":[[[-60.734,5.2],[-61.41,5.959],[-61.139,6.234],[-61.159,6.696],[-60.544,6.857],[-60.296,7.044],[-60.638,7.415],[-60.551,7.78],[-59.758,8.367],[-60.15,8.603],[-60.671,8.58],[-60.831,9.381],[-61.589,9.873],[-62.389,9.948],[-62.73,10.42],[-61.881,10.716],[-63.079,10.702],[-64.318,10.641],[-64.329,10.39],[-64.89,10.077],[-65.655,10.201],[-66.228,10.649],[-67.296,10.546],[-68.194,10.555],[-68.233,10.886],[-68.883,11.443],[-69.584,11.46],[-69.943,12.162],[-70.294,11.847],[-70.155,11.375],[-71.401,10.969],[-71.35,10.212],[-71.04,9.86],[-71.265,9.137],[-71.696,9.072],[-72.074,9.866],[-71.633,10.446],[-71.621,10.969],[-71.947,11.423],[-71.36,11.54],[-71.332,11.776],[-71.974,11.609],[-72.228,11.109],[-72.615,10.822],[-72.905,10.45],[-73.028,9.737],[-73.305,9.152],[-72.789,9.085],[-72.66,8.625],[-72.44,8.405],[-72.361,8.003],[-72.48,7.633],[-72.444,7.424],[-72.198,7.34],[-71.96,6.992],[-70.674,7.088],[-70.093,6.96],[-69.389,6.1],[-68.985,6.207],[-68.265,6.153],[-67.695,6.267],[-67.341,6.095],[-67.522,5.557],[-67.745,5.221],[-67.823,4.504],[-67.622,3.839],[-67.338,3.542],[-67.303,3.318],[-67.81,2.821],[-67.447,2.6],[-67.181,2.251],[-66.876,1.253],[-66.326,0.724],[-65.548,0.789],[-65.355,1.095],[-64.611,1.329],[-64.199,1.493],[-64.083,1.916],[-63.369,2.201],[-63.423,2.411],[-64.27,2.497],[-64.409,3.127],[-64.368,3.797],[-64.816,4.056],[-64.629,4.148],[-63.888,4.021],[-63.093,3.771],[-62.805,4.007],[-62.085,4.162],[-60.967,4.536],[-60.601,4.918],[-60.734,5.2]]]},"properties":{"featurecla":"Admin-0 country","scalerank":1,"LABELRANK":3,"SOVEREIGNT":"Venezuela","SOV_A3":"VEN","ADM0_DIF":0,"LEVEL":2,"TYPE":"Sovereign country","TLC":"1","ADMIN":"Venezuela","ADM0_A3":"VEN","GEOU_DIF":0,"GEOUNIT":"Venezuela","GU_A3":"VEN","SU_DIF":0,"SUBUNIT":"Venezuela","SU_A3":"VEN","BRK_DIFF":0,"NAME":"Venezuela","NAME_LONG":"Venezuela","BRK_A3":"VEN","BRK_NAME":"Venezuela","BRK_GROUP":"","ABBREV":"Ven.","POSTAL":"VE","FORMAL_EN":"Bolivarian Republic of Venezuela","FORMAL_FR":"República Bolivariana de Venezuela","NAME_CIAWF":"Venezuela","NOTE_ADM0":"","NOTE_BRK":"","NAME_SORT":"Venezuela, RB","NAME_ALT":"","MAPCOLOR7":1,"MAPCOLOR8":3,"MAPCOLOR9":1,"MAPCOLOR13":4,"POP_EST":28515829,"POP_RANK":15,"POP_YEAR":2019,"GDP_MD":482359,"GDP_YEAR":2014,"ECONOMY":"5. Emerging region: G20","INCOME_GRP":"3. Upper middle income","FIPS_10":"VE","ISO_A2":"VE","ISO_A2_EH":"VE","ISO_A3":"VEN","ISO_A3_EH":"VEN","ISO_N3":"862","ISO_N3_EH":"862","UN_A3":"862","WB_A2":"VE","WB_A3":"VEN","WOE_ID":23424982,"WOE_ID_EH":23424982,"WOE_NOTE":"Exact WOE match as country","ADM0_ISO":"VEN","ADM0_DIFF":"","ADM0_TLC":"VEN","ADM0_A3_US":"VEN","ADM0_A3_FR":"VEN","ADM0_A3_RU":"VEN","ADM0_A3_ES":"VEN","ADM0_A3_CN":"VEN","ADM0_A3_TW":"VEN","ADM0_A3_IN":"VEN","ADM0_A3_NP":"VEN","ADM0_A3_PK":"VEN","ADM0_A3_DE":"VEN","ADM0_A3_GB":"VEN","ADM0_A3_BR":"VEN","ADM0_A3_IL":"VEN","ADM0_A3_PS":"VEN","ADM0_A3_SA":"VEN","ADM0_A3_EG":"VEN","ADM0_A3_MA":"VEN","ADM0_A3_PT":"VEN","ADM0_A3_AR":"VEN","ADM0_A3_JP":"VEN","ADM0_A3_KO":"VEN","ADM0_A3_VN":"VEN","ADM0_A3_TR":"VEN","ADM0_A3_ID":"VEN","ADM0_A3_PL":"VEN","ADM0_A3_GR":"VEN","ADM0_A3_IT":"VEN","ADM0_A3_NL":"VEN","ADM0_A3_SE":"VEN","ADM0_A3_BD":"VEN","ADM0_A3_UA":"VEN","ADM0_A3_UN":-99,"ADM0_A3_WB":-99,"CONTINENT":"South America","REGION_UN":"Americas","SUBREGION":"South America","REGION_WB":"Latin America & Caribbean","NAME_LEN":9,"LONG_LEN":9,"ABBREV_LEN":4,"TINY":-99,"HOMEPART":1,"MIN_ZOOM":0,"MIN_LABEL":2.5,"MAX_LABEL":7.5,"LABEL_X":-64.599381,"LABEL_Y":7.182476,"NE_ID":1159321411,"WIKIDATAID":"Q717","NAME_AR":"فنزويلا","NAME_BN":"ভেনেজুয়েলা","NAME_DE":"Venezuela","NAME_EN":"Venezuela","NAME_ES":"Venezuela","NAME_FA":"ونزوئلا","NAME_FR":"Venezuela","NAME_EL":"Βενεζουέλα","NAME_HE":"ונצואלה","NAME_HI":"वेनेज़ुएला","NAME_HU":"Venezuela","NAME_ID":"Venezuela","NAME_IT":"Venezuela","NAME_JA":"ベネズエラ","NAME_KO":"베네수엘라","NAME_NL":"Venezuela","NAME_PL":"Wenezuela","NAME_PT":"Venezuela","NAME_RU":"Венесуэла","NAME_SV":"Venezuela","NAME_TR":"Venezuela","NAME_UK":"Венесуела","NAME_UR":"وینیزویلا","NAME_VI":"Venezuela","NAME_ZH":"委内瑞拉","NAME_ZHT":"委內瑞拉","FCLASS_ISO":"Admin-0 country","TLC_DIFF":"","FCLASS_TLC":"Admin-0 country","FCLASS_US":"","FCLASS_FR":"","FCLASS_RU":"","FCLASS_ES":"","FCLASS_CN":"","FCLASS_TW":"","FCLASS_IN":"","FCLASS_NP":"","FCLASS_PK":"","FCLASS_DE":"","FCLASS_GB":"","FCLASS_BR":"","FCLASS_IL":"","FCLASS_PS":"","FCLASS_SA":"","FCLASS_EG":"","FCLASS_MA":"","FCLASS_PT":"","FCLASS_AR":"","FCLASS_JP":"","FCLASS_KO":"","FCLASS_VN":"","FCLASS_TR":"","FCLASS_ID":"","FCLASS_PL":"","FCLASS_GR":"","FCLASS_IT":"","FCLASS_NL":"","FCLASS_SE":"","FCLASS_BD":"","FCLASS_UA":""}},
{"type":"Feature","geometry":{"type":"Polygon","coordinates":[[[-56.539,1.9],[-57.15,2.769],[-57.281,3.333],[-57.602,3.335],[-58.045,4.061],[-57.86,4.577],[-57.914,4.813],[-57.307,5.074],[-57.147,5.973],[-57.542,6.321],[-58.078,6.809],[-58.455,6.833],[-58.483,7.348],[-59.102,7.999],[-59.758,8.367],[-60.551,7.78],[-60.638,7.415],[-60.296,7.044],[-60.544,6.857],[-61.159,6.696],[-61.139,6.234],[-61.41,5.959],[-60.734,5.2],[-60.214,5.244],[-59.981,5.014],[-60.111,4.575],[-59.767,4.424],[-59.538,3.959],[-59.815,3.606],[-59.975,2.755],[-59.719,2.25],[-59.646,1.787],[-59.031,1.318],[-58.54,1.268],[-58.429,1.464],[-58.113,1.507],[-57.661,1.683],[-57.336,1.949],[-56.783,1.864],[-56.539,1.9]]]},"properties":{"featurecla":"Admin-0 country","scalerank":1,"LABELRANK":4,"SOVEREIGNT":"Guyana","SOV_A3":"GUY","ADM0_DIF":0,"LEVEL":2,"TYPE":"Sovereign country","TLC":"1","ADMIN":"Guyana","ADM0_A3":"GUY","GEOU_DIF":0,"GEOUNIT":"Guyana","GU_A3":"GUY","SU_DIF":0,"SUBUNIT":"Guyana","SU_A3":"GUY","BRK_DIFF":0,"NAME":"Guyana","NAME_LONG":"Guyana","BRK_A3":"GUY","BRK_NAME":"Guyana","BRK_GROUP":"","ABBREV":"Guy.","POSTAL":"GY","FORMAL_EN":"Co-operative Republic of Guyana","FORMAL_FR":"","NAME_CIAWF":"Guyana","NOTE_ADM0":"","NOTE_BRK":"","NAME_SORT":"Guyana","NAME_ALT":"","MAPCOLOR7":3,"MAPCOLOR8":1,"MAPCOLOR9":4,"MAPCOLOR13":8,"POP_EST":782766,"POP_RANK":11,"POP_YEAR":2019,"GDP_MD":5173,"GDP_YEAR":2019,"ECONOMY":"6. Developing region","INCOME_GRP":"4. Lower middle income","FIPS_10":"GY","ISO_A2":"GY","ISO_A2_EH":"GY","ISO_A3":"GUY","ISO_A3_EH":"GUY","ISO_N3":"328","ISO_N3_EH":"328","UN_A3":"328","WB_A2":"GY","WB_A3":"GUY","WOE_ID":23424836,"WOE_ID_EH":23424836,"WOE_NOTE":"Exact WOE match as country","ADM0_ISO":"GUY","ADM0_DIFF":"","ADM0_TLC":"GUY","ADM0_A3_US":"GUY","ADM0_A3_FR":"GUY","ADM0_A3_RU":"GUY","ADM0_A3_ES":"GUY","ADM0_A3_CN":"GUY","ADM0_A3_TW":"GUY","ADM0_A3_IN":"GUY","ADM0_A3_NP":"GUY","ADM0_A3_PK":"GUY","ADM0_A3_DE":"GUY","ADM0_A3_GB":"GUY","ADM0_A3_BR":"GUY","ADM0_A3_IL":"GUY","ADM0_A3_PS":"GUY","ADM0_A3_SA":"GUY","ADM0_A3_EG":"GUY","ADM0_A3_MA":"GUY","ADM0_A3_PT":"GUY","ADM0_A3_AR":"GUY","ADM0_A3_JP":"GUY","ADM0_A3_KO":"GUY","ADM0_A3_VN":"GUY","ADM0_A3_TR":"GUY","ADM0_A3_ID":"GUY","ADM0_A3_PL":"GUY","ADM0_A3_GR":"GUY","ADM0_A3_IT":"GUY","ADM0_A3_NL":"GUY","ADM0_A3_SE":"GUY","ADM0_A3_BD":"GUY","ADM0_A3_UA":"GUY","ADM0_A3_UN":-99,"ADM0_A3_WB":-99,"CONTINENT":"South America","REGION_UN":"Americas","SUBREGION":"South America","REGION_WB":"Latin America & Caribbean","NAME_LEN":6,"LONG_LEN":6,"ABBREV_LEN":4,"TINY":-99,"HOMEPART":1,"MIN_ZOOM":0,"MIN_LABEL":4,"MAX_LABEL":9,"LABEL_X":-58.942643,"LABEL_Y":5.124317,"NE_ID":1159320817,"WIKIDATAID":"Q734","NAME_AR":"غيانا","NAME_BN":"গায়ানা","NAME_DE":"Guyana","NAME_EN":"Guyana","NAME_ES":"Guyana","NAME_FA":"گویان","NAME_FR":"Guyana","NAME_EL":"Γουιάνα","NAME_HE":"גיאנה","NAME_HI":"गयाना","NAME_HU":"Guyana","NAME_ID":"Guyana","NAME_IT":"Guyana","NAME_JA":"ガイアナ","NAME_KO":"가이아나","NAME_NL":"Guyana","NAME_PL":"Gujana","NAME_PT":"Guiana","NAME_RU":"Гайана","NAME_SV":"Guyana","NAME_TR":"Guyana","NAME_UK":"Гаяна","NAME_UR":"گیانا","NAME_VI":"Guyana","NAME_ZH":"圭亚那","NAME_ZHT":"圭亞那","FCLASS_ISO":"Admin-0 country","TLC_DIFF":"","FCLASS_TLC":"Admin-0 country","FCLASS_US":"","FCLASS_FR":"","FCLASS_RU":"","FCLASS_ES":"","FCLASS_CN":"","FCLASS_TW":"","FCLASS_IN":"","FCLASS_NP":"","FCLASS_PK":"","FCLASS_DE":"","FCLASS_GB":"","FCLASS_BR":"","FCLASS_IL":"","FCLASS_PS":"","FCLASS_SA":"","FCLASS_EG":"","FCLASS_MA":"","FCLASS_PT":"","FCLASS_AR":"","FCLASS_JP":"","FCLASS_KO":"","FCLASS_VN":"","FCLASS_TR":"","FCLASS_ID":"","FCLASS_PL":"","FCLASS_GR":"","FCLASS_IT":"","FCLASS_NL":"","FCLASS_SE":"","FCLASS_BD":"","FCLASS_UA":""}},
{"type":"Feature","geometry":{"type":"Polygon","coordinates":[[[-54.525,2.312],[-54.27,2.732],[-54.182,3.19],[-54.007,3.62],[-54.4,4.213],[-54.479,4.897],[-53.958,5.757],[-55.033,6.025],[-55.842,5.953],[-55.949,5.773],[-57.147,5.973],[-57.307,5.074],[-57.914,4.813],[-57.86,4.577],[-58.045,4.061],[-57.602,3.335],[-57.281,3.333],[-57.15,2.769],[-56.539,1.9],[-55.996,1.818],[-55.906,2.022],[-56.073,2.221],[-55.973,2.51],[-55.57,2.422],[-55.098,2.524],[-54.525,2.312]]]},"properties":{"featurecla":"Admin-0 country","scalerank":1,"LABELRANK":4,"SOVEREIGNT":"Suriname","SOV_A3":"SUR","ADM0_DIF":0,"LEVEL":2,"TYPE":"Sovereign country","TLC":"1","ADMIN":"Suriname","ADM0_A3":"SUR","GEOU_DIF":0,"GEOUNIT":"Suriname","GU_A3":"SUR","SU_DIF":0,"SUBUNIT":"Suriname","SU_A3":"SUR","BRK_DIFF":0,"NAME":"Suriname","NAME_LONG":"Suriname","BRK_A3":"SUR","BRK_NAME":"Suriname","BRK_GROUP":"","ABBREV":"Sur.","POSTAL":"SR","FORMAL_EN":"Republic of Suriname","FORMAL_FR":"","NAME_CIAWF":"Suriname","NOTE_ADM0":"","NOTE_BRK":"","NAME_SORT":"Suriname","NAME_ALT":"","MAPCOLOR7":1,"MAPCOLOR8":4,"MAPCOLOR9":7,"MAPCOLOR13":6,"POP_EST":581363,"POP_RANK":11,"POP_YEAR":2019,"GDP_MD":3697,"GDP_YEAR":2019,"ECONOMY":"6. Developing region","INCOME_GRP":"3. Upper middle income","FIPS_10":"NS","ISO_A2":"SR","ISO_A2_EH":"SR","ISO_A3":"SUR","ISO_A3_EH":"SUR","ISO_N3":"740","ISO_N3_EH":"740","UN_A3":"740","WB_A2":"SR","WB_A3":"SUR","WOE_ID":23424913,"WOE_ID_EH":23424913,"WOE_NOTE":"Exact WOE match as country","ADM0_ISO":"SUR","ADM0_DIFF":"","ADM0_TLC":"SUR","ADM0_A3_US":"SUR","ADM0_A3_FR":"SUR","ADM0_A3_RU":"SUR","ADM0_A3_ES":"SUR","ADM0_A3_CN":"SUR","ADM0_A3_TW":"SUR","ADM0_A3_IN":"SUR","ADM0_A3_NP":"SUR","ADM0_A3_PK":"SUR","ADM0_A3_DE":"SUR","ADM0_A3_GB":"SUR","ADM0_A3_BR":"SUR","ADM0_A3_IL":"SUR","ADM0_A3_PS":"SUR","ADM0_A3_SA":"SUR","ADM0_A3_EG":"SUR","ADM0_A3_MA":"SUR","ADM0_A3_PT":"SUR","ADM0_A3_AR":"SUR","ADM0_A3_JP":"SUR","ADM0_A3_KO":"SUR","ADM0_A3_VN":"SUR","ADM0_A3_TR":"SUR","ADM0_A3_ID":"SUR","ADM0_A3_PL":"SUR","ADM0_A3_GR":"SUR","ADM0_A3_IT":"SUR","ADM0_A3_NL":"SUR","ADM0_A3_SE":"SUR","ADM0_A3_BD":"SUR","ADM0_A3_UA":"SUR","ADM0_A3_UN":-99,"ADM0_A3_WB":-99,"CONTINENT":"South America","REGION_UN":"Americas","SUBREGION":"South America","REGION_WB":"Latin America & Caribbean","NAME_LEN":8,"LONG_LEN":8,"ABBREV_LEN":4,"TINY":-99,"HOMEPART":1,"MIN_ZOOM":0,"MIN_LABEL":4,"MAX_LABEL":9,"LABEL_X":-55.91094,"LABEL_Y":4.143987,"NE_ID":1159321281,"WIKIDATAID":"Q730","NAME_AR":"سورينام","NAME_BN":"সুরিনাম","NAME_DE":"Suriname","NAME_EN":"Suriname","NAME_ES":"Surinam","NAME_FA":"سورینام","NAME_FR":"Suriname","NAME_EL":"Σουρινάμ","NAME_HE":"סורינאם","NAME_HI":"सूरीनाम","NAME_HU":"Suriname","NAME_ID":"Suriname","NAME_IT":"Suriname","NAME_JA":"スリナム","NAME_KO":"수리남","NAME_NL":"Suriname","NAME_PL":"Surinam","NAME_PT":"Suriname","NAME_RU":"Суринам","NAME_SV":"Surinam","NAME_TR":"Surinam","NAME_UK":"Суринам","NAME_UR":"سرینام","NAME_VI":"Suriname","NAME_ZH":"苏里南","NAME_ZHT":"蘇利南","FCLASS_ISO":"Admin-0 country","TLC_DIFF":"","FCLASS_TLC":"Admin-0 country","FCLASS_US":"","FCLASS_FR":"","FCLASS_RU":"","FCLASS_ES":"","FCLASS_CN":"","FCLASS_TW":"","FCLASS_IN":"","FCLASS_NP":"","FCLASS_PK":"","FCLASS_DE":"","FCLASS_GB":"","FCLASS_BR":"","FCLASS_IL":"","FCLASS_PS":"","FCLASS_SA":"","FCLASS_EG":"","FCLASS_MA":"","FCLASS_PT":"","FCLASS_AR":"","FCLASS_JP":"","FCLASS_KO":"","FCLASS_VN":"","FCLASS_TR":"","FCLASS_ID":"","FCLASS_PL":"","FCLASS_GR":"","FCLASS_IT":"","FCLASS_NL":"","FCLASS_SE":"","FCLASS_BD":"","FCLASS_UA":""}},
{"type":"Feature","geometry":{"type":"MultiPolygon","coordinates":[[[[-51.658,4.156],[-51.823,4.566],[-52.882,5.41],[-53.618,5.647],[-53.958,5.757],[-54.479,4.897],[-54.4,4.213],[-54.007,3.62],[-54.182,3.19],[-54.27,2.732],[-54.525,2.312],[-54.088,2.106],[-53.779,2.377],[-53.555,2.335],[-53.418,2.053],[-52.94,2.125],[-52.556,2.505],[-52.249,3.241],[-51.658,4.156]]],[[[6.186,49.464],[5.898,49.443],[5.674,49.529],[4.799,49.985],[4.286,49.907],[3.588,50.379],[3.123,50.78],[2.658,50.797],[2.514,51.149],[1.639,50.947],[1.339,50.127],[-0.989,49.347],[-1.933,49.776],[-1.617,48.644],[-3.296,48.902],[-4.592,48.684],[-4.492,47.955],[-2.963,47.57],[-2.226,47.064],[-1.194,46.015],[-1.384,44.023],[-1.901,43.423],[-1.503,43.034],[0.338,42.58],[0.702,42.796],[1.827,42.343],[2.986,42.473],[3.1,43.075],[4.557,43.4],[6.529,43.129],[7.435,43.694],[7.55,44.128],[7.008,44.255],[6.75,45.029],[7.097,45.333],[6.802,45.709],[6.844,45.991],[6.5,46.43],[6.023,46.273],[6.037,46.726],[6.769,47.288],[6.737,47.542],[7.192,47.45],[7.467,47.621],[7.594,48.333],[8.099,49.018],[6.658,49.202],[6.186,49.464]]],[[[8.746,42.628],[8.544,42.257],[8.776,41.584],[9.23,41.38],[9.56,42.152],[9.39,43.01],[8.746,42.628]]]]},"properties":{"featurecla":"Admin-0 country","scalerank":1,"LABELRANK":2,"SOVEREIGNT":"France","SOV_A3":"FR1","ADM0_DIF":1,"LEVEL":2,"TYPE":"Country","TLC":"1","ADMIN":"France","ADM0_A3":"FRA","GEOU_DIF":0,"GEOUNIT":"France","GU_A3":"FRA","SU_DIF":0,"SUBUNIT":"France","SU_A3":"FRA","BRK_DIFF":0,"NAME":"France","NAME_LONG":"France","BRK_A3":"FRA","BRK_NAME":"France","BRK_GROUP":"","ABBREV":"Fr.","POSTAL":"F","FORMAL_EN":"French Republic","FORMAL_FR":"","NAME_CIAWF":"France","NOTE_ADM0":"","NOTE_BRK":"","NAME_SORT":"France","NAME_ALT":"","MAPCOLOR7":7,"MAPCOLOR8":5,"MAPCOLOR9":9,"MAPCOLOR13":11,"POP_EST":67059887,"POP_RANK":16,"POP_YEAR":2019,"GDP_MD":2715518,"GDP_YEAR":2019,"ECONOMY":"1. Developed region: G7","INCOME_GRP":"1. High income: OECD","FIPS_10":"FR","ISO_A2":"-99","ISO_A2_EH":"FR","ISO_A3":"-99","ISO_A3_EH":"FRA","ISO_N3":"-99","ISO_N3_EH":"250","UN_A3":"250","WB_A2":"FR","WB_A3":"FRA","WOE_ID":-90,"WOE_ID_EH":23424819,"WOE_NOTE":"Includes only Metropolitan France (including Corsica)","ADM0_ISO":"FRA","ADM0_DIFF":"","ADM0_TLC":"FRA","ADM0_A3_US":"FRA","ADM0_A3_FR":"FRA","ADM0_A3_RU":"FRA","ADM0_A3_ES":"FRA","ADM0_A3_CN":"FRA","ADM0_A3_TW":"FRA","ADM0_A3_IN":"FRA","ADM0_A3_NP":"FRA","ADM0_A3_PK":"FRA","ADM0_A3_DE":"FRA","ADM0_A3_GB":"FRA","ADM0_A3_BR":"FRA","ADM0_A3_IL":"FRA","ADM0_A3_PS":"FRA","ADM0_A3_SA":"FRA","ADM0_A3_EG":"FRA","ADM0_A3_MA":"FRA","ADM0_A3_PT":"FRA","ADM0_A3_AR":"FRA","ADM0_A3_JP":"FRA","ADM0_A3_KO":"FRA","ADM0_A3_VN":"FRA","ADM0_A3_TR":"FRA","ADM0_A3_ID":"FRA","ADM0_A3_PL":"FRA","ADM0_A3_GR":"FRA","ADM0_A3_IT":"FRA","ADM0_A3_NL":"FRA","ADM0_A3_SE":"FRA","ADM0_A3_BD":"FRA","ADM0_A3_UA":"FRA","ADM0_A3_UN":-99,"ADM0_A3_WB":-99,"CONTINENT":"Europe","REGION_UN":"Europe","SUBREGION":"Western Europe","REGION_WB":"Europe & Central Asia","NAME_LEN":6,"LONG_LEN":6,"ABBREV_LEN":3,"TINY":-99,"HOMEPART":1,"MIN_ZOOM":0,"MIN_LABEL":1.7,"MAX_LABEL":6.7,"LABEL_X":2.552275,"LABEL_Y":46.696113,"NE_ID":1159320637,"WIKIDATAID":"Q142","NAME_AR":"فرنسا","NAME_BN":"ফ্রান্স","NAME_DE":"Frankreich","NAME_EN":"France","NAME_ES":"Francia","NAME_FA":"فرانسه","NAME_FR":"France","NAME_EL":"Γαλλία","NAME_HE":"צרפת","NAME_HI":"फ़्रान्स","NAME_HU":"Franciaország","NAME_ID":"Prancis","NAME_IT":"Francia","NAME_JA":"フランス","NAME_KO":"프랑스","NAME_NL":"Frankrijk","NAME_PL":"Francja","NAME_PT":"França","NAME_RU":"Франция","NAME_SV":"Frankrike","NAME_TR":"Fransa","NAME_UK":"Франція","NAME_UR":"فرانس","NAME_VI":"Pháp","NAME_ZH":"法国","NAME_ZHT":"法國","FCLASS_ISO":"Admin-0 country","TLC_DIFF":"","FCLASS_TLC":"Admin-0 country","FCLASS_US":"","FCLASS_FR":"","FCLASS_RU":"","FCLASS_ES":"","FCLASS_CN":"","FCLASS_TW":"","FCLASS_IN":"","FCLASS_NP":"","FCLASS_PK":"","FCLASS_DE":"","FCLASS_GB":"","FCLASS_BR":"","FCLASS_IL":"","FCLASS_PS":"","FCLASS_SA":"","FCLASS_EG":"","FCLASS_MA":"","FCLASS_PT":"","FCLASS_AR":"","FCLASS_JP":"","FCLASS_KO":"","FCLASS_VN":"","FCLASS_TR":"","FCLASS_ID":"","FCLASS_PL":"","FCLASS_GR":"","FCLASS_IT":"","FCLASS_NL":"","FCLASS_SE":"","FCLASS_BD":"","FCLASS_UA":""}},
{"type":"Feature","geometry":{"type":"Polygon","coordinates":[[[-75.373,-0.152],[-75.801,0.085],[-76.292,0.416],[-76.576,0.257],[-77.425,0.396],[-77.669,0.826],[-77.855,0.81],[-78.855,1.381],[-79.543,0.983],[-80.091,0.768],[-80.021,0.36],[-80.399,-0.284],[-80.583,-0.907],[-80.934,-1.057],[-80.765,-1.965],[-80.968,-2.247],[-80.369,-2.685],[-79.987,-2.221],[-79.77,-2.658],[-80.303,-3.405],[-80.184,-3.821],[-80.469,-4.059],[-80.442,-4.426],[-80.029,-4.346],[-79.625,-4.454],[-79.205,-4.959],[-78.64,-4.548],[-78.451,-3.873],[-77.838,-3.003],[-76.635,-2.609],[-75.545,-1.562],[-75.234,-0.911],[-75.373,-0.152]]]},"properties":{"featurecla":"Admin-0 country","scalerank":1,"LABELRANK":3,"SOVEREIGNT":"Ecuador","SOV_A3":"ECU","ADM0_DIF":0,"LEVEL":2,"TYPE":"Sovereign country","TLC":"1","ADMIN":"Ecuador","ADM0_A3":"ECU","GEOU_DIF":0,"GEOUNIT":"Ecuador","GU_A3":"ECU","SU_DIF":0,"SUBUNIT":"Ecuador","SU_A3":"ECU","BRK_DIFF":0,"NAME":"Ecuador","NAME_LONG":"Ecuador","BRK_A3":"ECU","BRK_NAME":"Ecuador","BRK_GROUP":"","ABBREV":"Ecu.","POSTAL":"EC","FORMAL_EN":"Republic of Ecuador","FORMAL_FR":"","NAME_CIAWF":"Ecuador","NOTE_ADM0":"","NOTE_BRK":"","NAME_SORT":"Ecuador","NAME_ALT":"","MAPCOLOR7":1,"MAPCOLOR8":5,"MAPCOLOR9":2,"MAPCOLOR13":12,"POP_EST":17373662,"POP_RANK":14,"POP_YEAR":2019,"GDP_MD":107435,"GDP_YEAR":2019,"ECONOMY":"6. Developing region","INCOME_GRP":"3. Upper middle income","FIPS_10":"EC","ISO_A2":"EC","ISO_A2_EH":"EC","ISO_A3":"ECU","ISO_A3_EH":"ECU","ISO_N3":"218","ISO_N3_EH":"218","UN_A3":"218","WB_A2":"EC","WB_A3":"ECU","WOE_ID":23424801,"WOE_ID_EH":23424801,"WOE_NOTE":"Exact WOE match as country","ADM0_ISO":"ECU","ADM0_DIFF":"","ADM0_TLC":"ECU","ADM0_A3_US":"ECU","ADM0_A3_FR":"ECU","ADM0_A3_RU":"ECU","ADM0_A3_ES":"ECU","ADM0_A3_CN":"ECU","ADM0_A3_TW":"ECU","ADM0_A3_IN":"ECU","ADM0_A3_NP":"ECU","ADM0_A3_PK":"ECU","ADM0_A3_DE":"ECU","ADM0_A3_GB":"ECU","ADM0_A3_BR":"ECU","ADM0_A3_IL":"ECU","ADM0_A3_PS":"ECU","ADM0_A3_SA":"ECU","ADM0_A3_EG":"ECU","ADM0_A3_MA":"ECU","ADM0_A3_PT":"ECU","ADM0_A3_AR":"ECU","ADM0_A3_JP":"ECU","ADM0_A3_KO":"ECU","ADM0_A3_VN":"ECU","ADM0_A3_TR":"ECU","ADM0_A3_ID":"ECU","ADM0_A3_PL":"ECU","ADM0_A3_GR":"ECU","ADM0_A3_IT":"ECU","ADM0_A3_NL":"ECU","ADM0_A3_SE":"ECU","ADM0_A3_BD":"ECU","ADM0_A3_UA":"ECU","ADM0_A3_UN":-99,"ADM0_A3_WB":-99,"CONTINENT":"South America","REGION_UN":"Americas","SUBREGION":"South America","REGION_WB":"Latin America & Caribbean","NAME_LEN":7,"LONG_LEN":7,"ABBREV_LEN":4,"TINY":-99,"HOMEPART":1,"MIN_ZOOM":0,"MIN_LABEL":3,"MAX_LABEL":8,"LABEL_X":-78.188375,"LABEL_Y":-1.259076,"NE_ID":1159320567,"WIKIDATAID":"Q736","NAME_AR":"الإكوادور","NAME_BN":"ইকুয়েডর","NAME_DE":"Ecuador","NAME_EN":"Ecuador","NAME_ES":"Ecuador","NAME_FA":"اکوادور","NAME_FR":"Équateur","NAME_EL":"Εκουαδόρ","NAME_HE":"אקוודור","NAME_HI":"ईक्वाडोर","NAME_HU":"Ecuador","NAME_ID":"Ekuador","NAME_IT":"Ecuador","NAME_JA":"エクアドル","NAME_KO":"에콰도르","NAME_NL":"Ecuador","NAME_PL":"Ekwador","NAME_PT":"Equador","NAME_RU":"Эквадор","NAME_SV":"Ecuador","NAME_TR":"Ekvador","NAME_UK":"Еквадор","NAME_UR":"ایکواڈور","NAME_VI":"Ecuador","NAME_ZH":"厄瓜多尔","NAME_ZHT":"厄瓜多爾","FCLASS_ISO":"Admin-0 country","TLC_DIFF":"","FCLASS_TLC":"Admin-0 country","FCLASS_US":"","FCLASS_FR":"","FCLASS_RU":"","FCLASS_ES":"","FCLASS_CN":"","FCLASS_TW":"","FCLASS_IN":"","FCLASS_NP":"","FCLASS_PK":"","FCLASS_DE":"","FCLASS_GB":"","FCLASS_BR":"","FCLASS_IL":"","FCLASS_PS":"","FCLASS_SA":"","FCLASS_EG":"","FCLASS_MA":"","FCLASS_PT":"","FCLASS_AR":"","FCLASS_JP":"","FCLASS_KO":"","FCLASS_VN":"","FCLASS_TR":"","FCLASS_ID":"","FCLASS_PL":"","FCLASS_GR":"","FCLASS_IT":"","FCLASS_NL":"","FCLASS_SE":"","FCLASS_BD":"","FCLASS_UA":""}},
{"type":"Feature","geometry":{"type":"Polygon","coordinates":[[[-66.282,18.515],[-67.101,18.521],[-67.242,18.374],[-67.184,17.947],[-66.6,17.982],[-65.847,17.976],[-65.591,18.228],[-65.771,18.427],[-66.282,18.515]]]},"properties":{"featurecla":"Admin-0 country","scalerank":1,"LABELRANK":5,"SOVEREIGNT":"United States of America","SOV_A3":"US1","ADM0_DIF":1,"LEVEL":2,"TYPE":"Dependency","TLC":"1","ADMIN":"Puerto Rico","ADM0_A3":"PRI","GEOU_DIF":0,"GEOUNIT":"Puerto Rico","GU_A3":"PRI","SU_DIF":0,"SUBUNIT":"Puerto Rico","SU_A3":"PRI","BRK_DIFF":0,"NAME":"Puerto Rico","NAME_LONG":"Puerto Rico","BRK_A3":"PRI","BRK_NAME":"Puerto Rico","BRK_GROUP":"","ABBREV":"P.R.","POSTAL":"PR","FORMAL_EN":"Commonwealth of Puerto Rico","FORMAL_FR":"","NAME_CIAWF":"Puerto Rico","NOTE_ADM0":"U.S.A.","NOTE_BRK":"","NAME_SORT":"Puerto Rico","NAME_ALT":"","MAPCOLOR7":4,"MAPCOLOR8":5,"MAPCOLOR9":1,"MAPCOLOR13":1,"POP_EST":3193694,"POP_RANK":12,"POP_YEAR":2019,"GDP_MD":104988,"GDP_YEAR":2019,"ECONOMY":"6. Developing region","INCOME_GRP":"2. High income: nonOECD","FIPS_10":"RQ","ISO_A2":"PR","ISO_A2_EH":"PR","ISO_A3":"PRI","ISO_A3_EH":"PRI","ISO_N3":"630","ISO_N3_EH":"630","UN_A3":"630","WB_A2":"PR","WB_A3":"PRI","WOE_ID":23424935,"WOE_ID_EH":23424935,"WOE_NOTE":"Exact WOE match as country","ADM0_ISO":"PRI","ADM0_DIFF":"","ADM0_TLC":"PRI","ADM0_A3_US":"PRI","ADM0_A3_FR":"PRI","ADM0_A3_RU":"PRI","ADM0_A3_ES":"PRI","ADM0_A3_CN":"PRI","ADM0_A3_TW":"PRI","ADM0_A3_IN":"PRI","ADM0_A3_NP":"PRI","ADM0_A3_PK":"PRI","ADM0_A3_DE":"PRI","ADM0_A3_GB":"PRI","ADM0_A3_BR":"PRI","ADM0_A3_IL":"PRI","ADM0_A3_PS":"PRI","ADM0_A3_SA":"PRI","ADM0_A3_EG":"PRI","ADM0_A3_MA":"PRI","ADM0_A3_PT":"PRI","ADM0_A3_AR":"PRI","ADM0_A3_JP":"PRI","ADM0_A3_KO":"PRI","ADM0_A3_VN":"PRI","ADM0_A3_TR":"PRI","ADM0_A3_ID":"PRI","ADM0_A3_PL":"PRI","ADM0_A3_GR":"PRI","ADM0_A3_IT":"PRI","ADM0_A3_NL":"PRI","ADM0_A3_SE":"PRI","ADM0_A3_BD":"PRI","ADM0_A3_UA":"PRI","ADM0_A3_UN":-99,"ADM0_A3_WB":-99,"CONTINENT":"North America","REGION_UN":"Americas","SUBREGION":"Caribbean","REGION_WB":"Latin America & Caribbean","NAME_LEN":11,"LONG_LEN":11,"ABBREV_LEN":4,"TINY":-99,"HOMEPART":-99,"MIN_ZOOM":0,"MIN_LABEL":3,"MAX_LABEL":8,"LABEL_X":-66.481065,"LABEL_Y":18.234668,"NE_ID":1159321363,"WIKIDATAID":"Q1183","NAME_AR":"بورتوريكو","NAME_BN":"পুয়ের্তো রিকো","NAME_DE":"Puerto Rico","NAME_EN":"Puerto Rico","NAME_ES":"Puerto Rico","NAME_FA":"پورتوریکو","NAME_FR":"Porto Rico","NAME_EL":"Πουέρτο Ρίκο","NAME_HE":"פוארטו ריקו","NAME_HI":"पोर्टो रीको","NAME_HU":"Puerto Rico","NAME_ID":"Puerto Riko","NAME_IT":"Porto Rico","NAME_JA":"プエルトリコ","NAME_KO":"푸에르토리코","NAME_NL":"Puerto Rico","NAME_PL":"Portoryko","NAME_PT":"Porto Rico","NAME_RU":"Пуэрто-Рико","NAME_SV":"Puerto Rico","NAME_TR":"Porto Riko","NAME_UK":"Пуерто-Рико","NAME_UR":"پورٹو ریکو","NAME_VI":"Puerto Rico","NAME_ZH":"波多黎各","NAME_ZHT":"波多黎各","FCLASS_ISO":"Admin-0 dependency","TLC_DIFF":"","FCLASS_TLC":"Admin-0 dependency","FCLASS_US":"","FCLASS_FR":"","FCLASS_RU":"","FCLASS_ES":"","FCLASS_CN":"","FCLASS_TW":"","FCLASS_IN":"","FCLASS_NP":"","FCLASS_PK":"","FCLASS_DE":"","FCLASS_GB":"","FCLASS_BR":"","FCLASS_IL":"","FCLASS_PS":"","FCLASS_SA":"","FCLASS_EG":"","FCLASS_MA":"","FCLASS_PT":"","FCLASS_AR":"","FCLASS_JP":"","FCLASS_KO":"","FCLASS_VN":"","FCLASS_TR":"","FCLASS_ID":"","FCLASS_PL":"","FCLASS_GR":"","FCLASS_IT":"","FCLASS_NL":"","FCLASS_SE":"","FCLASS_BD":"","FCLASS_UA":""}},
{"type":"Feature","geometry":{"type":"Polygon","coordinates":[[[-77.57,18.491],[-77.797,18.524],[-78.218,18.455],[-78.338,18.226],[-77.766,17.862],[-77.206,17.701],[-76.903,17.868],[-76.2,17.887],[-76.365,18.161],[-76.897,18.401],[-77.57,18.491]]]},"properties":{"featurecla":"Admin-0 country","scalerank":1,"LABELRANK":4,"SOVEREIGNT":"Jamaica","SOV_A3":"JAM","ADM0_DIF":0,"LEVEL":2,"TYPE":"Sovereign country","TLC":"1","ADMIN":"Jamaica","ADM0_A3":"JAM","GEOU_DIF":0,"GEOUNIT":"Jamaica","GU_A3":"JAM","SU_DIF":0,"SUBUNIT":"Jamaica","SU_A3":"JAM","BRK_DIFF":0,"NAME":"Jamaica","NAME_LONG":"Jamaica","BRK_A3":"JAM","BRK_NAME":"Jamaica","BRK_GROUP":"","ABBREV":"Jam.","POSTAL":"J","FORMAL_EN":"Jamaica","FORMAL_FR":"","NAME_CIAWF":"Jamaica","NOTE_ADM0":"","NOTE_BRK":"","NAME_SORT":"Jamaica","NAME_ALT":"","MAPCOLOR7":1,"MAPCOLOR8":2,"MAPCOLOR9":4,"MAPCOLOR13":10,"POP_EST":2948279,"POP_RANK":12,"POP_YEAR":2019,"GDP_MD":16458,"GDP_YEAR":2019,"ECONOMY":"6. Developing region","INCOME_GRP":"3. Upper middle income","FIPS_10":"JM","ISO_A2":"JM","ISO_A2_EH":"JM","ISO_A3":"JAM","ISO_A3_EH":"JAM","ISO_N3":"388","ISO_N3_EH":"388","UN_A3":"388","WB_A2":"JM","WB_A3":"JAM","WOE_ID":23424858,"WOE_ID_EH":23424858,"WOE_NOTE":"Exact WOE match as country","ADM0_ISO":"JAM","ADM0_DIFF":"","ADM0_TLC":"JAM","ADM0_A3_US":"JAM","ADM0_A3_FR":"JAM","ADM0_A3_RU":"JAM","ADM0_A3_ES":"JAM","ADM0_A3_CN":"JAM","ADM0_A3_TW":"JAM","ADM0_A3_IN":"JAM","ADM0_A3_NP":"JAM","ADM0_A3_PK":"JAM","ADM0_A3_DE":"JAM","ADM0_A3_GB":"JAM","ADM0_A3_BR":"JAM","ADM0_A3_IL":"JAM","ADM0_A3_PS":"JAM","ADM0_A3_SA":"JAM","ADM0_A3_EG":"JAM","ADM0_A3_MA":"JAM","ADM0_A3_PT":"JAM","ADM0_A3_AR":"JAM","ADM0_A3_JP":"JAM","ADM0_A3_KO":"JAM","ADM0_A3_VN":"JAM","ADM0_A3_TR":"JAM","ADM0_A3_ID":"JAM","ADM0_A3_PL":"JAM","ADM0_A3_GR":"JAM","ADM0_A3_IT":"JAM","ADM0_A3_NL":"JAM","ADM0_A3_SE":"JAM","ADM0_A3_BD":"JAM","ADM0_A3_UA":"JAM","ADM0_A3_UN":-99,"ADM0_A3_WB":-99,"CONTINENT":"North America","REGION_UN":"Americas","SUBREGION":"Caribbean","REGION_WB":"Latin America & Caribbean","NAME_LEN":7,"LONG_LEN":7,"ABBREV_LEN":4,"TINY":-99,"HOMEPART":1,"MIN_ZOOM":0,"MIN_LABEL":4,"MAX_LABEL":9,"LABEL_X":-77.318767,"LABEL_Y":18.137124,"NE_ID":1159320931,"WIKIDATAID":"Q766","NAME_AR":"جامايكا","NAME_BN":"জ্যামাইকা","NAME_DE":"Jamaika","NAME_EN":"Jamaica","NAME_ES":"Jamaica","NAME_FA":"جامائیکا","NAME_FR":"Jamaïque","NAME_EL":"Τζαμάικα","NAME_HE":"ג'מייקה","NAME_HI":"जमैका","NAME_HU":"Jamaica","NAME_ID":"Jamaika","NAME_IT":"Giamaica","NAME_JA":"ジャマイカ","NAME_KO":"자메이카","NAME_NL":"Jamaica","NAME_PL":"Jamajka","NAME_PT":"Jamaica","NAME_RU":"Ямайка","NAME_SV":"Jamaica","NAME_TR":"Jamaika","NAME_UK":"Ямайка","NAME_UR":"جمیکا","NAME_VI":"Jamaica","NAME_ZH":"牙买加","NAME_ZHT":"牙買加","FCLASS_ISO":"Admin-0 country","TLC_DIFF":"","FCLASS_TLC":"Admin-0 country","FCLASS_US":"","FCLASS_FR":"","FCLASS_RU":"","FCLASS_ES":"","FCLASS_CN":"","FCLASS_TW":"","FCLASS_IN":"","FCLASS_NP":"","FCLASS_PK":"","FCLASS_DE":"","FCLASS_GB":"","FCLASS_BR":"","FCLASS_IL":"","FCLASS_PS":"","FCLASS_SA":"","FCLASS_EG":"","FCLASS_MA":"","FCLASS_PT":"","FCLASS_AR":"","FCLASS_JP":"","FCLASS_KO":"","FCLASS_VN":"","FCLASS_TR":"","FCLASS_ID":"","FCLASS_PL":"","FCLASS_GR":"","FCLASS_IT":"","FCLASS_NL":"","FCLASS_SE":"","FCLASS_BD":"","FCLASS_UA":""}},
{"type":"Feature","geometry":{"type":"Polygon","coordinates":[[[-82.268,23.189],[-82.51,23.079],[-83.268,22.983],[-83.778,22.788],[-84.23,22.566],[-84.447,22.205],[-84.975,21.896],[-84.547,21.801],[-84.052,21.911],[-83.909,22.155],[-83.494,22.169],[-82.776,22.688],[-81.795,22.637],[-82.17,22.387],[-81.821,22.192],[-80.518,22.037],[-80.217,21.827],[-79.285,21.559],[-78.72,21.598],[-78.483,21.029],[-78.137,20.74],[-77.493,20.673],[-77.085,20.413],[-77.755,19.855],[-76.324,19.953],[-75.635,19.874],[-74.962,19.923],[-74.297,20.05],[-74.178,20.285],[-74.934,20.694],[-75.671,20.735],[-75.598,21.017],[-76.195,21.221],[-76.524,21.207],[-77.146,21.658],[-77.993,22.277],[-78.347,22.512],[-79.281,22.399],[-79.68,22.765],[-80.619,23.106],[-81.404,23.117],[-82.268,23.189]]]},"properties":{"featurecla":"Admin-0 country","scalerank":1,"LABELRANK":3,"SOVEREIGNT":"Cuba","SOV_A3":"CU1","ADM0_DIF":1,"LEVEL":1,"TYPE":"Sovereignty","TLC":"1","ADMIN":"Cuba","ADM0_A3":"CUB","GEOU_DIF":0,"GEOUNIT":"Cuba","GU_A3":"CUB","SU_DIF":0,"SUBUNIT":"Cuba","SU_A3":"CUB","BRK_DIFF":0,"NAME":"Cuba","NAME_LONG":"Cuba","BRK_A3":"CUB","BRK_NAME":"Cuba","BRK_GROUP":"","ABBREV":"Cuba","POSTAL":"CU","FORMAL_EN":"Republic of Cuba","FORMAL_FR":"","NAME_CIAWF":"Cuba","NOTE_ADM0":"","NOTE_BRK":"","NAME_SORT":"Cuba","NAME_ALT":"","MAPCOLOR7":3,"MAPCOLOR8":5,"MAPCOLOR9":3,"MAPCOLOR13":4,"POP_EST":11333483,"POP_RANK":14,"POP_YEAR":2019,"GDP_MD":100023,"GDP_YEAR":2018,"ECONOMY":"5. Emerging region: G20","INCOME_GRP":"3. Upper middle income","FIPS_10":"CU","ISO_A2":"CU","ISO_A2_EH":"CU","ISO_A3":"CUB","ISO_A3_EH":"CUB","ISO_N3":"192","ISO_N3_EH":"192","UN_A3":"192","WB_A2":"CU","WB_A3":"CUB","WOE_ID":23424793,"WOE_ID_EH":23424793,"WOE_NOTE":"Exact WOE match as country","ADM0_ISO":"CUB","ADM0_DIFF":"","ADM0_TLC":"CUB","ADM0_A3_US":"CUB","ADM0_A3_FR":"CUB","ADM0_A3_RU":"CUB","ADM0_A3_ES":"CUB","ADM0_A3_CN":"CUB","ADM0_A3_TW":"CUB","ADM0_A3_IN":"CUB","ADM0_A3_NP":"CUB","ADM0_A3_PK":"CUB","ADM0_A3_DE":"CUB","ADM0_A3_GB":"CUB","ADM0_A3_BR":"CUB","ADM0_A3_IL":"CUB","ADM0_A3_PS":"CUB","ADM0_A3_SA":"CUB","ADM0_A3_EG":"CUB","ADM0_A3_MA":"CUB","ADM0_A3_PT":"CUB","ADM0_A3_AR":"CUB","ADM0_A3_JP":"CUB","ADM0_A3_KO":"CUB","ADM0_A3_VN":"CUB","ADM0_A3_TR":"CUB","ADM0_A3_ID":"CUB","ADM0_A3_PL":"CUB","ADM0_A3_GR":"CUB","ADM0_A3_IT":"CUB","ADM0_A3_NL":"CUB","ADM0_A3_SE":"CUB","ADM0_A3_BD":"CUB","ADM0_A3_UA":"CUB","ADM0_A3_UN":-99,"ADM0_A3_WB":-99,"CONTINENT":"North America","REGION_UN":"Americas","SUBREGION":"Caribbean","REGION_WB":"Latin America & Caribbean","NAME_LEN":4,"LONG_LEN":4,"ABBREV_LEN":4,"TINY":-99,"HOMEPART":1,"MIN_ZOOM":0,"MIN_LABEL":2.7,"MAX_LABEL":8,"LABEL_X":-77.975855,"LABEL_Y":21.334024,"NE_ID":1159320527,"WIKIDATAID":"Q241","NAME_AR":"كوبا","NAME_BN":"কিউবা","NAME_DE":"Kuba","NAME_EN":"Cuba","NAME_ES":"Cuba","NAME_FA":"کوبا","NAME_FR":"Cuba","NAME_EL":"Κούβα","NAME_HE":"קובה","NAME_HI":"क्यूबा","NAME_HU":"Kuba","NAME_ID":"Kuba","NAME_IT":"Cuba","NAME_JA":"キューバ","NAME_KO":"쿠바","NAME_NL":"Cuba","NAME_PL":"Kuba","NAME_PT":"Cuba","NAME_RU":"Куба","NAME_SV":"Kuba","NAME_TR":"Küba","NAME_UK":"Куба","NAME_UR":"کیوبا","NAME_VI":"Cuba","NAME_ZH":"古巴","NAME_ZHT":"古巴","FCLASS_ISO":"Admin-0 country","TLC_DIFF":"","FCLASS_TLC":"Admin-0 country","FCLASS_US":"","FCLASS_FR":"","FCLASS_RU":"","FCLASS_ES":"","FCLASS_CN":"","FCLASS_TW":"","FCLASS_IN":"","FCLASS_NP":"","FCLASS_PK":"","FCLASS_DE":"","FCLASS_GB":"","FCLASS_BR":"","FCLASS_IL":"","FCLASS_PS":"","FCLASS_SA":"","FCLASS_EG":"","FCLASS_MA":"","FCLASS_PT":"","FCLASS_AR":"","FCLASS_JP":"","FCLASS_KO":"","FCLASS_VN":"","FCLASS_TR":"","FCLASS_ID":"","FCLASS_PL":"","FCLASS_GR":"","FCLASS_IT":"","FCLASS_NL":"","FCLASS_SE":"","FCLASS_BD":"","FCLASS_UA":""}},
{"type":"Feature","geometry":{"type":"Polygon","coordinates":[[[31.191,-22.252],[32.245,-21.116],[32.509,-20.395],[32.66,-20.304],[32.773,-19.716],[32.612,-19.419],[32.655,-18.672],[32.85,-17.979],[32.848,-16.713],[32.328,-16.392],[31.852,-16.319],[31.636,-16.072],[31.173,-15.861],[30.339,-15.881],[30.274,-15.508],[29.517,-15.645],[28.947,-16.043],[28.826,-16.39],[28.468,-16.468],[27.598,-17.291],[27.044,-17.938],[26.707,-17.961],[26.382,-17.846],[25.264,-17.737],[25.649,-18.536],[25.85,-18.714],[26.165,-19.293],[27.297,-20.392],[27.725,-20.499],[27.727,-20.852],[28.021,-21.486],[28.795,-21.639],[29.432,-22.091],[29.839,-22.102],[30.323,-22.272],[30.66,-22.152],[31.191,-22.252]]]},"properties":{"featurecla":"Admin-0 country","scalerank":1,"LABELRANK":3,"SOVEREIGNT":"Zimbabwe","SOV_A3":"ZWE","ADM0_DIF":0,"LEVEL":2,"TYPE":"Sovereign country","TLC":"1","ADMIN":"Zimbabwe","ADM0_A3":"ZWE","GEOU_DIF":0,"GEOUNIT":"Zimbabwe","GU_A3":"ZWE","SU_DIF":0,"SUBUNIT":"Zimbabwe","SU_A3":"ZWE","BRK_DIFF":0,"NAME":"Zimbabwe","NAME_LONG":"Zimbabwe","BRK_A3":"ZWE","BRK_NAME":"Zimbabwe","BRK_GROUP":"","ABBREV":"Zimb.","POSTAL":"ZW","FORMAL_EN":"Republic of Zimbabwe","FORMAL_FR":"","NAME_CIAWF":"Zimbabwe","NOTE_ADM0":"","NOTE_BRK":"","NAME_SORT":"Zimbabwe","NAME_ALT":"","MAPCOLOR7":1,"MAPCOLOR8":5,"MAPCOLOR9":3,"MAPCOLOR13":9,"POP_EST":14645468,"POP_RANK":14,"POP_YEAR":2019,"GDP_MD":21440,"GDP_YEAR":2019,"ECONOMY":"5. Emerging region: G20","INCOME_GRP":"5. Low income","FIPS_10":"ZI","ISO_A2":"ZW","ISO_A2_EH":"ZW","ISO_A3":"ZWE","ISO_A3_EH":"ZWE","ISO_N3":"716","ISO_N3_EH":"716","UN_A3":"716","WB_A2":"ZW","WB_A3":"ZWE","WOE_ID":23425004,"WOE_ID_EH":23425004,"WOE_NOTE":"Exact WOE match as country","ADM0_ISO":"ZWE","ADM0_DIFF":"","ADM0_TLC":"ZWE","ADM0_A3_US":"ZWE","ADM0_A3_FR":"ZWE","ADM0_A3_RU":"ZWE","ADM0_A3_ES":"ZWE","ADM0_A3_CN":"ZWE","ADM0_A3_TW":"ZWE","ADM0_A3_IN":"ZWE","ADM0_A3_NP":"ZWE","ADM0_A3_PK":"ZWE","ADM0_A3_DE":"ZWE","ADM0_A3_GB":"ZWE","ADM0_A3_BR":"ZWE","ADM0_A3_IL":"ZWE","ADM0_A3_PS":"ZWE","ADM0_A3_SA":"ZWE","ADM0_A3_EG":"ZWE","ADM0_A3_MA":"ZWE","ADM0_A3_PT":"ZWE","ADM0_A3_AR":"ZWE","ADM0_A3_JP":"ZWE","ADM0_A3_KO":"ZWE","ADM0_A3_VN":"ZWE","ADM0_A3_TR":"ZWE","ADM0_A3_ID":"ZWE","ADM0_A3_PL":"ZWE","ADM0_A3_GR":"ZWE","ADM0_A3_IT":"ZWE","ADM0_A3_NL":"ZWE","ADM0_A3_SE":"ZWE","ADM0_A3_BD":"ZWE","ADM0_A3_UA":"ZWE","ADM0_A3_UN":-99,"ADM0_A3_WB":-99,"CONTINENT":"Africa","REGION_UN":"Africa","SUBREGION":"Eastern Africa","REGION_WB":"Sub-Saharan Africa","NAME_LEN":8,"LONG_LEN":8,"ABBREV_LEN":5,"TINY":-99,"HOMEPART":1,"MIN_ZOOM":0,"MIN_LABEL":2.5,"MAX_LABEL":8,"LABEL_X":29.925444,"LABEL_Y":-18.91164,"NE_ID":1159321441,"WIKIDATAID":"Q954","NAME_AR":"زيمبابوي","NAME_BN":"জিম্বাবুয়ে","NAME_DE":"Simbabwe","NAME_EN":"Zimbabwe","NAME_ES":"Zimbabue","NAME_FA":"زیمبابوه","NAME_FR":"Zimbabwe","NAME_EL":"Ζιμπάμπουε","NAME_HE":"זימבבואה","NAME_HI":"ज़िम्बाब्वे","NAME_HU":"Zimbabwe","NAME_ID":"Zimbabwe","NAME_IT":"Zimbabwe","NAME_JA":"ジンバブエ","NAME_KO":"짐바브웨","NAME_NL":"Zimbabwe","NAME_PL":"Zimbabwe","NAME_PT":"Zimbábue","NAME_RU":"Зимбабве","NAME_SV":"Zimbabwe","NAME_TR":"Zimbabve","NAME_UK":"Зімбабве","NAME_UR":"زمبابوے","NAME_VI":"Zimbabwe","NAME_ZH":"津巴布韦","NAME_ZHT":"辛巴威","FCLASS_ISO":"Admin-0 country","TLC_DIFF":"","FCLASS_TLC":"Admin-0 country","FCLASS_US":"","FCLASS_FR":"","FCLASS_RU":"","FCLASS_ES":"","FCLASS_CN":"","FCLASS_TW":"","FCLASS_IN":"","FCLASS_NP":"","FCLASS_PK":"","FCLASS_DE":"","FCLASS_GB":"","FCLASS_BR":"","FCLASS_IL":"","FCLASS_PS":"","FCLASS_SA":"","FCLASS_EG":"","FCLASS_MA":"","FCLASS_PT":"","FCLASS_AR":"","FCLASS_JP":"","FCLASS_KO":"","FCLASS_VN":"","FCLASS_TR":"","FCLASS_ID":"","FCLASS_PL":"","FCLASS_GR":"","FCLASS_IT":"","FCLASS_NL":"","FCLASS_SE":"","FCLASS_BD":"","FCLASS_UA":""}},
{"type":"Feature","geometry":{"type":"Polygon","coordinates":[[[29.432,-22.091],[28.795,-21.639],[28.021,-21.486],[27.727,-20.852],[27.725,-20.499],[27.297,-20.392],[26.165,-19.293],[25.85,-18.714],[25.649,-18.536],[25.264,-17.737],[25.084,-17.662],[24.521,-17.887],[24.217,-17.889],[23.579,-18.281],[23.197,-17.869],[21.655,-18.219],[20.911,-18.252],[20.881,-21.814],[19.895,-21.849],[19.896,-24.768],[20.166,-24.918],[20.759,-25.868],[20.666,-26.477],[20.89,-26.829],[21.606,-26.727],[22.106,-26.28],[22.58,-25.979],[22.824,-25.5],[23.312,-25.269],[23.734,-25.39],[24.211,-25.67],[25.025,-25.72],[25.665,-25.487],[25.766,-25.175],[25.942,-24.696],[26.486,-24.616],[26.786,-24.241],[27.119,-23.574],[28.017,-22.828],[29.432,-22.091]]]},"properties":{"featurecla":"Admin-0 country","scalerank":1,"LABELRANK":4,"SOVEREIGNT":"Botswana","SOV_A3":"BWA","ADM0_DIF":0,"LEVEL":2,"TYPE":"Sovereign country","TLC":"1","ADMIN":"Botswana","ADM0_A3":"BWA","GEOU_DIF":0,"GEOUNIT":"Botswana","GU_A3":"BWA","SU_DIF":0,"SUBUNIT":"Botswana","SU_A3":"BWA","BRK_DIFF":0,"NAME":"Botswana","NAME_LONG":"Botswana","BRK_A3":"BWA","BRK_NAME":"Botswana","BRK_GROUP":"","ABBREV":"Bwa.","POSTAL":"BW","FORMAL_EN":"Republic of Botswana","FORMAL_FR":"","NAME_CIAWF":"Botswana","NOTE_ADM0":"","NOTE_BRK":"","NAME_SORT":"Botswana","NAME_ALT":"","MAPCOLOR7":6,"MAPCOLOR8":5,"MAPCOLOR9":7,"MAPCOLOR13":3,"POP_EST":2303697,"POP_RANK":12,"POP_YEAR":2019,"GDP_MD":18340,"GDP_YEAR":2019,"ECONOMY":"6. Developing region","INCOME_GRP":"3. Upper middle income","FIPS_10":"BC","ISO_A2":"BW","ISO_A2_EH":"BW","ISO_A3":"BWA","ISO_A3_EH":"BWA","ISO_N3":"072","ISO_N3_EH":"072","UN_A3":"072","WB_A2":"BW","WB_A3":"BWA","WOE_ID":23424755,"WOE_ID_EH":23424755,"WOE_NOTE":"Exact WOE match as country","ADM0_ISO":"BWA","ADM0_DIFF":"","ADM0_TLC":"BWA","ADM0_A3_US":"BWA","ADM0_A3_FR":"BWA","ADM0_A3_RU":"BWA","ADM0_A3_ES":"BWA","ADM0_A3_CN":"BWA","ADM0_A3_TW":"BWA","ADM0_A3_IN":"BWA","ADM0_A3_NP":"BWA","ADM0_A3_PK":"BWA","ADM0_A3_DE":"BWA","ADM0_A3_GB":"BWA","ADM0_A3_BR":"BWA","ADM0_A3_IL":"BWA","ADM0_A3_PS":"BWA","ADM0_A3_SA":"BWA","ADM0_A3_EG":"BWA","ADM0_A3_MA":"BWA","ADM0_A3_PT":"BWA","ADM0_A3_AR":"BWA","ADM0_A3_JP":"BWA","ADM0_A3_KO":"BWA","ADM0_A3_VN":"BWA","ADM0_A3_TR":"BWA","ADM0_A3_ID":"BWA","ADM0_A3_PL":"BWA","ADM0_A3_GR":"BWA","ADM0_A3_IT":"BWA","ADM0_A3_NL":"BWA","ADM0_A3_SE":"BWA","ADM0_A3_BD":"BWA","ADM0_A3_UA":"BWA","ADM0_A3_UN":-99,"ADM0_A3_WB":-99,"CONTINENT":"Africa","REGION_UN":"Africa","SUBREGION":"Southern Africa","REGION_WB":"Sub-Saharan Africa","NAME_LEN":8,"LONG_LEN":8,"ABBREV_LEN":4,"TINY":-99,"HOMEPART":1,"MIN_ZOOM":0,"MIN_LABEL":4,"MAX_LABEL":9,"LABEL_X":24.179216,"LABEL_Y":-22.102634,"NE_ID":1159320461,"WIKIDATAID":"Q963","NAME_AR":"بوتسوانا","NAME_BN":"বতসোয়ানা","NAME_DE":"Botswana","NAME_EN":"Botswana","NAME_ES":"Botsuana","NAME_FA":"بوتسوانا","NAME_FR":"Botswana","NAME_EL":"Μποτσουάνα","NAME_HE":"בוטסואנה","NAME_HI":"बोत्सवाना","NAME_HU":"Botswana","NAME_ID":"Botswana","NAME_IT":"Botswana","NAME_JA":"ボツワナ","NAME_KO":"보츠와나","NAME_NL":"Botswana","NAME_PL":"Botswana","NAME_PT":"Botsuana","NAME_RU":"Ботсвана","NAME_SV":"Botswana","NAME_TR":"Botsvana","NAME_UK":"Ботсвана","NAME_UR":"بوٹسوانا","NAME_VI":"Botswana","NAME_ZH":"博茨瓦纳","NAME_ZHT":"波札那","FCLASS_ISO":"Admin-0 country","TLC_DIFF":"","FCLASS_TLC":"Admin-0 country","FCLASS_US":"","FCLASS_FR":"","FCLASS_RU":"","FCLASS_ES":"","FCLASS_CN":"","FCLASS_TW":"","FCLASS_IN":"","FCLASS_NP":"","FCLASS_PK":"","FCLASS_DE":"","FCLASS_GB":"","FCLASS_BR":"","FCLASS_IL":"","FCLASS_PS":"","FCLASS_SA":"","FCLASS_EG":"","FCLASS_MA":"","FCLASS_PT":"","FCLASS_AR":"","FCLASS_JP":"","FCLASS_KO":"","FCLASS_VN":"","FCLASS_TR":"","FCLASS_ID":"","FCLASS_PL":"","FCLASS_GR":"","FCLASS_IT":"","FCLASS_NL":"","FCLASS_SE":"","FCLASS_BD":"","FCLASS_UA":""}},
{"type":"Feature","geometry":{"type":"Polygon","coordinates":[[[19.896,-24.768],[19.895,-21.849],[20.881,-21.814],[20.911,-18.252],[21.655,-18.219],[23.197,-17.869],[23.579,-18.281],[24.217,-17.889],[24.521,-17.887],[25.084,-17.662],[25.077,-17.579],[24.682,-17.353],[24.034,-17.296],[23.215,-17.523],[21.377,-17.931],[18.956,-17.789],[18.263,-17.31],[14.21,-17.353],[14.059,-17.423],[13.462,-16.971],[12.814,-16.941],[12.215,-17.112],[11.734,-17.302],[11.795,-18.069],[12.609,-19.045],[12.827,-19.673],[13.352,-20.873],[13.869,-21.699],[14.258,-22.111],[14.386,-22.657],[14.408,-23.853],[14.743,-25.393],[14.99,-26.117],[15.21,-27.091],[15.602,-27.821],[16.345,-28.577],[16.824,-28.082],[17.219,-28.356],[17.387,-28.784],[17.836,-28.856],[18.465,-29.045],[19.002,-28.972],[19.895,-28.461],[19.896,-24.768]]]},"properties":{"featurecla":"Admin-0 country","scalerank":1,"LABELRANK":3,"SOVEREIGNT":"Namibia","SOV_A3":"NAM","ADM0_DIF":0,"LEVEL":2,"TYPE":"Sovereign country","TLC":"1","ADMIN":"Namibia","ADM0_A3":"NAM","GEOU_DIF":0,"GEOUNIT":"Namibia","GU_A3":"NAM","SU_DIF":0,"SUBUNIT":"Namibia","SU_A3":"NAM","BRK_DIFF":0,"NAME":"Namibia","NAME_LONG":"Namibia","BRK_A3":"NAM","BRK_NAME":"Namibia","BRK_GROUP":"","ABBREV":"Nam.","POSTAL":"NA","FORMAL_EN":"Republic of Namibia","FORMAL_FR":"","NAME_CIAWF":"Namibia","NOTE_ADM0":"","NOTE_BRK":"","NAME_SORT":"Namibia","NAME_ALT":"","MAPCOLOR7":4,"MAPCOLOR8":1,"MAPCOLOR9":1,"MAPCOLOR13":7,"POP_EST":2494530,"POP_RANK":12,"POP_YEAR":2019,"GDP_MD":12366,"GDP_YEAR":2019,"ECONOMY":"6. Developing region","INCOME_GRP":"3. Upper middle income","FIPS_10":"WA","ISO_A2":"NA","ISO_A2_EH":"NA","ISO_A3":"NAM","ISO_A3_EH":"NAM","ISO_N3":"516","ISO_N3_EH":"516","UN_A3":"516","WB_A2":"NA","WB_A3":"NAM","WOE_ID":23424987,"WOE_ID_EH":23424987,"WOE_NOTE":"Exact WOE match as country","ADM0_ISO":"NAM","ADM0_DIFF":"","ADM0_TLC":"NAM","ADM0_A3_US":"NAM","ADM0_A3_FR":"NAM","ADM0_A3_RU":"NAM","ADM0_A3_ES":"NAM","ADM0_A3_CN":"NAM","ADM0_A3_TW":"NAM","ADM0_A3_IN":"NAM","ADM0_A3_NP":"NAM","ADM0_A3_PK":"NAM","ADM0_A3_DE":"NAM","ADM0_A3_GB":"NAM","ADM0_A3_BR":"NAM","ADM0_A3_IL":"NAM","ADM0_A3_PS":"NAM","ADM0_A3_SA":"NAM","ADM0_A3_EG":"NAM","ADM0_A3_MA":"NAM","ADM0_A3_PT":"NAM","ADM0_A3_AR":"NAM","ADM0_A3_JP":"NAM","ADM0_A3_KO":"NAM","ADM0_A3_VN":"NAM","ADM0_A3_TR":"NAM","ADM0_A3_ID":"NAM","ADM0_A3_PL":"NAM","ADM0_A3_GR":"NAM","ADM0_A3_IT":"NAM","ADM0_A3_NL":"NAM","ADM0_A3_SE":"NAM","ADM0_A3_BD":"NAM","ADM0_A3_UA":"NAM","ADM0_A3_UN":-99,"ADM0_A3_WB":-99,"CONTINENT":"Africa","REGION_UN":"Africa","SUBREGION":"Southern Africa","REGION_WB":"Sub-Saharan Africa","NAME_LEN":7,"LONG_LEN":7,"ABBREV_LEN":4,"TINY":-99,"HOMEPART":1,"MIN_ZOOM":0,"MIN_LABEL":3,"MAX_LABEL":7.5,"LABEL_X":17.108166,"LABEL_Y":-20.575298,"NE_ID":1159321085,"WIKIDATAID":"Q1030","NAME_AR":"ناميبيا","NAME_BN":"নামিবিয়া","NAME_DE":"Namibia","NAME_EN":"Namibia","NAME_ES":"Namibia","NAME_FA":"نامیبیا","NAME_FR":"Namibie","NAME_EL":"Ναμίμπια","NAME_HE":"נמיביה","NAME_HI":"नामीबिया","NAME_HU":"Namíbia","NAME_ID":"Namibia","NAME_IT":"Namibia","NAME_JA":"ナミビア","NAME_KO":"나미비아","NAME_NL":"Namibië","NAME_PL":"Namibia","NAME_PT":"Namíbia","NAME_RU":"Намибия","NAME_SV":"Namibia","NAME_TR":"Namibya","NAME_UK":"Намібія","NAME_UR":"نمیبیا","NAME_VI":"Namibia","NAME_ZH":"纳米比亚","NAME_ZHT":"納米比亞","FCLASS_ISO":"Admin-0 country","TLC_DIFF":"","FCLASS_TLC":"Admin-0 country","FCLASS_US":"","FCLASS_FR":"","FCLASS_RU":"","FCLASS_ES":"","FCLASS_CN":"","FCLASS_TW":"","FCLASS_IN":"","FCLASS_NP":"","FCLASS_PK":"","FCLASS_DE":"","FCLASS_GB":"","FCLASS_BR":"","FCLASS_IL":"","FCLASS_PS":"","FCLASS_SA":"","FCLASS_EG":"","FCLASS_MA":"","FCLASS_PT":"","FCLASS_AR":"","FCLASS_JP":"","FCLASS_KO":"","FCLASS_VN":"","FCLASS_TR":"","FCLASS_ID":"","FCLASS_PL":"","FCLASS_GR":"","FCLASS_IT":"","FCLASS_NL":"","FCLASS_SE":"","FCLASS_BD":"","FCLASS_UA":""}},
{"type":"Feature","geometry":{"type":"Polygon","coordinates":[[[-16.714,13.595],[-15.625,13.624],[-15.399,13.86],[-15.082,13.876],[-14.687,13.63],[-14.377,13.626],[-14.047,13.794],[-13.845,13.505],[-14.278,13.281],[-14.712,13.298],[-15.141,13.51],[-15.512,13.279],[-15.691,13.27],[-15.931,13.13],[-16.842,13.151],[-16.677,12.385],[-16.148,12.548],[-15.817,12.516],[-15.548,12.628],[-13.7,12.586],[-13.218,12.576],[-12.499,12.332],[-12.279,12.354],[-12.204,12.466],[-11.658,12.387],[-11.514,12.443],[-11.468,12.755],[-11.553,13.141],[-11.928,13.422],[-12.125,13.995],[-12.171,14.617],[-12.831,15.304],[-13.436,16.039],[-14.1,16.304],[-14.577,16.598],[-15.136,16.587],[-15.624,16.369],[-16.121,16.456],[-16.463,16.135],[-16.701,15.622],[-17.185,14.919],[-17.625,14.73],[-17.126,14.374],[-16.714,13.595]]]},"properties":{"featurecla":"Admin-0 country","scalerank":1,"LABELRANK":3,"SOVEREIGNT":"Senegal","SOV_A3":"SEN","ADM0_DIF":0,"LEVEL":2,"TYPE":"Sovereign country","TLC":"1","ADMIN":"Senegal","ADM0_A3":"SEN","GEOU_DIF":0,"GEOUNIT":"Senegal","GU_A3":"SEN","SU_DIF":0,"SUBUNIT":"Senegal","SU_A3":"SEN","BRK_DIFF":0,"NAME":"Senegal","NAME_LONG":"Senegal","BRK_A3":"SEN","BRK_NAME":"Senegal","BRK_GROUP":"","ABBREV":"Sen.","POSTAL":"SN","FORMAL_EN":"Republic of Senegal","FORMAL_FR":"","NAME_CIAWF":"Senegal","NOTE_ADM0":"","NOTE_BRK":"","NAME_SORT":"Senegal","NAME_ALT":"","MAPCOLOR7":2,"MAPCOLOR8":6,"MAPCOLOR9":5,"MAPCOLOR13":5,"POP_EST":16296364,"POP_RANK":14,"POP_YEAR":2019,"GDP_MD":23578,"GDP_YEAR":2019,"ECONOMY":"7. Least developed region","INCOME_GRP":"4. Lower middle income","FIPS_10":"SG","ISO_A2":"SN","ISO_A2_EH":"SN","ISO_A3":"SEN","ISO_A3_EH":"SEN","ISO_N3":"686","ISO_N3_EH":"686","UN_A3":"686","WB_A2":"SN","WB_A3":"SEN","WOE_ID":23424943,"WOE_ID_EH":23424943,"WOE_NOTE":"Exact WOE match as country","ADM0_ISO":"SEN","ADM0_DIFF":"","ADM0_TLC":"SEN","ADM0_A3_US":"SEN","ADM0_A3_FR":"SEN","ADM0_A3_RU":"SEN","ADM0_A3_ES":"SEN","ADM0_A3_CN":"SEN","ADM0_A3_TW":"SEN","ADM0_A3_IN":"SEN","ADM0_A3_NP":"SEN","ADM0_A3_PK":"SEN","ADM0_A3_DE":"SEN","ADM0_A3_GB":"SEN","ADM0_A3_BR":"SEN","ADM0_A3_IL":"SEN","ADM0_A3_PS":"SEN","ADM0_A3_SA":"SEN","ADM0_A3_EG":"SEN","ADM0_A3_MA":"SEN","ADM0_A3_PT":"SEN","ADM0_A3_AR":"SEN","ADM0_A3_JP":"SEN","ADM0_A3_KO":"SEN","ADM0_A3_VN":"SEN","ADM0_A3_TR":"SEN","ADM0_A3_ID":"SEN","ADM0_A3_PL":"SEN","ADM0_A3_GR":"SEN","ADM0_A3_IT":"SEN","ADM0_A3_NL":"SEN","ADM0_A3_SE":"SEN","ADM0_A3_BD":"SEN","ADM0_A3_UA":"SEN","ADM0_A3_UN":-99,"ADM0_A3_WB":-99,"CONTINENT":"Africa","REGION_UN":"Africa","SUBREGION":"Western Africa","REGION_WB":"Sub-Saharan Africa","NAME_LEN":7,"LONG_LEN":7,"ABBREV_LEN":4,"TINY":-99,"HOMEPART":1,"MIN_ZOOM":0,"MIN_LABEL":2.7,"MAX_LABEL":8,"LABEL_X":-14.778586,"LABEL_Y":15.138125,"NE_ID":1159321243,"WIKIDATAID":"Q1041","NAME_AR":"السنغال","NAME_BN":"সেনেগাল","NAME_DE":"Senegal","NAME_EN":"Senegal","NAME_ES":"Senegal","NAME_FA":"سنگال","NAME_FR":"Sénégal","NAME_EL":"Σενεγάλη","NAME_HE":"סנגל","NAME_HI":"सेनेगल","NAME_HU":"Szenegál","NAME_ID":"Senegal","NAME_IT":"Senegal","NAME_JA":"セネガル","NAME_KO":"세네갈","NAME_NL":"Senegal","NAME_PL":"Senegal","NAME_PT":"Senegal","NAME_RU":"Сенегал","NAME_SV":"Senegal","NAME_TR":"Senegal","NAME_UK":"Сенегал","NAME_UR":"سینیگال","NAME_VI":"Sénégal","NAME_ZH":"塞内加尔","NAME_ZHT":"塞內加爾","FCLASS_ISO":"Admin-0 country","TLC_DIFF":"","FCLASS_TLC":"Admin-0 country","FCLASS_US":"","FCLASS_FR":"","FCLASS_RU":"","FCLASS_ES":"","FCLASS_CN":"","FCLASS_TW":"","FCLASS_IN":"","FCLASS_NP":"","FCLASS_PK":"","FCLASS_DE":"","FCLASS_GB":"","FCLASS_BR":"","FCLASS_IL":"","FCLASS_PS":"","FCLASS_SA":"","FCLASS_EG":"","FCLASS_MA":"","FCLASS_PT":"","FCLASS_AR":"","FCLASS_JP":"","FCLASS_KO":"","FCLASS_VN":"","FCLASS_TR":"","FCLASS_ID":"","FCLASS_PL":"","FCLASS_GR":"","FCLASS_IT":"","FCLASS_NL":"","FCLASS_SE":"","FCLASS_BD":"","FCLASS_UA":""}},
{"type":"Feature","geometry":{"type":"Polygon","coordinates":[[[-11.514,12.443],[-11.456,12.077],[-11.298,12.078],[-11.037,12.211],[-10.871,12.178],[-10.593,11.924],[-10.165,11.844],[-9.891,12.06],[-9.568,12.194],[-9.328,12.334],[-9.127,12.308],[-8.905,12.088],[-8.786,11.813],[-8.376,11.394],[-8.581,11.136],[-8.62,10.811],[-8.407,10.909],[-8.282,10.793],[-8.335,10.495],[-8.03,10.207],[-7.9,10.297],[-7.623,10.147],[-6.851,10.139],[-6.666,10.431],[-6.494,10.411],[-6.205,10.524],[-6.05,10.096],[-5.817,10.223],[-5.404,10.371],[-5.471,10.951],[-5.198,11.375],[-5.221,11.714],[-4.427,12.543],[-4.28,13.228],[-4.006,13.472],[-3.523,13.338],[-3.104,13.541],[-2.968,13.798],[-2.192,14.246],[-2.001,14.559],[-1.066,14.974],[-0.516,15.116],[-0.266,14.924],[0.375,14.929],[1.016,14.968],[1.386,15.324],[2.75,15.41],[3.638,15.568],[3.723,16.184],[4.27,16.852],[4.267,19.155],[3.158,19.057],[3.147,19.694],[2.684,19.856],[2.061,20.142],[1.823,20.611],[-1.55,22.793],[-4.923,24.975],[-6.454,24.957],[-5.971,20.641],[-5.489,16.325],[-5.315,16.202],[-5.538,15.502],[-9.55,15.486],[-9.7,15.264],[-10.087,15.33],[-10.651,15.133],[-11.349,15.411],[-11.666,15.388],[-11.834,14.799],[-12.171,14.617],[-12.125,13.995],[-11.928,13.422],[-11.553,13.141],[-11.468,12.755],[-11.514,12.443]]]},"properties":{"featurecla":"Admin-0 country","scalerank":1,"LABELRANK":3,"SOVEREIGNT":"Mali","SOV_A3":"MLI","ADM0_DIF":0,"LEVEL":2,"TYPE":"Sovereign country","TLC":"1","ADMIN":"Mali","ADM0_A3":"MLI","GEOU_DIF":0,"GEOUNIT":"Mali","GU_A3":"MLI","SU_DIF":0,"SUBUNIT":"Mali","SU_A3":"MLI","BRK_DIFF":0,"NAME":"Mali","NAME_LONG":"Mali","BRK_A3":"MLI","BRK_NAME":"Mali","BRK_GROUP":"","ABBREV":"Mali","POSTAL":"ML","FORMAL_EN":"Republic of Mali","FORMAL_FR":"","NAME_CIAWF":"Mali","NOTE_ADM0":"","NOTE_BRK":"","NAME_SORT":"Mali","NAME_ALT":"","MAPCOLOR7":1,"MAPCOLOR8":4,"MAPCOLOR9":1,"MAPCOLOR13":7,"POP_EST":19658031,"POP_RANK":14,"POP_YEAR":2019,"GDP_MD":17279,"GDP_YEAR":2019,"ECONOMY":"7. Least developed region","INCOME_GRP":"5. Low income","FIPS_10":"ML","ISO_A2":"ML","ISO_A2_EH":"ML","ISO_A3":"MLI","ISO_A3_EH":"MLI","ISO_N3":"466","ISO_N3_EH":"466","UN_A3":"466","WB_A2":"ML","WB_A3":"MLI","WOE_ID":23424891,"WOE_ID_EH":23424891,"WOE_NOTE":"Exact WOE match as country","ADM0_ISO":"MLI","ADM0_DIFF":"","ADM0_TLC":"MLI","ADM0_A3_US":"MLI","ADM0_A3_FR":"MLI","ADM0_A3_RU":"MLI","ADM0_A3_ES":"MLI","ADM0_A3_CN":"MLI","ADM0_A3_TW":"MLI","ADM0_A3_IN":"MLI","ADM0_A3_NP":"MLI","ADM0_A3_PK":"MLI","ADM0_A3_DE":"MLI","ADM0_A3_GB":"MLI","ADM0_A3_BR":"MLI","ADM0_A3_IL":"MLI","ADM0_A3_PS":"MLI","ADM0_A3_SA":"MLI","ADM0_A3_EG":"MLI","ADM0_A3_MA":"MLI","ADM0_A3_PT":"MLI","ADM0_A3_AR":"MLI","ADM0_A3_JP":"MLI","ADM0_A3_KO":"MLI","ADM0_A3_VN":"MLI","ADM0_A3_TR":"MLI","ADM0_A3_ID":"MLI","ADM0_A3_PL":"MLI","ADM0_A3_GR":"MLI","ADM0_A3_IT":"MLI","ADM0_A3_NL":"MLI","ADM0_A3_SE":"MLI","ADM0_A3_BD":"MLI","ADM0_A3_UA":"MLI","ADM0_A3_UN":-99,"ADM0_A3_WB":-99,"CONTINENT":"Africa","REGION_UN":"Africa","SUBREGION":"Western Africa","REGION_WB":"Sub-Saharan Africa","NAME_LEN":4,"LONG_LEN":4,"ABBREV_LEN":4,"TINY":-99,"HOMEPART":1,"MIN_ZOOM":0,"MIN_LABEL":3,"MAX_LABEL":7,"LABEL_X":-2.038455,"LABEL_Y":18.692713,"NE_ID":1159321063,"WIKIDATAID":"Q912","NAME_AR":"مالي","NAME_BN":"মালি","NAME_DE":"Mali","NAME_EN":"Mali","NAME_ES":"Malí","NAME_FA":"مالی","NAME_FR":"Mali","NAME_EL":"Μάλι","NAME_HE":"מאלי","NAME_HI":"माली","NAME_HU":"Mali","NAME_ID":"Mali","NAME_IT":"Mali","NAME_JA":"マリ共和国","NAME_KO":"말리","NAME_NL":"Mali","NAME_PL":"Mali","NAME_PT":"Mali","NAME_RU":"Мали","NAME_SV":"Mali","NAME_TR":"Mali","NAME_UK":"Малі","NAME_UR":"مالی","NAME_VI":"Mali","NAME_ZH":"马里","NAME_ZHT":"馬利共和國","FCLASS_ISO":"Admin-0 country","TLC_DIFF":"","FCLASS_TLC":"Admin-0 country","FCLASS_US":"","FCLASS_FR":"","FCLASS_RU":"","FCLASS_ES":"","FCLASS_CN":"","FCLASS_TW":"","FCLASS_IN":"","FCLASS_NP":"","FCLASS_PK":"","FCLASS_DE":"","FCLASS_GB":"","FCLASS_BR":"","FCLASS_IL":"","FCLASS_PS":"","FCLASS_SA":"","FCLASS_EG":"","FCLASS_MA":"","FCLASS_PT":"","FCLASS_AR":"","FCLASS_JP":"","FCLASS_KO":"","FCLASS_VN":"","FCLASS_TR":"","FCLASS_ID":"","FCLASS_PL":"","FCLASS_GR":"","FCLASS_IT":"","FCLASS_NL":"","FCLASS_SE":"","FCLASS_BD":"","FCLASS_UA":""}},
{"type":"Feature","geometry":{"type":"Polygon","coordinates":[[[-17.063,21],[-16.536,20.568],[-16.278,20.093],[-16.378,19.594],[-16.257,19.097],[-16.146,18.108],[-16.271,17.167],[-16.55,16.674],[-16.463,16.135],[-16.121,16.456],[-15.624,16.369],[-15.136,16.587],[-14.577,16.598],[-14.1,16.304],[-13.436,16.039],[-12.831,15.304],[-12.171,14.617],[-11.834,14.799],[-11.666,15.388],[-11.349,15.411],[-10.651,15.133],[-10.087,15.33],[-9.7,15.264],[-9.55,15.486],[-5.538,15.502],[-5.315,16.202],[-5.489,16.325],[-5.971,20.641],[-6.454,24.957],[-4.923,24.975],[-8.684,27.396],[-8.687,25.881],[-11.969,25.933],[-11.937,23.375],[-12.874,23.285],[-13.119,22.771],[-12.929,21.327],[-16.845,21.333],[-17.063,21]]]},"properties":{"featurecla":"Admin-0 country","scalerank":1,"LABELRANK":3,"SOVEREIGNT":"Mauritania","SOV_A3":"MRT","ADM0_DIF":0,"LEVEL":2,"TYPE":"Sovereign country","TLC":"1","ADMIN":"Mauritania","ADM0_A3":"MRT","GEOU_DIF":0,"GEOUNIT":"Mauritania","GU_A3":"MRT","SU_DIF":0,"SUBUNIT":"Mauritania","SU_A3":"MRT","BRK_DIFF":0,"NAME":"Mauritania","NAME_LONG":"Mauritania","BRK_A3":"MRT","BRK_NAME":"Mauritania","BRK_GROUP":"","ABBREV":"Mrt.","POSTAL":"MR","FORMAL_EN":"Islamic Republic of Mauritania","FORMAL_FR":"","NAME_CIAWF":"Mauritania","NOTE_ADM0":"","NOTE_BRK":"","NAME_SORT":"Mauritania","NAME_ALT":"","MAPCOLOR7":3,"MAPCOLOR8":3,"MAPCOLOR9":2,"MAPCOLOR13":1,"POP_EST":4525696,"POP_RANK":12,"POP_YEAR":2019,"GDP_MD":7600,"GDP_YEAR":2019,"ECONOMY":"7. Least developed region","INCOME_GRP":"5. Low income","FIPS_10":"MR","ISO_A2":"MR","ISO_A2_EH":"MR","ISO_A3":"MRT","ISO_A3_EH":"MRT","ISO_N3":"478","ISO_N3_EH":"478","UN_A3":"478","WB_A2":"MR","WB_A3":"MRT","WOE_ID":23424896,"WOE_ID_EH":23424896,"WOE_NOTE":"Exact WOE match as country","ADM0_ISO":"MRT","ADM0_DIFF":"","ADM0_TLC":"MRT","ADM0_A3_US":"MRT","ADM0_A3_FR":"MRT","ADM0_A3_RU":"MRT","ADM0_A3_ES":"MRT","ADM0_A3_CN":"MRT","ADM0_A3_TW":"MRT","ADM0_A3_IN":"MRT","ADM0_A3_NP":"MRT","ADM0_A3_PK":"MRT","ADM0_A3_DE":"MRT","ADM0_A3_GB":"MRT","ADM0_A3_BR":"MRT","ADM0_A3_IL":"MRT","ADM0_A3_PS":"MRT","ADM0_A3_SA":"MRT","ADM0_A3_EG":"MRT","ADM0_A3_MA":"MRT","ADM0_A3_PT":"MRT","ADM0_A3_AR":"MRT","ADM0_A3_JP":"MRT","ADM0_A3_KO":"MRT","ADM0_A3_VN":"MRT","ADM0_A3_TR":"MRT","ADM0_A3_ID":"MRT","ADM0_A3_PL":"MRT","ADM0_A3_GR":"MRT","ADM0_A3_IT":"MRT","ADM0_A3_NL":"MRT","ADM0_A3_SE":"MRT","ADM0_A3_BD":"MRT","ADM0_A3_UA":"MRT","ADM0_A3_UN":-99,"ADM0_A3_WB":-99,"CONTINENT":"Africa","REGION_UN":"Africa","SUBREGION":"Western Africa","REGION_WB":"Sub-Saharan Africa","NAME_LEN":10,"LONG_LEN":10,"ABBREV_LEN":4,"TINY":-99,"HOMEPART":1,"MIN_ZOOM":0,"MIN_LABEL":3,"MAX_LABEL":8,"LABEL_X":-9.740299,"LABEL_Y":19.587062,"NE_ID":1159321075,"WIKIDATAID":"Q1025","NAME_AR":"موريتانيا","NAME_BN":"মৌরিতানিয়া","NAME_DE":"Mauretanien","NAME_EN":"Mauritania","NAME_ES":"Mauritania","NAME_FA":"موریتانی","NAME_FR":"Mauritanie","NAME_EL":"Μαυριτανία","NAME_HE":"מאוריטניה","NAME_HI":"मॉरीतानिया","NAME_HU":"Mauritánia","NAME_ID":"Mauritania","NAME_IT":"Mauritania","NAME_JA":"モーリタニア","NAME_KO":"모리타니","NAME_NL":"Mauritanië","NAME_PL":"Mauretania","NAME_PT":"Mauritânia","NAME_RU":"Мавритания","NAME_SV":"Mauretanien","NAME_TR":"Moritanya","NAME_UK":"Мавританія","NAME_UR":"موریتانیہ","NAME_VI":"Mauritanie","NAME_ZH":"毛里塔尼亚","NAME_ZHT":"茅利塔尼亞","FCLASS_ISO":"Admin-0 country","TLC_DIFF":"","FCLASS_TLC":"Admin-0 country","FCLASS_US":"","FCLASS_FR":"","FCLASS_RU":"","FCLASS_ES":"","FCLASS_CN":"","FCLASS_TW":"","FCLASS_IN":"","FCLASS_NP":"","FCLASS_PK":"","FCLASS_DE":"","FCLASS_GB":"","FCLASS_BR":"","FCLASS_IL":"","FCLASS_PS":"","FCLASS_SA":"","FCLASS_EG":"","FCLASS_MA":"","FCLASS_PT":"","FCLASS_AR":"","FCLASS_JP":"","FCLASS_KO":"","FCLASS_VN":"","FCLASS_TR":"","FCLASS_ID":"","FCLASS_PL":"","FCLASS_GR":"","FCLASS_IT":"","FCLASS_NL":"","FCLASS_SE":"","FCLASS_BD":"","FCLASS_UA":""}},
{"type":"Feature","geometry":{"type":"Polygon","coordinates":[[[2.692,6.259],[2.749,7.871],[2.724,8.507],[2.912,9.138],[3.22,9.444],[3.705,10.063],[3.6,10.332],[3.797,10.735],[3.572,11.328],[3.611,11.66],[2.849,12.236],[2.49,12.233],[2.154,11.94],[1.936,11.641],[1.447,11.548],[1.243,11.111],[0.9,10.997],[0.772,10.471],[1.078,10.176],[1.425,9.825],[1.463,9.335],[1.664,9.129],[1.619,6.832],[1.865,6.142],[2.692,6.259]]]},"properties":{"featurecla":"Admin-0 country","scalerank":1,"LABELRANK":5,"SOVEREIGNT":"Benin","SOV_A3":"BEN","ADM0_DIF":0,"LEVEL":2,"TYPE":"Sovereign country","TLC":"1","ADMIN":"Benin","ADM0_A3":"BEN","GEOU_DIF":0,"GEOUNIT":"Benin","GU_A3":"BEN","SU_DIF":0,"SUBUNIT":"Benin","SU_A3":"BEN","BRK_DIFF":0,"NAME":"Benin","NAME_LONG":"Benin","BRK_A3":"BEN","BRK_NAME":"Benin","BRK_GROUP":"","ABBREV":"Benin","POSTAL":"BJ","FORMAL_EN":"Republic of Benin","FORMAL_FR":"","NAME_CIAWF":"Benin","NOTE_ADM0":"","NOTE_BRK":"","NAME_SORT":"Benin","NAME_ALT":"","MAPCOLOR7":1,"MAPCOLOR8":2,"MAPCOLOR9":2,"MAPCOLOR13":12,"POP_EST":11801151,"POP_RANK":14,"POP_YEAR":2019,"GDP_MD":14390,"GDP_YEAR":2019,"ECONOMY":"7. Least developed region","INCOME_GRP":"5. Low income","FIPS_10":"BN","ISO_A2":"BJ","ISO_A2_EH":"BJ","ISO_A3":"BEN","ISO_A3_EH":"BEN","ISO_N3":"204","ISO_N3_EH":"204","UN_A3":"204","WB_A2":"BJ","WB_A3":"BEN","WOE_ID":23424764,"WOE_ID_EH":23424764,"WOE_NOTE":"Exact WOE match as country","ADM0_ISO":"BEN","ADM0_DIFF":"","ADM0_TLC":"BEN","ADM0_A3_US":"BEN","ADM0_A3_FR":"BEN","ADM0_A3_RU":"BEN","ADM0_A3_ES":"BEN","ADM0_A3_CN":"BEN","ADM0_A3_TW":"BEN","ADM0_A3_IN":"BEN","ADM0_A3_NP":"BEN","ADM0_A3_PK":"BEN","ADM0_A3_DE":"BEN","ADM0_A3_GB":"BEN","ADM0_A3_BR":"BEN","ADM0_A3_IL":"BEN","ADM0_A3_PS":"BEN","ADM0_A3_SA":"BEN","ADM0_A3_EG":"BEN","ADM0_A3_MA":"BEN","ADM0_A3_PT":"BEN","ADM0_A3_AR":"BEN","ADM0_A3_JP":"BEN","ADM0_A3_KO":"BEN","ADM0_A3_VN":"BEN","ADM0_A3_TR":"BEN","ADM0_A3_ID":"BEN","ADM0_A3_PL":"BEN","ADM0_A3_GR":"BEN","ADM0_A3_IT":"BEN","ADM0_A3_NL":"BEN","ADM0_A3_SE":"BEN","ADM0_A3_BD":"BEN","ADM0_A3_UA":"BEN","ADM0_A3_UN":-99,"ADM0_A3_WB":-99,"CONTINENT":"Africa","REGION_UN":"Africa","SUBREGION":"Western Africa","REGION_WB":"Sub-Saharan Africa","NAME_LEN":5,"LONG_LEN":5,"ABBREV_LEN":5,"TINY":-99,"HOMEPART":1,"MIN_ZOOM":0,"MIN_LABEL":4,"MAX_LABEL":9,"LABEL_X":2.352018,"LABEL_Y":10.324775,"NE_ID":1159320399,"WIKIDATAID":"Q962","NAME_AR":"بنين","NAME_BN":"বেনিন","NAME_DE":"Benin","NAME_EN":"Benin","NAME_ES":"Benín","NAME_FA":"بنین","NAME_FR":"Bénin","NAME_EL":"Μπενίν","NAME_HE":"בנין","NAME_HI":"बेनिन","NAME_HU":"Benin","NAME_ID":"Benin","NAME_IT":"Benin","NAME_JA":"ベナン","NAME_KO":"베냉","NAME_NL":"Benin","NAME_PL":"Benin","NAME_PT":"Benim","NAME_RU":"Бенин","NAME_SV":"Benin","NAME_TR":"Benin","NAME_UK":"Бенін","NAME_UR":"بینن","NAME_VI":"Bénin","NAME_ZH":"贝宁","NAME_ZHT":"貝南","FCLASS_ISO":"Admin-0 country","TLC_DIFF":"","FCLASS_TLC":"Admin-0 country","FCLASS_US":"","FCLASS_FR":"","FCLASS_RU":"","FCLASS_ES":"","FCLASS_CN":"","FCLASS_TW":"","FCLASS_IN":"","FCLASS_NP":"","FCLASS_PK":"","FCLASS_DE":"","FCLASS_GB":"","FCLASS_BR":"","FCLASS_IL":"","FCLASS_PS":"","FCLASS_SA":"","FCLASS_EG":"","FCLASS_MA":"","FCLASS_PT":"","FCLASS_AR":"","FCLASS_JP":"","FCLASS_KO":"","FCLASS_VN":"","FCLASS_TR":"","FCLASS_ID":"","FCLASS_PL":"","FCLASS_GR":"","FCLASS_IT":"","FCLASS_NL":"","FCLASS_SE":"","FCLASS_BD":"","FCLASS_UA":""}},
{"type":"Feature","geometry":{"type":"Polygon","coordinates":[[[14.851,22.863],[14.144,22.491],[13.581,23.041],[12,23.472],[8.573,21.566],[5.678,19.601],[4.267,19.155],[4.27,16.852],[3.723,16.184],[3.638,15.568],[2.75,15.41],[1.386,15.324],[1.016,14.968],[0.375,14.929],[0.296,14.444],[0.43,13.989],[0.993,13.336],[1.024,12.852],[2.177,12.625],[2.154,11.94],[2.49,12.233],[2.849,12.236],[3.611,11.66],[3.681,12.553],[3.967,12.956],[4.108,13.531],[4.368,13.747],[5.443,13.866],[6.445,13.493],[6.82,13.115],[7.331,13.098],[7.805,13.344],[9.015,12.827],[9.525,12.851],[10.115,13.277],[10.701,13.247],[10.99,13.387],[11.528,13.329],[12.302,13.037],[13.084,13.596],[13.319,13.556],[13.995,12.462],[14.181,12.484],[14.214,12.802],[14.496,12.859],[14.596,13.33],[13.954,13.353],[13.957,13.997],[13.54,14.367],[13.972,15.684],[15.248,16.627],[15.3,17.928],[15.686,19.957],[15.903,20.388],[15.487,20.73],[15.471,21.048],[15.097,21.309],[14.851,22.863]]]},"properties":{"featurecla":"Admin-0 country","scalerank":1,"LABELRANK":3,"SOVEREIGNT":"Niger","SOV_A3":"NER","ADM0_DIF":0,"LEVEL":2,"TYPE":"Sovereign country","TLC":"1","ADMIN":"Niger","ADM0_A3":"NER","GEOU_DIF":0,"GEOUNIT":"Niger","GU_A3":"NER","SU_DIF":0,"SUBUNIT":"Niger","SU_A3":"NER","BRK_DIFF":0,"NAME":"Niger","NAME_LONG":"Niger","BRK_A3":"NER","BRK_NAME":"Niger","BRK_GROUP":"","ABBREV":"Niger","POSTAL":"NE","FORMAL_EN":"Republic of Niger","FORMAL_FR":"","NAME_CIAWF":"Niger","NOTE_ADM0":"","NOTE_BRK":"","NAME_SORT":"Niger","NAME_ALT":"","MAPCOLOR7":4,"MAPCOLOR8":5,"MAPCOLOR9":3,"MAPCOLOR13":13,"POP_EST":23310715,"POP_RANK":15,"POP_YEAR":2019,"GDP_MD":12911,"GDP_YEAR":2019,"ECONOMY":"7. Least developed region","INCOME_GRP":"5. Low income","FIPS_10":"NG","ISO_A2":"NE","ISO_A2_EH":"NE","ISO_A3":"NER","ISO_A3_EH":"NER","ISO_N3":"562","ISO_N3_EH":"562","UN_A3":"562","WB_A2":"NE","WB_A3":"NER","WOE_ID":23424906,"WOE_ID_EH":23424906,"WOE_NOTE":"Exact WOE match as country","ADM0_ISO":"NER","ADM0_DIFF":"","ADM0_TLC":"NER","ADM0_A3_US":"NER","ADM0_A3_FR":"NER","ADM0_A3_RU":"NER","ADM0_A3_ES":"NER","ADM0_A3_CN":"NER","ADM0_A3_TW":"NER","ADM0_A3_IN":"NER","ADM0_A3_NP":"NER","ADM0_A3_PK":"NER","ADM0_A3_DE":"NER","ADM0_A3_GB":"NER","ADM0_A3_BR":"NER","ADM0_A3_IL":"NER","ADM0_A3_PS":"NER","ADM0_A3_SA":"NER","ADM0_A3_EG":"NER","ADM0_A3_MA":"NER","ADM0_A3_PT":"NER","ADM0_A3_AR":"NER","ADM0_A3_JP":"NER","ADM0_A3_KO":"NER","ADM0_A3_VN":"NER","ADM0_A3_TR":"NER","ADM0_A3_ID":"NER","ADM0_A3_PL":"NER","ADM0_A3_GR":"NER","ADM0_A3_IT":"NER","ADM0_A3_NL":"NER","ADM0_A3_SE":"NER","ADM0_A3_BD":"NER","ADM0_A3_UA":"NER","ADM0_A3_UN":-99,"ADM0_A3_WB":-99,"CONTINENT":"Africa","REGION_UN":"Africa","SUBREGION":"Western Africa","REGION_WB":"Sub-Saharan Africa","NAME_LEN":5,"LONG_LEN":5,"ABBREV_LEN":5,"TINY":-99,"HOMEPART":1,"MIN_ZOOM":0,"MIN_LABEL":3,"MAX_LABEL":8,"LABEL_X":9.504356,"LABEL_Y":17.446195,"NE_ID":1159321087,"WIKIDATAID":"Q1032","NAME_AR":"النيجر","NAME_BN":"নাইজার","NAME_DE":"Niger","NAME_EN":"Niger","NAME_ES":"Níger","NAME_FA":"نیجر","NAME_FR":"Niger","NAME_EL":"Νίγηρας","NAME_HE":"ניז'ר","NAME_HI":"नाइजर","NAME_HU":"Niger","NAME_ID":"Niger","NAME_IT":"Niger","NAME_JA":"ニジェール","NAME_KO":"니제르","NAME_NL":"Niger","NAME_PL":"Niger","NAME_PT":"Níger","NAME_RU":"Нигер","NAME_SV":"Niger","NAME_TR":"Nijer","NAME_UK":"Нігер","NAME_UR":"نائجر","NAME_VI":"Niger","NAME_ZH":"尼日尔","NAME_ZHT":"尼日","FCLASS_ISO":"Admin-0 country","TLC_DIFF":"","FCLASS_TLC":"Admin-0 country","FCLASS_US":"","FCLASS_FR":"","FCLASS_RU":"","FCLASS_ES":"","FCLASS_CN":"","FCLASS_TW":"","FCLASS_IN":"","FCLASS_NP":"","FCLASS_PK":"","FCLASS_DE":"","FCLASS_GB":"","FCLASS_BR":"","FCLASS_IL":"","FCLASS_PS":"","FCLASS_SA":"","FCLASS_EG":"","FCLASS_MA":"","FCLASS_PT":"","FCLASS_AR":"","FCLASS_JP":"","FCLASS_KO":"","FCLASS_VN":"","FCLASS_TR":"","FCLASS_ID":"","FCLASS_PL":"","FCLASS_GR":"","FCLASS_IT":"","FCLASS_NL":"","FCLASS_SE":"","FCLASS_BD":"","FCLASS_UA":""}},
{"type":"Feature","geometry":{"type":"Polygon","coordinates":[[[2.692,6.259],[3.574,6.258],[4.326,6.271],[5.034,5.612],[5.363,4.888],[5.898,4.262],[6.698,4.241],[7.083,4.465],[7.462,4.412],[8.5,4.772],[8.758,5.48],[9.233,6.444],[9.523,6.453],[10.118,7.039],[10.497,7.055],[11.059,6.644],[11.746,6.981],[11.839,7.397],[12.064,7.8],[12.219,8.306],[12.754,8.718],[12.955,9.418],[13.168,9.641],[13.309,10.16],[13.573,10.799],[14.415,11.572],[14.468,11.905],[14.577,12.085],[14.181,12.484],[13.995,12.462],[13.319,13.556],[13.084,13.596],[12.302,13.037],[11.528,13.329],[10.99,13.387],[10.701,13.247],[10.115,13.277],[9.525,12.851],[9.015,12.827],[7.805,13.344],[7.331,13.098],[6.82,13.115],[6.445,13.493],[5.443,13.866],[4.368,13.747],[4.108,13.531],[3.967,12.956],[3.681,12.553],[3.611,11.66],[3.572,11.328],[3.797,10.735],[3.6,10.332],[3.705,10.063],[3.22,9.444],[2.912,9.138],[2.724,8.507],[2.749,7.871],[2.692,6.259]]]},"properties":{"featurecla":"Admin-0 country","scalerank":1,"LABELRANK":2,"SOVEREIGNT":"Nigeria","SOV_A3":"NGA","ADM0_DIF":0,"LEVEL":2,"TYPE":"Sovereign country","TLC":"1","ADMIN":"Nigeria","ADM0_A3":"NGA","GEOU_DIF":0,"GEOUNIT":"Nigeria","GU_A3":"NGA","SU_DIF":0,"SUBUNIT":"Nigeria","SU_A3":"NGA","BRK_DIFF":0,"NAME":"Nigeria","NAME_LONG":"Nigeria","BRK_A3":"NGA","BRK_NAME":"Nigeria","BRK_GROUP":"","ABBREV":"Nigeria","POSTAL":"NG","FORMAL_EN":"Federal Republic of Nigeria","FORMAL_FR":"","NAME_CIAWF":"Nigeria","NOTE_ADM0":"","NOTE_BRK":"","NAME_SORT":"Nigeria","NAME_ALT":"","MAPCOLOR7":3,"MAPCOLOR8":2,"MAPCOLOR9":5,"MAPCOLOR13":2,"POP_EST":200963599,"POP_RANK":17,"POP_YEAR":2019,"GDP_MD":448120,"GDP_YEAR":2019,"ECONOMY":"5. Emerging region: G20","INCOME_GRP":"4. Lower middle income","FIPS_10":"NI","ISO_A2":"NG","ISO_A2_EH":"NG","ISO_A3":"NGA","ISO_A3_EH":"NGA","ISO_N3":"566","ISO_N3_EH":"566","UN_A3":"566","WB_A2":"NG","WB_A3":"NGA","WOE_ID":23424908,"WOE_ID_EH":23424908,"WOE_NOTE":"Exact WOE match as country","ADM0_ISO":"NGA","ADM0_DIFF":"","ADM0_TLC":"NGA","ADM0_A3_US":"NGA","ADM0_A3_FR":"NGA","ADM0_A3_RU":"NGA","ADM0_A3_ES":"NGA","ADM0_A3_CN":"NGA","ADM0_A3_TW":"NGA","ADM0_A3_IN":"NGA","ADM0_A3_NP":"NGA","ADM0_A3_PK":"NGA","ADM0_A3_DE":"NGA","ADM0_A3_GB":"NGA","ADM0_A3_BR":"NGA","ADM0_A3_IL":"NGA","ADM0_A3_PS":"NGA","ADM0_A3_SA":"NGA","ADM0_A3_EG":"NGA","ADM0_A3_MA":"NGA","ADM0_A3_PT":"NGA","ADM0_A3_AR":"NGA","ADM0_A3_JP":"NGA","ADM0_A3_KO":"NGA","ADM0_A3_VN":"NGA","ADM0_A3_TR":"NGA","ADM0_A3_ID":"NGA","ADM0_A3_PL":"NGA","ADM0_A3_GR":"NGA","ADM0_A3_IT":"NGA","ADM0_A3_NL":"NGA","ADM0_A3_SE":"NGA","ADM0_A3_BD":"NGA","ADM0_A3_UA":"NGA","ADM0_A3_UN":-99,"ADM0_A3_WB":-99,"CONTINENT":"Africa","REGION_UN":"Africa","SUBREGION":"Western Africa","REGION_WB":"Sub-Saharan Africa","NAME_LEN":7,"LONG_LEN":7,"ABBREV_LEN":7,"TINY":-99,"HOMEPART":1,"MIN_ZOOM":0,"MIN_LABEL":1.7,"MAX_LABEL":6.7,"LABEL_X":7.50322,"LABEL_Y":9.439799,"NE_ID":1159321089,"WIKIDATAID":"Q1033","NAME_AR":"نيجيريا","NAME_BN":"নাইজেরিয়া","NAME_DE":"Nigeria","NAME_EN":"Nigeria","NAME_ES":"Nigeria","NAME_FA":"نیجریه","NAME_FR":"Nigeria","NAME_EL":"Νιγηρία","NAME_HE":"ניגריה","NAME_HI":"नाईजीरिया","NAME_HU":"Nigéria","NAME_ID":"Nigeria","NAME_IT":"Nigeria","NAME_JA":"ナイジェリア","NAME_KO":"나이지리아","NAME_NL":"Nigeria","NAME_PL":"Nigeria","NAME_PT":"Nigéria","NAME_RU":"Нигерия","NAME_SV":"Nigeria","NAME_TR":"Nijerya","NAME_UK":"Нігерія","NAME_UR":"نائجیریا","NAME_VI":"Nigeria","NAME_ZH":"尼日利亚","NAME_ZHT":"奈及利亞","FCLASS_ISO":"Admin-0 country","TLC_DIFF":"","FCLASS_TLC":"Admin-0 country","FCLASS_US":"","FCLASS_FR":"","FCLASS_RU":"","FCLASS_ES":"","FCLASS_CN":"","FCLASS_TW":"","FCLASS_IN":"","FCLASS_NP":"","FCLASS_PK":"","FCLASS_DE":"","FCLASS_GB":"","FCLASS_BR":"","FCLASS_IL":"","FCLASS_PS":"","FCLASS_SA":"","FCLASS_EG":"","FCLASS_MA":"","FCLASS_PT":"","FCLASS_AR":"","FCLASS_JP":"","FCLASS_KO":"","FCLASS_VN":"","FCLASS_TR":"","FCLASS_ID":"","FCLASS_PL":"","FCLASS_GR":"","FCLASS_IT":"","FCLASS_NL":"","FCLASS_SE":"","FCLASS_BD":"","FCLASS_UA":""}},
{"type":"Feature","geometry":{"type":"Polygon","coordinates":[[[14.496,12.859],[14.214,12.802],[14.181,12.484],[14.577,12.085],[14.468,11.905],[14.415,11.572],[13.573,10.799],[13.309,10.16],[13.168,9.641],[12.955,9.418],[12.754,8.718],[12.219,8.306],[12.064,7.8],[11.839,7.397],[11.746,6.981],[11.059,6.644],[10.497,7.055],[10.118,7.039],[9.523,6.453],[9.233,6.444],[8.758,5.48],[8.5,4.772],[8.489,4.496],[8.745,4.352],[8.948,3.904],[9.404,3.735],[9.795,3.073],[9.649,2.284],[11.276,2.261],[11.752,2.327],[12.359,2.193],[12.951,2.322],[13.076,2.267],[14.338,2.228],[15.146,1.964],[15.941,1.728],[16.013,2.268],[15.907,2.557],[15.863,3.014],[15.405,3.335],[15.036,3.851],[14.951,4.21],[14.478,4.733],[14.559,5.031],[14.459,5.452],[14.537,6.227],[14.777,6.408],[15.279,7.422],[15.436,7.693],[15.121,8.382],[14.98,8.796],[14.544,8.966],[13.954,9.549],[14.171,10.021],[14.627,9.921],[14.909,9.992],[15.468,9.982],[14.924,10.891],[14.96,11.556],[14.893,12.219],[14.496,12.859]]]},"properties":{"featurecla":"Admin-0 country","scalerank":1,"LABELRANK":3,"SOVEREIGNT":"Cameroon","SOV_A3":"CMR","ADM0_DIF":0,"LEVEL":2,"TYPE":"Sovereign country","TLC":"1","ADMIN":"Cameroon","ADM0_A3":"CMR","GEOU_DIF":0,"GEOUNIT":"Cameroon","GU_A3":"CMR","SU_DIF":0,"SUBUNIT":"Cameroon","SU_A3":"CMR","BRK_DIFF":0,"NAME":"Cameroon","NAME_LONG":"Cameroon","BRK_A3":"CMR","BRK_NAME":"Cameroon","BRK_GROUP":"","ABBREV":"Cam.","POSTAL":"CM","FORMAL_EN":"Republic of Cameroon","FORMAL_FR":"","NAME_CIAWF":"Cameroon","NOTE_ADM0":"","NOTE_BRK":"","NAME_SORT":"Cameroon","NAME_ALT":"","MAPCOLOR7":1,"MAPCOLOR8":4,"MAPCOLOR9":1,"MAPCOLOR13":3,"POP_EST":25876380,"POP_RANK":15,"POP_YEAR":2019,"GDP_MD":39007,"GDP_YEAR":2019,"ECONOMY":"6. Developing region","INCOME_GRP":"4. Lower middle income","FIPS_10":"CM","ISO_A2":"CM","ISO_A2_EH":"CM","ISO_A3":"CMR","ISO_A3_EH":"CMR","ISO_N3":"120","ISO_N3_EH":"120","UN_A3":"120","WB_A2":"CM","WB_A3":"CMR","WOE_ID":23424785,"WOE_ID_EH":23424785,"WOE_NOTE":"Exact WOE match as country","ADM0_ISO":"CMR","ADM0_DIFF":"","ADM0_TLC":"CMR","ADM0_A3_US":"CMR","ADM0_A3_FR":"CMR","ADM0_A3_RU":"CMR","ADM0_A3_ES":"CMR","ADM0_A3_CN":"CMR","ADM0_A3_TW":"CMR","ADM0_A3_IN":"CMR","ADM0_A3_NP":"CMR","ADM0_A3_PK":"CMR","ADM0_A3_DE":"CMR","ADM0_A3_GB":"CMR","ADM0_A3_BR":"CMR","ADM0_A3_IL":"CMR","ADM0_A3_PS":"CMR","ADM0_A3_SA":"CMR","ADM0_A3_EG":"CMR","ADM0_A3_MA":"CMR","ADM0_A3_PT":"CMR","ADM0_A3_AR":"CMR","ADM0_A3_JP":"CMR","ADM0_A3_KO":"CMR","ADM0_A3_VN":"CMR","ADM0_A3_TR":"CMR","ADM0_A3_ID":"CMR","ADM0_A3_PL":"CMR","ADM0_A3_GR":"CMR","ADM0_A3_IT":"CMR","ADM0_A3_NL":"CMR","ADM0_A3_SE":"CMR","ADM0_A3_BD":"CMR","ADM0_A3_UA":"CMR","ADM0_A3_UN":-99,"ADM0_A3_WB":-99,"CONTINENT":"Africa","REGION_UN":"Africa","SUBREGION":"Middle Africa","REGION_WB":"Sub-Saharan Africa","NAME_LEN":8,"LONG_LEN":8,"ABBREV_LEN":4,"TINY":-99,"HOMEPART":1,"MIN_ZOOM":0,"MIN_LABEL":3,"MAX_LABEL":8,"LABEL_X":12.473488,"LABEL_Y":4.585041,"NE_ID":1159320509,"WIKIDATAID":"Q1009","NAME_AR":"الكاميرون","NAME_BN":"ক্যামেরুন","NAME_DE":"Kamerun","NAME_EN":"Cameroon","NAME_ES":"Camerún","NAME_FA":"کامرون","NAME_FR":"Cameroun","NAME_EL":"Καμερούν","NAME_HE":"קמרון","NAME_HI":"कैमरुन","NAME_HU":"Kamerun","NAME_ID":"Kamerun","NAME_IT":"Camerun","NAME_JA":"カメルーン","NAME_KO":"카메룬","NAME_NL":"Kameroen","NAME_PL":"Kamerun","NAME_PT":"Camarões","NAME_RU":"Камерун","NAME_SV":"Kamerun","NAME_TR":"Kamerun","NAME_UK":"Камерун","NAME_UR":"کیمرون","NAME_VI":"Cameroon","NAME_ZH":"喀麦隆","NAME_ZHT":"喀麥隆","FCLASS_ISO":"Admin-0 country","TLC_DIFF":"","FCLASS_TLC":"Admin-0 country","FCLASS_US":"","FCLASS_FR":"","FCLASS_RU":"","FCLASS_ES":"","FCLASS_CN":"","FCLASS_TW":"","FCLASS_IN":"","FCLASS_NP":"","FCLASS_PK":"","FCLASS_DE":"","FCLASS_GB":"","FCLASS_BR":"","FCLASS_IL":"","FCLASS_PS":"","FCLASS_SA":"","FCLASS_EG":"","FCLASS_MA":"","FCLASS_PT":"","FCLASS_AR":"","FCLASS_JP":"","FCLASS_KO":"","FCLASS_VN":"","FCLASS_TR":"","FCLASS_ID":"","FCLASS_PL":"","FCLASS_GR":"","FCLASS_IT":"","FCLASS_NL":"","FCLASS_SE":"","FCLASS_BD":"","FCLASS_UA":""}},
{"type":"Feature","geometry":{"type":"Polygon","coordinates":[[[0.9,10.997],[0.024,11.019],[-0.05,10.707],[0.368,10.191],[0.366,9.465],[0.461,8.677],[0.712,8.312],[0.491,7.412],[0.57,6.914],[0.837,6.28],[1.06,5.929],[1.865,6.142],[1.619,6.832],[1.664,9.129],[1.463,9.335],[1.425,9.825],[1.078,10.176],[0.772,10.471],[0.9,10.997]]]},"properties":{"featurecla":"Admin-0 country","scalerank":1,"LABELRANK":6,"SOVEREIGNT":"Togo","SOV_A3":"TGO","ADM0_DIF":0,"LEVEL":2,"TYPE":"Sovereign country","TLC":"1","ADMIN":"Togo","ADM0_A3":"TGO","GEOU_DIF":0,"GEOUNIT":"Togo","GU_A3":"TGO","SU_DIF":0,"SUBUNIT":"Togo","SU_A3":"TGO","BRK_DIFF":0,"NAME":"Togo","NAME_LONG":"Togo","BRK_A3":"TGO","BRK_NAME":"Togo","BRK_GROUP":"","ABBREV":"Togo","POSTAL":"TG","FORMAL_EN":"Togolese Republic","FORMAL_FR":"République Togolaise","NAME_CIAWF":"Togo","NOTE_ADM0":"","NOTE_BRK":"","NAME_SORT":"Togo","NAME_ALT":"","MAPCOLOR7":3,"MAPCOLOR8":1,"MAPCOLOR9":3,"MAPCOLOR13":5,"POP_EST":8082366,"POP_RANK":13,"POP_YEAR":2019,"GDP_MD":5490,"GDP_YEAR":2019,"ECONOMY":"7. Least developed region","INCOME_GRP":"5. Low income","FIPS_10":"TO","ISO_A2":"TG","ISO_A2_EH":"TG","ISO_A3":"TGO","ISO_A3_EH":"TGO","ISO_N3":"768","ISO_N3_EH":"768","UN_A3":"768","WB_A2":"TG","WB_A3":"TGO","WOE_ID":23424965,"WOE_ID_EH":23424965,"WOE_NOTE":"Exact WOE match as country","ADM0_ISO":"TGO","ADM0_DIFF":"","ADM0_TLC":"TGO","ADM0_A3_US":"TGO","ADM0_A3_FR":"TGO","ADM0_A3_RU":"TGO","ADM0_A3_ES":"TGO","ADM0_A3_CN":"TGO","ADM0_A3_TW":"TGO","ADM0_A3_IN":"TGO","ADM0_A3_NP":"TGO","ADM0_A3_PK":"TGO","ADM0_A3_DE":"TGO","ADM0_A3_GB":"TGO","ADM0_A3_BR":"TGO","ADM0_A3_IL":"TGO","ADM0_A3_PS":"TGO","ADM0_A3_SA":"TGO","ADM0_A3_EG":"TGO","ADM0_A3_MA":"TGO","ADM0_A3_PT":"TGO","ADM0_A3_AR":"TGO","ADM0_A3_JP":"TGO","ADM0_A3_KO":"TGO","ADM0_A3_VN":"TGO","ADM0_A3_TR":"TGO","ADM0_A3_ID":"TGO","ADM0_A3_PL":"TGO","ADM0_A3_GR":"TGO","ADM0_A3_IT":"TGO","ADM0_A3_NL":"TGO","ADM0_A3_SE":"TGO","ADM0_A3_BD":"TGO","ADM0_A3_UA":"TGO","ADM0_A3_UN":-99,"ADM0_A3_WB":-99,"CONTINENT":"Africa","REGION_UN":"Africa","SUBREGION":"Western Africa","REGION_WB":"Sub-Saharan Africa","NAME_LEN":4,"LONG_LEN":4,"ABBREV_LEN":4,"TINY":-99,"HOMEPART":1,"MIN_ZOOM":0,"MIN_LABEL":5,"MAX_LABEL":10,"LABEL_X":1.058113,"LABEL_Y":8.80722,"NE_ID":1159321303,"WIKIDATAID":"Q945","NAME_AR":"توغو","NAME_BN":"টোগো","NAME_DE":"Togo","NAME_EN":"Togo","NAME_ES":"Togo","NAME_FA":"توگو","NAME_FR":"Togo","NAME_EL":"Τόγκο","NAME_HE":"טוגו","NAME_HI":"टोगो","NAME_HU":"Togo","NAME_ID":"Togo","NAME_IT":"Togo","NAME_JA":"トーゴ","NAME_KO":"토고","NAME_NL":"Togo","NAME_PL":"Togo","NAME_PT":"Togo","NAME_RU":"Того","NAME_SV":"Togo","NAME_TR":"Togo","NAME_UK":"Того","NAME_UR":"ٹوگو","NAME_VI":"Togo","NAME_ZH":"多哥","NAME_ZHT":"多哥","FCLASS_ISO":"Admin-0 country","TLC_DIFF":"","FCLASS_TLC":"Admin-0 country","FCLASS_US":"","FCLASS_FR":"","FCLASS_RU":"","FCLASS_ES":"","FCLASS_CN":"","FCLASS_TW":"","FCLASS_IN":"","FCLASS_NP":"","FCLASS_PK":"","FCLASS_DE":"","FCLASS_GB":"","FCLASS_BR":"","FCLASS_IL":"","FCLASS_PS":"","FCLASS_SA":"","FCLASS_EG":"","FCLASS_MA":"","FCLASS_PT":"","FCLASS_AR":"","FCLASS_JP":"","FCLASS_KO":"","FCLASS_VN":"","FCLASS_TR":"","FCLASS_ID":"","FCLASS_PL":"","FCLASS_GR":"","FCLASS_IT":"","FCLASS_NL":"","FCLASS_SE":"","FCLASS_BD":"","FCLASS_UA":""}},
{"type":"Feature","geometry":{"type":"Polygon","coordinates":[[[0.024,11.019],[-0.439,11.098],[-0.762,10.937],[-1.203,11.01],[-2.94,10.963],[-2.964,10.395],[-2.827,9.642],[-2.562,8.22],[-2.984,7.38],[-3.244,6.25],[-2.811,5.389],[-2.856,4.994],[-1.965,4.71],[-1.064,5.001],[-0.508,5.343],[1.06,5.929],[0.837,6.28],[0.57,6.914],[0.491,7.412],[0.712,8.312],[0.461,8.677],[0.366,9.465],[0.368,10.191],[-0.05,10.707],[0.024,11.019]]]},"properties":{"featurecla":"Admin-0 country","scalerank":1,"LABELRANK":3,"SOVEREIGNT":"Ghana","SOV_A3":"GHA","ADM0_DIF":0,"LEVEL":2,"TYPE":"Sovereign country","TLC":"1","ADMIN":"Ghana","ADM0_A3":"GHA","GEOU_DIF":0,"GEOUNIT":"Ghana","GU_A3":"GHA","SU_DIF":0,"SUBUNIT":"Ghana","SU_A3":"GHA","BRK_DIFF":0,"NAME":"Ghana","NAME_LONG":"Ghana","BRK_A3":"GHA","BRK_NAME":"Ghana","BRK_GROUP":"","ABBREV":"Ghana","POSTAL":"GH","FORMAL_EN":"Republic of Ghana","FORMAL_FR":"","NAME_CIAWF":"Ghana","NOTE_ADM0":"","NOTE_BRK":"","NAME_SORT":"Ghana","NAME_ALT":"","MAPCOLOR7":5,"MAPCOLOR8":3,"MAPCOLOR9":1,"MAPCOLOR13":4,"POP_EST":30417856,"POP_RANK":15,"POP_YEAR":2019,"GDP_MD":66983,"GDP_YEAR":2019,"ECONOMY":"6. Developing region","INCOME_GRP":"4. Lower middle income","FIPS_10":"GH","ISO_A2":"GH","ISO_A2_EH":"GH","ISO_A3":"GHA","ISO_A3_EH":"GHA","ISO_N3":"288","ISO_N3_EH":"288","UN_A3":"288","WB_A2":"GH","WB_A3":"GHA","WOE_ID":23424824,"WOE_ID_EH":23424824,"WOE_NOTE":"Exact WOE match as country","ADM0_ISO":"GHA","ADM0_DIFF":"","ADM0_TLC":"GHA","ADM0_A3_US":"GHA","ADM0_A3_FR":"GHA","ADM0_A3_RU":"GHA","ADM0_A3_ES":"GHA","ADM0_A3_CN":"GHA","ADM0_A3_TW":"GHA","ADM0_A3_IN":"GHA","ADM0_A3_NP":"GHA","ADM0_A3_PK":"GHA","ADM0_A3_DE":"GHA","ADM0_A3_GB":"GHA","ADM0_A3_BR":"GHA","ADM0_A3_IL":"GHA","ADM0_A3_PS":"GHA","ADM0_A3_SA":"GHA","ADM0_A3_EG":"GHA","ADM0_A3_MA":"GHA","ADM0_A3_PT":"GHA","ADM0_A3_AR":"GHA","ADM0_A3_JP":"GHA","ADM0_A3_KO":"GHA","ADM0_A3_VN":"GHA","ADM0_A3_TR":"GHA","ADM0_A3_ID":"GHA","ADM0_A3_PL":"GHA","ADM0_A3_GR":"GHA","ADM0_A3_IT":"GHA","ADM0_A3_NL":"GHA","ADM0_A3_SE":"GHA","ADM0_A3_BD":"GHA","ADM0_A3_UA":"GHA","ADM0_A3_UN":-99,"ADM0_A3_WB":-99,"CONTINENT":"Africa","REGION_UN":"Africa","SUBREGION":"Western Africa","REGION_WB":"Sub-Saharan Africa","NAME_LEN":5,"LONG_LEN":5,"ABBREV_LEN":5,"TINY":-99,"HOMEPART":1,"MIN_ZOOM":0,"MIN_LABEL":2.7,"MAX_LABEL":8,"LABEL_X":-1.036941,"LABEL_Y":7.717639,"NE_ID":1159320793,"WIKIDATAID":"Q117","NAME_AR":"غانا","NAME_BN":"ঘানা","NAME_DE":"Ghana","NAME_EN":"Ghana","NAME_ES":"Ghana","NAME_FA":"غنا","NAME_FR":"Ghana","NAME_EL":"Γκάνα","NAME_HE":"גאנה","NAME_HI":"घाना","NAME_HU":"Ghána","NAME_ID":"Ghana","NAME_IT":"Ghana","NAME_JA":"ガーナ","NAME_KO":"가나","NAME_NL":"Ghana","NAME_PL":"Ghana","NAME_PT":"Gana","NAME_RU":"Гана","NAME_SV":"Ghana","NAME_TR":"Gana","NAME_UK":"Гана","NAME_UR":"گھانا","NAME_VI":"Ghana","NAME_ZH":"加纳","NAME_ZHT":"迦納","FCLASS_ISO":"Admin-0 country","TLC_DIFF":"","FCLASS_TLC":"Admin-0 country","FCLASS_US":"","FCLASS_FR":"","FCLASS_RU":"","FCLASS_ES":"","FCLASS_CN":"","FCLASS_TW":"","FCLASS_IN":"","FCLASS_NP":"","FCLASS_PK":"","FCLASS_DE":"","FCLASS_GB":"","FCLASS_BR":"","FCLASS_IL":"","FCLASS_PS":"","FCLASS_SA":"","FCLASS_EG":"","FCLASS_MA":"","FCLASS_PT":"","FCLASS_AR":"","FCLASS_JP":"","FCLASS_KO":"","FCLASS_VN":"","FCLASS_TR":"","FCLASS_ID":"","FCLASS_PL":"","FCLASS_GR":"","FCLASS_IT":"","FCLASS_NL":"","FCLASS_SE":"","FCLASS_BD":"","FCLASS_UA":""}},
{"type":"Feature","geometry":{"type":"Polygon","coordinates":[[[-8.03,10.207],[-8.229,10.129],[-8.31,9.79],[-8.079,9.376],[-7.832,8.576],[-8.203,8.455],[-8.299,8.316],[-8.222,8.123],[-8.281,7.687],[-8.439,7.686],[-8.485,7.395],[-8.385,6.912],[-8.603,6.468],[-8.311,6.193],[-7.994,6.126],[-7.57,5.707],[-7.54,5.313],[-7.635,5.188],[-7.712,4.365],[-7.519,4.338],[-6.529,4.705],[-5.834,4.994],[-4.65,5.168],[-4.009,5.18],[-3.311,4.984],[-2.856,4.994],[-2.811,5.389],[-3.244,6.25],[-2.984,7.38],[-2.562,8.22],[-2.827,9.642],[-3.512,9.9],[-3.98,9.862],[-4.33,9.611],[-4.78,9.822],[-4.955,10.153],[-5.404,10.371],[-5.817,10.223],[-6.05,10.096],[-6.205,10.524],[-6.494,10.411],[-6.666,10.431],[-6.851,10.139],[-7.623,10.147],[-7.9,10.297],[-8.03,10.207]]]},"properties":{"featurecla":"Admin-0 country","scalerank":1,"LABELRANK":3,"SOVEREIGNT":"Ivory Coast","SOV_A3":"CIV","ADM0_DIF":0,"LEVEL":2,"TYPE":"Sovereign country","TLC":"1","ADMIN":"Ivory Coast","ADM0_A3":"CIV","GEOU_DIF":0,"GEOUNIT":"Ivory Coast","GU_A3":"CIV","SU_DIF":0,"SUBUNIT":"Ivory Coast","SU_A3":"CIV","BRK_DIFF":0,"NAME":"Côte d'Ivoire","NAME_LONG":"Côte d'Ivoire","BRK_A3":"CIV","BRK_NAME":"Côte d'Ivoire","BRK_GROUP":"","ABBREV":"I.C.","POSTAL":"CI","FORMAL_EN":"Republic of Ivory Coast","FORMAL_FR":"Republic of Cote D'Ivoire","NAME_CIAWF":"Cote D'ivoire","NOTE_ADM0":"","NOTE_BRK":"","NAME_SORT":"Côte d'Ivoire","NAME_ALT":"","MAPCOLOR7":4,"MAPCOLOR8":6,"MAPCOLOR9":3,"MAPCOLOR13":3,"POP_EST":25716544,"POP_RANK":15,"POP_YEAR":2019,"GDP_MD":58539,"GDP_YEAR":2019,"ECONOMY":"6. Developing region","INCOME_GRP":"4. Lower middle income","FIPS_10":"IV","ISO_A2":"CI","ISO_A2_EH":"CI","ISO_A3":"CIV","ISO_A3_EH":"CIV","ISO_N3":"384","ISO_N3_EH":"384","UN_A3":"384","WB_A2":"CI","WB_A3":"CIV","WOE_ID":23424854,"WOE_ID_EH":23424854,"WOE_NOTE":"Exact WOE match as country","ADM0_ISO":"CIV","ADM0_DIFF":"","ADM0_TLC":"CIV","ADM0_A3_US":"CIV","ADM0_A3_FR":"CIV","ADM0_A3_RU":"CIV","ADM0_A3_ES":"CIV","ADM0_A3_CN":"CIV","ADM0_A3_TW":"CIV","ADM0_A3_IN":"CIV","ADM0_A3_NP":"CIV","ADM0_A3_PK":"CIV","ADM0_A3_DE":"CIV","ADM0_A3_GB":"CIV","ADM0_A3_BR":"CIV","ADM0_A3_IL":"CIV","ADM0_A3_PS":"CIV","ADM0_A3_SA":"CIV","ADM0_A3_EG":"CIV","ADM0_A3_MA":"CIV","ADM0_A3_PT":"CIV","ADM0_A3_AR":"CIV","ADM0_A3_JP":"CIV","ADM0_A3_KO":"CIV","ADM0_A3_VN":"CIV","ADM0_A3_TR":"CIV","ADM0_A3_ID":"CIV","ADM0_A3_PL":"CIV","ADM0_A3_GR":"CIV","ADM0_A3_IT":"CIV","ADM0_A3_NL":"CIV","ADM0_A3_SE":"CIV","ADM0_A3_BD":"CIV","ADM0_A3_UA":"CIV","ADM0_A3_UN":-99,"ADM0_A3_WB":-99,"CONTINENT":"Africa","REGION_UN":"Africa","SUBREGION":"Western Africa","REGION_WB":"Sub-Saharan Africa","NAME_LEN":13,"LONG_LEN":13,"ABBREV_LEN":4,"TINY":-99,"HOMEPART":1,"MIN_ZOOM":0,"MIN_LABEL":2.5,"MAX_LABEL":8,"LABEL_X":-5.568618,"LABEL_Y":7.49139,"NE_ID":1159320507,"WIKIDATAID":"Q1008","NAME_AR":"ساحل العاج","NAME_BN":"কোত দিভোয়ার","NAME_DE":"Elfenbeinküste","NAME_EN":"Ivory Coast","NAME_ES":"Costa de Marfil","NAME_FA":"ساحل عاج","NAME_FR":"Côte d'Ivoire","NAME_EL":"Ακτή Ελεφαντοστού","NAME_HE":"חוף השנהב","NAME_HI":"कोत दिव्वार","NAME_HU":"Elefántcsontpart","NAME_ID":"Pantai Gading","NAME_IT":"Costa d'Avorio","NAME_JA":"コートジボワール","NAME_KO":"코트디부아르","NAME_NL":"Ivoorkust","NAME_PL":"Wybrzeże Kości Słoniowej","NAME_PT":"Costa do Marfim","NAME_RU":"Кот-д’Ивуар","NAME_SV":"Elfenbenskusten","NAME_TR":"Fildişi Sahili","NAME_UK":"Кот-д'Івуар","NAME_UR":"کوت داوواغ","NAME_VI":"Bờ Biển Ngà","NAME_ZH":"科特迪瓦","NAME_ZHT":"象牙海岸","FCLASS_ISO":"Admin-0 country","TLC_DIFF":"","FCLASS_TLC":"Admin-0 country","FCLASS_US":"","FCLASS_FR":"","FCLASS_RU":"","FCLASS_ES":"","FCLASS_CN":"","FCLASS_TW":"","FCLASS_IN":"","FCLASS_NP":"","FCLASS_PK":"","FCLASS_DE":"","FCLASS_GB":"","FCLASS_BR":"","FCLASS_IL":"","FCLASS_PS":"","FCLASS_SA":"","FCLASS_EG":"","FCLASS_MA":"","FCLASS_PT":"","FCLASS_AR":"","FCLASS_JP":"","FCLASS_KO":"","FCLASS_VN":"","FCLASS_TR":"","FCLASS_ID":"","FCLASS_PL":"","FCLASS_GR":"","FCLASS_IT":"","FCLASS_NL":"","FCLASS_SE":"","FCLASS_BD":"","FCLASS_UA":""}},
{"type":"Feature","geometry":{"type":"Polygon","coordinates":[[[-13.7,12.586],[-13.719,12.247],[-13.828,12.143],[-13.743,11.811],[-13.901,11.679],[-14.121,11.677],[-14.382,11.509],[-14.686,11.528],[-15.13,11.04],[-14.84,10.877],[-14.693,10.656],[-14.58,10.214],[-14.33,10.016],[-14.074,9.886],[-13.685,9.495],[-13.247,8.903],[-12.712,9.343],[-12.597,9.62],[-12.426,9.836],[-12.15,9.859],[-11.917,10.047],[-11.117,10.046],[-10.839,9.688],[-10.622,9.268],[-10.655,8.977],[-10.494,8.716],[-10.505,8.349],[-10.23,8.406],[-10.017,8.429],[-9.755,8.541],[-9.337,7.929],[-9.403,7.527],[-9.209,7.314],[-8.926,7.309],[-8.722,7.712],[-8.439,7.686],[-8.281,7.687],[-8.222,8.123],[-8.299,8.316],[-8.203,8.455],[-7.832,8.576],[-8.079,9.376],[-8.31,9.79],[-8.229,10.129],[-8.03,10.207],[-8.335,10.495],[-8.282,10.793],[-8.407,10.909],[-8.62,10.811],[-8.581,11.136],[-8.376,11.394],[-8.786,11.813],[-8.905,12.088],[-9.127,12.308],[-9.328,12.334],[-9.568,12.194],[-9.891,12.06],[-10.165,11.844],[-10.593,11.924],[-10.871,12.178],[-11.037,12.211],[-11.298,12.078],[-11.456,12.077],[-11.514,12.443],[-11.658,12.387],[-12.204,12.466],[-12.279,12.354],[-12.499,12.332],[-13.218,12.576],[-13.7,12.586]]]},"properties":{"featurecla":"Admin-0 country","scalerank":1,"LABELRANK":3,"SOVEREIGNT":"Guinea","SOV_A3":"GIN","ADM0_DIF":0,"LEVEL":2,"TYPE":"Sovereign country","TLC":"1","ADMIN":"Guinea","ADM0_A3":"GIN","GEOU_DIF":0,"GEOUNIT":"Guinea","GU_A3":"GIN","SU_DIF":0,"SUBUNIT":"Guinea","SU_A3":"GIN","BRK_DIFF":0,"NAME":"Guinea","NAME_LONG":"Guinea","BRK_A3":"GIN","BRK_NAME":"Guinea","BRK_GROUP":"","ABBREV":"Gin.","POSTAL":"GN","FORMAL_EN":"Republic of Guinea","FORMAL_FR":"","NAME_CIAWF":"Guinea","NOTE_ADM0":"","NOTE_BRK":"","NAME_SORT":"Guinea","NAME_ALT":"","MAPCOLOR7":6,"MAPCOLOR8":3,"MAPCOLOR9":7,"MAPCOLOR13":2,"POP_EST":12771246,"POP_RANK":14,"POP_YEAR":2019,"GDP_MD":12296,"GDP_YEAR":2019,"ECONOMY":"7. Least developed region","INCOME_GRP":"5. Low income","FIPS_10":"GV","ISO_A2":"GN","ISO_A2_EH":"GN","ISO_A3":"GIN","ISO_A3_EH":"GIN","ISO_N3":"324","ISO_N3_EH":"324","UN_A3":"324","WB_A2":"GN","WB_A3":"GIN","WOE_ID":23424835,"WOE_ID_EH":23424835,"WOE_NOTE":"Exact WOE match as country","ADM0_ISO":"GIN","ADM0_DIFF":"","ADM0_TLC":"GIN","ADM0_A3_US":"GIN","ADM0_A3_FR":"GIN","ADM0_A3_RU":"GIN","ADM0_A3_ES":"GIN","ADM0_A3_CN":"GIN","ADM0_A3_TW":"GIN","ADM0_A3_IN":"GIN","ADM0_A3_NP":"GIN","ADM0_A3_PK":"GIN","ADM0_A3_DE":"GIN","ADM0_A3_GB":"GIN","ADM0_A3_BR":"GIN","ADM0_A3_IL":"GIN","ADM0_A3_PS":"GIN","ADM0_A3_SA":"GIN","ADM0_A3_EG":"GIN","ADM0_A3_MA":"GIN","ADM0_A3_PT":"GIN","ADM0_A3_AR":"GIN","ADM0_A3_JP":"GIN","ADM0_A3_KO":"GIN","ADM0_A3_VN":"GIN","ADM0_A3_TR":"GIN","ADM0_A3_ID":"GIN","ADM0_A3_PL":"GIN","ADM0_A3_GR":"GIN","ADM0_A3_IT":"GIN","ADM0_A3_NL":"GIN","ADM0_A3_SE":"GIN","ADM0_A3_BD":"GIN","ADM0_A3_UA":"GIN","ADM0_A3_UN":-99,"ADM0_A3_WB":-99,"CONTINENT":"Africa","REGION_UN":"Africa","SUBREGION":"Western Africa","REGION_WB":"Sub-Saharan Africa","NAME_LEN":6,"LONG_LEN":6,"ABBREV_LEN":4,"TINY":-99,"HOMEPART":1,"MIN_ZOOM":0,"MIN_LABEL":3,"MAX_LABEL":8,"LABEL_X":-10.016402,"LABEL_Y":10.618516,"NE_ID":1159320795,"WIKIDATAID":"Q1006","NAME_AR":"غينيا","NAME_BN":"গিনি","NAME_DE":"Guinea","NAME_EN":"Guinea","NAME_ES":"Guinea","NAME_FA":"گینه","NAME_FR":"Guinée","NAME_EL":"Γουινέα","NAME_HE":"גינאה","NAME_HI":"गिनी","NAME_HU":"Guinea","NAME_ID":"Guinea","NAME_IT":"Guinea","NAME_JA":"ギニア","NAME_KO":"기니","NAME_NL":"Guinee","NAME_PL":"Gwinea","NAME_PT":"Guiné","NAME_RU":"Гвинея","NAME_SV":"Guinea","NAME_TR":"Gine","NAME_UK":"Гвінея","NAME_UR":"جمہوریہ گنی","NAME_VI":"Guinée","NAME_ZH":"几内亚","NAME_ZHT":"幾內亞","FCLASS_ISO":"Admin-0 country","TLC_DIFF":"","FCLASS_TLC":"Admin-0 country","FCLASS_US":"","FCLASS_FR":"","FCLASS_RU":"","FCLASS_ES":"","FCLASS_CN":"","FCLASS_TW":"","FCLASS_IN":"","FCLASS_NP":"","FCLASS_PK":"","FCLASS_DE":"","FCLASS_GB":"","FCLASS_BR":"","FCLASS_IL":"","FCLASS_PS":"","FCLASS_SA":"","FCLASS_EG":"","FCLASS_MA":"","FCLASS_PT":"","FCLASS_AR":"","FCLASS_JP":"","FCLASS_KO":"","FCLASS_VN":"","FCLASS_TR":"","FCLASS_ID":"","FCLASS_PL":"","FCLASS_GR":"","FCLASS_IT":"","FCLASS_NL":"","FCLASS_SE":"","FCLASS_BD":"","FCLASS_UA":""}},
{"type":"Feature","geometry":{"type":"Polygon","coordinates":[[[-16.677,12.385],[-16.614,12.171],[-16.309,11.959],[-16.315,11.807],[-16.085,11.525],[-15.664,11.458],[-15.13,11.04],[-14.686,11.528],[-14.382,11.509],[-14.121,11.677],[-13.901,11.679],[-13.743,11.811],[-13.828,12.143],[-13.719,12.247],[-13.7,12.586],[-15.548,12.628],[-15.817,12.516],[-16.148,12.548],[-16.677,12.385]]]},"properties":{"featurecla":"Admin-0 country","scalerank":1,"LABELRANK":6,"SOVEREIGNT":"Guinea-Bissau","SOV_A3":"GNB","ADM0_DIF":0,"LEVEL":2,"TYPE":"Sovereign country","TLC":"1","ADMIN":"Guinea-Bissau","ADM0_A3":"GNB","GEOU_DIF":0,"GEOUNIT":"Guinea-Bissau","GU_A3":"GNB","SU_DIF":0,"SUBUNIT":"Guinea-Bissau","SU_A3":"GNB","BRK_DIFF":0,"NAME":"Guinea-Bissau","NAME_LONG":"Guinea-Bissau","BRK_A3":"GNB","BRK_NAME":"Guinea-Bissau","BRK_GROUP":"","ABBREV":"GnB.","POSTAL":"GW","FORMAL_EN":"Republic of Guinea-Bissau","FORMAL_FR":"","NAME_CIAWF":"Guinea-Bissau","NOTE_ADM0":"","NOTE_BRK":"","NAME_SORT":"Guinea-Bissau","NAME_ALT":"","MAPCOLOR7":3,"MAPCOLOR8":5,"MAPCOLOR9":3,"MAPCOLOR13":4,"POP_EST":1920922,"POP_RANK":12,"POP_YEAR":2019,"GDP_MD":1339,"GDP_YEAR":2019,"ECONOMY":"7. Least developed region","INCOME_GRP":"5. Low income","FIPS_10":"PU","ISO_A2":"GW","ISO_A2_EH":"GW","ISO_A3":"GNB","ISO_A3_EH":"GNB","ISO_N3":"624","ISO_N3_EH":"624","UN_A3":"624","WB_A2":"GW","WB_A3":"GNB","WOE_ID":23424929,"WOE_ID_EH":23424929,"WOE_NOTE":"Exact WOE match as country","ADM0_ISO":"GNB","ADM0_DIFF":"","ADM0_TLC":"GNB","ADM0_A3_US":"GNB","ADM0_A3_FR":"GNB","ADM0_A3_RU":"GNB","ADM0_A3_ES":"GNB","ADM0_A3_CN":"GNB","ADM0_A3_TW":"GNB","ADM0_A3_IN":"GNB","ADM0_A3_NP":"GNB","ADM0_A3_PK":"GNB","ADM0_A3_DE":"GNB","ADM0_A3_GB":"GNB","ADM0_A3_BR":"GNB","ADM0_A3_IL":"GNB","ADM0_A3_PS":"GNB","ADM0_A3_SA":"GNB","ADM0_A3_EG":"GNB","ADM0_A3_MA":"GNB","ADM0_A3_PT":"GNB","ADM0_A3_AR":"GNB","ADM0_A3_JP":"GNB","ADM0_A3_KO":"GNB","ADM0_A3_VN":"GNB","ADM0_A3_TR":"GNB","ADM0_A3_ID":"GNB","ADM0_A3_PL":"GNB","ADM0_A3_GR":"GNB","ADM0_A3_IT":"GNB","ADM0_A3_NL":"GNB","ADM0_A3_SE":"GNB","ADM0_A3_BD":"GNB","ADM0_A3_UA":"GNB","ADM0_A3_UN":-99,"ADM0_A3_WB":-99,"CONTINENT":"Africa","REGION_UN":"Africa","SUBREGION":"Western Africa","REGION_WB":"Sub-Saharan Africa","NAME_LEN":13,"LONG_LEN":13,"ABBREV_LEN":4,"TINY":-99,"HOMEPART":1,"MIN_ZOOM":0,"MIN_LABEL":5,"MAX_LABEL":10,"LABEL_X":-14.52413,"LABEL_Y":12.163712,"NE_ID":1159320799,"WIKIDATAID":"Q1007","NAME_AR":"غينيا بيساو","NAME_BN":"গিনি-বিসাউ","NAME_DE":"Guinea-Bissau","NAME_EN":"Guinea-Bissau","NAME_ES":"Guinea-Bisáu","NAME_FA":"گینه بیسائو","NAME_FR":"Guinée-Bissau","NAME_EL":"Γουινέα-Μπισσάου","NAME_HE":"גינאה ביסאו","NAME_HI":"गिनी-बिसाऊ","NAME_HU":"Bissau-Guinea","NAME_ID":"Guinea-Bissau","NAME_IT":"Guinea-Bissau","NAME_JA":"ギニアビサウ","NAME_KO":"기니비사우","NAME_NL":"Guinee-Bissau","NAME_PL":"Gwinea Bissau","NAME_PT":"Guiné-Bissau","NAME_RU":"Гвинея-Бисау","NAME_SV":"Guinea-Bissau","NAME_TR":"Gine-Bissau","NAME_UK":"Гвінея-Бісау","NAME_UR":"گنی بساؤ","NAME_VI":"Guiné-Bissau","NAME_ZH":"几内亚比绍","NAME_ZHT":"幾內亞比索","FCLASS_ISO":"Admin-0 country","TLC_DIFF":"","FCLASS_TLC":"Admin-0 country","FCLASS_US":"","FCLASS_FR":"","FCLASS_RU":"","FCLASS_ES":"","FCLASS_CN":"","FCLASS_TW":"","FCLASS_IN":"","FCLASS_NP":"","FCLASS_PK":"","FCLASS_DE":"","FCLASS_GB":"","FCLASS_BR":"","FCLASS_IL":"","FCLASS_PS":"","FCLASS_SA":"","FCLASS_EG":"","FCLASS_MA":"","FCLASS_PT":"","FCLASS_AR":"","FCLASS_JP":"","FCLASS_KO":"","FCLASS_VN":"","FCLASS_TR":"","FCLASS_ID":"","FCLASS_PL":"","FCLASS_GR":"","FCLASS_IT":"","FCLASS_NL":"","FCLASS_SE":"","FCLASS_BD":"","FCLASS_UA":""}},
{"type":"Feature","geometry":{"type":"Polygon","coordinates":[[[-8.439,7.686],[-8.722,7.712],[-8.926,7.309],[-9.209,7.314],[-9.403,7.527],[-9.337,7.929],[-9.755,8.541],[-10.017,8.429],[-10.23,8.406],[-10.696,7.939],[-11.147,7.397],[-11.2,7.106],[-11.439,6.786],[-10.765,6.141],[-9.913,5.594],[-9.005,4.832],[-7.974,4.356],[-7.712,4.365],[-7.635,5.188],[-7.54,5.313],[-7.57,5.707],[-7.994,6.126],[-8.311,6.193],[-8.603,6.468],[-8.385,6.912],[-8.485,7.395],[-8.439,7.686]]]},"properties":{"featurecla":"Admin-0 country","scalerank":1,"LABELRANK":4,"SOVEREIGNT":"Liberia","SOV_A3":"LBR","ADM0_DIF":0,"LEVEL":2,"TYPE":"Sovereign country","TLC":"1","ADMIN":"Liberia","ADM0_A3":"LBR","GEOU_DIF":0,"GEOUNIT":"Liberia","GU_A3":"LBR","SU_DIF":0,"SUBUNIT":"Liberia","SU_A3":"LBR","BRK_DIFF":0,"NAME":"Liberia","NAME_LONG":"Liberia","BRK_A3":"LBR","BRK_NAME":"Liberia","BRK_GROUP":"","ABBREV":"Liberia","POSTAL":"LR","FORMAL_EN":"Republic of Liberia","FORMAL_FR":"","NAME_CIAWF":"Liberia","NOTE_ADM0":"","NOTE_BRK":"","NAME_SORT":"Liberia","NAME_ALT":"","MAPCOLOR7":2,"MAPCOLOR8":3,"MAPCOLOR9":4,"MAPCOLOR13":9,"POP_EST":4937374,"POP_RANK":12,"POP_YEAR":2019,"GDP_MD":3070,"GDP_YEAR":2019,"ECONOMY":"7. Least developed region","INCOME_GRP":"5. Low income","FIPS_10":"LI","ISO_A2":"LR","ISO_A2_EH":"LR","ISO_A3":"LBR","ISO_A3_EH":"LBR","ISO_N3":"430","ISO_N3_EH":"430","UN_A3":"430","WB_A2":"LR","WB_A3":"LBR","WOE_ID":23424876,"WOE_ID_EH":23424876,"WOE_NOTE":"Exact WOE match as country","ADM0_ISO":"LBR","ADM0_DIFF":"","ADM0_TLC":"LBR","ADM0_A3_US":"LBR","ADM0_A3_FR":"LBR","ADM0_A3_RU":"LBR","ADM0_A3_ES":"LBR","ADM0_A3_CN":"LBR","ADM0_A3_TW":"LBR","ADM0_A3_IN":"LBR","ADM0_A3_NP":"LBR","ADM0_A3_PK":"LBR","ADM0_A3_DE":"LBR","ADM0_A3_GB":"LBR","ADM0_A3_BR":"LBR","ADM0_A3_IL":"LBR","ADM0_A3_PS":"LBR","ADM0_A3_SA":"LBR","ADM0_A3_EG":"LBR","ADM0_A3_MA":"LBR","ADM0_A3_PT":"LBR","ADM0_A3_AR":"LBR","ADM0_A3_JP":"LBR","ADM0_A3_KO":"LBR","ADM0_A3_VN":"LBR","ADM0_A3_TR":"LBR","ADM0_A3_ID":"LBR","ADM0_A3_PL":"LBR","ADM0_A3_GR":"LBR","ADM0_A3_IT":"LBR","ADM0_A3_NL":"LBR","ADM0_A3_SE":"LBR","ADM0_A3_BD":"LBR","ADM0_A3_UA":"LBR","ADM0_A3_UN":-99,"ADM0_A3_WB":-99,"CONTINENT":"Africa","REGION_UN":"Africa","SUBREGION":"Western Africa","REGION_WB":"Sub-Saharan Africa","NAME_LEN":7,"LONG_LEN":7,"ABBREV_LEN":7,"TINY":-99,"HOMEPART":1,"MIN_ZOOM":0,"MIN_LABEL":4,"MAX_LABEL":9,"LABEL_X":-9.460379,"LABEL_Y":6.447177,"NE_ID":1159321015,"WIKIDATAID":"Q1014","NAME_AR":"ليبيريا","NAME_BN":"লাইবেরিয়া","NAME_DE":"Liberia","NAME_EN":"Liberia","NAME_ES":"Liberia","NAME_FA":"لیبریا","NAME_FR":"Liberia","NAME_EL":"Λιβερία","NAME_HE":"ליבריה","NAME_HI":"लाइबेरिया","NAME_HU":"Libéria","NAME_ID":"Liberia","NAME_IT":"Liberia","NAME_JA":"リベリア","NAME_KO":"라이베리아","NAME_NL":"Liberia","NAME_PL":"Liberia","NAME_PT":"Libéria","NAME_RU":"Либерия","NAME_SV":"Liberia","NAME_TR":"Liberya","NAME_UK":"Ліберія","NAME_UR":"لائبیریا","NAME_VI":"Liberia","NAME_ZH":"利比里亚","NAME_ZHT":"賴比瑞亞","FCLASS_ISO":"Admin-0 country","TLC_DIFF":"","FCLASS_TLC":"Admin-0 country","FCLASS_US":"","FCLASS_FR":"","FCLASS_RU":"","FCLASS_ES":"","FCLASS_CN":"","FCLASS_TW":"","FCLASS_IN":"","FCLASS_NP":"","FCLASS_PK":"","FCLASS_DE":"","FCLASS_GB":"","FCLASS_BR":"","FCLASS_IL":"","FCLASS_PS":"","FCLASS_SA":"","FCLASS_EG":"","FCLASS_MA":"","FCLASS_PT":"","FCLASS_AR":"","FCLASS_JP":"","FCLASS_KO":"","FCLASS_VN":"","FCLASS_TR":"","FCLASS_ID":"","FCLASS_PL":"","FCLASS_GR":"","FCLASS_IT":"","FCLASS_NL":"","FCLASS_SE":"","FCLASS_BD":"","FCLASS_UA":""}},
{"type":"Feature","geometry":{"type":"Polygon","coordinates":[[[-13.247,8.903],[-13.124,8.164],[-12.949,7.799],[-12.428,7.263],[-11.708,6.86],[-11.439,6.786],[-11.2,7.106],[-11.147,7.397],[-10.696,7.939],[-10.23,8.406],[-10.505,8.349],[-10.494,8.716],[-10.655,8.977],[-10.622,9.268],[-10.839,9.688],[-11.117,10.046],[-11.917,10.047],[-12.15,9.859],[-12.426,9.836],[-12.597,9.62],[-12.712,9.343],[-13.247,8.903]]]},"properties":{"featurecla":"Admin-0 country","scalerank":1,"LABELRANK":4,"SOVEREIGNT":"Sierra Leone","SOV_A3":"SLE","ADM0_DIF":0,"LEVEL":2,"TYPE":"Sovereign country","TLC":"1","ADMIN":"Sierra Leone","ADM0_A3":"SLE","GEOU_DIF":0,"GEOUNIT":"Sierra Leone","GU_A3":"SLE","SU_DIF":0,"SUBUNIT":"Sierra Leone","SU_A3":"SLE","BRK_DIFF":0,"NAME":"Sierra Leone","NAME_LONG":"Sierra Leone","BRK_A3":"SLE","BRK_NAME":"Sierra Leone","BRK_GROUP":"","ABBREV":"S.L.","POSTAL":"SL","FORMAL_EN":"Republic of Sierra Leone","FORMAL_FR":"","NAME_CIAWF":"Sierra Leone","NOTE_ADM0":"","NOTE_BRK":"","NAME_SORT":"Sierra Leone","NAME_ALT":"","MAPCOLOR7":1,"MAPCOLOR8":4,"MAPCOLOR9":1,"MAPCOLOR13":7,"POP_EST":7813215,"POP_RANK":13,"POP_YEAR":2019,"GDP_MD":4121,"GDP_YEAR":2019,"ECONOMY":"7. Least developed region","INCOME_GRP":"5. Low income","FIPS_10":"SL","ISO_A2":"SL","ISO_A2_EH":"SL","ISO_A3":"SLE","ISO_A3_EH":"SLE","ISO_N3":"694","ISO_N3_EH":"694","UN_A3":"694","WB_A2":"SL","WB_A3":"SLE","WOE_ID":23424946,"WOE_ID_EH":23424946,"WOE_NOTE":"Exact WOE match as country","ADM0_ISO":"SLE","ADM0_DIFF":"","ADM0_TLC":"SLE","ADM0_A3_US":"SLE","ADM0_A3_FR":"SLE","ADM0_A3_RU":"SLE","ADM0_A3_ES":"SLE","ADM0_A3_CN":"SLE","ADM0_A3_TW":"SLE","ADM0_A3_IN":"SLE","ADM0_A3_NP":"SLE","ADM0_A3_PK":"SLE","ADM0_A3_DE":"SLE","ADM0_A3_GB":"SLE","ADM0_A3_BR":"SLE","ADM0_A3_IL":"SLE","ADM0_A3_PS":"SLE","ADM0_A3_SA":"SLE","ADM0_A3_EG":"SLE","ADM0_A3_MA":"SLE","ADM0_A3_PT":"SLE","ADM0_A3_AR":"SLE","ADM0_A3_JP":"SLE","ADM0_A3_KO":"SLE","ADM0_A3_VN":"SLE","ADM0_A3_TR":"SLE","ADM0_A3_ID":"SLE","ADM0_A3_PL":"SLE","ADM0_A3_GR":"SLE","ADM0_A3_IT":"SLE","ADM0_A3_NL":"SLE","ADM0_A3_SE":"SLE","ADM0_A3_BD":"SLE","ADM0_A3_UA":"SLE","ADM0_A3_UN":-99,"ADM0_A3_WB":-99,"CONTINENT":"Africa","REGION_UN":"Africa","SUBREGION":"Western Africa","REGION_WB":"Sub-Saharan Africa","NAME_LEN":12,"LONG_LEN":12,"ABBREV_LEN":4,"TINY":-99,"HOMEPART":1,"MIN_ZOOM":0,"MIN_LABEL":4,"MAX_LABEL":9,"LABEL_X":-11.763677,"LABEL_Y":8.617449,"NE_ID":1159321251,"WIKIDATAID":"Q1044","NAME_AR":"سيراليون","NAME_BN":"সিয়েরা লিওন","NAME_DE":"Sierra Leone","NAME_EN":"Sierra Leone","NAME_ES":"Sierra Leona","NAME_FA":"سیرالئون","NAME_FR":"Sierra Leone","NAME_EL":"Σιέρα Λεόνε","NAME_HE":"סיירה לאון","NAME_HI":"सिएरा लियोन","NAME_HU":"Sierra Leone","NAME_ID":"Sierra Leone","NAME_IT":"Sierra Leone","NAME_JA":"シエラレオネ","NAME_KO":"시에라리온","NAME_NL":"Sierra Leone","NAME_PL":"Sierra Leone","NAME_PT":"Serra Leoa","NAME_RU":"Сьерра-Леоне","NAME_SV":"Sierra Leone","NAME_TR":"Sierra Leone","NAME_UK":"Сьєрра-Леоне","NAME_UR":"سیرالیون","NAME_VI":"Sierra Leone","NAME_ZH":"塞拉利昂","NAME_ZHT":"獅子山","FCLASS_ISO":"Admin-0 country","TLC_DIFF":"","FCLASS_TLC":"Admin-0 country","FCLASS_US":"","FCLASS_FR":"","FCLASS_RU":"","FCLASS_ES":"","FCLASS_CN":"","FCLASS_TW":"","FCLASS_IN":"","FCLASS_NP":"","FCLASS_PK":"","FCLASS_DE":"","FCLASS_GB":"","FCLASS_BR":"","FCLASS_IL":"","FCLASS_PS":"","FCLASS_SA":"","FCLASS_EG":"","FCLASS_MA":"","FCLASS_PT":"","FCLASS_AR":"","FCLASS_JP":"","FCLASS_KO":"","FCLASS_VN":"","FCLASS_TR":"","FCLASS_ID":"","FCLASS_PL":"","FCLASS_GR":"","FCLASS_IT":"","FCLASS_NL":"","FCLASS_SE":"","FCLASS_BD":"","FCLASS_UA":""}},
{"type":"Feature","geometry":{"type":"Polygon","coordinates":[[[-5.404,10.371],[-4.955,10.153],[-4.78,9.822],[-4.33,9.611],[-3.98,9.862],[-3.512,9.9],[-2.827,9.642],[-2.964,10.395],[-2.94,10.963],[-1.203,11.01],[-0.762,10.937],[-0.439,11.098],[0.024,11.019],[0.9,10.997],[1.243,11.111],[1.447,11.548],[1.936,11.641],[2.154,11.94],[2.177,12.625],[1.024,12.852],[0.993,13.336],[0.43,13.989],[0.296,14.444],[0.375,14.929],[-0.266,14.924],[-0.516,15.116],[-1.066,14.974],[-2.001,14.559],[-2.192,14.246],[-2.968,13.798],[-3.104,13.541],[-3.523,13.338],[-4.006,13.472],[-4.28,13.228],[-4.427,12.543],[-5.221,11.714],[-5.198,11.375],[-5.471,10.951],[-5.404,10.371]]]},"properties":{"featurecla":"Admin-0 country","scalerank":1,"LABELRANK":3,"SOVEREIGNT":"Burkina Faso","SOV_A3":"BFA","ADM0_DIF":0,"LEVEL":2,"TYPE":"Sovereign country","TLC":"1","ADMIN":"Burkina Faso","ADM0_A3":"BFA","GEOU_DIF":0,"GEOUNIT":"Burkina Faso","GU_A3":"BFA","SU_DIF":0,"SUBUNIT":"Burkina Faso","SU_A3":"BFA","BRK_DIFF":0,"NAME":"Burkina Faso","NAME_LONG":"Burkina Faso","BRK_A3":"BFA","BRK_NAME":"Burkina Faso","BRK_GROUP":"","ABBREV":"B.F.","POSTAL":"BF","FORMAL_EN":"Burkina Faso","FORMAL_FR":"","NAME_CIAWF":"Burkina Faso","NOTE_ADM0":"","NOTE_BRK":"","NAME_SORT":"Burkina Faso","NAME_ALT":"","MAPCOLOR7":2,"MAPCOLOR8":1,"MAPCOLOR9":5,"MAPCOLOR13":11,"POP_EST":20321378,"POP_RANK":15,"POP_YEAR":2019,"GDP_MD":15990,"GDP_YEAR":2019,"ECONOMY":"7. Least developed region","INCOME_GRP":"5. Low income","FIPS_10":"UV","ISO_A2":"BF","ISO_A2_EH":"BF","ISO_A3":"BFA","ISO_A3_EH":"BFA","ISO_N3":"854","ISO_N3_EH":"854","UN_A3":"854","WB_A2":"BF","WB_A3":"BFA","WOE_ID":23424978,"WOE_ID_EH":23424978,"WOE_NOTE":"Exact WOE match as country","ADM0_ISO":"BFA","ADM0_DIFF":"","ADM0_TLC":"BFA","ADM0_A3_US":"BFA","ADM0_A3_FR":"BFA","ADM0_A3_RU":"BFA","ADM0_A3_ES":"BFA","ADM0_A3_CN":"BFA","ADM0_A3_TW":"BFA","ADM0_A3_IN":"BFA","ADM0_A3_NP":"BFA","ADM0_A3_PK":"BFA","ADM0_A3_DE":"BFA","ADM0_A3_GB":"BFA","ADM0_A3_BR":"BFA","ADM0_A3_IL":"BFA","ADM0_A3_PS":"BFA","ADM0_A3_SA":"BFA","ADM0_A3_EG":"BFA","ADM0_A3_MA":"BFA","ADM0_A3_PT":"BFA","ADM0_A3_AR":"BFA","ADM0_A3_JP":"BFA","ADM0_A3_KO":"BFA","ADM0_A3_VN":"BFA","ADM0_A3_TR":"BFA","ADM0_A3_ID":"BFA","ADM0_A3_PL":"BFA","ADM0_A3_GR":"BFA","ADM0_A3_IT":"BFA","ADM0_A3_NL":"BFA","ADM0_A3_SE":"BFA","ADM0_A3_BD":"BFA","ADM0_A3_UA":"BFA","ADM0_A3_UN":-99,"ADM0_A3_WB":-99,"CONTINENT":"Africa","REGION_UN":"Africa","SUBREGION":"Western Africa","REGION_WB":"Sub-Saharan Africa","NAME_LEN":12,"LONG_LEN":12,"ABBREV_LEN":4,"TINY":-99,"HOMEPART":1,"MIN_ZOOM":0,"MIN_LABEL":3,"MAX_LABEL":8,"LABEL_X":-1.36388,"LABEL_Y":12.673048,"NE_ID":1159320405,"WIKIDATAID":"Q965","NAME_AR":"بوركينا فاسو","NAME_BN":"বুর্কিনা ফাসো","NAME_DE":"Burkina Faso","NAME_EN":"Burkina Faso","NAME_ES":"Burkina Faso","NAME_FA":"بورکینافاسو","NAME_FR":"Burkina Faso","NAME_EL":"Μπουρκίνα Φάσο","NAME_HE":"בורקינה פאסו","NAME_HI":"बुर्किना फासो","NAME_HU":"Burkina Faso","NAME_ID":"Burkina Faso","NAME_IT":"Burkina Faso","NAME_JA":"ブルキナファソ","NAME_KO":"부르키나파소","NAME_NL":"Burkina Faso","NAME_PL":"Burkina Faso","NAME_PT":"Burkina Faso","NAME_RU":"Буркина-Фасо","NAME_SV":"Burkina Faso","NAME_TR":"Burkina Faso","NAME_UK":"Буркіна-Фасо","NAME_UR":"برکینا فاسو","NAME_VI":"Burkina Faso","NAME_ZH":"布基纳法索","NAME_ZHT":"布基納法索","FCLASS_ISO":"Admin-0 country","TLC_DIFF":"","FCLASS_TLC":"Admin-0 country","FCLASS_US":"","FCLASS_FR":"","FCLASS_RU":"","FCLASS_ES":"","FCLASS_CN":"","FCLASS_TW":"","FCLASS_IN":"","FCLASS_NP":"","FCLASS_PK":"","FCLASS_DE":"","FCLASS_GB":"","FCLASS_BR":"","FCLASS_IL":"","FCLASS_PS":"","FCLASS_SA":"","FCLASS_EG":"","FCLASS_MA":"","FCLASS_PT":"","FCLASS_AR":"","FCLASS_JP":"","FCLASS_KO":"","FCLASS_VN":"","FCLASS_TR":"","FCLASS_ID":"","FCLASS_PL":"","FCLASS_GR":"","FCLASS_IT":"","FCLASS_NL":"","FCLASS_SE":"","FCLASS_BD":"","FCLASS_UA":""}},
{"type":"Feature","geometry":{"type":"Polygon","coordinates":[[[27.374,5.234],[27.213,5.551],[26.466,5.947],[26.213,6.547],[25.797,6.979],[25.124,7.5],[25.115,7.825],[24.567,8.229],[23.806,8.666],[23.459,8.954],[23.395,9.265],[23.557,9.681],[23.554,10.089],[22.978,10.714],[22.864,11.142],[22.231,10.972],[21.724,10.567],[21.001,9.476],[20.06,9.013],[19.094,9.075],[18.812,8.983],[18.911,8.631],[18.39,8.281],[17.965,7.891],[16.706,7.508],[16.456,7.735],[16.291,7.754],[16.106,7.497],[15.279,7.422],[14.777,6.408],[14.537,6.227],[14.459,5.452],[14.559,5.031],[14.478,4.733],[14.951,4.21],[15.036,3.851],[15.405,3.335],[15.863,3.014],[15.907,2.557],[16.013,2.268],[16.537,3.198],[17.133,3.728],[17.81,3.56],[18.453,3.504],[18.543,4.202],[18.932,4.71],[19.468,5.032],[20.291,4.692],[20.928,4.323],[21.659,4.224],[22.405,4.029],[22.704,4.633],[22.841,4.71],[23.297,4.61],[24.411,5.109],[24.805,4.897],[25.129,4.927],[25.279,5.17],[25.65,5.256],[26.403,5.151],[27.044,5.128],[27.374,5.234]]]},"properties":{"featurecla":"Admin-0 country","scalerank":1,"LABELRANK":4,"SOVEREIGNT":"Central African Republic","SOV_A3":"CAF","ADM0_DIF":0,"LEVEL":2,"TYPE":"Sovereign country","TLC":"1","ADMIN":"Central African Republic","ADM0_A3":"CAF","GEOU_DIF":0,"GEOUNIT":"Central African Republic","GU_A3":"CAF","SU_DIF":0,"SUBUNIT":"Central African Republic","SU_A3":"CAF","BRK_DIFF":0,"NAME":"Central African Rep.","NAME_LONG":"Central African Republic","BRK_A3":"CAF","BRK_NAME":"Central African Rep.","BRK_GROUP":"","ABBREV":"C.A.R.","POSTAL":"CF","FORMAL_EN":"Central African Republic","FORMAL_FR":"","NAME_CIAWF":"Central African Republic","NOTE_ADM0":"","NOTE_BRK":"","NAME_SORT":"Central African Republic","NAME_ALT":"","MAPCOLOR7":5,"MAPCOLOR8":6,"MAPCOLOR9":6,"MAPCOLOR13":9,"POP_EST":4745185,"POP_RANK":12,"POP_YEAR":2019,"GDP_MD":2220,"GDP_YEAR":2019,"ECONOMY":"7. Least developed region","INCOME_GRP":"5. Low income","FIPS_10":"CT","ISO_A2":"CF","ISO_A2_EH":"CF","ISO_A3":"CAF","ISO_A3_EH":"CAF","ISO_N3":"140","ISO_N3_EH":"140","UN_A3":"140","WB_A2":"CF","WB_A3":"CAF","WOE_ID":23424792,"WOE_ID_EH":23424792,"WOE_NOTE":"Exact WOE match as country","ADM0_ISO":"CAF","ADM0_DIFF":"","ADM0_TLC":"CAF","ADM0_A3_US":"CAF","ADM0_A3_FR":"CAF","ADM0_A3_RU":"CAF","ADM0_A3_ES":"CAF","ADM0_A3_CN":"CAF","ADM0_A3_TW":"CAF","ADM0_A3_IN":"CAF","ADM0_A3_NP":"CAF","ADM0_A3_PK":"CAF","ADM0_A3_DE":"CAF","ADM0_A3_GB":"CAF","ADM0_A3_BR":"CAF","ADM0_A3_IL":"CAF","ADM0_A3_PS":"CAF","ADM0_A3_SA":"CAF","ADM0_A3_EG":"CAF","ADM0_A3_MA":"CAF","ADM0_A3_PT":"CAF","ADM0_A3_AR":"CAF","ADM0_A3_JP":"CAF","ADM0_A3_KO":"CAF","ADM0_A3_VN":"CAF","ADM0_A3_TR":"CAF","ADM0_A3_ID":"CAF","ADM0_A3_PL":"CAF","ADM0_A3_GR":"CAF","ADM0_A3_IT":"CAF","ADM0_A3_NL":"CAF","ADM0_A3_SE":"CAF","ADM0_A3_BD":"CAF","ADM0_A3_UA":"CAF","ADM0_A3_UN":-99,"ADM0_A3_WB":-99,"CONTINENT":"Africa","REGION_UN":"Africa","SUBREGION":"Middle Africa","REGION_WB":"Sub-Saharan Africa","NAME_LEN":20,"LONG_LEN":24,"ABBREV_LEN":6,"TINY":-99,"HOMEPART":1,"MIN_ZOOM":0,"MIN_LABEL":4,"MAX_LABEL":9,"LABEL_X":20.906897,"LABEL_Y":6.989681,"NE_ID":1159320463,"WIKIDATAID":"Q929","NAME_AR":"جمهورية أفريقيا الوسطى","NAME_BN":"মধ্য আফ্রিকান প্রজাতন্ত্র","NAME_DE":"Zentralafrikanische Republik","NAME_EN":"Central African Republic","NAME_ES":"República Centroafricana","NAME_FA":"جمهوری آفریقای مرکزی","NAME_FR":"République centrafricaine","NAME_EL":"Κεντροαφρικανική Δημοκρατία","NAME_HE":"הרפובליקה המרכז-אפריקאית","NAME_HI":"मध्य अफ़्रीकी गणराज्य","NAME_HU":"Közép-afrikai Köztársaság","NAME_ID":"Republik Afrika Tengah","NAME_IT":"Repubblica Centrafricana","NAME_JA":"中央アフリカ共和国","NAME_KO":"중앙아프리카 공화국","NAME_NL":"Centraal-Afrikaanse Republiek","NAME_PL":"Republika Środkowoafrykańska","NAME_PT":"República Centro-Africana","NAME_RU":"Центральноафриканская Республика","NAME_SV":"Centralafrikanska republiken","NAME_TR":"Orta Afrika Cumhuriyeti","NAME_UK":"Центральноафриканська Республіка","NAME_UR":"وسطی افریقی جمہوریہ","NAME_VI":"Cộng hòa Trung Phi","NAME_ZH":"中非共和国","NAME_ZHT":"中非共和國","FCLASS_ISO":"Admin-0 country","TLC_DIFF":"","FCLASS_TLC":"Admin-0 country","FCLASS_US":"","FCLASS_FR":"","FCLASS_RU":"","FCLASS_ES":"","FCLASS_CN":"","FCLASS_TW":"","FCLASS_IN":"","FCLASS_NP":"","FCLASS_PK":"","FCLASS_DE":"","FCLASS_GB":"","FCLASS_BR":"","FCLASS_IL":"","FCLASS_PS":"","FCLASS_SA":"","FCLASS_EG":"","FCLASS_MA":"","FCLASS_PT":"","FCLASS_AR":"","FCLASS_JP":"","FCLASS_KO":"","FCLASS_VN":"","FCLASS_TR":"","FCLASS_ID":"","FCLASS_PL":"","FCLASS_GR":"","FCLASS_IT":"","FCLASS_NL":"","FCLASS_SE":"","FCLASS_BD":"","FCLASS_UA":""}},
{"type":"Feature","geometry":{"type":"Polygon","coordinates":[[[18.453,3.504],[17.81,3.56],[17.133,3.728],[16.537,3.198],[16.013,2.268],[15.941,1.728],[15.146,1.964],[14.338,2.228],[13.076,2.267],[13.003,1.831],[13.283,1.314],[14.027,1.396],[14.276,1.197],[13.843,0.039],[14.316,-0.553],[14.425,-1.333],[14.299,-1.998],[13.992,-2.471],[13.11,-2.429],[12.575,-1.949],[12.496,-2.392],[11.821,-2.514],[11.478,-2.766],[11.855,-3.427],[11.094,-3.979],[11.915,-5.038],[12.319,-4.606],[12.621,-4.438],[12.996,-4.781],[13.258,-4.883],[13.6,-4.5],[14.145,-4.51],[14.209,-4.793],[14.583,-4.97],[15.171,-4.344],[15.754,-3.855],[16.006,-3.535],[15.973,-2.712],[16.407,-1.741],[16.865,-1.226],[17.524,-0.744],[17.639,-0.425],[17.664,-0.058],[17.827,0.289],[17.774,0.856],[17.899,1.742],[18.094,2.366],[18.394,2.9],[18.453,3.504]]]},"properties":{"featurecla":"Admin-0 country","scalerank":1,"LABELRANK":4,"SOVEREIGNT":"Republic of the Congo","SOV_A3":"COG","ADM0_DIF":0,"LEVEL":2,"TYPE":"Sovereign country","TLC":"1","ADMIN":"Republic of the Congo","ADM0_A3":"COG","GEOU_DIF":0,"GEOUNIT":"Republic of the Congo","GU_A3":"COG","SU_DIF":0,"SUBUNIT":"Republic of the Congo","SU_A3":"COG","BRK_DIFF":0,"NAME":"Congo","NAME_LONG":"Republic of the Congo","BRK_A3":"COG","BRK_NAME":"Republic of the Congo","BRK_GROUP":"","ABBREV":"Rep. Congo","POSTAL":"CG","FORMAL_EN":"Republic of the Congo","FORMAL_FR":"","NAME_CIAWF":"Congo, Republic of the","NOTE_ADM0":"","NOTE_BRK":"","NAME_SORT":"Congo, Rep.","NAME_ALT":"","MAPCOLOR7":2,"MAPCOLOR8":1,"MAPCOLOR9":3,"MAPCOLOR13":10,"POP_EST":5380508,"POP_RANK":13,"POP_YEAR":2019,"GDP_MD":12267,"GDP_YEAR":2019,"ECONOMY":"6. Developing region","INCOME_GRP":"4. Lower middle income","FIPS_10":"CF","ISO_A2":"CG","ISO_A2_EH":"CG","ISO_A3":"COG","ISO_A3_EH":"COG","ISO_N3":"178","ISO_N3_EH":"178","UN_A3":"178","WB_A2":"CG","WB_A3":"COG","WOE_ID":23424779,"WOE_ID_EH":23424779,"WOE_NOTE":"Exact WOE match as country","ADM0_ISO":"COG","ADM0_DIFF":"","ADM0_TLC":"COG","ADM0_A3_US":"COG","ADM0_A3_FR":"COG","ADM0_A3_RU":"COG","ADM0_A3_ES":"COG","ADM0_A3_CN":"COG","ADM0_A3_TW":"COG","ADM0_A3_IN":"COG","ADM0_A3_NP":"COG","ADM0_A3_PK":"COG","ADM0_A3_DE":"COG","ADM0_A3_GB":"COG","ADM0_A3_BR":"COG","ADM0_A3_IL":"COG","ADM0_A3_PS":"COG","ADM0_A3_SA":"COG","ADM0_A3_EG":"COG","ADM0_A3_MA":"COG","ADM0_A3_PT":"COG","ADM0_A3_AR":"COG","ADM0_A3_JP":"COG","ADM0_A3_KO":"COG","ADM0_A3_VN":"COG","ADM0_A3_TR":"COG","ADM0_A3_ID":"COG","ADM0_A3_PL":"COG","ADM0_A3_GR":"COG","ADM0_A3_IT":"COG","ADM0_A3_NL":"COG","ADM0_A3_SE":"COG","ADM0_A3_BD":"COG","ADM0_A3_UA":"COG","ADM0_A3_UN":-99,"ADM0_A3_WB":-99,"CONTINENT":"Africa","REGION_UN":"Africa","SUBREGION":"Middle Africa","REGION_WB":"Sub-Saharan Africa","NAME_LEN":5,"LONG_LEN":21,"ABBREV_LEN":10,"TINY":-99,"HOMEPART":1,"MIN_ZOOM":0,"MIN_LABEL":4,"MAX_LABEL":9,"LABEL_X":15.9005,"LABEL_Y":0.142331,"NE_ID":1159320515,"WIKIDATAID":"Q971","NAME_AR":"جمهورية الكونغو","NAME_BN":"কঙ্গো প্রজাতন্ত্র","NAME_DE":"Republik Kongo","NAME_EN":"Republic of the Congo","NAME_ES":"República del Congo","NAME_FA":"جمهوری کنگو","NAME_FR":"République du Congo","NAME_EL":"Δημοκρατία του Κονγκό","NAME_HE":"הרפובליקה של קונגו","NAME_HI":"कांगो गणराज्य","NAME_HU":"Kongói Köztársaság","NAME_ID":"Republik Kongo","NAME_IT":"Repubblica del Congo","NAME_JA":"コンゴ共和国","NAME_KO":"콩고 공화국","NAME_NL":"Congo-Brazzaville","NAME_PL":"Kongo","NAME_PT":"República do Congo","NAME_RU":"Республика Конго","NAME_SV":"Kongo-Brazzaville","NAME_TR":"Kongo Cumhuriyeti","NAME_UK":"Республіка Конго","NAME_UR":"جمہوریہ کانگو","NAME_VI":"Cộng hòa Congo","NAME_ZH":"刚果共和国","NAME_ZHT":"剛果共和國","FCLASS_ISO":"Admin-0 country","TLC_DIFF":"","FCLASS_TLC":"Admin-0 country","FCLASS_US":"","FCLASS_FR":"","FCLASS_RU":"","FCLASS_ES":"","FCLASS_CN":"","FCLASS_TW":"","FCLASS_IN":"","FCLASS_NP":"","FCLASS_PK":"","FCLASS_DE":"","FCLASS_GB":"","FCLASS_BR":"","FCLASS_IL":"","FCLASS_PS":"","FCLASS_SA":"","FCLASS_EG":"","FCLASS_MA":"","FCLASS_PT":"","FCLASS_AR":"","FCLASS_JP":"","FCLASS_KO":"","FCLASS_VN":"","FCLASS_TR":"","FCLASS_ID":"","FCLASS_PL":"","FCLASS_GR":"","FCLASS_IT":"","FCLASS_NL":"","FCLASS_SE":"","FCLASS_BD":"","FCLASS_UA":""}},
{"type":"Feature","geometry":{"type":"Polygon","coordinates":[[[11.276,2.261],[11.285,1.058],[9.83,1.068],[9.493,1.01],[9.291,0.269],[9.048,-0.459],[8.83,-0.779],[8.798,-1.111],[9.405,-2.144],[10.066,-2.969],[11.094,-3.979],[11.855,-3.427],[11.478,-2.766],[11.821,-2.514],[12.496,-2.392],[12.575,-1.949],[13.11,-2.429],[13.992,-2.471],[14.299,-1.998],[14.425,-1.333],[14.316,-0.553],[13.843,0.039],[14.276,1.197],[14.027,1.396],[13.283,1.314],[13.003,1.831],[13.076,2.267],[12.951,2.322],[12.359,2.193],[11.752,2.327],[11.276,2.261]]]},"properties":{"featurecla":"Admin-0 country","scalerank":1,"LABELRANK":4,"SOVEREIGNT":"Gabon","SOV_A3":"GAB","ADM0_DIF":0,"LEVEL":2,"TYPE":"Sovereign country","TLC":"1","ADMIN":"Gabon","ADM0_A3":"GAB","GEOU_DIF":0,"GEOUNIT":"Gabon","GU_A3":"GAB","SU_DIF":0,"SUBUNIT":"Gabon","SU_A3":"GAB","BRK_DIFF":0,"NAME":"Gabon","NAME_LONG":"Gabon","BRK_A3":"GAB","BRK_NAME":"Gabon","BRK_GROUP":"","ABBREV":"Gabon","POSTAL":"GA","FORMAL_EN":"Gabonese Republic","FORMAL_FR":"","NAME_CIAWF":"Gabon","NOTE_ADM0":"","NOTE_BRK":"","NAME_SORT":"Gabon","NAME_ALT":"","MAPCOLOR7":6,"MAPCOLOR8":2,"MAPCOLOR9":5,"MAPCOLOR13":5,"POP_EST":2172579,"POP_RANK":12,"POP_YEAR":2019,"GDP_MD":16874,"GDP_YEAR":2019,"ECONOMY":"6. Developing region","INCOME_GRP":"3. Upper middle income","FIPS_10":"GB","ISO_A2":"GA","ISO_A2_EH":"GA","ISO_A3":"GAB","ISO_A3_EH":"GAB","ISO_N3":"266","ISO_N3_EH":"266","UN_A3":"266","WB_A2":"GA","WB_A3":"GAB","WOE_ID":23424822,"WOE_ID_EH":23424822,"WOE_NOTE":"Exact WOE match as country","ADM0_ISO":"GAB","ADM0_DIFF":"","ADM0_TLC":"GAB","ADM0_A3_US":"GAB","ADM0_A3_FR":"GAB","ADM0_A3_RU":"GAB","ADM0_A3_ES":"GAB","ADM0_A3_CN":"GAB","ADM0_A3_TW":"GAB","ADM0_A3_IN":"GAB","ADM0_A3_NP":"GAB","ADM0_A3_PK":"GAB","ADM0_A3_DE":"GAB","ADM0_A3_GB":"GAB","ADM0_A3_BR":"GAB","ADM0_A3_IL":"GAB","ADM0_A3_PS":"GAB","ADM0_A3_SA":"GAB","ADM0_A3_EG":"GAB","ADM0_A3_MA":"GAB","ADM0_A3_PT":"GAB","ADM0_A3_AR":"GAB","ADM0_A3_JP":"GAB","ADM0_A3_KO":"GAB","ADM0_A3_VN":"GAB","ADM0_A3_TR":"GAB","ADM0_A3_ID":"GAB","ADM0_A3_PL":"GAB","ADM0_A3_GR":"GAB","ADM0_A3_IT":"GAB","ADM0_A3_NL":"GAB","ADM0_A3_SE":"GAB","ADM0_A3_BD":"GAB","ADM0_A3_UA":"GAB","ADM0_A3_UN":-99,"ADM0_A3_WB":-99,"CONTINENT":"Africa","REGION_UN":"Africa","SUBREGION":"Middle Africa","REGION_WB":"Sub-Saharan Africa","NAME_LEN":5,"LONG_LEN":5,"ABBREV_LEN":5,"TINY":3,"HOMEPART":1,"MIN_ZOOM":0,"MIN_LABEL":3,"MAX_LABEL":8,"LABEL_X":11.835939,"LABEL_Y":-0.437739,"NE_ID":1159320693,"WIKIDATAID":"Q1000","NAME_AR":"الغابون","NAME_BN":"গ্যাবন","NAME_DE":"Gabun","NAME_EN":"Gabon","NAME_ES":"Gabón","NAME_FA":"گابن","NAME_FR":"Gabon","NAME_EL":"Γκαμπόν","NAME_HE":"גבון","NAME_HI":"गबॉन","NAME_HU":"Gabon","NAME_ID":"Gabon","NAME_IT":"Gabon","NAME_JA":"ガボン","NAME_KO":"가봉","NAME_NL":"Gabon","NAME_PL":"Gabon","NAME_PT":"Gabão","NAME_RU":"Габон","NAME_SV":"Gabon","NAME_TR":"Gabon","NAME_UK":"Габон","NAME_UR":"گیبون","NAME_VI":"Gabon","NAME_ZH":"加蓬","NAME_ZHT":"加彭","FCLASS_ISO":"Admin-0 country","TLC_DIFF":"","FCLASS_TLC":"Admin-0 country","FCLASS_US":"","FCLASS_FR":"","FCLASS_RU":"","FCLASS_ES":"","FCLASS_CN":"","FCLASS_TW":"","FCLASS_IN":"","FCLASS_NP":"","FCLASS_PK":"","FCLASS_DE":"","FCLASS_GB":"","FCLASS_BR":"","FCLASS_IL":"","FCLASS_PS":"","FCLASS_SA":"","FCLASS_EG":"","FCLASS_MA":"","FCLASS_PT":"","FCLASS_AR":"","FCLASS_JP":"","FCLASS_KO":"","FCLASS_VN":"","FCLASS_TR":"","FCLASS_ID":"","FCLASS_PL":"","FCLASS_GR":"","FCLASS_IT":"","FCLASS_NL":"","FCLASS_SE":"","FCLASS_BD":"","FCLASS_UA":""}},
{"type":"Feature","geometry":{"type":"Polygon","coordinates":[[[9.649,2.284],[9.306,1.161],[9.493,1.01],[9.83,1.068],[11.285,1.058],[11.276,2.261],[9.649,2.284]]]},"properties":{"featurecla":"Admin-0 country","scalerank":1,"LABELRANK":4,"SOVEREIGNT":"Equatorial Guinea","SOV_A3":"GNQ","ADM0_DIF":0,"LEVEL":2,"TYPE":"Sovereign country","TLC":"1","ADMIN":"Equatorial Guinea","ADM0_A3":"GNQ","GEOU_DIF":0,"GEOUNIT":"Equatorial Guinea","GU_A3":"GNQ","SU_DIF":0,"SUBUNIT":"Equatorial Guinea","SU_A3":"GNQ","BRK_DIFF":0,"NAME":"Eq. Guinea","NAME_LONG":"Equatorial Guinea","BRK_A3":"GNQ","BRK_NAME":"Eq. Guinea","BRK_GROUP":"","ABBREV":"Eq. G.","POSTAL":"GQ","FORMAL_EN":"Republic of Equatorial Guinea","FORMAL_FR":"","NAME_CIAWF":"Equatorial Guinea","NOTE_ADM0":"","NOTE_BRK":"","NAME_SORT":"Equatorial Guinea","NAME_ALT":"","MAPCOLOR7":4,"MAPCOLOR8":1,"MAPCOLOR9":4,"MAPCOLOR13":8,"POP_EST":1355986,"POP_RANK":12,"POP_YEAR":2019,"GDP_MD":11026,"GDP_YEAR":2019,"ECONOMY":"7. Least developed region","INCOME_GRP":"2. High income: nonOECD","FIPS_10":"EK","ISO_A2":"GQ","ISO_A2_EH":"GQ","ISO_A3":"GNQ","ISO_A3_EH":"GNQ","ISO_N3":"226","ISO_N3_EH":"226","UN_A3":"226","WB_A2":"GQ","WB_A3":"GNQ","WOE_ID":23424804,"WOE_ID_EH":23424804,"WOE_NOTE":"Exact WOE match as country","ADM0_ISO":"GNQ","ADM0_DIFF":"","ADM0_TLC":"GNQ","ADM0_A3_US":"GNQ","ADM0_A3_FR":"GNQ","ADM0_A3_RU":"GNQ","ADM0_A3_ES":"GNQ","ADM0_A3_CN":"GNQ","ADM0_A3_TW":"GNQ","ADM0_A3_IN":"GNQ","ADM0_A3_NP":"GNQ","ADM0_A3_PK":"GNQ","ADM0_A3_DE":"GNQ","ADM0_A3_GB":"GNQ","ADM0_A3_BR":"GNQ","ADM0_A3_IL":"GNQ","ADM0_A3_PS":"GNQ","ADM0_A3_SA":"GNQ","ADM0_A3_EG":"GNQ","ADM0_A3_MA":"GNQ","ADM0_A3_PT":"GNQ","ADM0_A3_AR":"GNQ","ADM0_A3_JP":"GNQ","ADM0_A3_KO":"GNQ","ADM0_A3_VN":"GNQ","ADM0_A3_TR":"GNQ","ADM0_A3_ID":"GNQ","ADM0_A3_PL":"GNQ","ADM0_A3_GR":"GNQ","ADM0_A3_IT":"GNQ","ADM0_A3_NL":"GNQ","ADM0_A3_SE":"GNQ","ADM0_A3_BD":"GNQ","ADM0_A3_UA":"GNQ","ADM0_A3_UN":-99,"ADM0_A3_WB":-99,"CONTINENT":"Africa","REGION_UN":"Africa","SUBREGION":"Middle Africa","REGION_WB":"Sub-Saharan Africa","NAME_LEN":10,"LONG_LEN":17,"ABBREV_LEN":6,"TINY":-99,"HOMEPART":1,"MIN_ZOOM":0,"MIN_LABEL":4,"MAX_LABEL":9,"LABEL_X":8.9902,"LABEL_Y":2.333,"NE_ID":1159320801,"WIKIDATAID":"Q983","NAME_AR":"غينيا الاستوائية","NAME_BN":"বিষুবীয় গিনি","NAME_DE":"Äquatorialguinea","NAME_EN":"Equatorial Guinea","NAME_ES":"Guinea Ecuatorial","NAME_FA":"گینه استوایی","NAME_FR":"Guinée équatoriale","NAME_EL":"Ισημερινή Γουινέα","NAME_HE":"גינאה המשוונית","NAME_HI":"भूमध्यरेखीय गिनी","NAME_HU":"Egyenlítői-Guinea","NAME_ID":"Guinea Khatulistiwa","NAME_IT":"Guinea Equatoriale","NAME_JA":"赤道ギニア","NAME_KO":"적도 기니","NAME_NL":"Equatoriaal-Guinea","NAME_PL":"Gwinea Równikowa","NAME_PT":"Guiné Equatorial","NAME_RU":"Экваториальная Гвинея","NAME_SV":"Ekvatorialguinea","NAME_TR":"Ekvator Ginesi","NAME_UK":"Екваторіальна Гвінея","NAME_UR":"استوائی گنی","NAME_VI":"Guinea Xích Đạo","NAME_ZH":"赤道几内亚","NAME_ZHT":"赤道幾內亞","FCLASS_ISO":"Admin-0 country","TLC_DIFF":"","FCLASS_TLC":"Admin-0 country","FCLASS_US":"","FCLASS_FR":"","FCLASS_RU":"","FCLASS_ES":"","FCLASS_CN":"","FCLASS_TW":"","FCLASS_IN":"","FCLASS_NP":"","FCLASS_PK":"","FCLASS_DE":"","FCLASS_GB":"","FCLASS_BR":"","FCLASS_IL":"","FCLASS_PS":"","FCLASS_SA":"","FCLASS_EG":"","FCLASS_MA":"","FCLASS_PT":"","FCLASS_AR":"","FCLASS_JP":"","FCLASS_KO":"","FCLASS_VN":"","FCLASS_TR":"","FCLASS_ID":"","FCLASS_PL":"","FCLASS_GR":"","FCLASS_IT":"","FCLASS_NL":"","FCLASS_SE":"","FCLASS_BD":"","FCLASS_UA":""}},
{"type":"Feature","geometry":{"type":"Polygon","coordinates":[[[30.74,-8.34],[30.346,-8.238],[29.003,-8.407],[28.735,-8.527],[28.45,-9.165],[28.674,-9.606],[28.496,-10.79],[28.372,-11.794],[28.642,-11.972],[29.342,-12.361],[29.616,-12.179],[29.7,-13.257],[28.934,-13.249],[28.524,-12.699],[28.155,-12.272],[27.389,-12.133],[27.164,-11.609],[26.553,-11.924],[25.752,-11.785],[25.418,-11.331],[24.783,-11.239],[24.315,-11.263],[24.257,-10.952],[23.912,-10.927],[24.018,-11.237],[23.904,-11.722],[24.08,-12.191],[23.931,-12.566],[24.016,-12.911],[21.934,-12.898],[21.888,-16.08],[22.562,-16.898],[23.215,-17.523],[24.034,-17.296],[24.682,-17.353],[25.077,-17.579],[25.084,-17.662],[25.264,-17.737],[26.382,-17.846],[26.707,-17.961],[27.044,-17.938],[27.598,-17.291],[28.468,-16.468],[28.826,-16.39],[28.947,-16.043],[29.517,-15.645],[30.274,-15.508],[30.179,-14.796],[33.214,-13.972],[32.688,-13.713],[32.992,-12.784],[33.306,-12.436],[33.114,-11.607],[33.315,-10.797],[33.486,-10.526],[33.231,-9.677],[32.759,-9.231],[32.192,-8.93],[31.556,-8.762],[31.158,-8.595],[30.74,-8.34]]]},"properties":{"featurecla":"Admin-0 country","scalerank":1,"LABELRANK":3,"SOVEREIGNT":"Zambia","SOV_A3":"ZMB","ADM0_DIF":0,"LEVEL":2,"TYPE":"Sovereign country","TLC":"1","ADMIN":"Zambia","ADM0_A3":"ZMB","GEOU_DIF":0,"GEOUNIT":"Zambia","GU_A3":"ZMB","SU_DIF":0,"SUBUNIT":"Zambia","SU_A3":"ZMB","BRK_DIFF":0,"NAME":"Zambia","NAME_LONG":"Zambia","BRK_A3":"ZMB","BRK_NAME":"Zambia","BRK_GROUP":"","ABBREV":"Zambia","POSTAL":"ZM","FORMAL_EN":"Republic of Zambia","FORMAL_FR":"","NAME_CIAWF":"Zambia","NOTE_ADM0":"","NOTE_BRK":"","NAME_SORT":"Zambia","NAME_ALT":"","MAPCOLOR7":5,"MAPCOLOR8":8,"MAPCOLOR9":5,"MAPCOLOR13":13,"POP_EST":17861030,"POP_RANK":14,"POP_YEAR":2019,"GDP_MD":23309,"GDP_YEAR":2019,"ECONOMY":"7. Least developed region","INCOME_GRP":"4. Lower middle income","FIPS_10":"ZA","ISO_A2":"ZM","ISO_A2_EH":"ZM","ISO_A3":"ZMB","ISO_A3_EH":"ZMB","ISO_N3":"894","ISO_N3_EH":"894","UN_A3":"894","WB_A2":"ZM","WB_A3":"ZMB","WOE_ID":23425003,"WOE_ID_EH":23425003,"WOE_NOTE":"Exact WOE match as country","ADM0_ISO":"ZMB","ADM0_DIFF":"","ADM0_TLC":"ZMB","ADM0_A3_US":"ZMB","ADM0_A3_FR":"ZMB","ADM0_A3_RU":"ZMB","ADM0_A3_ES":"ZMB","ADM0_A3_CN":"ZMB","ADM0_A3_TW":"ZMB","ADM0_A3_IN":"ZMB","ADM0_A3_NP":"ZMB","ADM0_A3_PK":"ZMB","ADM0_A3_DE":"ZMB","ADM0_A3_GB":"ZMB","ADM0_A3_BR":"ZMB","ADM0_A3_IL":"ZMB","ADM0_A3_PS":"ZMB","ADM0_A3_SA":"ZMB","ADM0_A3_EG":"ZMB","ADM0_A3_MA":"ZMB","ADM0_A3_PT":"ZMB","ADM0_A3_AR":"ZMB","ADM0_A3_JP":"ZMB","ADM0_A3_KO":"ZMB","ADM0_A3_VN":"ZMB","ADM0_A3_TR":"ZMB","ADM0_A3_ID":"ZMB","ADM0_A3_PL":"ZMB","ADM0_A3_GR":"ZMB","ADM0_A3_IT":"ZMB","ADM0_A3_NL":"ZMB","ADM0_A3_SE":"ZMB","ADM0_A3_BD":"ZMB","ADM0_A3_UA":"ZMB","ADM0_A3_UN":-99,"ADM0_A3_WB":-99,"CONTINENT":"Africa","REGION_UN":"Africa","SUBREGION":"Eastern Africa","REGION_WB":"Sub-Saharan Africa","NAME_LEN":6,"LONG_LEN":6,"ABBREV_LEN":6,"TINY":-99,"HOMEPART":1,"MIN_ZOOM":0,"MIN_LABEL":3,"MAX_LABEL":8,"LABEL_X":26.395298,"LABEL_Y":-14.660804,"NE_ID":1159321439,"WIKIDATAID":"Q953","NAME_AR":"زامبيا","NAME_BN":"জাম্বিয়া","NAME_DE":"Sambia","NAME_EN":"Zambia","NAME_ES":"Zambia","NAME_FA":"زامبیا","NAME_FR":"Zambie","NAME_EL":"Ζάμπια","NAME_HE":"זמביה","NAME_HI":"ज़ाम्बिया","NAME_HU":"Zambia","NAME_ID":"Zambia","NAME_IT":"Zambia","NAME_JA":"ザンビア","NAME_KO":"잠비아","NAME_NL":"Zambia","NAME_PL":"Zambia","NAME_PT":"Zâmbia","NAME_RU":"Замбия","NAME_SV":"Zambia","NAME_TR":"Zambiya","NAME_UK":"Замбія","NAME_UR":"زیمبیا","NAME_VI":"Zambia","NAME_ZH":"赞比亚","NAME_ZHT":"尚比亞","FCLASS_ISO":"Admin-0 country","TLC_DIFF":"","FCLASS_TLC":"Admin-0 country","FCLASS_US":"","FCLASS_FR":"","FCLASS_RU":"","FCLASS_ES":"","FCLASS_CN":"","FCLASS_TW":"","FCLASS_IN":"","FCLASS_NP":"","FCLASS_PK":"","FCLASS_DE":"","FCLASS_GB":"","FCLASS_BR":"","FCLASS_IL":"","FCLASS_PS":"","FCLASS_SA":"","FCLASS_EG":"","FCLASS_MA":"","FCLASS_PT":"","FCLASS_AR":"","FCLASS_JP":"","FCLASS_KO":"","FCLASS_VN":"","FCLASS_TR":"","FCLASS_ID":"","FCLASS_PL":"","FCLASS_GR":"","FCLASS_IT":"","FCLASS_NL":"","FCLASS_SE":"","FCLASS_BD":"","FCLASS_UA":""}},
{"type":"Feature","geometry":{"type":"Polygon","coordinates":[[[32.759,-9.231],[33.231,-9.677],[33.486,-10.526],[33.315,-10.797],[33.114,-11.607],[33.306,-12.436],[32.992,-12.784],[32.688,-13.713],[33.214,-13.972],[33.79,-14.452],[34.065,-14.36],[34.46,-14.613],[34.518,-15.014],[34.307,-15.479],[34.381,-16.184],[35.034,-16.801],[35.339,-16.107],[35.772,-15.897],[35.687,-14.611],[35.268,-13.888],[34.907,-13.565],[34.56,-13.58],[34.28,-12.28],[34.56,-11.52],[34.28,-10.16],[33.941,-9.694],[33.74,-9.417],[32.759,-9.231]]]},"properties":{"featurecla":"Admin-0 country","scalerank":1,"LABELRANK":6,"SOVEREIGNT":"Malawi","SOV_A3":"MWI","ADM0_DIF":0,"LEVEL":2,"TYPE":"Sovereign country","TLC":"1","ADMIN":"Malawi","ADM0_A3":"MWI","GEOU_DIF":0,"GEOUNIT":"Malawi","GU_A3":"MWI","SU_DIF":0,"SUBUNIT":"Malawi","SU_A3":"MWI","BRK_DIFF":0,"NAME":"Malawi","NAME_LONG":"Malawi","BRK_A3":"MWI","BRK_NAME":"Malawi","BRK_GROUP":"","ABBREV":"Mal.","POSTAL":"MW","FORMAL_EN":"Republic of Malawi","FORMAL_FR":"","NAME_CIAWF":"Malawi","NOTE_ADM0":"","NOTE_BRK":"","NAME_SORT":"Malawi","NAME_ALT":"","MAPCOLOR7":1,"MAPCOLOR8":3,"MAPCOLOR9":4,"MAPCOLOR13":5,"POP_EST":18628747,"POP_RANK":14,"POP_YEAR":2019,"GDP_MD":7666,"GDP_YEAR":2019,"ECONOMY":"7. Least developed region","INCOME_GRP":"5. Low income","FIPS_10":"MI","ISO_A2":"MW","ISO_A2_EH":"MW","ISO_A3":"MWI","ISO_A3_EH":"MWI","ISO_N3":"454","ISO_N3_EH":"454","UN_A3":"454","WB_A2":"MW","WB_A3":"MWI","WOE_ID":23424889,"WOE_ID_EH":23424889,"WOE_NOTE":"Exact WOE match as country","ADM0_ISO":"MWI","ADM0_DIFF":"","ADM0_TLC":"MWI","ADM0_A3_US":"MWI","ADM0_A3_FR":"MWI","ADM0_A3_RU":"MWI","ADM0_A3_ES":"MWI","ADM0_A3_CN":"MWI","ADM0_A3_TW":"MWI","ADM0_A3_IN":"MWI","ADM0_A3_NP":"MWI","ADM0_A3_PK":"MWI","ADM0_A3_DE":"MWI","ADM0_A3_GB":"MWI","ADM0_A3_BR":"MWI","ADM0_A3_IL":"MWI","ADM0_A3_PS":"MWI","ADM0_A3_SA":"MWI","ADM0_A3_EG":"MWI","ADM0_A3_MA":"MWI","ADM0_A3_PT":"MWI","ADM0_A3_AR":"MWI","ADM0_A3_JP":"MWI","ADM0_A3_KO":"MWI","ADM0_A3_VN":"MWI","ADM0_A3_TR":"MWI","ADM0_A3_ID":"MWI","ADM0_A3_PL":"MWI","ADM0_A3_GR":"MWI","ADM0_A3_IT":"MWI","ADM0_A3_NL":"MWI","ADM0_A3_SE":"MWI","ADM0_A3_BD":"MWI","ADM0_A3_UA":"MWI","ADM0_A3_UN":-99,"ADM0_A3_WB":-99,"CONTINENT":"Africa","REGION_UN":"Africa","SUBREGION":"Eastern Africa","REGION_WB":"Sub-Saharan Africa","NAME_LEN":6,"LONG_LEN":6,"ABBREV_LEN":4,"TINY":-99,"HOMEPART":1,"MIN_ZOOM":0,"MIN_LABEL":4,"MAX_LABEL":9,"LABEL_X":33.608082,"LABEL_Y":-13.386737,"NE_ID":1159321081,"WIKIDATAID":"Q1020","NAME_AR":"مالاوي","NAME_BN":"মালাউই","NAME_DE":"Malawi","NAME_EN":"Malawi","NAME_ES":"Malaui","NAME_FA":"مالاوی","NAME_FR":"Malawi","NAME_EL":"Μαλάουι","NAME_HE":"מלאווי","NAME_HI":"मलावी","NAME_HU":"Malawi","NAME_ID":"Malawi","NAME_IT":"Malawi","NAME_JA":"マラウイ","NAME_KO":"말라위","NAME_NL":"Malawi","NAME_PL":"Malawi","NAME_PT":"Malawi","NAME_RU":"Малави","NAME_SV":"Malawi","NAME_TR":"Malavi","NAME_UK":"Малаві","NAME_UR":"ملاوی","NAME_VI":"Malawi","NAME_ZH":"马拉维","NAME_ZHT":"馬拉威","FCLASS_ISO":"Admin-0 country","TLC_DIFF":"","FCLASS_TLC":"Admin-0 country","FCLASS_US":"","FCLASS_FR":"","FCLASS_RU":"","FCLASS_ES":"","FCLASS_CN":"","FCLASS_TW":"","FCLASS_IN":"","FCLASS_NP":"","FCLASS_PK":"","FCLASS_DE":"","FCLASS_GB":"","FCLASS_BR":"","FCLASS_IL":"","FCLASS_PS":"","FCLASS_SA":"","FCLASS_EG":"","FCLASS_MA":"","FCLASS_PT":"","FCLASS_AR":"","FCLASS_JP":"","FCLASS_KO":"","FCLASS_VN":"","FCLASS_TR":"","FCLASS_ID":"","FCLASS_PL":"","FCLASS_GR":"","FCLASS_IT":"","FCLASS_NL":"","FCLASS_SE":"","FCLASS_BD":"","FCLASS_UA":""}},
{"type":"Feature","geometry":{"type":"Polygon","coordinates":[[[34.56,-11.52],[34.28,-12.28],[34.56,-13.58],[34.907,-13.565],[35.268,-13.888],[35.687,-14.611],[35.772,-15.897],[35.339,-16.107],[35.034,-16.801],[34.381,-16.184],[34.307,-15.479],[34.518,-15.014],[34.46,-14.613],[34.065,-14.36],[33.79,-14.452],[33.214,-13.972],[30.179,-14.796],[30.274,-15.508],[30.339,-15.881],[31.173,-15.861],[31.636,-16.072],[31.852,-16.319],[32.328,-16.392],[32.848,-16.713],[32.85,-17.979],[32.655,-18.672],[32.612,-19.419],[32.773,-19.716],[32.66,-20.304],[32.509,-20.395],[32.245,-21.116],[31.191,-22.252],[31.67,-23.659],[31.931,-24.369],[31.752,-25.484],[31.838,-25.843],[31.986,-26.292],[32.072,-26.734],[32.83,-26.742],[32.916,-26.216],[32.66,-26.149],[32.575,-25.727],[33.013,-25.358],[34.216,-24.816],[35.041,-24.478],[35.459,-24.123],[35.607,-23.707],[35.372,-23.535],[35.534,-23.071],[35.563,-22.09],[35.386,-22.14],[35.373,-21.841],[35.176,-21.254],[34.702,-20.497],[34.786,-19.784],[35.198,-19.553],[35.896,-18.842],[36.281,-18.66],[37.411,-17.586],[38.538,-17.101],[39.453,-16.721],[40.089,-16.101],[40.477,-15.406],[40.775,-14.692],[40.6,-14.202],[40.561,-12.639],[40.437,-11.762],[40.478,-10.765],[40.317,-10.317],[39.521,-10.897],[38.428,-11.285],[37.828,-11.269],[37.471,-11.569],[36.775,-11.595],[36.514,-11.721],[35.312,-11.439],[34.56,-11.52]]]},"properties":{"featurecla":"Admin-0 country","scalerank":1,"LABELRANK":3,"SOVEREIGNT":"Mozambique","SOV_A3":"MOZ","ADM0_DIF":0,"LEVEL":2,"TYPE":"Sovereign country","TLC":"1","ADMIN":"Mozambique","ADM0_A3":"MOZ","GEOU_DIF":0,"GEOUNIT":"Mozambique","GU_A3":"MOZ","SU_DIF":0,"SUBUNIT":"Mozambique","SU_A3":"MOZ","BRK_DIFF":0,"NAME":"Mozambique","NAME_LONG":"Mozambique","BRK_A3":"MOZ","BRK_NAME":"Mozambique","BRK_GROUP":"","ABBREV":"Moz.","POSTAL":"MZ","FORMAL_EN":"Republic of Mozambique","FORMAL_FR":"","NAME_CIAWF":"Mozambique","NOTE_ADM0":"","NOTE_BRK":"","NAME_SORT":"Mozambique","NAME_ALT":"","MAPCOLOR7":4,"MAPCOLOR8":2,"MAPCOLOR9":1,"MAPCOLOR13":4,"POP_EST":30366036,"POP_RANK":15,"POP_YEAR":2019,"GDP_MD":15291,"GDP_YEAR":2019,"ECONOMY":"7. Least developed region","INCOME_GRP":"5. Low income","FIPS_10":"MZ","ISO_A2":"MZ","ISO_A2_EH":"MZ","ISO_A3":"MOZ","ISO_A3_EH":"MOZ","ISO_N3":"508","ISO_N3_EH":"508","UN_A3":"508","WB_A2":"MZ","WB_A3":"MOZ","WOE_ID":23424902,"WOE_ID_EH":23424902,"WOE_NOTE":"Exact WOE match as country","ADM0_ISO":"MOZ","ADM0_DIFF":"","ADM0_TLC":"MOZ","ADM0_A3_US":"MOZ","ADM0_A3_FR":"MOZ","ADM0_A3_RU":"MOZ","ADM0_A3_ES":"MOZ","ADM0_A3_CN":"MOZ","ADM0_A3_TW":"MOZ","ADM0_A3_IN":"MOZ","ADM0_A3_NP":"MOZ","ADM0_A3_PK":"MOZ","ADM0_A3_DE":"MOZ","ADM0_A3_GB":"MOZ","ADM0_A3_BR":"MOZ","ADM0_A3_IL":"MOZ","ADM0_A3_PS":"MOZ","ADM0_A3_SA":"MOZ","ADM0_A3_EG":"MOZ","ADM0_A3_MA":"MOZ","ADM0_A3_PT":"MOZ","ADM0_A3_AR":"MOZ","ADM0_A3_JP":"MOZ","ADM0_A3_KO":"MOZ","ADM0_A3_VN":"MOZ","ADM0_A3_TR":"MOZ","ADM0_A3_ID":"MOZ","ADM0_A3_PL":"MOZ","ADM0_A3_GR":"MOZ","ADM0_A3_IT":"MOZ","ADM0_A3_NL":"MOZ","ADM0_A3_SE":"MOZ","ADM0_A3_BD":"MOZ","ADM0_A3_UA":"MOZ","ADM0_A3_UN":-99,"ADM0_A3_WB":-99,"CONTINENT":"Africa","REGION_UN":"Africa","SUBREGION":"Eastern Africa","REGION_WB":"Sub-Saharan Africa","NAME_LEN":10,"LONG_LEN":10,"ABBREV_LEN":4,"TINY":-99,"HOMEPART":1,"MIN_ZOOM":0,"MIN_LABEL":3,"MAX_LABEL":8,"LABEL_X":37.83789,"LABEL_Y":-13.94323,"NE_ID":1159321073,"WIKIDATAID":"Q1029","NAME_AR":"موزمبيق","NAME_BN":"মোজাম্বিক","NAME_DE":"Mosambik","NAME_EN":"Mozambique","NAME_ES":"Mozambique","NAME_FA":"موزامبیک","NAME_FR":"Mozambique","NAME_EL":"Μοζαμβίκη","NAME_HE":"מוזמביק","NAME_HI":"मोज़ाम्बीक","NAME_HU":"Mozambik","NAME_ID":"Mozambik","NAME_IT":"Mozambico","NAME_JA":"モザンビーク","NAME_KO":"모잠비크","NAME_NL":"Mozambique","NAME_PL":"Mozambik","NAME_PT":"Moçambique","NAME_RU":"Мозамбик","NAME_SV":"Moçambique","NAME_TR":"Mozambik","NAME_UK":"Мозамбік","NAME_UR":"موزمبیق","NAME_VI":"Mozambique","NAME_ZH":"莫桑比克","NAME_ZHT":"莫三比克","FCLASS_ISO":"Admin-0 country","TLC_DIFF":"","FCLASS_TLC":"Admin-0 country","FCLASS_US":"","FCLASS_FR":"","FCLASS_RU":"","FCLASS_ES":"","FCLASS_CN":"","FCLASS_TW":"","FCLASS_IN":"","FCLASS_NP":"","FCLASS_PK":"","FCLASS_DE":"","FCLASS_GB":"","FCLASS_BR":"","FCLASS_IL":"","FCLASS_PS":"","FCLASS_SA":"","FCLASS_EG":"","FCLASS_MA":"","FCLASS_PT":"","FCLASS_AR":"","FCLASS_JP":"","FCLASS_KO":"","FCLASS_VN":"","FCLASS_TR":"","FCLASS_ID":"","FCLASS_PL":"","FCLASS_GR":"","FCLASS_IT":"","FCLASS_NL":"","FCLASS_SE":"","FCLASS_BD":"","FCLASS_UA":""}},
{"type":"Feature","geometry":{"type":"Polygon","coordinates":[[[32.072,-26.734],[31.986,-26.292],[31.838,-25.843],[31.333,-25.66],[31.044,-25.731],[30.95,-26.023],[30.677,-26.398],[30.686,-26.744],[31.283,-27.286],[31.868,-27.178],[32.072,-26.734]]]},"properties":{"featurecla":"Admin-0 country","scalerank":1,"LABELRANK":4,"SOVEREIGNT":"eSwatini","SOV_A3":"SWZ","ADM0_DIF":0,"LEVEL":2,"TYPE":"Sovereign country","TLC":"1","ADMIN":"eSwatini","ADM0_A3":"SWZ","GEOU_DIF":0,"GEOUNIT":"eSwatini","GU_A3":"SWZ","SU_DIF":0,"SUBUNIT":"eSwatini","SU_A3":"SWZ","BRK_DIFF":0,"NAME":"eSwatini","NAME_LONG":"Kingdom of eSwatini","BRK_A3":"SWZ","BRK_NAME":"eSwatini","BRK_GROUP":"","ABBREV":"eSw.","POSTAL":"ES","FORMAL_EN":"Kingdom of eSwatini","FORMAL_FR":"","NAME_CIAWF":"eSwatini","NOTE_ADM0":"","NOTE_BRK":"","NAME_SORT":"eSwatini","NAME_ALT":"Swaziland","MAPCOLOR7":3,"MAPCOLOR8":6,"MAPCOLOR9":2,"MAPCOLOR13":5,"POP_EST":1148130,"POP_RANK":12,"POP_YEAR":2019,"GDP_MD":4471,"GDP_YEAR":2019,"ECONOMY":"6. Developing region","INCOME_GRP":"4. Lower middle income","FIPS_10":"WZ","ISO_A2":"SZ","ISO_A2_EH":"SZ","ISO_A3":"SWZ","ISO_A3_EH":"SWZ","ISO_N3":"748","ISO_N3_EH":"748","UN_A3":"748","WB_A2":"SZ","WB_A3":"SWZ","WOE_ID":23424993,"WOE_ID_EH":23424993,"WOE_NOTE":"Exact WOE match as country","ADM0_ISO":"SWZ","ADM0_DIFF":"","ADM0_TLC":"SWZ","ADM0_A3_US":"SWZ","ADM0_A3_FR":"SWZ","ADM0_A3_RU":"SWZ","ADM0_A3_ES":"SWZ","ADM0_A3_CN":"SWZ","ADM0_A3_TW":"SWZ","ADM0_A3_IN":"SWZ","ADM0_A3_NP":"SWZ","ADM0_A3_PK":"SWZ","ADM0_A3_DE":"SWZ","ADM0_A3_GB":"SWZ","ADM0_A3_BR":"SWZ","ADM0_A3_IL":"SWZ","ADM0_A3_PS":"SWZ","ADM0_A3_SA":"SWZ","ADM0_A3_EG":"SWZ","ADM0_A3_MA":"SWZ","ADM0_A3_PT":"SWZ","ADM0_A3_AR":"SWZ","ADM0_A3_JP":"SWZ","ADM0_A3_KO":"SWZ","ADM0_A3_VN":"SWZ","ADM0_A3_TR":"SWZ","ADM0_A3_ID":"SWZ","ADM0_A3_PL":"SWZ","ADM0_A3_GR":"SWZ","ADM0_A3_IT":"SWZ","ADM0_A3_NL":"SWZ","ADM0_A3_SE":"SWZ","ADM0_A3_BD":"SWZ","ADM0_A3_UA":"SWZ","ADM0_A3_UN":-99,"ADM0_A3_WB":-99,"CONTINENT":"Africa","REGION_UN":"Africa","SUBREGION":"Southern Africa","REGION_WB":"Sub-Saharan Africa","NAME_LEN":8,"LONG_LEN":19,"ABBREV_LEN":4,"TINY":-99,"HOMEPART":1,"MIN_ZOOM":0,"MIN_LABEL":4,"MAX_LABEL":9,"LABEL_X":31.467264,"LABEL_Y":-26.533676,"NE_ID":1159321289,"WIKIDATAID":"Q1050","NAME_AR":"إسواتيني","NAME_BN":"ইসোয়াতিনি","NAME_DE":"Eswatini","NAME_EN":"Eswatini","NAME_ES":"Suazilandia","NAME_FA":"اسواتینی","NAME_FR":"Eswatini","NAME_EL":"Εσουατίνι","NAME_HE":"אסוואטיני","NAME_HI":"एस्वातीनी","NAME_HU":"Szváziföld","NAME_ID":"Eswatini","NAME_IT":"eSwatini","NAME_JA":"エスワティニ","NAME_KO":"에스와티니","NAME_NL":"Swaziland","NAME_PL":"Eswatini","NAME_PT":"Essuatíni","NAME_RU":"Эсватини","NAME_SV":"Swaziland","NAME_TR":"Esvatini","NAME_UK":"Есватіні","NAME_UR":"اسواتینی","NAME_VI":"Eswatini","NAME_ZH":"斯威士兰","NAME_ZHT":"史瓦帝尼","FCLASS_ISO":"Admin-0 country","TLC_DIFF":"","FCLASS_TLC":"Admin-0 country","FCLASS_US":"","FCLASS_FR":"","FCLASS_RU":"","FCLASS_ES":"","FCLASS_CN":"","FCLASS_TW":"","FCLASS_IN":"","FCLASS_NP":"","FCLASS_PK":"","FCLASS_DE":"","FCLASS_GB":"","FCLASS_BR":"","FCLASS_IL":"","FCLASS_PS":"","FCLASS_SA":"","FCLASS_EG":"","FCLASS_MA":"","FCLASS_PT":"","FCLASS_AR":"","FCLASS_JP":"","FCLASS_KO":"","FCLASS_VN":"","FCLASS_TR":"","FCLASS_ID":"","FCLASS_PL":"","FCLASS_GR":"","FCLASS_IT":"","FCLASS_NL":"","FCLASS_SE":"","FCLASS_BD":"","FCLASS_UA":""}},
{"type":"Feature","geometry":{"type":"MultiPolygon","coordinates":[[[[12.996,-4.781],[12.621,-4.438],[12.319,-4.606],[11.915,-5.038],[12.182,-5.79],[12.437,-5.684],[12.468,-5.248],[12.632,-4.991],[12.996,-4.781]]],[[[12.322,-6.1],[12.227,-6.294],[12.728,-6.927],[12.933,-7.597],[13.236,-8.563],[12.929,-8.959],[12.875,-9.167],[13.121,-9.767],[13.387,-10.374],[13.686,-10.731],[13.739,-11.298],[13.634,-12.039],[13.313,-12.484],[12.738,-13.138],[12.5,-13.548],[12.176,-14.449],[12.124,-14.878],[11.779,-15.794],[11.64,-16.673],[11.734,-17.302],[12.215,-17.112],[12.814,-16.941],[13.462,-16.971],[14.059,-17.423],[14.21,-17.353],[18.263,-17.31],[18.956,-17.789],[21.377,-17.931],[23.215,-17.523],[22.562,-16.898],[21.888,-16.08],[21.934,-12.898],[24.016,-12.911],[23.931,-12.566],[24.08,-12.191],[23.904,-11.722],[24.018,-11.237],[23.912,-10.927],[23.457,-10.868],[22.837,-11.018],[22.403,-10.993],[22.155,-11.085],[22.209,-9.895],[21.875,-9.524],[21.802,-8.909],[21.949,-8.306],[21.746,-7.92],[21.728,-7.291],[20.515,-7.3],[20.602,-6.939],[20.092,-6.943],[20.038,-7.116],[19.418,-7.155],[19.167,-7.738],[19.017,-7.988],[18.464,-7.847],[18.134,-7.988],[17.473,-8.069],[17.09,-7.546],[16.86,-7.222],[16.573,-6.623],[16.327,-5.877],[13.376,-5.864],[13.025,-5.984],[12.735,-5.966],[12.322,-6.1]]]]},"properties":{"featurecla":"Admin-0 country","scalerank":1,"LABELRANK":3,"SOVEREIGNT":"Angola","SOV_A3":"AGO","ADM0_DIF":0,"LEVEL":2,"TYPE":"Sovereign country","TLC":"1","ADMIN":"Angola","ADM0_A3":"AGO","GEOU_DIF":0,"GEOUNIT":"Angola","GU_A3":"AGO","SU_DIF":0,"SUBUNIT":"Angola","SU_A3":"AGO","BRK_DIFF":0,"NAME":"Angola","NAME_LONG":"Angola","BRK_A3":"AGO","BRK_NAME":"Angola","BRK_GROUP":"","ABBREV":"Ang.","POSTAL":"AO","FORMAL_EN":"People's Republic of Angola","FORMAL_FR":"","NAME_CIAWF":"Angola","NOTE_ADM0":"","NOTE_BRK":"","NAME_SORT":"Angola","NAME_ALT":"","MAPCOLOR7":3,"MAPCOLOR8":2,"MAPCOLOR9":6,"MAPCOLOR13":1,"POP_EST":31825295,"POP_RANK":15,"POP_YEAR":2019,"GDP_MD":88815,"GDP_YEAR":2019,"ECONOMY":"7. Least developed region","INCOME_GRP":"3. Upper middle income","FIPS_10":"AO","ISO_A2":"AO","ISO_A2_EH":"AO","ISO_A3":"AGO","ISO_A3_EH":"AGO","ISO_N3":"024","ISO_N3_EH":"024","UN_A3":"024","WB_A2":"AO","WB_A3":"AGO","WOE_ID":23424745,"WOE_ID_EH":23424745,"WOE_NOTE":"Exact WOE match as country","ADM0_ISO":"AGO","ADM0_DIFF":"","ADM0_TLC":"AGO","ADM0_A3_US":"AGO","ADM0_A3_FR":"AGO","ADM0_A3_RU":"AGO","ADM0_A3_ES":"AGO","ADM0_A3_CN":"AGO","ADM0_A3_TW":"AGO","ADM0_A3_IN":"AGO","ADM0_A3_NP":"AGO","ADM0_A3_PK":"AGO","ADM0_A3_DE":"AGO","ADM0_A3_GB":"AGO","ADM0_A3_BR":"AGO","ADM0_A3_IL":"AGO","ADM0_A3_PS":"AGO","ADM0_A3_SA":"AGO","ADM0_A3_EG":"AGO","ADM0_A3_MA":"AGO","ADM0_A3_PT":"AGO","ADM0_A3_AR":"AGO","ADM0_A3_JP":"AGO","ADM0_A3_KO":"AGO","ADM0_A3_VN":"AGO","ADM0_A3_TR":"AGO","ADM0_A3_ID":"AGO","ADM0_A3_PL":"AGO","ADM0_A3_GR":"AGO","ADM0_A3_IT":"AGO","ADM0_A3_NL":"AGO","ADM0_A3_SE":"AGO","ADM0_A3_BD":"AGO","ADM0_A3_UA":"AGO","ADM0_A3_UN":-99,"ADM0_A3_WB":-99,"CONTINENT":"Africa","REGION_UN":"Africa","SUBREGION":"Middle Africa","REGION_WB":"Sub-Saharan Africa","NAME_LEN":6,"LONG_LEN":6,"ABBREV_LEN":4,"TINY":-99,"HOMEPART":1,"MIN_ZOOM":0,"MIN_LABEL":3,"MAX_LABEL":7,"LABEL_X":17.984249,"LABEL_Y":-12.182762,"NE_ID":1159320323,"WIKIDATAID":"Q916","NAME_AR":"أنغولا","NAME_BN":"অ্যাঙ্গোলা","NAME_DE":"Angola","NAME_EN":"Angola","NAME_ES":"Angola","NAME_FA":"آنگولا","NAME_FR":"Angola","NAME_EL":"Ανγκόλα","NAME_HE":"אנגולה","NAME_HI":"अंगोला","NAME_HU":"Angola","NAME_ID":"Angola","NAME_IT":"Angola","NAME_JA":"アンゴラ","NAME_KO":"앙골라","NAME_NL":"Angola","NAME_PL":"Angola","NAME_PT":"Angola","NAME_RU":"Ангола","NAME_SV":"Angola","NAME_TR":"Angola","NAME_UK":"Ангола","NAME_UR":"انگولا","NAME_VI":"Angola","NAME_ZH":"安哥拉","NAME_ZHT":"安哥拉","FCLASS_ISO":"Admin-0 country","TLC_DIFF":"","FCLASS_TLC":"Admin-0 country","FCLASS_US":"","FCLASS_FR":"","FCLASS_RU":"","FCLASS_ES":"","FCLASS_CN":"","FCLASS_TW":"","FCLASS_IN":"","FCLASS_NP":"","FCLASS_PK":"","FCLASS_DE":"","FCLASS_GB":"","FCLASS_BR":"","FCLASS_IL":"","FCLASS_PS":"","FCLASS_SA":"","FCLASS_EG":"","FCLASS_MA":"","FCLASS_PT":"","FCLASS_AR":"","FCLASS_JP":"","FCLASS_KO":"","FCLASS_VN":"","FCLASS_TR":"","FCLASS_ID":"","FCLASS_PL":"","FCLASS_GR":"","FCLASS_IT":"","FCLASS_NL":"","FCLASS_SE":"","FCLASS_BD":"","FCLASS_UA":""}},
{"type":"Feature","geometry":{"type":"Polygon","coordinates":[[[30.47,-2.414],[29.938,-2.348],[29.632,-2.918],[29.025,-2.839],[29.276,-3.294],[29.34,-4.5],[29.754,-4.452],[30.116,-4.09],[30.506,-3.569],[30.752,-3.359],[30.743,-3.034],[30.528,-2.808],[30.47,-2.414]]]},"properties":{"featurecla":"Admin-0 country","scalerank":1,"LABELRANK":6,"SOVEREIGNT":"Burundi","SOV_A3":"BDI","ADM0_DIF":0,"LEVEL":2,"TYPE":"Sovereign country","TLC":"1","ADMIN":"Burundi","ADM0_A3":"BDI","GEOU_DIF":0,"GEOUNIT":"Burundi","GU_A3":"BDI","SU_DIF":0,"SUBUNIT":"Burundi","SU_A3":"BDI","BRK_DIFF":0,"NAME":"Burundi","NAME_LONG":"Burundi","BRK_A3":"BDI","BRK_NAME":"Burundi","BRK_GROUP":"","ABBREV":"Bur.","POSTAL":"BI","FORMAL_EN":"Republic of Burundi","FORMAL_FR":"","NAME_CIAWF":"Burundi","NOTE_ADM0":"","NOTE_BRK":"","NAME_SORT":"Burundi","NAME_ALT":"","MAPCOLOR7":2,"MAPCOLOR8":2,"MAPCOLOR9":5,"MAPCOLOR13":8,"POP_EST":11530580,"POP_RANK":14,"POP_YEAR":2019,"GDP_MD":3012,"GDP_YEAR":2019,"ECONOMY":"7. Least developed region","INCOME_GRP":"5. Low income","FIPS_10":"BY","ISO_A2":"BI","ISO_A2_EH":"BI","ISO_A3":"BDI","ISO_A3_EH":"BDI","ISO_N3":"108","ISO_N3_EH":"108","UN_A3":"108","WB_A2":"BI","WB_A3":"BDI","WOE_ID":23424774,"WOE_ID_EH":23424774,"WOE_NOTE":"Exact WOE match as country","ADM0_ISO":"BDI","ADM0_DIFF":"","ADM0_TLC":"BDI","ADM0_A3_US":"BDI","ADM0_A3_FR":"BDI","ADM0_A3_RU":"BDI","ADM0_A3_ES":"BDI","ADM0_A3_CN":"BDI","ADM0_A3_TW":"BDI","ADM0_A3_IN":"BDI","ADM0_A3_NP":"BDI","ADM0_A3_PK":"BDI","ADM0_A3_DE":"BDI","ADM0_A3_GB":"BDI","ADM0_A3_BR":"BDI","ADM0_A3_IL":"BDI","ADM0_A3_PS":"BDI","ADM0_A3_SA":"BDI","ADM0_A3_EG":"BDI","ADM0_A3_MA":"BDI","ADM0_A3_PT":"BDI","ADM0_A3_AR":"BDI","ADM0_A3_JP":"BDI","ADM0_A3_KO":"BDI","ADM0_A3_VN":"BDI","ADM0_A3_TR":"BDI","ADM0_A3_ID":"BDI","ADM0_A3_PL":"BDI","ADM0_A3_GR":"BDI","ADM0_A3_IT":"BDI","ADM0_A3_NL":"BDI","ADM0_A3_SE":"BDI","ADM0_A3_BD":"BDI","ADM0_A3_UA":"BDI","ADM0_A3_UN":-99,"ADM0_A3_WB":-99,"CONTINENT":"Africa","REGION_UN":"Africa","SUBREGION":"Eastern Africa","REGION_WB":"Sub-Saharan Africa","NAME_LEN":7,"LONG_LEN":7,"ABBREV_LEN":4,"TINY":-99,"HOMEPART":1,"MIN_ZOOM":0,"MIN_LABEL":4,"MAX_LABEL":9,"LABEL_X":29.917086,"LABEL_Y":-3.332836,"NE_ID":1159320387,"WIKIDATAID":"Q967","NAME_AR":"بوروندي","NAME_BN":"বুরুন্ডি","NAME_DE":"Burundi","NAME_EN":"Burundi","NAME_ES":"Burundi","NAME_FA":"بوروندی","NAME_FR":"Burundi","NAME_EL":"Μπουρούντι","NAME_HE":"בורונדי","NAME_HI":"बुरुण्डी","NAME_HU":"Burundi","NAME_ID":"Burundi","NAME_IT":"Burundi","NAME_JA":"ブルンジ","NAME_KO":"부룬디","NAME_NL":"Burundi","NAME_PL":"Burundi","NAME_PT":"Burundi","NAME_RU":"Бурунди","NAME_SV":"Burundi","NAME_TR":"Burundi","NAME_UK":"Бурунді","NAME_UR":"برونڈی","NAME_VI":"Burundi","NAME_ZH":"布隆迪","NAME_ZHT":"蒲隆地","FCLASS_ISO":"Admin-0 country","TLC_DIFF":"","FCLASS_TLC":"Admin-0 country","FCLASS_US":"","FCLASS_FR":"","FCLASS_RU":"","FCLASS_ES":"","FCLASS_CN":"","FCLASS_TW":"","FCLASS_IN":"","FCLASS_NP":"","FCLASS_PK":"","FCLASS_DE":"","FCLASS_GB":"","FCLASS_BR":"","FCLASS_IL":"","FCLASS_PS":"","FCLASS_SA":"","FCLASS_EG":"","FCLASS_MA":"","FCLASS_PT":"","FCLASS_AR":"","FCLASS_JP":"","FCLASS_KO":"","FCLASS_VN":"","FCLASS_TR":"","FCLASS_ID":"","FCLASS_PL":"","FCLASS_GR":"","FCLASS_IT":"","FCLASS_NL":"","FCLASS_SE":"","FCLASS_BD":"","FCLASS_UA":""}},
{"type":"Feature","geometry":{"type":"Polygon","coordinates":[[[35.72,32.709],[35.701,32.716],[35.836,32.868],[35.821,33.277],[35.553,33.264],[35.461,33.089],[35.126,33.091],[35.098,33.081],[34.955,32.827],[34.753,32.073],[34.488,31.606],[34.556,31.549],[34.265,31.219],[34.823,29.761],[34.923,29.501],[35.421,31.1],[35.398,31.489],[34.927,31.353],[34.971,31.617],[35.226,31.754],[34.975,31.867],[35.184,32.533],[35.546,32.394],[35.72,32.709]]]},"properties":{"featurecla":"Admin-0 country","scalerank":1,"LABELRANK":4,"SOVEREIGNT":"Israel","SOV_A3":"IS1","ADM0_DIF":1,"LEVEL":2,"TYPE":"Disputed","TLC":"1","ADMIN":"Israel","ADM0_A3":"ISR","GEOU_DIF":0,"GEOUNIT":"Israel","GU_A3":"ISR","SU_DIF":0,"SUBUNIT":"Israel","SU_A3":"ISR","BRK_DIFF":1,"NAME":"Israel","NAME_LONG":"Israel","BRK_A3":"ISR","BRK_NAME":"Israel","BRK_GROUP":"","ABBREV":"Isr.","POSTAL":"IS","FORMAL_EN":"State of Israel","FORMAL_FR":"","NAME_CIAWF":"Israel","NOTE_ADM0":"","NOTE_BRK":"","NAME_SORT":"Israel","NAME_ALT":"","MAPCOLOR7":3,"MAPCOLOR8":2,"MAPCOLOR9":5,"MAPCOLOR13":9,"POP_EST":9053300,"POP_RANK":13,"POP_YEAR":2019,"GDP_MD":394652,"GDP_YEAR":2019,"ECONOMY":"2. Developed region: nonG7","INCOME_GRP":"1. High income: OECD","FIPS_10":"-99","ISO_A2":"IL","ISO_A2_EH":"IL","ISO_A3":"ISR","ISO_A3_EH":"ISR","ISO_N3":"376","ISO_N3_EH":"376","UN_A3":"376","WB_A2":"IL","WB_A3":"ISR","WOE_ID":23424852,"WOE_ID_EH":23424852,"WOE_NOTE":"Exact WOE match as country","ADM0_ISO":"ISR","ADM0_DIFF":"","ADM0_TLC":"ISR","ADM0_A3_US":"ISR","ADM0_A3_FR":"ISR","ADM0_A3_RU":"ISR","ADM0_A3_ES":"ISR","ADM0_A3_CN":"ISR","ADM0_A3_TW":"ISR","ADM0_A3_IN":"ISR","ADM0_A3_NP":"ISR","ADM0_A3_PK":"PSX","ADM0_A3_DE":"ISR","ADM0_A3_GB":"ISR","ADM0_A3_BR":"ISR","ADM0_A3_IL":"ISR","ADM0_A3_PS":"ISR","ADM0_A3_SA":"PSX","ADM0_A3_EG":"ISR","ADM0_A3_MA":"ISR","ADM0_A3_PT":"ISR","ADM0_A3_AR":"ISR","ADM0_A3_JP":"ISR","ADM0_A3_KO":"ISR","ADM0_A3_VN":"ISR","ADM0_A3_TR":"ISR","ADM0_A3_ID":"ISR","ADM0_A3_PL":"ISR","ADM0_A3_GR":"ISR","ADM0_A3_IT":"ISR","ADM0_A3_NL":"ISR","ADM0_A3_SE":"ISR","ADM0_A3_BD":"PSX","ADM0_A3_UA":"ISR","ADM0_A3_UN":-99,"ADM0_A3_WB":-99,"CONTINENT":"Asia","REGION_UN":"Asia","SUBREGION":"Western Asia","REGION_WB":"Middle East & North Africa","NAME_LEN":6,"LONG_LEN":6,"ABBREV_LEN":4,"TINY":-99,"HOMEPART":1,"MIN_ZOOM":0,"MIN_LABEL":3,"MAX_LABEL":8,"LABEL_X":34.847915,"LABEL_Y":30.911148,"NE_ID":1159320895,"WIKIDATAID":"Q801","NAME_AR":"إسرائيل","NAME_BN":"ইসরায়েল","NAME_DE":"Israel","NAME_EN":"Israel","NAME_ES":"Israel","NAME_FA":"اسرائیل","NAME_FR":"Israël","NAME_EL":"Ισραήλ","NAME_HE":"ישראל","NAME_HI":"इज़राइल","NAME_HU":"Izrael","NAME_ID":"Israel","NAME_IT":"Israele","NAME_JA":"イスラエル","NAME_KO":"이스라엘","NAME_NL":"Israël","NAME_PL":"Izrael","NAME_PT":"Israel","NAME_RU":"Израиль","NAME_SV":"Israel","NAME_TR":"İsrail","NAME_UK":"Ізраїль","NAME_UR":"اسرائیل","NAME_VI":"Israel","NAME_ZH":"以色列","NAME_ZHT":"以色列","FCLASS_ISO":"Admin-0 country","TLC_DIFF":"","FCLASS_TLC":"Admin-0 country","FCLASS_US":"","FCLASS_FR":"","FCLASS_RU":"","FCLASS_ES":"","FCLASS_CN":"","FCLASS_TW":"","FCLASS_IN":"","FCLASS_NP":"","FCLASS_PK":"Unrecognized","FCLASS_DE":"","FCLASS_GB":"","FCLASS_BR":"","FCLASS_IL":"","FCLASS_PS":"","FCLASS_SA":"Unrecognized","FCLASS_EG":"","FCLASS_MA":"","FCLASS_PT":"","FCLASS_AR":"","FCLASS_JP":"","FCLASS_KO":"","FCLASS_VN":"","FCLASS_TR":"","FCLASS_ID":"","FCLASS_PL":"","FCLASS_GR":"","FCLASS_IT":"","FCLASS_NL":"","FCLASS_SE":"","FCLASS_BD":"Unrecognized","FCLASS_UA":""}},
{"type":"Feature","geometry":{"type":"Polygon","coordinates":[[[35.821,33.277],[36.066,33.825],[36.612,34.202],[36.448,34.594],[35.998,34.645],[35.98,34.61],[35.482,33.905],[35.126,33.091],[35.461,33.089],[35.553,33.264],[35.821,33.277]]]},"properties":{"featurecla":"Admin-0 country","scalerank":1,"LABELRANK":5,"SOVEREIGNT":"Lebanon","SOV_A3":"LBN","ADM0_DIF":0,"LEVEL":2,"TYPE":"Sovereign country","TLC":"1","ADMIN":"Lebanon","ADM0_A3":"LBN","GEOU_DIF":0,"GEOUNIT":"Lebanon","GU_A3":"LBN","SU_DIF":0,"SUBUNIT":"Lebanon","SU_A3":"LBN","BRK_DIFF":0,"NAME":"Lebanon","NAME_LONG":"Lebanon","BRK_A3":"LBN","BRK_NAME":"Lebanon","BRK_GROUP":"","ABBREV":"Leb.","POSTAL":"LB","FORMAL_EN":"Lebanese Republic","FORMAL_FR":"","NAME_CIAWF":"Lebanon","NOTE_ADM0":"","NOTE_BRK":"","NAME_SORT":"Lebanon","NAME_ALT":"","MAPCOLOR7":4,"MAPCOLOR8":4,"MAPCOLOR9":4,"MAPCOLOR13":12,"POP_EST":6855713,"POP_RANK":13,"POP_YEAR":2019,"GDP_MD":51991,"GDP_YEAR":2019,"ECONOMY":"6. Developing region","INCOME_GRP":"3. Upper middle income","FIPS_10":"LE","ISO_A2":"LB","ISO_A2_EH":"LB","ISO_A3":"LBN","ISO_A3_EH":"LBN","ISO_N3":"422","ISO_N3_EH":"422","UN_A3":"422","WB_A2":"LB","WB_A3":"LBN","WOE_ID":23424873,"WOE_ID_EH":23424873,"WOE_NOTE":"Exact WOE match as country","ADM0_ISO":"LBN","ADM0_DIFF":"","ADM0_TLC":"LBN","ADM0_A3_US":"LBN","ADM0_A3_FR":"LBN","ADM0_A3_RU":"LBN","ADM0_A3_ES":"LBN","ADM0_A3_CN":"LBN","ADM0_A3_TW":"LBN","ADM0_A3_IN":"LBN","ADM0_A3_NP":"LBN","ADM0_A3_PK":"LBN","ADM0_A3_DE":"LBN","ADM0_A3_GB":"LBN","ADM0_A3_BR":"LBN","ADM0_A3_IL":"LBN","ADM0_A3_PS":"LBN","ADM0_A3_SA":"LBN","ADM0_A3_EG":"LBN","ADM0_A3_MA":"LBN","ADM0_A3_PT":"LBN","ADM0_A3_AR":"LBN","ADM0_A3_JP":"LBN","ADM0_A3_KO":"LBN","ADM0_A3_VN":"LBN","ADM0_A3_TR":"LBN","ADM0_A3_ID":"LBN","ADM0_A3_PL":"LBN","ADM0_A3_GR":"LBN","ADM0_A3_IT":"LBN","ADM0_A3_NL":"LBN","ADM0_A3_SE":"LBN","ADM0_A3_BD":"LBN","ADM0_A3_UA":"LBN","ADM0_A3_UN":-99,"ADM0_A3_WB":-99,"CONTINENT":"Asia","REGION_UN":"Asia","SUBREGION":"Western Asia","REGION_WB":"Middle East & North Africa","NAME_LEN":7,"LONG_LEN":7,"ABBREV_LEN":4,"TINY":4,"HOMEPART":1,"MIN_ZOOM":0,"MIN_LABEL":4,"MAX_LABEL":9,"LABEL_X":35.992892,"LABEL_Y":34.133368,"NE_ID":1159321013,"WIKIDATAID":"Q822","NAME_AR":"لبنان","NAME_BN":"লেবানন","NAME_DE":"Libanon","NAME_EN":"Lebanon","NAME_ES":"Líbano","NAME_FA":"لبنان","NAME_FR":"Liban","NAME_EL":"Λίβανος","NAME_HE":"לבנון","NAME_HI":"लेबनान","NAME_HU":"Libanon","NAME_ID":"Lebanon","NAME_IT":"Libano","NAME_JA":"レバノン","NAME_KO":"레바논","NAME_NL":"Libanon","NAME_PL":"Liban","NAME_PT":"Líbano","NAME_RU":"Ливан","NAME_SV":"Libanon","NAME_TR":"Lübnan","NAME_UK":"Ліван","NAME_UR":"لبنان","NAME_VI":"Liban","NAME_ZH":"黎巴嫩","NAME_ZHT":"黎巴嫩","FCLASS_ISO":"Admin-0 country","TLC_DIFF":"","FCLASS_TLC":"Admin-0 country","FCLASS_US":"","FCLASS_FR":"","FCLASS_RU":"","FCLASS_ES":"","FCLASS_CN":"","FCLASS_TW":"","FCLASS_IN":"","FCLASS_NP":"","FCLASS_PK":"","FCLASS_DE":"","FCLASS_GB":"","FCLASS_BR":"","FCLASS_IL":"","FCLASS_PS":"","FCLASS_SA":"","FCLASS_EG":"","FCLASS_MA":"","FCLASS_PT":"","FCLASS_AR":"","FCLASS_JP":"","FCLASS_KO":"","FCLASS_VN":"","FCLASS_TR":"","FCLASS_ID":"","FCLASS_PL":"","FCLASS_GR":"","FCLASS_IT":"","FCLASS_NL":"","FCLASS_SE":"","FCLASS_BD":"","FCLASS_UA":""}},
{"type":"Feature","geometry":{"type":"Polygon","coordinates":[[[49.544,-12.47],[49.195,-12.041],[48.864,-12.488],[48.845,-13.089],[48.294,-13.784],[47.869,-13.664],[48.005,-14.091],[47.705,-14.594],[46.882,-15.21],[46.312,-15.78],[45.873,-15.793],[45.503,-15.974],[44.945,-16.179],[44.447,-16.216],[44.312,-16.85],[43.963,-17.41],[44.043,-18.331],[44.232,-18.962],[44.464,-19.435],[44.374,-20.072],[43.896,-20.83],[43.894,-21.163],[43.433,-21.336],[43.254,-22.057],[43.346,-22.777],[43.698,-23.574],[43.764,-24.461],[44.04,-24.988],[44.834,-25.346],[45.41,-25.601],[46.282,-25.178],[47.096,-24.942],[47.548,-23.782],[47.931,-22.392],[48.549,-20.497],[49.042,-19.119],[49.436,-17.953],[49.499,-17.106],[49.775,-16.875],[49.863,-16.451],[49.673,-15.71],[49.861,-15.414],[50.2,-16],[50.377,-15.706],[50.477,-15.227],[50.217,-14.759],[50.057,-13.556],[49.809,-12.895],[49.544,-12.47]]]},"properties":{"featurecla":"Admin-0 country","scalerank":1,"LABELRANK":3,"SOVEREIGNT":"Madagascar","SOV_A3":"MDG","ADM0_DIF":0,"LEVEL":2,"TYPE":"Sovereign country","TLC":"1","ADMIN":"Madagascar","ADM0_A3":"MDG","GEOU_DIF":0,"GEOUNIT":"Madagascar","GU_A3":"MDG","SU_DIF":0,"SUBUNIT":"Madagascar","SU_A3":"MDG","BRK_DIFF":0,"NAME":"Madagascar","NAME_LONG":"Madagascar","BRK_A3":"MDG","BRK_NAME":"Madagascar","BRK_GROUP":"","ABBREV":"Mad.","POSTAL":"MG","FORMAL_EN":"Republic of Madagascar","FORMAL_FR":"","NAME_CIAWF":"Madagascar","NOTE_ADM0":"","NOTE_BRK":"","NAME_SORT":"Madagascar","NAME_ALT":"","MAPCOLOR7":6,"MAPCOLOR8":5,"MAPCOLOR9":2,"MAPCOLOR13":3,"POP_EST":26969307,"POP_RANK":15,"POP_YEAR":2019,"GDP_MD":14114,"GDP_YEAR":2019,"ECONOMY":"7. Least developed region","INCOME_GRP":"5. Low income","FIPS_10":"MA","ISO_A2":"MG","ISO_A2_EH":"MG","ISO_A3":"MDG","ISO_A3_EH":"MDG","ISO_N3":"450","ISO_N3_EH":"450","UN_A3":"450","WB_A2":"MG","WB_A3":"MDG","WOE_ID":23424883,"WOE_ID_EH":23424883,"WOE_NOTE":"Exact WOE match as country","ADM0_ISO":"MDG","ADM0_DIFF":"","ADM0_TLC":"MDG","ADM0_A3_US":"MDG","ADM0_A3_FR":"MDG","ADM0_A3_RU":"MDG","ADM0_A3_ES":"MDG","ADM0_A3_CN":"MDG","ADM0_A3_TW":"MDG","ADM0_A3_IN":"MDG","ADM0_A3_NP":"MDG","ADM0_A3_PK":"MDG","ADM0_A3_DE":"MDG","ADM0_A3_GB":"MDG","ADM0_A3_BR":"MDG","ADM0_A3_IL":"MDG","ADM0_A3_PS":"MDG","ADM0_A3_SA":"MDG","ADM0_A3_EG":"MDG","ADM0_A3_MA":"MDG","ADM0_A3_PT":"MDG","ADM0_A3_AR":"MDG","ADM0_A3_JP":"MDG","ADM0_A3_KO":"MDG","ADM0_A3_VN":"MDG","ADM0_A3_TR":"MDG","ADM0_A3_ID":"MDG","ADM0_A3_PL":"MDG","ADM0_A3_GR":"MDG","ADM0_A3_IT":"MDG","ADM0_A3_NL":"MDG","ADM0_A3_SE":"MDG","ADM0_A3_BD":"MDG","ADM0_A3_UA":"MDG","ADM0_A3_UN":-99,"ADM0_A3_WB":-99,"CONTINENT":"Africa","REGION_UN":"Africa","SUBREGION":"Eastern Africa","REGION_WB":"Sub-Saharan Africa","NAME_LEN":10,"LONG_LEN":10,"ABBREV_LEN":4,"TINY":-99,"HOMEPART":1,"MIN_ZOOM":0,"MIN_LABEL":2.7,"MAX_LABEL":7,"LABEL_X":46.704241,"LABEL_Y":-18.628288,"NE_ID":1159321051,"WIKIDATAID":"Q1019","NAME_AR":"مدغشقر","NAME_BN":"মাদাগাস্কার","NAME_DE":"Madagaskar","NAME_EN":"Madagascar","NAME_ES":"Madagascar","NAME_FA":"ماداگاسکار","NAME_FR":"Madagascar","NAME_EL":"Μαδαγασκάρη","NAME_HE":"מדגסקר","NAME_HI":"मेडागास्कर","NAME_HU":"Madagaszkár","NAME_ID":"Madagaskar","NAME_IT":"Madagascar","NAME_JA":"マダガスカル","NAME_KO":"마다가스카르","NAME_NL":"Madagaskar","NAME_PL":"Madagaskar","NAME_PT":"Madagáscar","NAME_RU":"Мадагаскар","NAME_SV":"Madagaskar","NAME_TR":"Madagaskar","NAME_UK":"Мадагаскар","NAME_UR":"مڈغاسکر","NAME_VI":"Madagascar","NAME_ZH":"马达加斯加","NAME_ZHT":"馬達加斯加","FCLASS_ISO":"Admin-0 country","TLC_DIFF":"","FCLASS_TLC":"Admin-0 country","FCLASS_US":"","FCLASS_FR":"","FCLASS_RU":"","FCLASS_ES":"","FCLASS_CN":"","FCLASS_TW":"","FCLASS_IN":"","FCLASS_NP":"","FCLASS_PK":"","FCLASS_DE":"","FCLASS_GB":"","FCLASS_BR":"","FCLASS_IL":"","FCLASS_PS":"","FCLASS_SA":"","FCLASS_EG":"","FCLASS_MA":"","FCLASS_PT":"","FCLASS_AR":"","FCLASS_JP":"","FCLASS_KO":"","FCLASS_VN":"","FCLASS_TR":"","FCLASS_ID":"","FCLASS_PL":"","FCLASS_GR":"","FCLASS_IT":"","FCLASS_NL":"","FCLASS_SE":"","FCLASS_BD":"","FCLASS_UA":""}},
{"type":"Feature","geometry":{"type":"Polygon","coordinates":[[[35.398,31.489],[35.545,31.783],[35.546,32.394],[35.184,32.533],[34.975,31.867],[35.226,31.754],[34.971,31.617],[34.927,31.353],[35.398,31.489]]]},"properties":{"featurecla":"Admin-0 country","scalerank":1,"LABELRANK":5,"SOVEREIGNT":"Israel","SOV_A3":"IS1","ADM0_DIF":1,"LEVEL":2,"TYPE":"Indeterminate","TLC":"1","ADMIN":"Palestine","ADM0_A3":"PSX","GEOU_DIF":0,"GEOUNIT":"Palestine","GU_A3":"PSX","SU_DIF":0,"SUBUNIT":"Palestine","SU_A3":"PSX","BRK_DIFF":0,"NAME":"Palestine","NAME_LONG":"Palestine","BRK_A3":"PSX","BRK_NAME":"Palestine","BRK_GROUP":"","ABBREV":"Pal.","POSTAL":"PAL","FORMAL_EN":"West Bank and Gaza","FORMAL_FR":"","NAME_CIAWF":"","NOTE_ADM0":"","NOTE_BRK":"Partial self-admin.","NAME_SORT":"Palestine (West Bank and Gaza)","NAME_ALT":"","MAPCOLOR7":3,"MAPCOLOR8":2,"MAPCOLOR9":5,"MAPCOLOR13":8,"POP_EST":4685306,"POP_RANK":12,"POP_YEAR":2019,"GDP_MD":16276,"GDP_YEAR":2018,"ECONOMY":"6. Developing region","INCOME_GRP":"4. Lower middle income","FIPS_10":"-99","ISO_A2":"PS","ISO_A2_EH":"PS","ISO_A3":"PSE","ISO_A3_EH":"PSE","ISO_N3":"275","ISO_N3_EH":"275","UN_A3":"275","WB_A2":"GZ","WB_A3":"WBG","WOE_ID":28289408,"WOE_ID_EH":28289408,"WOE_NOTE":"Exact WOE match as country","ADM0_ISO":"PSX","ADM0_DIFF":"","ADM0_TLC":"PSX","ADM0_A3_US":"PSX","ADM0_A3_FR":"PSX","ADM0_A3_RU":"PSX","ADM0_A3_ES":"PSX","ADM0_A3_CN":"PSX","ADM0_A3_TW":"PSX","ADM0_A3_IN":"PSX","ADM0_A3_NP":"PSX","ADM0_A3_PK":"PSX","ADM0_A3_DE":"PSX","ADM0_A3_GB":"PSX","ADM0_A3_BR":"PSX","ADM0_A3_IL":"PSX","ADM0_A3_PS":"PSX","ADM0_A3_SA":"PSX","ADM0_A3_EG":"PSX","ADM0_A3_MA":"PSX","ADM0_A3_PT":"PSX","ADM0_A3_AR":"PSX","ADM0_A3_JP":"PSX","ADM0_A3_KO":"PSX","ADM0_A3_VN":"PSX","ADM0_A3_TR":"PSX","ADM0_A3_ID":"PSX","ADM0_A3_PL":"PSX","ADM0_A3_GR":"PSX","ADM0_A3_IT":"PSX","ADM0_A3_NL":"PSX","ADM0_A3_SE":"PSX","ADM0_A3_BD":"PSX","ADM0_A3_UA":"PSX","ADM0_A3_UN":-99,"ADM0_A3_WB":-99,"CONTINENT":"Asia","REGION_UN":"Asia","SUBREGION":"Western Asia","REGION_WB":"Middle East & North Africa","NAME_LEN":9,"LONG_LEN":9,"ABBREV_LEN":4,"TINY":-99,"HOMEPART":-99,"MIN_ZOOM":7,"MIN_LABEL":4.5,"MAX_LABEL":9.5,"LABEL_X":35.291341,"LABEL_Y":32.047431,"NE_ID":1159320899,"WIKIDATAID":"Q23792","NAME_AR":"فلسطين","NAME_BN":"ফিলিস্তিন অঞ্চল","NAME_DE":"Palästina","NAME_EN":"Palestine","NAME_ES":"Palestina","NAME_FA":"فلسطین","NAME_FR":"Palestine","NAME_EL":"Παλαιστίνη","NAME_HE":"ארץ ישראל","NAME_HI":"फ़िलिस्तीनी राज्यक्षेत्र","NAME_HU":"Palesztina","NAME_ID":"Palestina","NAME_IT":"Palestina","NAME_JA":"パレスチナ","NAME_KO":"팔레스타인","NAME_NL":"Palestina","NAME_PL":"Palestyna","NAME_PT":"Palestina","NAME_RU":"Палестина","NAME_SV":"Palestina","NAME_TR":"Filistin","NAME_UK":"Палестина","NAME_UR":"فلسطین","NAME_VI":"Palestine","NAME_ZH":"巴勒斯坦","NAME_ZHT":"巴勒斯坦地區","FCLASS_ISO":"Admin-0 dependency","TLC_DIFF":"","FCLASS_TLC":"Admin-0 dependency","FCLASS_US":"","FCLASS_FR":"","FCLASS_RU":"","FCLASS_ES":"","FCLASS_CN":"","FCLASS_TW":"","FCLASS_IN":"","FCLASS_NP":"","FCLASS_PK":"Admin-0 country","FCLASS_DE":"","FCLASS_GB":"","FCLASS_BR":"","FCLASS_IL":"","FCLASS_PS":"Admin-0 country","FCLASS_SA":"Admin-0 country","FCLASS_EG":"","FCLASS_MA":"","FCLASS_PT":"","FCLASS_AR":"","FCLASS_JP":"","FCLASS_KO":"","FCLASS_VN":"","FCLASS_TR":"","FCLASS_ID":"","FCLASS_PL":"","FCLASS_GR":"","FCLASS_IT":"","FCLASS_NL":"","FCLASS_SE":"","FCLASS_BD":"Admin-0 country","FCLASS_UA":""}},
{"type":"Feature","geometry":{"type":"Polygon","coordinates":[[[-16.714,13.595],[-16.842,13.151],[-15.931,13.13],[-15.691,13.27],[-15.512,13.279],[-15.141,13.51],[-14.712,13.298],[-14.278,13.281],[-13.845,13.505],[-14.047,13.794],[-14.377,13.626],[-14.687,13.63],[-15.082,13.876],[-15.399,13.86],[-15.625,13.624],[-16.714,13.595]]]},"properties":{"featurecla":"Admin-0 country","scalerank":1,"LABELRANK":6,"SOVEREIGNT":"Gambia","SOV_A3":"GMB","ADM0_DIF":0,"LEVEL":2,"TYPE":"Sovereign country","TLC":"1","ADMIN":"Gambia","ADM0_A3":"GMB","GEOU_DIF":0,"GEOUNIT":"Gambia","GU_A3":"GMB","SU_DIF":0,"SUBUNIT":"Gambia","SU_A3":"GMB","BRK_DIFF":0,"NAME":"Gambia","NAME_LONG":"The Gambia","BRK_A3":"GMB","BRK_NAME":"Gambia","BRK_GROUP":"","ABBREV":"Gambia","POSTAL":"GM","FORMAL_EN":"Republic of the Gambia","FORMAL_FR":"","NAME_CIAWF":"Gambia, The","NOTE_ADM0":"","NOTE_BRK":"","NAME_SORT":"Gambia, The","NAME_ALT":"","MAPCOLOR7":1,"MAPCOLOR8":4,"MAPCOLOR9":1,"MAPCOLOR13":8,"POP_EST":2347706,"POP_RANK":12,"POP_YEAR":2019,"GDP_MD":1826,"GDP_YEAR":2019,"ECONOMY":"7. Least developed region","INCOME_GRP":"5. Low income","FIPS_10":"GA","ISO_A2":"GM","ISO_A2_EH":"GM","ISO_A3":"GMB","ISO_A3_EH":"GMB","ISO_N3":"270","ISO_N3_EH":"270","UN_A3":"270","WB_A2":"GM","WB_A3":"GMB","WOE_ID":23424821,"WOE_ID_EH":23424821,"WOE_NOTE":"Exact WOE match as country","ADM0_ISO":"GMB","ADM0_DIFF":"","ADM0_TLC":"GMB","ADM0_A3_US":"GMB","ADM0_A3_FR":"GMB","ADM0_A3_RU":"GMB","ADM0_A3_ES":"GMB","ADM0_A3_CN":"GMB","ADM0_A3_TW":"GMB","ADM0_A3_IN":"GMB","ADM0_A3_NP":"GMB","ADM0_A3_PK":"GMB","ADM0_A3_DE":"GMB","ADM0_A3_GB":"GMB","ADM0_A3_BR":"GMB","ADM0_A3_IL":"GMB","ADM0_A3_PS":"GMB","ADM0_A3_SA":"GMB","ADM0_A3_EG":"GMB","ADM0_A3_MA":"GMB","ADM0_A3_PT":"GMB","ADM0_A3_AR":"GMB","ADM0_A3_JP":"GMB","ADM0_A3_KO":"GMB","ADM0_A3_VN":"GMB","ADM0_A3_TR":"GMB","ADM0_A3_ID":"GMB","ADM0_A3_PL":"GMB","ADM0_A3_GR":"GMB","ADM0_A3_IT":"GMB","ADM0_A3_NL":"GMB","ADM0_A3_SE":"GMB","ADM0_A3_BD":"GMB","ADM0_A3_UA":"GMB","ADM0_A3_UN":-99,"ADM0_A3_WB":-99,"CONTINENT":"Africa","REGION_UN":"Africa","SUBREGION":"Western Africa","REGION_WB":"Sub-Saharan Africa","NAME_LEN":6,"LONG_LEN":10,"ABBREV_LEN":6,"TINY":-99,"HOMEPART":1,"MIN_ZOOM":0,"MIN_LABEL":5,"MAX_LABEL":10,"LABEL_X":-14.998318,"LABEL_Y":13.641721,"NE_ID":1159320797,"WIKIDATAID":"Q1005","NAME_AR":"غامبيا","NAME_BN":"গাম্বিয়া","NAME_DE":"Gambia","NAME_EN":"The Gambia","NAME_ES":"Gambia","NAME_FA":"گامبیا","NAME_FR":"Gambie","NAME_EL":"Γκάμπια","NAME_HE":"גמביה","NAME_HI":"गाम्बिया","NAME_HU":"Gambia","NAME_ID":"Gambia","NAME_IT":"Gambia","NAME_JA":"ガンビア","NAME_KO":"감비아","NAME_NL":"Gambia","NAME_PL":"Gambia","NAME_PT":"Gâmbia","NAME_RU":"Гамбия","NAME_SV":"Gambia","NAME_TR":"Gambiya","NAME_UK":"Гамбія","NAME_UR":"گیمبیا","NAME_VI":"Gambia","NAME_ZH":"冈比亚","NAME_ZHT":"甘比亞","FCLASS_ISO":"Admin-0 country","TLC_DIFF":"","FCLASS_TLC":"Admin-0 country","FCLASS_US":"","FCLASS_FR":"","FCLASS_RU":"","FCLASS_ES":"","FCLASS_CN":"","FCLASS_TW":"","FCLASS_IN":"","FCLASS_NP":"","FCLASS_PK":"","FCLASS_DE":"","FCLASS_GB":"","FCLASS_BR":"","FCLASS_IL":"","FCLASS_PS":"","FCLASS_SA":"","FCLASS_EG":"","FCLASS_MA":"","FCLASS_PT":"","FCLASS_AR":"","FCLASS_JP":"","FCLASS_KO":"","FCLASS_VN":"","FCLASS_TR":"","FCLASS_ID":"","FCLASS_PL":"","FCLASS_GR":"","FCLASS_IT":"","FCLASS_NL":"","FCLASS_SE":"","FCLASS_BD":"","FCLASS_UA":""}},
{"type":"Feature","geometry":{"type":"Polygon","coordinates":[[[9.482,30.308],[9.97,30.539],[10.057,30.962],[9.95,31.376],[10.637,31.761],[10.945,32.082],[11.432,32.369],[11.489,33.137],[11.109,33.293],[10.857,33.769],[10.34,33.786],[10.15,34.331],[10.808,34.834],[10.94,35.699],[10.593,35.947],[10.6,36.41],[11.1,36.9],[11.029,37.092],[10.181,36.724],[10.21,37.23],[9.51,37.35],[8.421,36.946],[8.218,36.433],[8.376,35.48],[8.141,34.655],[7.524,34.097],[7.613,33.344],[8.43,32.748],[8.439,32.506],[9.056,32.103],[9.482,30.308]]]},"properties":{"featurecla":"Admin-0 country","scalerank":1,"LABELRANK":3,"SOVEREIGNT":"Tunisia","SOV_A3":"TUN","ADM0_DIF":0,"LEVEL":2,"TYPE":"Sovereign country","TLC":"1","ADMIN":"Tunisia","ADM0_A3":"TUN","GEOU_DIF":0,"GEOUNIT":"Tunisia","GU_A3":"TUN","SU_DIF":0,"SUBUNIT":"Tunisia","SU_A3":"TUN","BRK_DIFF":0,"NAME":"Tunisia","NAME_LONG":"Tunisia","BRK_A3":"TUN","BRK_NAME":"Tunisia","BRK_GROUP":"","ABBREV":"Tun.","POSTAL":"TN","FORMAL_EN":"Republic of Tunisia","FORMAL_FR":"","NAME_CIAWF":"Tunisia","NOTE_ADM0":"","NOTE_BRK":"","NAME_SORT":"Tunisia","NAME_ALT":"","MAPCOLOR7":4,"MAPCOLOR8":3,"MAPCOLOR9":3,"MAPCOLOR13":2,"POP_EST":11694719,"POP_RANK":14,"POP_YEAR":2019,"GDP_MD":38796,"GDP_YEAR":2019,"ECONOMY":"6. Developing region","INCOME_GRP":"3. Upper middle income","FIPS_10":"TS","ISO_A2":"TN","ISO_A2_EH":"TN","ISO_A3":"TUN","ISO_A3_EH":"TUN","ISO_N3":"788","ISO_N3_EH":"788","UN_A3":"788","WB_A2":"TN","WB_A3":"TUN","WOE_ID":23424967,"WOE_ID_EH":23424967,"WOE_NOTE":"Exact WOE match as country","ADM0_ISO":"TUN","ADM0_DIFF":"","ADM0_TLC":"TUN","ADM0_A3_US":"TUN","ADM0_A3_FR":"TUN","ADM0_A3_RU":"TUN","ADM0_A3_ES":"TUN","ADM0_A3_CN":"TUN","ADM0_A3_TW":"TUN","ADM0_A3_IN":"TUN","ADM0_A3_NP":"TUN","ADM0_A3_PK":"TUN","ADM0_A3_DE":"TUN","ADM0_A3_GB":"TUN","ADM0_A3_BR":"TUN","ADM0_A3_IL":"TUN","ADM0_A3_PS":"TUN","ADM0_A3_SA":"TUN","ADM0_A3_EG":"TUN","ADM0_A3_MA":"TUN","ADM0_A3_PT":"TUN","ADM0_A3_AR":"TUN","ADM0_A3_JP":"TUN","ADM0_A3_KO":"TUN","ADM0_A3_VN":"TUN","ADM0_A3_TR":"TUN","ADM0_A3_ID":"TUN","ADM0_A3_PL":"TUN","ADM0_A3_GR":"TUN","ADM0_A3_IT":"TUN","ADM0_A3_NL":"TUN","ADM0_A3_SE":"TUN","ADM0_A3_BD":"TUN","ADM0_A3_UA":"TUN","ADM0_A3_UN":-99,"ADM0_A3_WB":-99,"CONTINENT":"Africa","REGION_UN":"Africa","SUBREGION":"Northern Africa","REGION_WB":"Middle East & North Africa","NAME_LEN":7,"LONG_LEN":7,"ABBREV_LEN":4,"TINY":-99,"HOMEPART":1,"MIN_ZOOM":0,"MIN_LABEL":3,"MAX_LABEL":8,"LABEL_X":9.007881,"LABEL_Y":33.687263,"NE_ID":1159321327,"WIKIDATAID":"Q948","NAME_AR":"تونس","NAME_BN":"তিউনিসিয়া","NAME_DE":"Tunesien","NAME_EN":"Tunisia","NAME_ES":"Túnez","NAME_FA":"تونس","NAME_FR":"Tunisie","NAME_EL":"Τυνησία","NAME_HE":"תוניסיה","NAME_HI":"ट्यूनिशिया","NAME_HU":"Tunézia","NAME_ID":"Tunisia","NAME_IT":"Tunisia","NAME_JA":"チュニジア","NAME_KO":"튀니지","NAME_NL":"Tunesië","NAME_PL":"Tunezja","NAME_PT":"Tunísia","NAME_RU":"Тунис","NAME_SV":"Tunisien","NAME_TR":"Tunus","NAME_UK":"Туніс","NAME_UR":"تونس","NAME_VI":"Tuy-ni-di","NAME_ZH":"突尼斯","NAME_ZHT":"突尼西亞","FCLASS_ISO":"Admin-0 country","TLC_DIFF":"","FCLASS_TLC":"Admin-0 country","FCLASS_US":"","FCLASS_FR":"","FCLASS_RU":"","FCLASS_ES":"","FCLASS_CN":"","FCLASS_TW":"","FCLASS_IN":"","FCLASS_NP":"","FCLASS_PK":"","FCLASS_DE":"","FCLASS_GB":"","FCLASS_BR":"","FCLASS_IL":"","FCLASS_PS":"","FCLASS_SA":"","FCLASS_EG":"","FCLASS_MA":"","FCLASS_PT":"","FCLASS_AR":"","FCLASS_JP":"","FCLASS_KO":"","FCLASS_VN":"","FCLASS_TR":"","FCLASS_ID":"","FCLASS_PL":"","FCLASS_GR":"","FCLASS_IT":"","FCLASS_NL":"","FCLASS_SE":"","FCLASS_BD":"","FCLASS_UA":""}},
{"type":"Feature","geometry":{"type":"Polygon","coordinates":[[[-8.684,27.396],[-4.923,24.975],[-1.55,22.793],[1.823,20.611],[2.061,20.142],[2.684,19.856],[3.147,19.694],[3.158,19.057],[4.267,19.155],[5.678,19.601],[8.573,21.566],[12,23.472],[11.561,24.098],[10.771,24.563],[10.304,24.379],[9.948,24.937],[9.911,25.365],[9.319,26.094],[9.716,26.512],[9.629,27.141],[9.756,27.688],[9.684,28.144],[9.86,28.96],[9.806,29.425],[9.482,30.308],[9.056,32.103],[8.439,32.506],[8.43,32.748],[7.613,33.344],[7.524,34.097],[8.141,34.655],[8.376,35.48],[8.218,36.433],[8.421,36.946],[7.737,36.886],[7.33,37.118],[6.262,37.111],[5.32,36.717],[4.816,36.865],[3.162,36.784],[1.467,36.606],[0.504,36.301],[-0.127,35.889],[-1.209,35.715],[-2.17,35.168],[-1.793,34.528],[-1.733,33.92],[-1.388,32.864],[-1.125,32.652],[-1.308,32.263],[-2.617,32.094],[-3.069,31.724],[-3.647,31.637],[-3.69,30.897],[-4.86,30.501],[-5.242,30],[-6.061,29.732],[-7.059,29.579],[-8.674,28.841],[-8.666,27.656],[-8.665,27.589],[-8.684,27.396]]]},"properties":{"featurecla":"Admin-0 country","scalerank":1,"LABELRANK":3,"SOVEREIGNT":"Algeria","SOV_A3":"DZA","ADM0_DIF":0,"LEVEL":2,"TYPE":"Sovereign country","TLC":"1","ADMIN":"Algeria","ADM0_A3":"DZA","GEOU_DIF":0,"GEOUNIT":"Algeria","GU_A3":"DZA","SU_DIF":0,"SUBUNIT":"Algeria","SU_A3":"DZA","BRK_DIFF":0,"NAME":"Algeria","NAME_LONG":"Algeria","BRK_A3":"DZA","BRK_NAME":"Algeria","BRK_GROUP":"","ABBREV":"Alg.","POSTAL":"DZ","FORMAL_EN":"People's Democratic Republic of Algeria","FORMAL_FR":"","NAME_CIAWF":"Algeria","NOTE_ADM0":"","NOTE_BRK":"","NAME_SORT":"Algeria","NAME_ALT":"","MAPCOLOR7":5,"MAPCOLOR8":1,"MAPCOLOR9":6,"MAPCOLOR13":3,"POP_EST":43053054,"POP_RANK":15,"POP_YEAR":2019,"GDP_MD":171091,"GDP_YEAR":2019,"ECONOMY":"6. Developing region","INCOME_GRP":"3. Upper middle income","FIPS_10":"AG","ISO_A2":"DZ","ISO_A2_EH":"DZ","ISO_A3":"DZA","ISO_A3_EH":"DZA","ISO_N3":"012","ISO_N3_EH":"012","UN_A3":"012","WB_A2":"DZ","WB_A3":"DZA","WOE_ID":23424740,"WOE_ID_EH":23424740,"WOE_NOTE":"Exact WOE match as country","ADM0_ISO":"DZA","ADM0_DIFF":"","ADM0_TLC":"DZA","ADM0_A3_US":"DZA","ADM0_A3_FR":"DZA","ADM0_A3_RU":"DZA","ADM0_A3_ES":"DZA","ADM0_A3_CN":"DZA","ADM0_A3_TW":"DZA","ADM0_A3_IN":"DZA","ADM0_A3_NP":"DZA","ADM0_A3_PK":"DZA","ADM0_A3_DE":"DZA","ADM0_A3_GB":"DZA","ADM0_A3_BR":"DZA","ADM0_A3_IL":"DZA","ADM0_A3_PS":"DZA","ADM0_A3_SA":"DZA","ADM0_A3_EG":"DZA","ADM0_A3_MA":"DZA","ADM0_A3_PT":"DZA","ADM0_A3_AR":"DZA","ADM0_A3_JP":"DZA","ADM0_A3_KO":"DZA","ADM0_A3_VN":"DZA","ADM0_A3_TR":"DZA","ADM0_A3_ID":"DZA","ADM0_A3_PL":"DZA","ADM0_A3_GR":"DZA","ADM0_A3_IT":"DZA","ADM0_A3_NL":"DZA","ADM0_A3_SE":"DZA","ADM0_A3_BD":"DZA","ADM0_A3_UA":"DZA","ADM0_A3_UN":-99,"ADM0_A3_WB":-99,"CONTINENT":"Africa","REGION_UN":"Africa","SUBREGION":"Northern Africa","REGION_WB":"Middle East & North Africa","NAME_LEN":7,"LONG_LEN":7,"ABBREV_LEN":4,"TINY":-99,"HOMEPART":1,"MIN_ZOOM":0,"MIN_LABEL":2.5,"MAX_LABEL":7,"LABEL_X":2.808241,"LABEL_Y":27.397406,"NE_ID":1159320565,"WIKIDATAID":"Q262","NAME_AR":"الجزائر","NAME_BN":"আলজেরিয়া","NAME_DE":"Algerien","NAME_EN":"Algeria","NAME_ES":"Argelia","NAME_FA":"الجزایر","NAME_FR":"Algérie","NAME_EL":"Αλγερία","NAME_HE":"אלג'יריה","NAME_HI":"अल्जीरिया","NAME_HU":"Algéria","NAME_ID":"Aljazair","NAME_IT":"Algeria","NAME_JA":"アルジェリア","NAME_KO":"알제리","NAME_NL":"Algerije","NAME_PL":"Algieria","NAME_PT":"Argélia","NAME_RU":"Алжир","NAME_SV":"Algeriet","NAME_TR":"Cezayir","NAME_UK":"Алжир","NAME_UR":"الجزائر","NAME_VI":"Algérie","NAME_ZH":"阿尔及利亚","NAME_ZHT":"阿爾及利亞","FCLASS_ISO":"Admin-0 country","TLC_DIFF":"","FCLASS_TLC":"Admin-0 country","FCLASS_US":"","FCLASS_FR":"","FCLASS_RU":"","FCLASS_ES":"","FCLASS_CN":"","FCLASS_TW":"","FCLASS_IN":"","FCLASS_NP":"","FCLASS_PK":"","FCLASS_DE":"","FCLASS_GB":"","FCLASS_BR":"","FCLASS_IL":"","FCLASS_PS":"","FCLASS_SA":"","FCLASS_EG":"","FCLASS_MA":"","FCLASS_PT":"","FCLASS_AR":"","FCLASS_JP":"","FCLASS_KO":"","FCLASS_VN":"","FCLASS_TR":"","FCLASS_ID":"","FCLASS_PL":"","FCLASS_GR":"","FCLASS_IT":"","FCLASS_NL":"","FCLASS_SE":"","FCLASS_BD":"","FCLASS_UA":""}},
{"type":"Feature","geometry":{"type":"Polygon","coordinates":[[[35.546,32.394],[35.545,31.783],[35.398,31.489],[35.421,31.1],[34.923,29.501],[34.956,29.357],[36.069,29.197],[36.501,29.505],[36.741,29.865],[37.504,30.004],[37.668,30.339],[37.999,30.508],[37.002,31.508],[39.005,32.01],[39.195,32.161],[38.792,33.379],[36.834,32.313],[35.72,32.709],[35.546,32.394]]]},"properties":{"featurecla":"Admin-0 country","scalerank":1,"LABELRANK":4,"SOVEREIGNT":"Jordan","SOV_A3":"JOR","ADM0_DIF":0,"LEVEL":2,"TYPE":"Sovereign country","TLC":"1","ADMIN":"Jordan","ADM0_A3":"JOR","GEOU_DIF":0,"GEOUNIT":"Jordan","GU_A3":"JOR","SU_DIF":0,"SUBUNIT":"Jordan","SU_A3":"JOR","BRK_DIFF":0,"NAME":"Jordan","NAME_LONG":"Jordan","BRK_A3":"JOR","BRK_NAME":"Jordan","BRK_GROUP":"","ABBREV":"Jord.","POSTAL":"J","FORMAL_EN":"Hashemite Kingdom of Jordan","FORMAL_FR":"","NAME_CIAWF":"Jordan","NOTE_ADM0":"","NOTE_BRK":"","NAME_SORT":"Jordan","NAME_ALT":"","MAPCOLOR7":5,"MAPCOLOR8":3,"MAPCOLOR9":4,"MAPCOLOR13":4,"POP_EST":10101694,"POP_RANK":14,"POP_YEAR":2019,"GDP_MD":44502,"GDP_YEAR":2019,"ECONOMY":"6. Developing region","INCOME_GRP":"3. Upper middle income","FIPS_10":"JO","ISO_A2":"JO","ISO_A2_EH":"JO","ISO_A3":"JOR","ISO_A3_EH":"JOR","ISO_N3":"400","ISO_N3_EH":"400","UN_A3":"400","WB_A2":"JO","WB_A3":"JOR","WOE_ID":23424860,"WOE_ID_EH":23424860,"WOE_NOTE":"Exact WOE match as country","ADM0_ISO":"JOR","ADM0_DIFF":"","ADM0_TLC":"JOR","ADM0_A3_US":"JOR","ADM0_A3_FR":"JOR","ADM0_A3_RU":"JOR","ADM0_A3_ES":"JOR","ADM0_A3_CN":"JOR","ADM0_A3_TW":"JOR","ADM0_A3_IN":"JOR","ADM0_A3_NP":"JOR","ADM0_A3_PK":"JOR","ADM0_A3_DE":"JOR","ADM0_A3_GB":"JOR","ADM0_A3_BR":"JOR","ADM0_A3_IL":"JOR","ADM0_A3_PS":"JOR","ADM0_A3_SA":"JOR","ADM0_A3_EG":"JOR","ADM0_A3_MA":"JOR","ADM0_A3_PT":"JOR","ADM0_A3_AR":"JOR","ADM0_A3_JP":"JOR","ADM0_A3_KO":"JOR","ADM0_A3_VN":"JOR","ADM0_A3_TR":"JOR","ADM0_A3_ID":"JOR","ADM0_A3_PL":"JOR","ADM0_A3_GR":"JOR","ADM0_A3_IT":"JOR","ADM0_A3_NL":"JOR","ADM0_A3_SE":"JOR","ADM0_A3_BD":"JOR","ADM0_A3_UA":"JOR","ADM0_A3_UN":-99,"ADM0_A3_WB":-99,"CONTINENT":"Asia","REGION_UN":"Asia","SUBREGION":"Western Asia","REGION_WB":"Middle East & North Africa","NAME_LEN":6,"LONG_LEN":6,"ABBREV_LEN":5,"TINY":-99,"HOMEPART":1,"MIN_ZOOM":0,"MIN_LABEL":4,"MAX_LABEL":9,"LABEL_X":36.375991,"LABEL_Y":30.805025,"NE_ID":1159320935,"WIKIDATAID":"Q810","NAME_AR":"الأردن","NAME_BN":"জর্ডান","NAME_DE":"Jordanien","NAME_EN":"Jordan","NAME_ES":"Jordania","NAME_FA":"اردن","NAME_FR":"Jordanie","NAME_EL":"Ιορδανία","NAME_HE":"ירדן","NAME_HI":"जॉर्डन","NAME_HU":"Jordánia","NAME_ID":"Yordania","NAME_IT":"Giordania","NAME_JA":"ヨルダン","NAME_KO":"요르단","NAME_NL":"Jordanië","NAME_PL":"Jordania","NAME_PT":"Jordânia","NAME_RU":"Иордания","NAME_SV":"Jordanien","NAME_TR":"Ürdün","NAME_UK":"Йорданія","NAME_UR":"اردن","NAME_VI":"Jordan","NAME_ZH":"约旦","NAME_ZHT":"約旦","FCLASS_ISO":"Admin-0 country","TLC_DIFF":"","FCLASS_TLC":"Admin-0 country","FCLASS_US":"","FCLASS_FR":"","FCLASS_RU":"","FCLASS_ES":"","FCLASS_CN":"","FCLASS_TW":"","FCLASS_IN":"","FCLASS_NP":"","FCLASS_PK":"","FCLASS_DE":"","FCLASS_GB":"","FCLASS_BR":"","FCLASS_IL":"","FCLASS_PS":"","FCLASS_SA":"","FCLASS_EG":"","FCLASS_MA":"","FCLASS_PT":"","FCLASS_AR":"","FCLASS_JP":"","FCLASS_KO":"","FCLASS_VN":"","FCLASS_TR":"","FCLASS_ID":"","FCLASS_PL":"","FCLASS_GR":"","FCLASS_IT":"","FCLASS_NL":"","FCLASS_SE":"","FCLASS_BD":"","FCLASS_UA":""}},
{"type":"Feature","geometry":{"type":"Polygon","coordinates":[[[51.58,24.245],[51.618,24.014],[52.001,23.001],[55.007,22.497],[55.208,22.708],[55.234,23.111],[55.526,23.525],[55.529,23.934],[55.981,24.131],[55.804,24.27],[55.886,24.921],[56.397,24.925],[56.261,25.715],[56.071,26.055],[55.439,25.439],[54.693,24.798],[54.008,24.122],[53.404,24.151],[52.577,24.177],[51.794,24.02],[51.757,24.294],[51.58,24.245]]]},"properties":{"featurecla":"Admin-0 country","scalerank":1,"LABELRANK":4,"SOVEREIGNT":"United Arab Emirates","SOV_A3":"ARE","ADM0_DIF":0,"LEVEL":2,"TYPE":"Sovereign country","TLC":"1","ADMIN":"United Arab Emirates","ADM0_A3":"ARE","GEOU_DIF":0,"GEOUNIT":"United Arab Emirates","GU_A3":"ARE","SU_DIF":0,"SUBUNIT":"United Arab Emirates","SU_A3":"ARE","BRK_DIFF":0,"NAME":"United Arab Emirates","NAME_LONG":"United Arab Emirates","BRK_A3":"ARE","BRK_NAME":"United Arab Emirates","BRK_GROUP":"","ABBREV":"U.A.E.","POSTAL":"AE","FORMAL_EN":"United Arab Emirates","FORMAL_FR":"","NAME_CIAWF":"United Arab Emirates","NOTE_ADM0":"","NOTE_BRK":"","NAME_SORT":"United Arab Emirates","NAME_ALT":"","MAPCOLOR7":2,"MAPCOLOR8":1,"MAPCOLOR9":3,"MAPCOLOR13":3,"POP_EST":9770529,"POP_RANK":13,"POP_YEAR":2019,"GDP_MD":421142,"GDP_YEAR":2019,"ECONOMY":"6. Developing region","INCOME_GRP":"2. High income: nonOECD","FIPS_10":"AE","ISO_A2":"AE","ISO_A2_EH":"AE","ISO_A3":"ARE","ISO_A3_EH":"ARE","ISO_N3":"784","ISO_N3_EH":"784","UN_A3":"784","WB_A2":"AE","WB_A3":"ARE","WOE_ID":23424738,"WOE_ID_EH":23424738,"WOE_NOTE":"Exact WOE match as country","ADM0_ISO":"ARE","ADM0_DIFF":"","ADM0_TLC":"ARE","ADM0_A3_US":"ARE","ADM0_A3_FR":"ARE","ADM0_A3_RU":"ARE","ADM0_A3_ES":"ARE","ADM0_A3_CN":"ARE","ADM0_A3_TW":"ARE","ADM0_A3_IN":"ARE","ADM0_A3_NP":"ARE","ADM0_A3_PK":"ARE","ADM0_A3_DE":"ARE","ADM0_A3_GB":"ARE","ADM0_A3_BR":"ARE","ADM0_A3_IL":"ARE","ADM0_A3_PS":"ARE","ADM0_A3_SA":"ARE","ADM0_A3_EG":"ARE","ADM0_A3_MA":"ARE","ADM0_A3_PT":"ARE","ADM0_A3_AR":"ARE","ADM0_A3_JP":"ARE","ADM0_A3_KO":"ARE","ADM0_A3_VN":"ARE","ADM0_A3_TR":"ARE","ADM0_A3_ID":"ARE","ADM0_A3_PL":"ARE","ADM0_A3_GR":"ARE","ADM0_A3_IT":"ARE","ADM0_A3_NL":"ARE","ADM0_A3_SE":"ARE","ADM0_A3_BD":"ARE","ADM0_A3_UA":"ARE","ADM0_A3_UN":-99,"ADM0_A3_WB":-99,"CONTINENT":"Asia","REGION_UN":"Asia","SUBREGION":"Western Asia","REGION_WB":"Middle East & North Africa","NAME_LEN":20,"LONG_LEN":20,"ABBREV_LEN":6,"TINY":-99,"HOMEPART":1,"MIN_ZOOM":0,"MIN_LABEL":4,"MAX_LABEL":9,"LABEL_X":54.547256,"LABEL_Y":23.466285,"NE_ID":1159320329,"WIKIDATAID":"Q878","NAME_AR":"الإمارات العربية المتحدة","NAME_BN":"সংযুক্ত আরব আমিরাত","NAME_DE":"Vereinigte Arabische Emirate","NAME_EN":"United Arab Emirates","NAME_ES":"Emiratos Árabes Unidos","NAME_FA":"امارات متحده عربی","NAME_FR":"Émirats arabes unis","NAME_EL":"Ηνωμένα Αραβικά Εμιράτα","NAME_HE":"איחוד האמירויות הערביות","NAME_HI":"संयुक्त अरब अमीरात","NAME_HU":"Egyesült Arab Emírségek","NAME_ID":"Uni Emirat Arab","NAME_IT":"Emirati Arabi Uniti","NAME_JA":"アラブ首長国連邦","NAME_KO":"아랍에미리트","NAME_NL":"Verenigde Arabische Emiraten","NAME_PL":"Zjednoczone Emiraty Arabskie","NAME_PT":"Emirados Árabes Unidos","NAME_RU":"Объединённые Арабские Эмираты","NAME_SV":"Förenade Arabemiraten","NAME_TR":"Birleşik Arap Emirlikleri","NAME_UK":"Об'єднані Арабські Емірати","NAME_UR":"متحدہ عرب امارات","NAME_VI":"Các Tiểu vương quốc Ả Rập Thống nhất","NAME_ZH":"阿拉伯联合酋长国","NAME_ZHT":"阿拉伯聯合大公國","FCLASS_ISO":"Admin-0 country","TLC_DIFF":"","FCLASS_TLC":"Admin-0 country","FCLASS_US":"","FCLASS_FR":"","FCLASS_RU":"","FCLASS_ES":"","FCLASS_CN":"","FCLASS_TW":"","FCLASS_IN":"","FCLASS_NP":"","FCLASS_PK":"","FCLASS_DE":"","FCLASS_GB":"","FCLASS_BR":"","FCLASS_IL":"","FCLASS_PS":"","FCLASS_SA":"","FCLASS_EG":"","FCLASS_MA":"","FCLASS_PT":"","FCLASS_AR":"","FCLASS_JP":"","FCLASS_KO":"","FCLASS_VN":"","FCLASS_TR":"","FCLASS_ID":"","FCLASS_PL":"","FCLASS_GR":"","FCLASS_IT":"","FCLASS_NL":"","FCLASS_SE":"","FCLASS_BD":"","FCLASS_UA":""}},
{"type":"Feature","geometry":{"type":"Polygon","coordinates":[[[50.81,24.755],[51.112,24.556],[51.39,24.627],[51.607,25.216],[51.589,25.801],[51.286,26.115],[51.013,26.007],[50.744,25.482],[50.81,24.755]]]},"properties":{"featurecla":"Admin-0 country","scalerank":1,"LABELRANK":5,"SOVEREIGNT":"Qatar","SOV_A3":"QAT","ADM0_DIF":0,"LEVEL":2,"TYPE":"Sovereign country","TLC":"1","ADMIN":"Qatar","ADM0_A3":"QAT","GEOU_DIF":0,"GEOUNIT":"Qatar","GU_A3":"QAT","SU_DIF":0,"SUBUNIT":"Qatar","SU_A3":"QAT","BRK_DIFF":0,"NAME":"Qatar","NAME_LONG":"Qatar","BRK_A3":"QAT","BRK_NAME":"Qatar","BRK_GROUP":"","ABBREV":"Qatar","POSTAL":"QA","FORMAL_EN":"State of Qatar","FORMAL_FR":"","NAME_CIAWF":"Qatar","NOTE_ADM0":"","NOTE_BRK":"","NAME_SORT":"Qatar","NAME_ALT":"","MAPCOLOR7":3,"MAPCOLOR8":6,"MAPCOLOR9":2,"MAPCOLOR13":4,"POP_EST":2832067,"POP_RANK":12,"POP_YEAR":2019,"GDP_MD":175837,"GDP_YEAR":2019,"ECONOMY":"6. Developing region","INCOME_GRP":"2. High income: nonOECD","FIPS_10":"QA","ISO_A2":"QA","ISO_A2_EH":"QA","ISO_A3":"QAT","ISO_A3_EH":"QAT","ISO_N3":"634","ISO_N3_EH":"634","UN_A3":"634","WB_A2":"QA","WB_A3":"QAT","WOE_ID":23424930,"WOE_ID_EH":23424930,"WOE_NOTE":"Exact WOE match as country","ADM0_ISO":"QAT","ADM0_DIFF":"","ADM0_TLC":"QAT","ADM0_A3_US":"QAT","ADM0_A3_FR":"QAT","ADM0_A3_RU":"QAT","ADM0_A3_ES":"QAT","ADM0_A3_CN":"QAT","ADM0_A3_TW":"QAT","ADM0_A3_IN":"QAT","ADM0_A3_NP":"QAT","ADM0_A3_PK":"QAT","ADM0_A3_DE":"QAT","ADM0_A3_GB":"QAT","ADM0_A3_BR":"QAT","ADM0_A3_IL":"QAT","ADM0_A3_PS":"QAT","ADM0_A3_SA":"QAT","ADM0_A3_EG":"QAT","ADM0_A3_MA":"QAT","ADM0_A3_PT":"QAT","ADM0_A3_AR":"QAT","ADM0_A3_JP":"QAT","ADM0_A3_KO":"QAT","ADM0_A3_VN":"QAT","ADM0_A3_TR":"QAT","ADM0_A3_ID":"QAT","ADM0_A3_PL":"QAT","ADM0_A3_GR":"QAT","ADM0_A3_IT":"QAT","ADM0_A3_NL":"QAT","ADM0_A3_SE":"QAT","ADM0_A3_BD":"QAT","ADM0_A3_UA":"QAT","ADM0_A3_UN":-99,"ADM0_A3_WB":-99,"CONTINENT":"Asia","REGION_UN":"Asia","SUBREGION":"Western Asia","REGION_WB":"Middle East & North Africa","NAME_LEN":5,"LONG_LEN":5,"ABBREV_LEN":5,"TINY":-99,"HOMEPART":1,"MIN_ZOOM":0,"MIN_LABEL":4,"MAX_LABEL":9,"LABEL_X":51.143509,"LABEL_Y":25.237383,"NE_ID":1159321197,"WIKIDATAID":"Q846","NAME_AR":"قطر","NAME_BN":"কাতার","NAME_DE":"Katar","NAME_EN":"Qatar","NAME_ES":"Catar","NAME_FA":"قطر","NAME_FR":"Qatar","NAME_EL":"Κατάρ","NAME_HE":"קטר","NAME_HI":"क़तर","NAME_HU":"Katar","NAME_ID":"Qatar","NAME_IT":"Qatar","NAME_JA":"カタール","NAME_KO":"카타르","NAME_NL":"Qatar","NAME_PL":"Katar","NAME_PT":"Catar","NAME_RU":"Катар","NAME_SV":"Qatar","NAME_TR":"Katar","NAME_UK":"Катар","NAME_UR":"قطر","NAME_VI":"Qatar","NAME_ZH":"卡塔尔","NAME_ZHT":"卡達","FCLASS_ISO":"Admin-0 country","TLC_DIFF":"","FCLASS_TLC":"Admin-0 country","FCLASS_US":"","FCLASS_FR":"","FCLASS_RU":"","FCLASS_ES":"","FCLASS_CN":"","FCLASS_TW":"","FCLASS_IN":"","FCLASS_NP":"","FCLASS_PK":"","FCLASS_DE":"","FCLASS_GB":"","FCLASS_BR":"","FCLASS_IL":"","FCLASS_PS":"","FCLASS_SA":"","FCLASS_EG":"","FCLASS_MA":"","FCLASS_PT":"","FCLASS_AR":"","FCLASS_JP":"","FCLASS_KO":"","FCLASS_VN":"","FCLASS_TR":"","FCLASS_ID":"","FCLASS_PL":"","FCLASS_GR":"","FCLASS_IT":"","FCLASS_NL":"","FCLASS_SE":"","FCLASS_BD":"","FCLASS_UA":""}},
{"type":"Feature","geometry":{"type":"Polygon","coordinates":[[[47.975,29.976],[47.303,30.059],[46.569,29.099],[47.46,29.003],[47.709,28.526],[48.416,28.552],[48.094,29.306],[48.183,29.534],[47.975,29.976]]]},"properties":{"featurecla":"Admin-0 country","scalerank":1,"LABELRANK":6,"SOVEREIGNT":"Kuwait","SOV_A3":"KWT","ADM0_DIF":0,"LEVEL":2,"TYPE":"Sovereign country","TLC":"1","ADMIN":"Kuwait","ADM0_A3":"KWT","GEOU_DIF":0,"GEOUNIT":"Kuwait","GU_A3":"KWT","SU_DIF":0,"SUBUNIT":"Kuwait","SU_A3":"KWT","BRK_DIFF":0,"NAME":"Kuwait","NAME_LONG":"Kuwait","BRK_A3":"KWT","BRK_NAME":"Kuwait","BRK_GROUP":"","ABBREV":"Kwt.","POSTAL":"KW","FORMAL_EN":"State of Kuwait","FORMAL_FR":"","NAME_CIAWF":"Kuwait","NOTE_ADM0":"","NOTE_BRK":"","NAME_SORT":"Kuwait","NAME_ALT":"","MAPCOLOR7":2,"MAPCOLOR8":2,"MAPCOLOR9":2,"MAPCOLOR13":2,"POP_EST":4207083,"POP_RANK":12,"POP_YEAR":2019,"GDP_MD":134628,"GDP_YEAR":2019,"ECONOMY":"6. Developing region","INCOME_GRP":"2. High income: nonOECD","FIPS_10":"KU","ISO_A2":"KW","ISO_A2_EH":"KW","ISO_A3":"KWT","ISO_A3_EH":"KWT","ISO_N3":"414","ISO_N3_EH":"414","UN_A3":"414","WB_A2":"KW","WB_A3":"KWT","WOE_ID":23424870,"WOE_ID_EH":23424870,"WOE_NOTE":"Exact WOE match as country","ADM0_ISO":"KWT","ADM0_DIFF":"","ADM0_TLC":"KWT","ADM0_A3_US":"KWT","ADM0_A3_FR":"KWT","ADM0_A3_RU":"KWT","ADM0_A3_ES":"KWT","ADM0_A3_CN":"KWT","ADM0_A3_TW":"KWT","ADM0_A3_IN":"KWT","ADM0_A3_NP":"KWT","ADM0_A3_PK":"KWT","ADM0_A3_DE":"KWT","ADM0_A3_GB":"KWT","ADM0_A3_BR":"KWT","ADM0_A3_IL":"KWT","ADM0_A3_PS":"KWT","ADM0_A3_SA":"KWT","ADM0_A3_EG":"KWT","ADM0_A3_MA":"KWT","ADM0_A3_PT":"KWT","ADM0_A3_AR":"KWT","ADM0_A3_JP":"KWT","ADM0_A3_KO":"KWT","ADM0_A3_VN":"KWT","ADM0_A3_TR":"KWT","ADM0_A3_ID":"KWT","ADM0_A3_PL":"KWT","ADM0_A3_GR":"KWT","ADM0_A3_IT":"KWT","ADM0_A3_NL":"KWT","ADM0_A3_SE":"KWT","ADM0_A3_BD":"KWT","ADM0_A3_UA":"KWT","ADM0_A3_UN":-99,"ADM0_A3_WB":-99,"CONTINENT":"Asia","REGION_UN":"Asia","SUBREGION":"Western Asia","REGION_WB":"Middle East & North Africa","NAME_LEN":6,"LONG_LEN":6,"ABBREV_LEN":4,"TINY":-99,"HOMEPART":1,"MIN_ZOOM":0,"MIN_LABEL":5,"MAX_LABEL":10,"LABEL_X":47.313999,"LABEL_Y":29.413628,"NE_ID":1159321009,"WIKIDATAID":"Q817","NAME_AR":"الكويت","NAME_BN":"কুয়েত","NAME_DE":"Kuwait","NAME_EN":"Kuwait","NAME_ES":"Kuwait","NAME_FA":"کویت","NAME_FR":"Koweït","NAME_EL":"Κουβέιτ","NAME_HE":"כווית","NAME_HI":"कुवैत","NAME_HU":"Kuvait","NAME_ID":"Kuwait","NAME_IT":"Kuwait","NAME_JA":"クウェート","NAME_KO":"쿠웨이트","NAME_NL":"Koeweit","NAME_PL":"Kuwejt","NAME_PT":"Kuwait","NAME_RU":"Кувейт","NAME_SV":"Kuwait","NAME_TR":"Kuveyt","NAME_UK":"Кувейт","NAME_UR":"کویت","NAME_VI":"Kuwait","NAME_ZH":"科威特","NAME_ZHT":"科威特","FCLASS_ISO":"Admin-0 country","TLC_DIFF":"","FCLASS_TLC":"Admin-0 country","FCLASS_US":"","FCLASS_FR":"","FCLASS_RU":"","FCLASS_ES":"","FCLASS_CN":"","FCLASS_TW":"","FCLASS_IN":"","FCLASS_NP":"","FCLASS_PK":"","FCLASS_DE":"","FCLASS_GB":"","FCLASS_BR":"","FCLASS_IL":"","FCLASS_PS":"","FCLASS_SA":"","FCLASS_EG":"","FCLASS_MA":"","FCLASS_PT":"","FCLASS_AR":"","FCLASS_JP":"","FCLASS_KO":"","FCLASS_VN":"","FCLASS_TR":"","FCLASS_ID":"","FCLASS_PL":"","FCLASS_GR":"","FCLASS_IT":"","FCLASS_NL":"","FCLASS_SE":"","FCLASS_BD":"","FCLASS_UA":""}},
{"type":"Feature","geometry":{"type":"Polygon","coordinates":[[[39.195,32.161],[40.4,31.89],[41.89,31.19],[44.709,29.179],[46.569,29.099],[47.303,30.059],[47.975,29.976],[48.568,29.927],[48.015,30.452],[48.005,30.985],[47.685,30.985],[47.849,31.709],[47.335,32.469],[46.109,33.017],[45.417,33.968],[45.648,34.748],[46.152,35.093],[46.076,35.677],[45.421,35.978],[44.773,37.17],[44.293,37.002],[43.942,37.256],[42.779,37.385],[42.35,37.23],[41.837,36.606],[41.29,36.359],[41.384,35.628],[41.006,34.419],[38.792,33.379],[39.195,32.161]]]},"properties":{"featurecla":"Admin-0 country","scalerank":1,"LABELRANK":3,"SOVEREIGNT":"Iraq","SOV_A3":"IRQ","ADM0_DIF":0,"LEVEL":2,"TYPE":"Sovereign country","TLC":"1","ADMIN":"Iraq","ADM0_A3":"IRQ","GEOU_DIF":0,"GEOUNIT":"Iraq","GU_A3":"IRQ","SU_DIF":0,"SUBUNIT":"Iraq","SU_A3":"IRQ","BRK_DIFF":0,"NAME":"Iraq","NAME_LONG":"Iraq","BRK_A3":"IRQ","BRK_NAME":"Iraq","BRK_GROUP":"","ABBREV":"Iraq","POSTAL":"IRQ","FORMAL_EN":"Republic of Iraq","FORMAL_FR":"","NAME_CIAWF":"Iraq","NOTE_ADM0":"","NOTE_BRK":"","NAME_SORT":"Iraq","NAME_ALT":"","MAPCOLOR7":1,"MAPCOLOR8":4,"MAPCOLOR9":3,"MAPCOLOR13":1,"POP_EST":39309783,"POP_RANK":15,"POP_YEAR":2019,"GDP_MD":234094,"GDP_YEAR":2019,"ECONOMY":"6. Developing region","INCOME_GRP":"4. Lower middle income","FIPS_10":"IZ","ISO_A2":"IQ","ISO_A2_EH":"IQ","ISO_A3":"IRQ","ISO_A3_EH":"IRQ","ISO_N3":"368","ISO_N3_EH":"368","UN_A3":"368","WB_A2":"IQ","WB_A3":"IRQ","WOE_ID":23424855,"WOE_ID_EH":23424855,"WOE_NOTE":"Exact WOE match as country","ADM0_ISO":"IRQ","ADM0_DIFF":"","ADM0_TLC":"IRQ","ADM0_A3_US":"IRQ","ADM0_A3_FR":"IRQ","ADM0_A3_RU":"IRQ","ADM0_A3_ES":"IRQ","ADM0_A3_CN":"IRQ","ADM0_A3_TW":"IRQ","ADM0_A3_IN":"IRQ","ADM0_A3_NP":"IRQ","ADM0_A3_PK":"IRQ","ADM0_A3_DE":"IRQ","ADM0_A3_GB":"IRQ","ADM0_A3_BR":"IRQ","ADM0_A3_IL":"IRQ","ADM0_A3_PS":"IRQ","ADM0_A3_SA":"IRQ","ADM0_A3_EG":"IRQ","ADM0_A3_MA":"IRQ","ADM0_A3_PT":"IRQ","ADM0_A3_AR":"IRQ","ADM0_A3_JP":"IRQ","ADM0_A3_KO":"IRQ","ADM0_A3_VN":"IRQ","ADM0_A3_TR":"IRQ","ADM0_A3_ID":"IRQ","ADM0_A3_PL":"IRQ","ADM0_A3_GR":"IRQ","ADM0_A3_IT":"IRQ","ADM0_A3_NL":"IRQ","ADM0_A3_SE":"IRQ","ADM0_A3_BD":"IRQ","ADM0_A3_UA":"IRQ","ADM0_A3_UN":-99,"ADM0_A3_WB":-99,"CONTINENT":"Asia","REGION_UN":"Asia","SUBREGION":"Western Asia","REGION_WB":"Middle East & North Africa","NAME_LEN":4,"LONG_LEN":4,"ABBREV_LEN":4,"TINY":-99,"HOMEPART":1,"MIN_ZOOM":0,"MIN_LABEL":3,"MAX_LABEL":7.5,"LABEL_X":43.26181,"LABEL_Y":33.09403,"NE_ID":1159320887,"WIKIDATAID":"Q796","NAME_AR":"العراق","NAME_BN":"ইরাক","NAME_DE":"Irak","NAME_EN":"Iraq","NAME_ES":"Irak","NAME_FA":"عراق","NAME_FR":"Irak","NAME_EL":"Ιράκ","NAME_HE":"עיראק","NAME_HI":"इराक","NAME_HU":"Irak","NAME_ID":"Irak","NAME_IT":"Iraq","NAME_JA":"イラク","NAME_KO":"이라크","NAME_NL":"Irak","NAME_PL":"Irak","NAME_PT":"Iraque","NAME_RU":"Ирак","NAME_SV":"Irak","NAME_TR":"Irak","NAME_UK":"Ірак","NAME_UR":"عراق","NAME_VI":"Iraq","NAME_ZH":"伊拉克","NAME_ZHT":"伊拉克","FCLASS_ISO":"Admin-0 country","TLC_DIFF":"","FCLASS_TLC":"Admin-0 country","FCLASS_US":"","FCLASS_FR":"","FCLASS_RU":"","FCLASS_ES":"","FCLASS_CN":"","FCLASS_TW":"","FCLASS_IN":"","FCLASS_NP":"","FCLASS_PK":"","FCLASS_DE":"","FCLASS_GB":"","FCLASS_BR":"","FCLASS_IL":"","FCLASS_PS":"","FCLASS_SA":"","FCLASS_EG":"","FCLASS_MA":"","FCLASS_PT":"","FCLASS_AR":"","FCLASS_JP":"","FCLASS_KO":"","FCLASS_VN":"","FCLASS_TR":"","FCLASS_ID":"","FCLASS_PL":"","FCLASS_GR":"","FCLASS_IT":"","FCLASS_NL":"","FCLASS_SE":"","FCLASS_BD":"","FCLASS_UA":""}},
{"type":"Feature","geometry":{"type":"MultiPolygon","coordinates":[[[[55.208,22.708],[55.667,22],[55,20],[52,19],[52.782,17.35],[53.109,16.651],[53.571,16.708],[54.239,17.045],[54.791,16.951],[55.275,17.228],[55.27,17.632],[55.661,17.884],[56.284,17.876],[56.512,18.087],[56.61,18.574],[57.234,18.948],[57.694,18.945],[57.789,19.068],[57.666,19.736],[57.826,20.243],[58.034,20.481],[58.488,20.429],[58.861,21.114],[59.282,21.434],[59.442,21.715],[59.806,22.311],[59.808,22.534],[59.45,22.66],[59.181,22.992],[58.729,23.566],[58.137,23.748],[57.403,23.879],[56.845,24.242],[56.397,24.925],[55.886,24.921],[55.804,24.27],[55.981,24.131],[55.529,23.934],[55.526,23.525],[55.234,23.111],[55.208,22.708]]],[[[56.261,25.715],[56.391,25.896],[56.486,26.309],[56.362,26.396],[56.071,26.055],[56.261,25.715]]]]},"properties":{"featurecla":"Admin-0 country","scalerank":1,"LABELRANK":4,"SOVEREIGNT":"Oman","SOV_A3":"OMN","ADM0_DIF":0,"LEVEL":2,"TYPE":"Sovereign country","TLC":"1","ADMIN":"Oman","ADM0_A3":"OMN","GEOU_DIF":0,"GEOUNIT":"Oman","GU_A3":"OMN","SU_DIF":0,"SUBUNIT":"Oman","SU_A3":"OMN","BRK_DIFF":0,"NAME":"Oman","NAME_LONG":"Oman","BRK_A3":"OMN","BRK_NAME":"Oman","BRK_GROUP":"","ABBREV":"Oman","POSTAL":"OM","FORMAL_EN":"Sultanate of Oman","FORMAL_FR":"","NAME_CIAWF":"Oman","NOTE_ADM0":"","NOTE_BRK":"","NAME_SORT":"Oman","NAME_ALT":"","MAPCOLOR7":1,"MAPCOLOR8":4,"MAPCOLOR9":1,"MAPCOLOR13":6,"POP_EST":4974986,"POP_RANK":12,"POP_YEAR":2019,"GDP_MD":76331,"GDP_YEAR":2019,"ECONOMY":"6. Developing region","INCOME_GRP":"2. High income: nonOECD","FIPS_10":"MU","ISO_A2":"OM","ISO_A2_EH":"OM","ISO_A3":"OMN","ISO_A3_EH":"OMN","ISO_N3":"512","ISO_N3_EH":"512","UN_A3":"512","WB_A2":"OM","WB_A3":"OMN","WOE_ID":23424898,"WOE_ID_EH":23424898,"WOE_NOTE":"Exact WOE match as country","ADM0_ISO":"OMN","ADM0_DIFF":"","ADM0_TLC":"OMN","ADM0_A3_US":"OMN","ADM0_A3_FR":"OMN","ADM0_A3_RU":"OMN","ADM0_A3_ES":"OMN","ADM0_A3_CN":"OMN","ADM0_A3_TW":"OMN","ADM0_A3_IN":"OMN","ADM0_A3_NP":"OMN","ADM0_A3_PK":"OMN","ADM0_A3_DE":"OMN","ADM0_A3_GB":"OMN","ADM0_A3_BR":"OMN","ADM0_A3_IL":"OMN","ADM0_A3_PS":"OMN","ADM0_A3_SA":"OMN","ADM0_A3_EG":"OMN","ADM0_A3_MA":"OMN","ADM0_A3_PT":"OMN","ADM0_A3_AR":"OMN","ADM0_A3_JP":"OMN","ADM0_A3_KO":"OMN","ADM0_A3_VN":"OMN","ADM0_A3_TR":"OMN","ADM0_A3_ID":"OMN","ADM0_A3_PL":"OMN","ADM0_A3_GR":"OMN","ADM0_A3_IT":"OMN","ADM0_A3_NL":"OMN","ADM0_A3_SE":"OMN","ADM0_A3_BD":"OMN","ADM0_A3_UA":"OMN","ADM0_A3_UN":-99,"ADM0_A3_WB":-99,"CONTINENT":"Asia","REGION_UN":"Asia","SUBREGION":"Western Asia","REGION_WB":"Middle East & North Africa","NAME_LEN":4,"LONG_LEN":4,"ABBREV_LEN":4,"TINY":-99,"HOMEPART":1,"MIN_ZOOM":0,"MIN_LABEL":4,"MAX_LABEL":9,"LABEL_X":57.336553,"LABEL_Y":22.120427,"NE_ID":1159321151,"WIKIDATAID":"Q842","NAME_AR":"سلطنة عمان","NAME_BN":"ওমান","NAME_DE":"Oman","NAME_EN":"Oman","NAME_ES":"Omán","NAME_FA":"عمان","NAME_FR":"Oman","NAME_EL":"Ομάν","NAME_HE":"עומאן","NAME_HI":"ओमान","NAME_HU":"Omán","NAME_ID":"Oman","NAME_IT":"Oman","NAME_JA":"オマーン","NAME_KO":"오만","NAME_NL":"Oman","NAME_PL":"Oman","NAME_PT":"Omã","NAME_RU":"Оман","NAME_SV":"Oman","NAME_TR":"Umman","NAME_UK":"Оман","NAME_UR":"عمان","NAME_VI":"Oman","NAME_ZH":"阿曼","NAME_ZHT":"阿曼","FCLASS_ISO":"Admin-0 country","TLC_DIFF":"","FCLASS_TLC":"Admin-0 country","FCLASS_US":"","FCLASS_FR":"","FCLASS_RU":"","FCLASS_ES":"","FCLASS_CN":"","FCLASS_TW":"","FCLASS_IN":"","FCLASS_NP":"","FCLASS_PK":"","FCLASS_DE":"","FCLASS_GB":"","FCLASS_BR":"","FCLASS_IL":"","FCLASS_PS":"","FCLASS_SA":"","FCLASS_EG":"","FCLASS_MA":"","FCLASS_PT":"","FCLASS_AR":"","FCLASS_JP":"","FCLASS_KO":"","FCLASS_VN":"","FCLASS_TR":"","FCLASS_ID":"","FCLASS_PL":"","FCLASS_GR":"","FCLASS_IT":"","FCLASS_NL":"","FCLASS_SE":"","FCLASS_BD":"","FCLASS_UA":""}},
{"type":"Feature","geometry":{"type":"MultiPolygon","coordinates":[[[[167.217,-15.892],[167.18,-16.16],[167.515,-16.598],[167.845,-16.466],[167.217,-15.892]]],[[[166.793,-15.669],[167.001,-15.615],[167.27,-15.74],[167.108,-14.934],[166.629,-14.626],[166.65,-15.393],[166.793,-15.669]]]]},"properties":{"featurecla":"Admin-0 country","scalerank":1,"LABELRANK":4,"SOVEREIGNT":"Vanuatu","SOV_A3":"VUT","ADM0_DIF":0,"LEVEL":2,"TYPE":"Sovereign country","TLC":"1","ADMIN":"Vanuatu","ADM0_A3":"VUT","GEOU_DIF":0,"GEOUNIT":"Vanuatu","GU_A3":"VUT","SU_DIF":0,"SUBUNIT":"Vanuatu","SU_A3":"VUT","BRK_DIFF":0,"NAME":"Vanuatu","NAME_LONG":"Vanuatu","BRK_A3":"VUT","BRK_NAME":"Vanuatu","BRK_GROUP":"","ABBREV":"Van.","POSTAL":"VU","FORMAL_EN":"Republic of Vanuatu","FORMAL_FR":"","NAME_CIAWF":"Vanuatu","NOTE_ADM0":"","NOTE_BRK":"","NAME_SORT":"Vanuatu","NAME_ALT":"","MAPCOLOR7":6,"MAPCOLOR8":3,"MAPCOLOR9":7,"MAPCOLOR13":3,"POP_EST":299882,"POP_RANK":10,"POP_YEAR":2019,"GDP_MD":934,"GDP_YEAR":2019,"ECONOMY":"7. Least developed region","INCOME_GRP":"4. Lower middle income","FIPS_10":"NH","ISO_A2":"VU","ISO_A2_EH":"VU","ISO_A3":"VUT","ISO_A3_EH":"VUT","ISO_N3":"548","ISO_N3_EH":"548","UN_A3":"548","WB_A2":"VU","WB_A3":"VUT","WOE_ID":23424907,"WOE_ID_EH":23424907,"WOE_NOTE":"Exact WOE match as country","ADM0_ISO":"VUT","ADM0_DIFF":"","ADM0_TLC":"VUT","ADM0_A3_US":"VUT","ADM0_A3_FR":"VUT","ADM0_A3_RU":"VUT","ADM0_A3_ES":"VUT","ADM0_A3_CN":"VUT","ADM0_A3_TW":"VUT","ADM0_A3_IN":"VUT","ADM0_A3_NP":"VUT","ADM0_A3_PK":"VUT","ADM0_A3_DE":"VUT","ADM0_A3_GB":"VUT","ADM0_A3_BR":"VUT","ADM0_A3_IL":"VUT","ADM0_A3_PS":"VUT","ADM0_A3_SA":"VUT","ADM0_A3_EG":"VUT","ADM0_A3_MA":"VUT","ADM0_A3_PT":"VUT","ADM0_A3_AR":"VUT","ADM0_A3_JP":"VUT","ADM0_A3_KO":"VUT","ADM0_A3_VN":"VUT","ADM0_A3_TR":"VUT","ADM0_A3_ID":"VUT","ADM0_A3_PL":"VUT","ADM0_A3_GR":"VUT","ADM0_A3_IT":"VUT","ADM0_A3_NL":"VUT","ADM0_A3_SE":"VUT","ADM0_A3_BD":"VUT","ADM0_A3_UA":"VUT","ADM0_A3_UN":-99,"ADM0_A3_WB":-99,"CONTINENT":"Oceania","REGION_UN":"Oceania","SUBREGION":"Melanesia","REGION_WB":"East Asia & Pacific","NAME_LEN":7,"LONG_LEN":7,"ABBREV_LEN":4,"TINY":2,"HOMEPART":1,"MIN_ZOOM":0,"MIN_LABEL":4,"MAX_LABEL":9,"LABEL_X":166.908762,"LABEL_Y":-15.37153,"NE_ID":1159321421,"WIKIDATAID":"Q686","NAME_AR":"فانواتو","NAME_BN":"ভানুয়াতু","NAME_DE":"Vanuatu","NAME_EN":"Vanuatu","NAME_ES":"Vanuatu","NAME_FA":"وانواتو","NAME_FR":"Vanuatu","NAME_EL":"Βανουάτου","NAME_HE":"ונואטו","NAME_HI":"वानूआटू","NAME_HU":"Vanuatu","NAME_ID":"Vanuatu","NAME_IT":"Vanuatu","NAME_JA":"バヌアツ","NAME_KO":"바누아투","NAME_NL":"Vanuatu","NAME_PL":"Vanuatu","NAME_PT":"Vanuatu","NAME_RU":"Вануату","NAME_SV":"Vanuatu","NAME_TR":"Vanuatu","NAME_UK":"Вануату","NAME_UR":"وانواتو","NAME_VI":"Vanuatu","NAME_ZH":"瓦努阿图","NAME_ZHT":"萬那杜","FCLASS_ISO":"Admin-0 country","TLC_DIFF":"","FCLASS_TLC":"Admin-0 country","FCLASS_US":"","FCLASS_FR":"","FCLASS_RU":"","FCLASS_ES":"","FCLASS_CN":"","FCLASS_TW":"","FCLASS_IN":"","FCLASS_NP":"","FCLASS_PK":"","FCLASS_DE":"","FCLASS_GB":"","FCLASS_BR":"","FCLASS_IL":"","FCLASS_PS":"","FCLASS_SA":"","FCLASS_EG":"","FCLASS_MA":"","FCLASS_PT":"","FCLASS_AR":"","FCLASS_JP":"","FCLASS_KO":"","FCLASS_VN":"","FCLASS_TR":"","FCLASS_ID":"","FCLASS_PL":"","FCLASS_GR":"","FCLASS_IT":"","FCLASS_NL":"","FCLASS_SE":"","FCLASS_BD":"","FCLASS_UA":""}},
{"type":"Feature","geometry":{"type":"Polygon","coordinates":[[[102.585,12.187],[103.091,11.154],[103.497,10.633],[104.334,10.487],[105.2,10.889],[106.25,10.962],[105.811,11.568],[107.491,12.337],[107.615,13.536],[107.383,14.202],[106.496,14.571],[106.044,13.881],[105.219,14.273],[104.281,14.417],[102.988,14.226],[102.348,13.394],[102.585,12.187]]]},"properties":{"featurecla":"Admin-0 country","scalerank":1,"LABELRANK":3,"SOVEREIGNT":"Cambodia","SOV_A3":"KHM","ADM0_DIF":0,"LEVEL":2,"TYPE":"Sovereign country","TLC":"1","ADMIN":"Cambodia","ADM0_A3":"KHM","GEOU_DIF":0,"GEOUNIT":"Cambodia","GU_A3":"KHM","SU_DIF":0,"SUBUNIT":"Cambodia","SU_A3":"KHM","BRK_DIFF":0,"NAME":"Cambodia","NAME_LONG":"Cambodia","BRK_A3":"KHM","BRK_NAME":"Cambodia","BRK_GROUP":"","ABBREV":"Camb.","POSTAL":"KH","FORMAL_EN":"Kingdom of Cambodia","FORMAL_FR":"","NAME_CIAWF":"Cambodia","NOTE_ADM0":"","NOTE_BRK":"","NAME_SORT":"Cambodia","NAME_ALT":"","MAPCOLOR7":6,"MAPCOLOR8":3,"MAPCOLOR9":6,"MAPCOLOR13":5,"POP_EST":16486542,"POP_RANK":14,"POP_YEAR":2019,"GDP_MD":27089,"GDP_YEAR":2019,"ECONOMY":"7. Least developed region","INCOME_GRP":"5. Low income","FIPS_10":"CB","ISO_A2":"KH","ISO_A2_EH":"KH","ISO_A3":"KHM","ISO_A3_EH":"KHM","ISO_N3":"116","ISO_N3_EH":"116","UN_A3":"116","WB_A2":"KH","WB_A3":"KHM","WOE_ID":23424776,"WOE_ID_EH":23424776,"WOE_NOTE":"Exact WOE match as country","ADM0_ISO":"KHM","ADM0_DIFF":"","ADM0_TLC":"KHM","ADM0_A3_US":"KHM","ADM0_A3_FR":"KHM","ADM0_A3_RU":"KHM","ADM0_A3_ES":"KHM","ADM0_A3_CN":"KHM","ADM0_A3_TW":"KHM","ADM0_A3_IN":"KHM","ADM0_A3_NP":"KHM","ADM0_A3_PK":"KHM","ADM0_A3_DE":"KHM","ADM0_A3_GB":"KHM","ADM0_A3_BR":"KHM","ADM0_A3_IL":"KHM","ADM0_A3_PS":"KHM","ADM0_A3_SA":"KHM","ADM0_A3_EG":"KHM","ADM0_A3_MA":"KHM","ADM0_A3_PT":"KHM","ADM0_A3_AR":"KHM","ADM0_A3_JP":"KHM","ADM0_A3_KO":"KHM","ADM0_A3_VN":"KHM","ADM0_A3_TR":"KHM","ADM0_A3_ID":"KHM","ADM0_A3_PL":"KHM","ADM0_A3_GR":"KHM","ADM0_A3_IT":"KHM","ADM0_A3_NL":"KHM","ADM0_A3_SE":"KHM","ADM0_A3_BD":"KHM","ADM0_A3_UA":"KHM","ADM0_A3_UN":-99,"ADM0_A3_WB":-99,"CONTINENT":"Asia","REGION_UN":"Asia","SUBREGION":"South-Eastern Asia","REGION_WB":"East Asia & Pacific","NAME_LEN":8,"LONG_LEN":8,"ABBREV_LEN":5,"TINY":-99,"HOMEPART":1,"MIN_ZOOM":0,"MIN_LABEL":3,"MAX_LABEL":8,"LABEL_X":104.50487,"LABEL_Y":12.647584,"NE_ID":1159320979,"WIKIDATAID":"Q424","NAME_AR":"كمبوديا","NAME_BN":"কম্বোডিয়া","NAME_DE":"Kambodscha","NAME_EN":"Cambodia","NAME_ES":"Camboya","NAME_FA":"کامبوج","NAME_FR":"Cambodge","NAME_EL":"Καμπότζη","NAME_HE":"קמבודיה","NAME_HI":"कम्बोडिया","NAME_HU":"Kambodzsa","NAME_ID":"Kamboja","NAME_IT":"Cambogia","NAME_JA":"カンボジア","NAME_KO":"캄보디아","NAME_NL":"Cambodja","NAME_PL":"Kambodża","NAME_PT":"Camboja","NAME_RU":"Камбоджа","NAME_SV":"Kambodja","NAME_TR":"Kamboçya","NAME_UK":"Камбоджа","NAME_UR":"کمبوڈیا","NAME_VI":"Campuchia","NAME_ZH":"柬埔寨","NAME_ZHT":"柬埔寨","FCLASS_ISO":"Admin-0 country","TLC_DIFF":"","FCLASS_TLC":"Admin-0 country","FCLASS_US":"","FCLASS_FR":"","FCLASS_RU":"","FCLASS_ES":"","FCLASS_CN":"","FCLASS_TW":"","FCLASS_IN":"","FCLASS_NP":"","FCLASS_PK":"","FCLASS_DE":"","FCLASS_GB":"","FCLASS_BR":"","FCLASS_IL":"","FCLASS_PS":"","FCLASS_SA":"","FCLASS_EG":"","FCLASS_MA":"","FCLASS_PT":"","FCLASS_AR":"","FCLASS_JP":"","FCLASS_KO":"","FCLASS_VN":"","FCLASS_TR":"","FCLASS_ID":"","FCLASS_PL":"","FCLASS_GR":"","FCLASS_IT":"","FCLASS_NL":"","FCLASS_SE":"","FCLASS_BD":"","FCLASS_UA":""}},
{"type":"Feature","geometry":{"type":"Polygon","coordinates":[[[105.219,14.273],[105.544,14.724],[105.589,15.57],[104.779,16.442],[104.717,17.429],[103.956,18.241],[103.2,18.31],[102.999,17.962],[102.413,17.933],[102.114,18.109],[101.06,17.512],[101.036,18.409],[101.282,19.463],[100.606,19.508],[100.549,20.109],[100.116,20.418],[99.543,20.187],[98.96,19.753],[98.254,19.708],[97.798,18.627],[97.376,18.445],[97.859,17.568],[98.494,16.838],[98.903,16.178],[98.537,15.308],[98.192,15.124],[98.431,14.622],[99.098,13.828],[99.212,13.269],[99.196,12.805],[99.587,11.893],[99.038,10.961],[98.554,9.933],[98.259,8.974],[98.15,8.35],[98.34,7.795],[98.504,8.382],[98.988,7.908],[99.52,7.343],[99.691,6.848],[100.086,6.464],[100.26,6.643],[101.076,6.205],[101.154,5.691],[101.814,5.811],[102.141,6.222],[101.623,6.741],[101.017,6.857],[100.459,7.43],[100.28,8.295],[99.874,9.208],[99.222,9.239],[99.154,9.963],[99.479,10.846],[100.019,12.307],[100.098,13.407],[100.978,13.413],[100.832,12.627],[101.687,12.646],[102.585,12.187],[102.348,13.394],[102.988,14.226],[104.281,14.417],[105.219,14.273]]]},"properties":{"featurecla":"Admin-0 country","scalerank":1,"LABELRANK":3,"SOVEREIGNT":"Thailand","SOV_A3":"THA","ADM0_DIF":0,"LEVEL":2,"TYPE":"Sovereign country","TLC":"1","ADMIN":"Thailand","ADM0_A3":"THA","GEOU_DIF":0,"GEOUNIT":"Thailand","GU_A3":"THA","SU_DIF":0,"SUBUNIT":"Thailand","SU_A3":"THA","BRK_DIFF":0,"NAME":"Thailand","NAME_LONG":"Thailand","BRK_A3":"THA","BRK_NAME":"Thailand","BRK_GROUP":"","ABBREV":"Thai.","POSTAL":"TH","FORMAL_EN":"Kingdom of Thailand","FORMAL_FR":"","NAME_CIAWF":"Thailand","NOTE_ADM0":"","NOTE_BRK":"","NAME_SORT":"Thailand","NAME_ALT":"","MAPCOLOR7":3,"MAPCOLOR8":6,"MAPCOLOR9":8,"MAPCOLOR13":1,"POP_EST":69625582,"POP_RANK":16,"POP_YEAR":2019,"GDP_MD":543548,"GDP_YEAR":2019,"ECONOMY":"5. Emerging region: G20","INCOME_GRP":"3. Upper middle income","FIPS_10":"TH","ISO_A2":"TH","ISO_A2_EH":"TH","ISO_A3":"THA","ISO_A3_EH":"THA","ISO_N3":"764","ISO_N3_EH":"764","UN_A3":"764","WB_A2":"TH","WB_A3":"THA","WOE_ID":23424960,"WOE_ID_EH":23424960,"WOE_NOTE":"Exact WOE match as country","ADM0_ISO":"THA","ADM0_DIFF":"","ADM0_TLC":"THA","ADM0_A3_US":"THA","ADM0_A3_FR":"THA","ADM0_A3_RU":"THA","ADM0_A3_ES":"THA","ADM0_A3_CN":"THA","ADM0_A3_TW":"THA","ADM0_A3_IN":"THA","ADM0_A3_NP":"THA","ADM0_A3_PK":"THA","ADM0_A3_DE":"THA","ADM0_A3_GB":"THA","ADM0_A3_BR":"THA","ADM0_A3_IL":"THA","ADM0_A3_PS":"THA","ADM0_A3_SA":"THA","ADM0_A3_EG":"THA","ADM0_A3_MA":"THA","ADM0_A3_PT":"THA","ADM0_A3_AR":"THA","ADM0_A3_JP":"THA","ADM0_A3_KO":"THA","ADM0_A3_VN":"THA","ADM0_A3_TR":"THA","ADM0_A3_ID":"THA","ADM0_A3_PL":"THA","ADM0_A3_GR":"THA","ADM0_A3_IT":"THA","ADM0_A3_NL":"THA","ADM0_A3_SE":"THA","ADM0_A3_BD":"THA","ADM0_A3_UA":"THA","ADM0_A3_UN":-99,"ADM0_A3_WB":-99,"CONTINENT":"Asia","REGION_UN":"Asia","SUBREGION":"South-Eastern Asia","REGION_WB":"East Asia & Pacific","NAME_LEN":8,"LONG_LEN":8,"ABBREV_LEN":5,"TINY":-99,"HOMEPART":1,"MIN_ZOOM":0,"MIN_LABEL":2.7,"MAX_LABEL":8,"LABEL_X":101.073198,"LABEL_Y":15.45974,"NE_ID":1159321305,"WIKIDATAID":"Q869","NAME_AR":"تايلاند","NAME_BN":"থাইল্যান্ড","NAME_DE":"Thailand","NAME_EN":"Thailand","NAME_ES":"Tailandia","NAME_FA":"تایلند","NAME_FR":"Thaïlande","NAME_EL":"Ταϊλάνδη","NAME_HE":"תאילנד","NAME_HI":"थाईलैण्ड","NAME_HU":"Thaiföld","NAME_ID":"Thailand","NAME_IT":"Thailandia","NAME_JA":"タイ王国","NAME_KO":"태국","NAME_NL":"Thailand","NAME_PL":"Tajlandia","NAME_PT":"Tailândia","NAME_RU":"Таиланд","NAME_SV":"Thailand","NAME_TR":"Tayland","NAME_UK":"Таїланд","NAME_UR":"تھائی لینڈ","NAME_VI":"Thái Lan","NAME_ZH":"泰国","NAME_ZHT":"泰國","FCLASS_ISO":"Admin-0 country","TLC_DIFF":"","FCLASS_TLC":"Admin-0 country","FCLASS_US":"","FCLASS_FR":"","FCLASS_RU":"","FCLASS_ES":"","FCLASS_CN":"","FCLASS_TW":"","FCLASS_IN":"","FCLASS_NP":"","FCLASS_PK":"","FCLASS_DE":"","FCLASS_GB":"","FCLASS_BR":"","FCLASS_IL":"","FCLASS_PS":"","FCLASS_SA":"","FCLASS_EG":"","FCLASS_MA":"","FCLASS_PT":"","FCLASS_AR":"","FCLASS_JP":"","FCLASS_KO":"","FCLASS_VN":"","FCLASS_TR":"","FCLASS_ID":"","FCLASS_PL":"","FCLASS_GR":"","FCLASS_IT":"","FCLASS_NL":"","FCLASS_SE":"","FCLASS_BD":"","FCLASS_UA":""}},
{"type":"Feature","geometry":{"type":"Polygon","coordinates":[[[107.383,14.202],[107.565,15.202],[107.313,15.909],[106.556,16.604],[105.926,17.485],[105.095,18.667],[103.897,19.265],[104.183,19.625],[104.823,19.887],[104.435,20.759],[103.204,20.767],[102.755,21.675],[102.17,22.465],[101.652,22.318],[101.803,21.174],[101.27,21.202],[101.18,21.437],[100.329,20.786],[100.116,20.418],[100.549,20.109],[100.606,19.508],[101.282,19.463],[101.036,18.409],[101.06,17.512],[102.114,18.109],[102.413,17.933],[102.999,17.962],[103.2,18.31],[103.956,18.241],[104.717,17.429],[104.779,16.442],[105.589,15.57],[105.544,14.724],[105.219,14.273],[106.044,13.881],[106.496,14.571],[107.383,14.202]]]},"properties":{"featurecla":"Admin-0 country","scalerank":1,"LABELRANK":4,"SOVEREIGNT":"Laos","SOV_A3":"LAO","ADM0_DIF":0,"LEVEL":2,"TYPE":"Sovereign country","TLC":"1","ADMIN":"Laos","ADM0_A3":"LAO","GEOU_DIF":0,"GEOUNIT":"Laos","GU_A3":"LAO","SU_DIF":0,"SUBUNIT":"Laos","SU_A3":"LAO","BRK_DIFF":0,"NAME":"Laos","NAME_LONG":"Lao PDR","BRK_A3":"LAO","BRK_NAME":"Laos","BRK_GROUP":"","ABBREV":"Laos","POSTAL":"LA","FORMAL_EN":"Lao People's Democratic Republic","FORMAL_FR":"","NAME_CIAWF":"Laos","NOTE_ADM0":"","NOTE_BRK":"","NAME_SORT":"Lao PDR","NAME_ALT":"","MAPCOLOR7":1,"MAPCOLOR8":1,"MAPCOLOR9":1,"MAPCOLOR13":9,"POP_EST":7169455,"POP_RANK":13,"POP_YEAR":2019,"GDP_MD":18173,"GDP_YEAR":2019,"ECONOMY":"7. Least developed region","INCOME_GRP":"4. Lower middle income","FIPS_10":"LA","ISO_A2":"LA","ISO_A2_EH":"LA","ISO_A3":"LAO","ISO_A3_EH":"LAO","ISO_N3":"418","ISO_N3_EH":"418","UN_A3":"418","WB_A2":"LA","WB_A3":"LAO","WOE_ID":23424872,"WOE_ID_EH":23424872,"WOE_NOTE":"Exact WOE match as country","ADM0_ISO":"LAO","ADM0_DIFF":"","ADM0_TLC":"LAO","ADM0_A3_US":"LAO","ADM0_A3_FR":"LAO","ADM0_A3_RU":"LAO","ADM0_A3_ES":"LAO","ADM0_A3_CN":"LAO","ADM0_A3_TW":"LAO","ADM0_A3_IN":"LAO","ADM0_A3_NP":"LAO","ADM0_A3_PK":"LAO","ADM0_A3_DE":"LAO","ADM0_A3_GB":"LAO","ADM0_A3_BR":"LAO","ADM0_A3_IL":"LAO","ADM0_A3_PS":"LAO","ADM0_A3_SA":"LAO","ADM0_A3_EG":"LAO","ADM0_A3_MA":"LAO","ADM0_A3_PT":"LAO","ADM0_A3_AR":"LAO","ADM0_A3_JP":"LAO","ADM0_A3_KO":"LAO","ADM0_A3_VN":"LAO","ADM0_A3_TR":"LAO","ADM0_A3_ID":"LAO","ADM0_A3_PL":"LAO","ADM0_A3_GR":"LAO","ADM0_A3_IT":"LAO","ADM0_A3_NL":"LAO","ADM0_A3_SE":"LAO","ADM0_A3_BD":"LAO","ADM0_A3_UA":"LAO","ADM0_A3_UN":-99,"ADM0_A3_WB":-99,"CONTINENT":"Asia","REGION_UN":"Asia","SUBREGION":"South-Eastern Asia","REGION_WB":"East Asia & Pacific","NAME_LEN":4,"LONG_LEN":7,"ABBREV_LEN":4,"TINY":-99,"HOMEPART":1,"MIN_ZOOM":0,"MIN_LABEL":4,"MAX_LABEL":9,"LABEL_X":102.533912,"LABEL_Y":19.431821,"NE_ID":1159321011,"WIKIDATAID":"Q819","NAME_AR":"لاوس","NAME_BN":"লাওস","NAME_DE":"Laos","NAME_EN":"Laos","NAME_ES":"Laos","NAME_FA":"لائوس","NAME_FR":"Laos","NAME_EL":"Λάος","NAME_HE":"לאוס","NAME_HI":"लाओस","NAME_HU":"Laosz","NAME_ID":"Laos","NAME_IT":"Laos","NAME_JA":"ラオス","NAME_KO":"라오스","NAME_NL":"Laos","NAME_PL":"Laos","NAME_PT":"Laos","NAME_RU":"Лаос","NAME_SV":"Laos","NAME_TR":"Laos","NAME_UK":"Лаос","NAME_UR":"لاؤس","NAME_VI":"Lào","NAME_ZH":"老挝","NAME_ZHT":"寮國","FCLASS_ISO":"Admin-0 country","TLC_DIFF":"","FCLASS_TLC":"Admin-0 country","FCLASS_US":"","FCLASS_FR":"","FCLASS_RU":"","FCLASS_ES":"","FCLASS_CN":"","FCLASS_TW":"","FCLASS_IN":"","FCLASS_NP":"","FCLASS_PK":"","FCLASS_DE":"","FCLASS_GB":"","FCLASS_BR":"","FCLASS_IL":"","FCLASS_PS":"","FCLASS_SA":"","FCLASS_EG":"","FCLASS_MA":"","FCLASS_PT":"","FCLASS_AR":"","FCLASS_JP":"","FCLASS_KO":"","FCLASS_VN":"","FCLASS_TR":"","FCLASS_ID":"","FCLASS_PL":"","FCLASS_GR":"","FCLASS_IT":"","FCLASS_NL":"","FCLASS_SE":"","FCLASS_BD":"","FCLASS_UA":""}},
{"type":"Feature","geometry":{"type":"Polygon","coordinates":[[[100.116,20.418],[100.329,20.786],[101.18,21.437],[101.15,21.85],[100.417,21.559],[99.983,21.743],[99.241,22.118],[99.532,22.949],[98.899,23.143],[98.66,24.063],[97.605,23.897],[97.725,25.084],[98.672,25.919],[98.712,26.744],[98.683,27.509],[98.246,27.747],[97.912,28.336],[97.327,28.262],[97.403,27.883],[97.052,27.699],[97.134,27.084],[96.419,27.265],[95.125,26.574],[95.155,26.001],[94.603,25.162],[94.553,24.675],[94.107,23.851],[93.325,24.079],[93.286,23.044],[93.06,22.703],[93.166,22.278],[92.673,22.041],[92.652,21.324],[92.303,21.475],[92.369,20.671],[93.078,19.855],[93.663,19.727],[93.541,19.366],[94.325,18.214],[94.533,17.277],[94.189,16.038],[94.808,15.803],[95.369,15.714],[96.506,16.427],[97.165,16.929],[97.597,16.101],[97.778,14.837],[98.104,13.64],[98.51,13.122],[98.428,12.033],[98.765,11.441],[98.457,10.675],[98.554,9.933],[99.038,10.961],[99.587,11.893],[99.196,12.805],[99.212,13.269],[99.098,13.828],[98.431,14.622],[98.192,15.124],[98.537,15.308],[98.903,16.178],[98.494,16.838],[97.859,17.568],[97.376,18.445],[97.798,18.627],[98.254,19.708],[98.96,19.753],[99.543,20.187],[100.116,20.418]]]},"properties":{"featurecla":"Admin-0 country","scalerank":1,"LABELRANK":3,"SOVEREIGNT":"Myanmar","SOV_A3":"MMR","ADM0_DIF":0,"LEVEL":2,"TYPE":"Sovereign country","TLC":"1","ADMIN":"Myanmar","ADM0_A3":"MMR","GEOU_DIF":0,"GEOUNIT":"Myanmar","GU_A3":"MMR","SU_DIF":0,"SUBUNIT":"Myanmar","SU_A3":"MMR","BRK_DIFF":0,"NAME":"Myanmar","NAME_LONG":"Myanmar","BRK_A3":"MMR","BRK_NAME":"Myanmar","BRK_GROUP":"","ABBREV":"Myan.","POSTAL":"MM","FORMAL_EN":"Republic of the Union of Myanmar","FORMAL_FR":"","NAME_CIAWF":"Burma","NOTE_ADM0":"","NOTE_BRK":"","NAME_SORT":"Myanmar","NAME_ALT":"","MAPCOLOR7":2,"MAPCOLOR8":2,"MAPCOLOR9":5,"MAPCOLOR13":13,"POP_EST":54045420,"POP_RANK":16,"POP_YEAR":2019,"GDP_MD":76085,"GDP_YEAR":2019,"ECONOMY":"7. Least developed region","INCOME_GRP":"5. Low income","FIPS_10":"BM","ISO_A2":"MM","ISO_A2_EH":"MM","ISO_A3":"MMR","ISO_A3_EH":"MMR","ISO_N3":"104","ISO_N3_EH":"104","UN_A3":"104","WB_A2":"MM","WB_A3":"MMR","WOE_ID":23424763,"WOE_ID_EH":23424763,"WOE_NOTE":"Exact WOE match as country","ADM0_ISO":"MMR","ADM0_DIFF":"","ADM0_TLC":"MMR","ADM0_A3_US":"MMR","ADM0_A3_FR":"MMR","ADM0_A3_RU":"MMR","ADM0_A3_ES":"MMR","ADM0_A3_CN":"MMR","ADM0_A3_TW":"MMR","ADM0_A3_IN":"MMR","ADM0_A3_NP":"MMR","ADM0_A3_PK":"MMR","ADM0_A3_DE":"MMR","ADM0_A3_GB":"MMR","ADM0_A3_BR":"MMR","ADM0_A3_IL":"MMR","ADM0_A3_PS":"MMR","ADM0_A3_SA":"MMR","ADM0_A3_EG":"MMR","ADM0_A3_MA":"MMR","ADM0_A3_PT":"MMR","ADM0_A3_AR":"MMR","ADM0_A3_JP":"MMR","ADM0_A3_KO":"MMR","ADM0_A3_VN":"MMR","ADM0_A3_TR":"MMR","ADM0_A3_ID":"MMR","ADM0_A3_PL":"MMR","ADM0_A3_GR":"MMR","ADM0_A3_IT":"MMR","ADM0_A3_NL":"MMR","ADM0_A3_SE":"MMR","ADM0_A3_BD":"MMR","ADM0_A3_UA":"MMR","ADM0_A3_UN":-99,"ADM0_A3_WB":-99,"CONTINENT":"Asia","REGION_UN":"Asia","SUBREGION":"South-Eastern Asia","REGION_WB":"East Asia & Pacific","NAME_LEN":7,"LONG_LEN":7,"ABBREV_LEN":5,"TINY":-99,"HOMEPART":1,"MIN_ZOOM":0,"MIN_LABEL":3,"MAX_LABEL":8,"LABEL_X":95.804497,"LABEL_Y":21.573855,"NE_ID":1159321067,"WIKIDATAID":"Q836","NAME_AR":"ميانمار","NAME_BN":"মিয়ানমার","NAME_DE":"Myanmar","NAME_EN":"Myanmar","NAME_ES":"Birmania","NAME_FA":"میانمار","NAME_FR":"Birmanie","NAME_EL":"Μιανμάρ","NAME_HE":"מיאנמר","NAME_HI":"म्यान्मार","NAME_HU":"Mianmar","NAME_ID":"Myanmar","NAME_IT":"Birmania","NAME_JA":"ミャンマー","NAME_KO":"미얀마","NAME_NL":"Myanmar","NAME_PL":"Mjanma","NAME_PT":"Myanmar","NAME_RU":"Мьянма","NAME_SV":"Myanmar","NAME_TR":"Myanmar","NAME_UK":"М'янма","NAME_UR":"میانمار","NAME_VI":"Myanma","NAME_ZH":"缅甸","NAME_ZHT":"緬甸","FCLASS_ISO":"Admin-0 country","TLC_DIFF":"","FCLASS_TLC":"Admin-0 country","FCLASS_US":"","FCLASS_FR":"","FCLASS_RU":"","FCLASS_ES":"","FCLASS_CN":"","FCLASS_TW":"","FCLASS_IN":"","FCLASS_NP":"","FCLASS_PK":"","FCLASS_DE":"","FCLASS_GB":"","FCLASS_BR":"","FCLASS_IL":"","FCLASS_PS":"","FCLASS_SA":"","FCLASS_EG":"","FCLASS_MA":"","FCLASS_PT":"","FCLASS_AR":"","FCLASS_JP":"","FCLASS_KO":"","FCLASS_VN":"","FCLASS_TR":"","FCLASS_ID":"","FCLASS_PL":"","FCLASS_GR":"","FCLASS_IT":"","FCLASS_NL":"","FCLASS_SE":"","FCLASS_BD":"","FCLASS_UA":""}},
{"type":"Feature","geometry":{"type":"Polygon","coordinates":[[[104.334,10.487],[105.076,9.918],[104.795,9.241],[105.158,8.6],[106.405,9.531],[107.221,10.364],[108.366,11.008],[109.2,11.667],[109.335,13.426],[108.877,15.277],[108.269,16.08],[107.362,16.697],[106.427,18.004],[105.662,19.058],[105.882,19.752],[106.715,20.697],[108.05,21.552],[107.043,21.812],[106.567,22.218],[106.725,22.794],[105.811,22.977],[105.329,23.352],[104.477,22.819],[103.505,22.704],[102.707,22.709],[102.17,22.465],[102.755,21.675],[103.204,20.767],[104.435,20.759],[104.823,19.887],[104.183,19.625],[103.897,19.265],[105.095,18.667],[105.926,17.485],[106.556,16.604],[107.313,15.909],[107.565,15.202],[107.383,14.202],[107.615,13.536],[107.491,12.337],[105.811,11.568],[106.25,10.962],[105.2,10.889],[104.334,10.487]]]},"properties":{"featurecla":"Admin-0 country","scalerank":1,"LABELRANK":2,"SOVEREIGNT":"Vietnam","SOV_A3":"VNM","ADM0_DIF":0,"LEVEL":2,"TYPE":"Sovereign country","TLC":"1","ADMIN":"Vietnam","ADM0_A3":"VNM","GEOU_DIF":0,"GEOUNIT":"Vietnam","GU_A3":"VNM","SU_DIF":0,"SUBUNIT":"Vietnam","SU_A3":"VNM","BRK_DIFF":0,"NAME":"Vietnam","NAME_LONG":"Vietnam","BRK_A3":"VNM","BRK_NAME":"Vietnam","BRK_GROUP":"","ABBREV":"Viet.","POSTAL":"VN","FORMAL_EN":"Socialist Republic of Vietnam","FORMAL_FR":"","NAME_CIAWF":"Vietnam","NOTE_ADM0":"","NOTE_BRK":"","NAME_SORT":"Vietnam","NAME_ALT":"","MAPCOLOR7":5,"MAPCOLOR8":6,"MAPCOLOR9":5,"MAPCOLOR13":4,"POP_EST":96462106,"POP_RANK":16,"POP_YEAR":2019,"GDP_MD":261921,"GDP_YEAR":2019,"ECONOMY":"5. Emerging region: G20","INCOME_GRP":"4. Lower middle income","FIPS_10":"VM","ISO_A2":"VN","ISO_A2_EH":"VN","ISO_A3":"VNM","ISO_A3_EH":"VNM","ISO_N3":"704","ISO_N3_EH":"704","UN_A3":"704","WB_A2":"VN","WB_A3":"VNM","WOE_ID":23424984,"WOE_ID_EH":23424984,"WOE_NOTE":"Exact WOE match as country","ADM0_ISO":"VNM","ADM0_DIFF":"","ADM0_TLC":"VNM","ADM0_A3_US":"VNM","ADM0_A3_FR":"VNM","ADM0_A3_RU":"VNM","ADM0_A3_ES":"VNM","ADM0_A3_CN":"VNM","ADM0_A3_TW":"VNM","ADM0_A3_IN":"VNM","ADM0_A3_NP":"VNM","ADM0_A3_PK":"VNM","ADM0_A3_DE":"VNM","ADM0_A3_GB":"VNM","ADM0_A3_BR":"VNM","ADM0_A3_IL":"VNM","ADM0_A3_PS":"VNM","ADM0_A3_SA":"VNM","ADM0_A3_EG":"VNM","ADM0_A3_MA":"VNM","ADM0_A3_PT":"VNM","ADM0_A3_AR":"VNM","ADM0_A3_JP":"VNM","ADM0_A3_KO":"VNM","ADM0_A3_VN":"VNM","ADM0_A3_TR":"VNM","ADM0_A3_ID":"VNM","ADM0_A3_PL":"VNM","ADM0_A3_GR":"VNM","ADM0_A3_IT":"VNM","ADM0_A3_NL":"VNM","ADM0_A3_SE":"VNM","ADM0_A3_BD":"VNM","ADM0_A3_UA":"VNM","ADM0_A3_UN":-99,"ADM0_A3_WB":-99,"CONTINENT":"Asia","REGION_UN":"Asia","SUBREGION":"South-Eastern Asia","REGION_WB":"East Asia & Pacific","NAME_LEN":7,"LONG_LEN":7,"ABBREV_LEN":5,"TINY":2,"HOMEPART":1,"MIN_ZOOM":0,"MIN_LABEL":2,"MAX_LABEL":7,"LABEL_X":105.387292,"LABEL_Y":21.715416,"NE_ID":1159321417,"WIKIDATAID":"Q881","NAME_AR":"فيتنام","NAME_BN":"ভিয়েতনাম","NAME_DE":"Vietnam","NAME_EN":"Vietnam","NAME_ES":"Vietnam","NAME_FA":"ویتنام","NAME_FR":"Viêt Nam","NAME_EL":"Βιετνάμ","NAME_HE":"וייטנאם","NAME_HI":"वियतनाम","NAME_HU":"Vietnám","NAME_ID":"Vietnam","NAME_IT":"Vietnam","NAME_JA":"ベトナム","NAME_KO":"베트남","NAME_NL":"Vietnam","NAME_PL":"Wietnam","NAME_PT":"Vietname","NAME_RU":"Вьетнам","NAME_SV":"Vietnam","NAME_TR":"Vietnam","NAME_UK":"В'єтнам","NAME_UR":"ویتنام","NAME_VI":"Việt Nam","NAME_ZH":"越南","NAME_ZHT":"越南","FCLASS_ISO":"Admin-0 country","TLC_DIFF":"","FCLASS_TLC":"Admin-0 country","FCLASS_US":"","FCLASS_FR":"","FCLASS_RU":"","FCLASS_ES":"","FCLASS_CN":"","FCLASS_TW":"","FCLASS_IN":"","FCLASS_NP":"","FCLASS_PK":"","FCLASS_DE":"","FCLASS_GB":"","FCLASS_BR":"","FCLASS_IL":"","FCLASS_PS":"","FCLASS_SA":"","FCLASS_EG":"","FCLASS_MA":"","FCLASS_PT":"","FCLASS_AR":"","FCLASS_JP":"","FCLASS_KO":"","FCLASS_VN":"","FCLASS_TR":"","FCLASS_ID":"","FCLASS_PL":"","FCLASS_GR":"","FCLASS_IT":"","FCLASS_NL":"","FCLASS_SE":"","FCLASS_BD":"","FCLASS_UA":""}},
{"type":"Feature","geometry":{"type":"Polygon","coordinates":[[[130.64,42.395],[129.994,42.985],[129.597,42.425],[128.052,41.994],[128.208,41.467],[127.344,41.503],[126.869,41.817],[126.182,41.107],[125.08,40.57],[124.266,39.928],[124.737,39.66],[125.321,39.551],[125.387,39.388],[125.133,38.849],[125.222,38.666],[124.986,38.548],[124.712,38.108],[124.981,37.949],[125.24,37.857],[125.275,37.669],[125.568,37.752],[125.689,37.94],[126.175,37.75],[126.237,37.84],[126.684,37.805],[127.073,38.256],[127.78,38.305],[128.206,38.37],[128.35,38.612],[127.783,39.051],[127.385,39.213],[127.502,39.324],[127.533,39.757],[127.967,40.025],[128.633,40.19],[129.01,40.485],[129.188,40.662],[129.705,40.883],[129.667,41.601],[129.966,41.941],[130.4,42.28],[130.78,42.22],[130.64,42.395]]]},"properties":{"featurecla":"Admin-0 country","scalerank":1,"LABELRANK":3,"SOVEREIGNT":"North Korea","SOV_A3":"PRK","ADM0_DIF":0,"LEVEL":2,"TYPE":"Sovereign country","TLC":"1","ADMIN":"North Korea","ADM0_A3":"PRK","GEOU_DIF":0,"GEOUNIT":"North Korea","GU_A3":"PRK","SU_DIF":0,"SUBUNIT":"North Korea","SU_A3":"PRK","BRK_DIFF":0,"NAME":"North Korea","NAME_LONG":"Dem. Rep. Korea","BRK_A3":"PRK","BRK_NAME":"Dem. Rep. Korea","BRK_GROUP":"","ABBREV":"N.K.","POSTAL":"KP","FORMAL_EN":"Democratic People's Republic of Korea","FORMAL_FR":"","NAME_CIAWF":"Korea, North","NOTE_ADM0":"","NOTE_BRK":"","NAME_SORT":"Korea, Dem. Rep.","NAME_ALT":"","MAPCOLOR7":3,"MAPCOLOR8":5,"MAPCOLOR9":3,"MAPCOLOR13":9,"POP_EST":25666161,"POP_RANK":15,"POP_YEAR":2019,"GDP_MD":40000,"GDP_YEAR":2016,"ECONOMY":"7. Least developed region","INCOME_GRP":"5. Low income","FIPS_10":"KN","ISO_A2":"KP","ISO_A2_EH":"KP","ISO_A3":"PRK","ISO_A3_EH":"PRK","ISO_N3":"408","ISO_N3_EH":"408","UN_A3":"408","WB_A2":"KP","WB_A3":"PRK","WOE_ID":23424865,"WOE_ID_EH":23424865,"WOE_NOTE":"Exact WOE match as country","ADM0_ISO":"PRK","ADM0_DIFF":"","ADM0_TLC":"PRK","ADM0_A3_US":"PRK","ADM0_A3_FR":"PRK","ADM0_A3_RU":"PRK","ADM0_A3_ES":"PRK","ADM0_A3_CN":"PRK","ADM0_A3_TW":"PRK","ADM0_A3_IN":"PRK","ADM0_A3_NP":"PRK","ADM0_A3_PK":"PRK","ADM0_A3_DE":"PRK","ADM0_A3_GB":"PRK","ADM0_A3_BR":"PRK","ADM0_A3_IL":"PRK","ADM0_A3_PS":"PRK","ADM0_A3_SA":"PRK","ADM0_A3_EG":"PRK","ADM0_A3_MA":"PRK","ADM0_A3_PT":"PRK","ADM0_A3_AR":"PRK","ADM0_A3_JP":"PRK","ADM0_A3_KO":"PRK","ADM0_A3_VN":"PRK","ADM0_A3_TR":"PRK","ADM0_A3_ID":"PRK","ADM0_A3_PL":"PRK","ADM0_A3_GR":"PRK","ADM0_A3_IT":"PRK","ADM0_A3_NL":"PRK","ADM0_A3_SE":"PRK","ADM0_A3_BD":"PRK","ADM0_A3_UA":"PRK","ADM0_A3_UN":-99,"ADM0_A3_WB":-99,"CONTINENT":"Asia","REGION_UN":"Asia","SUBREGION":"Eastern Asia","REGION_WB":"East Asia & Pacific","NAME_LEN":11,"LONG_LEN":15,"ABBREV_LEN":4,"TINY":-99,"HOMEPART":1,"MIN_ZOOM":0,"MIN_LABEL":3,"MAX_LABEL":8,"LABEL_X":126.444516,"LABEL_Y":39.885252,"NE_ID":1159321181,"WIKIDATAID":"Q423","NAME_AR":"كوريا الشمالية","NAME_BN":"উত্তর কোরিয়া","NAME_DE":"Nordkorea","NAME_EN":"North Korea","NAME_ES":"Corea del Norte","NAME_FA":"کره شمالی","NAME_FR":"Corée du Nord","NAME_EL":"Βόρεια Κορέα","NAME_HE":"קוריאה הצפונית","NAME_HI":"उत्तर कोरिया","NAME_HU":"Észak-Korea","NAME_ID":"Korea Utara","NAME_IT":"Corea del Nord","NAME_JA":"朝鮮民主主義人民共和国","NAME_KO":"조선민주주의인민공화국","NAME_NL":"Noord-Korea","NAME_PL":"Korea Północna","NAME_PT":"Coreia do Norte","NAME_RU":"КНДР","NAME_SV":"Nordkorea","NAME_TR":"Kuzey Kore","NAME_UK":"Корейська Народно-Демократична Республіка","NAME_UR":"شمالی کوریا","NAME_VI":"Cộng hòa Dân chủ Nhân dân Triều Tiên","NAME_ZH":"朝鲜民主主义人民共和国","NAME_ZHT":"朝鮮民主主義人民共和國","FCLASS_ISO":"Admin-0 country","TLC_DIFF":"","FCLASS_TLC":"Admin-0 country","FCLASS_US":"","FCLASS_FR":"","FCLASS_RU":"","FCLASS_ES":"","FCLASS_CN":"","FCLASS_TW":"","FCLASS_IN":"","FCLASS_NP":"","FCLASS_PK":"","FCLASS_DE":"","FCLASS_GB":"","FCLASS_BR":"","FCLASS_IL":"","FCLASS_PS":"","FCLASS_SA":"","FCLASS_EG":"","FCLASS_MA":"","FCLASS_PT":"","FCLASS_AR":"","FCLASS_JP":"","FCLASS_KO":"","FCLASS_VN":"","FCLASS_TR":"","FCLASS_ID":"","FCLASS_PL":"","FCLASS_GR":"","FCLASS_IT":"","FCLASS_NL":"","FCLASS_SE":"","FCLASS_BD":"","FCLASS_UA":""}},
{"type":"Feature","geometry":{"type":"Polygon","coordinates":[[[126.175,37.75],[126.86,36.894],[126.117,36.725],[126.559,35.685],[126.374,34.935],[126.486,34.39],[127.387,34.476],[128.186,34.89],[129.091,35.082],[129.468,35.632],[129.46,36.784],[129.213,37.432],[128.35,38.612],[128.206,38.37],[127.78,38.305],[127.073,38.256],[126.684,37.805],[126.237,37.84],[126.175,37.75]]]},"properties":{"featurecla":"Admin-0 country","scalerank":1,"LABELRANK":2,"SOVEREIGNT":"South Korea","SOV_A3":"KOR","ADM0_DIF":0,"LEVEL":2,"TYPE":"Sovereign country","TLC":"1","ADMIN":"South Korea","ADM0_A3":"KOR","GEOU_DIF":0,"GEOUNIT":"South Korea","GU_A3":"KOR","SU_DIF":0,"SUBUNIT":"South Korea","SU_A3":"KOR","BRK_DIFF":0,"NAME":"South Korea","NAME_LONG":"Republic of Korea","BRK_A3":"KOR","BRK_NAME":"Republic of Korea","BRK_GROUP":"","ABBREV":"S.K.","POSTAL":"KR","FORMAL_EN":"Republic of Korea","FORMAL_FR":"","NAME_CIAWF":"Korea, South","NOTE_ADM0":"","NOTE_BRK":"","NAME_SORT":"Korea, Rep.","NAME_ALT":"","MAPCOLOR7":4,"MAPCOLOR8":1,"MAPCOLOR9":1,"MAPCOLOR13":5,"POP_EST":51709098,"POP_RANK":16,"POP_YEAR":2019,"GDP_MD":1646739,"GDP_YEAR":2019,"ECONOMY":"4. Emerging region: MIKT","INCOME_GRP":"1. High income: OECD","FIPS_10":"KS","ISO_A2":"KR","ISO_A2_EH":"KR","ISO_A3":"KOR","ISO_A3_EH":"KOR","ISO_N3":"410","ISO_N3_EH":"410","UN_A3":"410","WB_A2":"KR","WB_A3":"KOR","WOE_ID":23424868,"WOE_ID_EH":23424868,"WOE_NOTE":"Exact WOE match as country","ADM0_ISO":"KOR","ADM0_DIFF":"","ADM0_TLC":"KOR","ADM0_A3_US":"KOR","ADM0_A3_FR":"KOR","ADM0_A3_RU":"KOR","ADM0_A3_ES":"KOR","ADM0_A3_CN":"KOR","ADM0_A3_TW":"KOR","ADM0_A3_IN":"KOR","ADM0_A3_NP":"KOR","ADM0_A3_PK":"KOR","ADM0_A3_DE":"KOR","ADM0_A3_GB":"KOR","ADM0_A3_BR":"KOR","ADM0_A3_IL":"KOR","ADM0_A3_PS":"KOR","ADM0_A3_SA":"KOR","ADM0_A3_EG":"KOR","ADM0_A3_MA":"KOR","ADM0_A3_PT":"KOR","ADM0_A3_AR":"KOR","ADM0_A3_JP":"KOR","ADM0_A3_KO":"KOR","ADM0_A3_VN":"KOR","ADM0_A3_TR":"KOR","ADM0_A3_ID":"KOR","ADM0_A3_PL":"KOR","ADM0_A3_GR":"KOR","ADM0_A3_IT":"KOR","ADM0_A3_NL":"KOR","ADM0_A3_SE":"KOR","ADM0_A3_BD":"KOR","ADM0_A3_UA":"KOR","ADM0_A3_UN":-99,"ADM0_A3_WB":-99,"CONTINENT":"Asia","REGION_UN":"Asia","SUBREGION":"Eastern Asia","REGION_WB":"East Asia & Pacific","NAME_LEN":11,"LONG_LEN":17,"ABBREV_LEN":4,"TINY":-99,"HOMEPART":1,"MIN_ZOOM":0,"MIN_LABEL":2.5,"MAX_LABEL":7,"LABEL_X":128.129504,"LABEL_Y":36.384924,"NE_ID":1159320985,"WIKIDATAID":"Q884","NAME_AR":"كوريا الجنوبية","NAME_BN":"দক্ষিণ কোরিয়া","NAME_DE":"Südkorea","NAME_EN":"South Korea","NAME_ES":"Corea del Sur","NAME_FA":"کره جنوبی","NAME_FR":"Corée du Sud","NAME_EL":"Νότια Κορέα","NAME_HE":"קוריאה הדרומית","NAME_HI":"दक्षिण कोरिया","NAME_HU":"Dél-Korea","NAME_ID":"Korea Selatan","NAME_IT":"Corea del Sud","NAME_JA":"大韓民国","NAME_KO":"대한민국","NAME_NL":"Zuid-Korea","NAME_PL":"Korea Południowa","NAME_PT":"Coreia do Sul","NAME_RU":"Республика Корея","NAME_SV":"Sydkorea","NAME_TR":"Güney Kore","NAME_UK":"Південна Корея","NAME_UR":"جنوبی کوریا","NAME_VI":"Hàn Quốc","NAME_ZH":"大韩民国","NAME_ZHT":"大韓民國","FCLASS_ISO":"Admin-0 country","TLC_DIFF":"","FCLASS_TLC":"Admin-0 country","FCLASS_US":"","FCLASS_FR":"","FCLASS_RU":"","FCLASS_ES":"","FCLASS_CN":"","FCLASS_TW":"","FCLASS_IN":"","FCLASS_NP":"","FCLASS_PK":"","FCLASS_DE":"","FCLASS_GB":"","FCLASS_BR":"","FCLASS_IL":"","FCLASS_PS":"","FCLASS_SA":"","FCLASS_EG":"","FCLASS_MA":"","FCLASS_PT":"","FCLASS_AR":"","FCLASS_JP":"","FCLASS_KO":"","FCLASS_VN":"","FCLASS_TR":"","FCLASS_ID":"","FCLASS_PL":"","FCLASS_GR":"","FCLASS_IT":"","FCLASS_NL":"","FCLASS_SE":"","FCLASS_BD":"","FCLASS_UA":""}},
{"type":"Feature","geometry":{"type":"Polygon","coordinates":[[[87.751,49.297],[88.014,48.599],[88.854,48.069],[90.281,47.694],[90.971,46.888],[90.586,45.72],[90.946,45.286],[92.134,45.115],[93.481,44.975],[94.689,44.352],[95.307,44.241],[95.762,43.319],[96.349,42.726],[97.452,42.749],[99.516,42.525],[100.846,42.664],[101.833,42.515],[103.312,41.907],[104.522,41.908],[104.965,41.597],[106.129,42.134],[107.745,42.482],[109.244,42.519],[110.412,42.871],[111.13,43.407],[111.83,43.743],[111.668,44.073],[111.348,44.457],[111.873,45.102],[112.436,45.012],[113.464,44.809],[114.46,45.34],[115.985,45.727],[116.718,46.388],[117.422,46.673],[118.874,46.805],[119.663,46.693],[119.773,47.048],[118.867,47.747],[118.064,48.067],[117.296,47.698],[116.309,47.853],[115.743,47.727],[115.485,48.135],[116.192,49.135],[116.679,49.889],[115.486,49.805],[114.962,50.14],[114.362,50.248],[112.898,49.544],[111.581,49.378],[110.662,49.13],[109.402,49.293],[108.475,49.283],[107.868,49.794],[106.889,50.274],[105.887,50.406],[104.622,50.275],[103.677,50.09],[102.256,50.511],[102.065,51.26],[100.889,51.517],[99.982,51.634],[98.861,52.047],[97.826,51.011],[98.232,50.422],[97.26,49.726],[95.814,49.977],[94.816,50.013],[94.148,50.481],[93.104,50.495],[92.235,50.802],[90.714,50.332],[88.806,49.471],[87.751,49.297]]]},"properties":{"featurecla":"Admin-0 country","scalerank":1,"LABELRANK":3,"SOVEREIGNT":"Mongolia","SOV_A3":"MNG","ADM0_DIF":0,"LEVEL":2,"TYPE":"Sovereign country","TLC":"1","ADMIN":"Mongolia","ADM0_A3":"MNG","GEOU_DIF":0,"GEOUNIT":"Mongolia","GU_A3":"MNG","SU_DIF":0,"SUBUNIT":"Mongolia","SU_A3":"MNG","BRK_DIFF":0,"NAME":"Mongolia","NAME_LONG":"Mongolia","BRK_A3":"MNG","BRK_NAME":"Mongolia","BRK_GROUP":"","ABBREV":"Mong.","POSTAL":"MN","FORMAL_EN":"Mongolia","FORMAL_FR":"","NAME_CIAWF":"Mongolia","NOTE_ADM0":"","NOTE_BRK":"","NAME_SORT":"Mongolia","NAME_ALT":"","MAPCOLOR7":3,"MAPCOLOR8":5,"MAPCOLOR9":5,"MAPCOLOR13":6,"POP_EST":3225167,"POP_RANK":12,"POP_YEAR":2019,"GDP_MD":13996,"GDP_YEAR":2019,"ECONOMY":"6. Developing region","INCOME_GRP":"4. Lower middle income","FIPS_10":"MG","ISO_A2":"MN","ISO_A2_EH":"MN","ISO_A3":"MNG","ISO_A3_EH":"MNG","ISO_N3":"496","ISO_N3_EH":"496","UN_A3":"496","WB_A2":"MN","WB_A3":"MNG","WOE_ID":23424887,"WOE_ID_EH":23424887,"WOE_NOTE":"Exact WOE match as country","ADM0_ISO":"MNG","ADM0_DIFF":"","ADM0_TLC":"MNG","ADM0_A3_US":"MNG","ADM0_A3_FR":"MNG","ADM0_A3_RU":"MNG","ADM0_A3_ES":"MNG","ADM0_A3_CN":"MNG","ADM0_A3_TW":"MNG","ADM0_A3_IN":"MNG","ADM0_A3_NP":"MNG","ADM0_A3_PK":"MNG","ADM0_A3_DE":"MNG","ADM0_A3_GB":"MNG","ADM0_A3_BR":"MNG","ADM0_A3_IL":"MNG","ADM0_A3_PS":"MNG","ADM0_A3_SA":"MNG","ADM0_A3_EG":"MNG","ADM0_A3_MA":"MNG","ADM0_A3_PT":"MNG","ADM0_A3_AR":"MNG","ADM0_A3_JP":"MNG","ADM0_A3_KO":"MNG","ADM0_A3_VN":"MNG","ADM0_A3_TR":"MNG","ADM0_A3_ID":"MNG","ADM0_A3_PL":"MNG","ADM0_A3_GR":"MNG","ADM0_A3_IT":"MNG","ADM0_A3_NL":"MNG","ADM0_A3_SE":"MNG","ADM0_A3_BD":"MNG","ADM0_A3_UA":"MNG","ADM0_A3_UN":-99,"ADM0_A3_WB":-99,"CONTINENT":"Asia","REGION_UN":"Asia","SUBREGION":"Eastern Asia","REGION_WB":"East Asia & Pacific","NAME_LEN":8,"LONG_LEN":8,"ABBREV_LEN":5,"TINY":-99,"HOMEPART":1,"MIN_ZOOM":0,"MIN_LABEL":3,"MAX_LABEL":7,"LABEL_X":104.150405,"LABEL_Y":45.997488,"NE_ID":1159321071,"WIKIDATAID":"Q711","NAME_AR":"منغوليا","NAME_BN":"মঙ্গোলিয়া","NAME_DE":"Mongolei","NAME_EN":"Mongolia","NAME_ES":"Mongolia","NAME_FA":"مغولستان","NAME_FR":"Mongolie","NAME_EL":"Μογγολία","NAME_HE":"מונגוליה","NAME_HI":"मंगोलिया","NAME_HU":"Mongólia","NAME_ID":"Mongolia","NAME_IT":"Mongolia","NAME_JA":"モンゴル国","NAME_KO":"몽골","NAME_NL":"Mongolië","NAME_PL":"Mongolia","NAME_PT":"Mongólia","NAME_RU":"Монголия","NAME_SV":"Mongoliet","NAME_TR":"Moğolistan","NAME_UK":"Монголія","NAME_UR":"منگولیا","NAME_VI":"Mông Cổ","NAME_ZH":"蒙古国","NAME_ZHT":"蒙古國","FCLASS_ISO":"Admin-0 country","TLC_DIFF":"","FCLASS_TLC":"Admin-0 country","FCLASS_US":"","FCLASS_FR":"","FCLASS_RU":"","FCLASS_ES":"","FCLASS_CN":"","FCLASS_TW":"","FCLASS_IN":"","FCLASS_NP":"","FCLASS_PK":"","FCLASS_DE":"","FCLASS_GB":"","FCLASS_BR":"","FCLASS_IL":"","FCLASS_PS":"","FCLASS_SA":"","FCLASS_EG":"","FCLASS_MA":"","FCLASS_PT":"","FCLASS_AR":"","FCLASS_JP":"","FCLASS_KO":"","FCLASS_VN":"","FCLASS_TR":"","FCLASS_ID":"","FCLASS_PL":"","FCLASS_GR":"","FCLASS_IT":"","FCLASS_NL":"","FCLASS_SE":"","FCLASS_BD":"","FCLASS_UA":""}},
{"type":"Feature","geometry":{"type":"Polygon","coordinates":[[[97.327,28.262],[96.249,28.411],[96.587,28.831],[96.118,29.453],[95.405,29.032],[94.566,29.277],[93.413,28.641],[92.503,27.897],[91.697,27.772],[92.104,27.453],[92.033,26.838],[91.218,26.809],[90.373,26.876],[89.745,26.719],[88.836,27.099],[88.814,27.299],[88.73,28.087],[88.12,27.877],[88.043,27.446],[88.175,26.81],[88.06,26.415],[87.227,26.398],[86.024,26.631],[85.252,26.726],[84.675,27.235],[83.304,27.365],[82,27.925],[81.057,28.416],[80.088,28.794],[80.477,29.73],[81.111,30.183],[79.721,30.883],[78.739,31.516],[78.458,32.618],[79.176,32.484],[79.209,32.994],[78.811,33.506],[78.912,34.322],[77.837,35.494],[76.872,34.654],[75.757,34.505],[74.24,34.749],[73.75,34.318],[74.104,33.441],[74.452,32.765],[75.259,32.271],[74.406,31.693],[74.421,30.98],[73.451,29.976],[72.824,28.962],[71.778,27.913],[70.616,27.989],[69.514,26.941],[70.169,26.492],[70.283,25.722],[70.845,25.215],[71.043,24.357],[68.843,24.359],[68.177,23.692],[69.35,22.843],[69.645,22.451],[69.164,22.089],[70.47,20.877],[71.175,20.757],[72.631,21.356],[72.824,20.42],[72.821,19.208],[73.12,17.929],[73.534,15.991],[74.444,14.617],[74.617,13.993],[74.865,12.742],[75.396,11.781],[75.746,11.308],[76.13,10.3],[76.593,8.899],[77.54,7.966],[77.941,8.253],[78.278,8.933],[79.19,9.217],[78.885,9.546],[79.341,10.309],[79.858,10.357],[79.863,12.056],[80.286,13.006],[80.233,13.836],[80.025,15.136],[80.325,15.899],[80.792,15.952],[81.693,16.31],[82.191,16.557],[82.193,17.017],[83.189,17.671],[83.941,18.302],[85.06,19.479],[86.499,20.152],[87.033,20.743],[86.976,21.496],[88.208,21.703],[88.889,21.691],[89.032,22.056],[88.876,22.879],[88.53,23.631],[88.7,24.234],[88.084,24.502],[88.306,24.866],[88.932,25.239],[88.21,25.768],[88.563,26.447],[89.355,26.014],[89.832,25.965],[89.921,25.27],[90.872,25.133],[91.8,25.147],[92.376,24.977],[91.915,24.13],[91.468,24.073],[91.159,23.504],[91.706,22.985],[91.87,23.624],[92.146,23.627],[92.673,22.041],[93.166,22.278],[93.06,22.703],[93.286,23.044],[93.325,24.079],[94.107,23.851],[94.553,24.675],[94.603,25.162],[95.155,26.001],[95.125,26.574],[96.419,27.265],[97.134,27.084],[97.052,27.699],[97.403,27.883],[97.327,28.262]]]},"properties":{"featurecla":"Admin-0 country","scalerank":1,"LABELRANK":2,"SOVEREIGNT":"India","SOV_A3":"IND","ADM0_DIF":0,"LEVEL":2,"TYPE":"Sovereign country","TLC":"1","ADMIN":"India","ADM0_A3":"IND","GEOU_DIF":0,"GEOUNIT":"India","GU_A3":"IND","SU_DIF":0,"SUBUNIT":"India","SU_A3":"IND","BRK_DIFF":0,"NAME":"India","NAME_LONG":"India","BRK_A3":"IND","BRK_NAME":"India","BRK_GROUP":"","ABBREV":"India","POSTAL":"IND","FORMAL_EN":"Republic of India","FORMAL_FR":"","NAME_CIAWF":"India","NOTE_ADM0":"","NOTE_BRK":"","NAME_SORT":"India","NAME_ALT":"","MAPCOLOR7":1,"MAPCOLOR8":3,"MAPCOLOR9":2,"MAPCOLOR13":2,"POP_EST":1366417754,"POP_RANK":18,"POP_YEAR":2019,"GDP_MD":2868929,"GDP_YEAR":2019,"ECONOMY":"3. Emerging region: BRIC","INCOME_GRP":"4. Lower middle income","FIPS_10":"IN","ISO_A2":"IN","ISO_A2_EH":"IN","ISO_A3":"IND","ISO_A3_EH":"IND","ISO_N3":"356","ISO_N3_EH":"356","UN_A3":"356","WB_A2":"IN","WB_A3":"IND","WOE_ID":23424848,"WOE_ID_EH":23424848,"WOE_NOTE":"Exact WOE match as country","ADM0_ISO":"IND","ADM0_DIFF":"","ADM0_TLC":"IND","ADM0_A3_US":"IND","ADM0_A3_FR":"IND","ADM0_A3_RU":"IND","ADM0_A3_ES":"IND","ADM0_A3_CN":"IND","ADM0_A3_TW":"IND","ADM0_A3_IN":"IND","ADM0_A3_NP":"IND","ADM0_A3_PK":"IND","ADM0_A3_DE":"IND","ADM0_A3_GB":"IND","ADM0_A3_BR":"IND","ADM0_A3_IL":"IND","ADM0_A3_PS":"IND","ADM0_A3_SA":"IND","ADM0_A3_EG":"IND","ADM0_A3_MA":"IND","ADM0_A3_PT":"IND","ADM0_A3_AR":"IND","ADM0_A3_JP":"IND","ADM0_A3_KO":"IND","ADM0_A3_VN":"IND","ADM0_A3_TR":"IND","ADM0_A3_ID":"IND","ADM0_A3_PL":"IND","ADM0_A3_GR":"IND","ADM0_A3_IT":"IND","ADM0_A3_NL":"IND","ADM0_A3_SE":"IND","ADM0_A3_BD":"IND","ADM0_A3_UA":"IND","ADM0_A3_UN":-99,"ADM0_A3_WB":-99,"CONTINENT":"Asia","REGION_UN":"Asia","SUBREGION":"Southern Asia","REGION_WB":"South Asia","NAME_LEN":5,"LONG_LEN":5,"ABBREV_LEN":5,"TINY":-99,"HOMEPART":1,"MIN_ZOOM":0,"MIN_LABEL":1.7,"MAX_LABEL":6.7,"LABEL_X":79.358105,"LABEL_Y":22.686852,"NE_ID":1159320847,"WIKIDATAID":"Q668","NAME_AR":"الهند","NAME_BN":"ভারত","NAME_DE":"Indien","NAME_EN":"India","NAME_ES":"India","NAME_FA":"هند","NAME_FR":"Inde","NAME_EL":"Ινδία","NAME_HE":"הודו","NAME_HI":"भारत","NAME_HU":"India","NAME_ID":"India","NAME_IT":"India","NAME_JA":"インド","NAME_KO":"인도","NAME_NL":"India","NAME_PL":"Indie","NAME_PT":"Índia","NAME_RU":"Индия","NAME_SV":"Indien","NAME_TR":"Hindistan","NAME_UK":"Індія","NAME_UR":"بھارت","NAME_VI":"Ấn Độ","NAME_ZH":"印度","NAME_ZHT":"印度","FCLASS_ISO":"Admin-0 country","TLC_DIFF":"","FCLASS_TLC":"Admin-0 country","FCLASS_US":"","FCLASS_FR":"","FCLASS_RU":"","FCLASS_ES":"","FCLASS_CN":"","FCLASS_TW":"","FCLASS_IN":"","FCLASS_NP":"","FCLASS_PK":"","FCLASS_DE":"","FCLASS_GB":"","FCLASS_BR":"","FCLASS_IL":"","FCLASS_PS":"","FCLASS_SA":"","FCLASS_EG":"","FCLASS_MA":"","FCLASS_PT":"","FCLASS_AR":"","FCLASS_JP":"","FCLASS_KO":"","FCLASS_VN":"","FCLASS_TR":"","FCLASS_ID":"","FCLASS_PL":"","FCLASS_GR":"","FCLASS_IT":"","FCLASS_NL":"","FCLASS_SE":"","FCLASS_BD":"","FCLASS_UA":""}},
{"type":"Feature","geometry":{"type":"Polygon","coordinates":[[[92.673,22.041],[92.146,23.627],[91.87,23.624],[91.706,22.985],[91.159,23.504],[91.468,24.073],[91.915,24.13],[92.376,24.977],[91.8,25.147],[90.872,25.133],[89.921,25.27],[89.832,25.965],[89.355,26.014],[88.563,26.447],[88.21,25.768],[88.932,25.239],[88.306,24.866],[88.084,24.502],[88.7,24.234],[88.53,23.631],[88.876,22.879],[89.032,22.056],[89.419,21.966],[89.702,21.857],[89.847,22.039],[90.273,21.836],[90.587,22.393],[90.496,22.805],[91.417,22.765],[91.835,22.183],[92.025,21.702],[92.083,21.192],[92.369,20.671],[92.303,21.475],[92.652,21.324],[92.673,22.041]]]},"properties":{"featurecla":"Admin-0 country","scalerank":1,"LABELRANK":3,"SOVEREIGNT":"Bangladesh","SOV_A3":"BGD","ADM0_DIF":0,"LEVEL":2,"TYPE":"Sovereign country","TLC":"1","ADMIN":"Bangladesh","ADM0_A3":"BGD","GEOU_DIF":0,"GEOUNIT":"Bangladesh","GU_A3":"BGD","SU_DIF":0,"SUBUNIT":"Bangladesh","SU_A3":"BGD","BRK_DIFF":0,"NAME":"Bangladesh","NAME_LONG":"Bangladesh","BRK_A3":"BGD","BRK_NAME":"Bangladesh","BRK_GROUP":"","ABBREV":"Bang.","POSTAL":"BD","FORMAL_EN":"People's Republic of Bangladesh","FORMAL_FR":"","NAME_CIAWF":"Bangladesh","NOTE_ADM0":"","NOTE_BRK":"","NAME_SORT":"Bangladesh","NAME_ALT":"","MAPCOLOR7":3,"MAPCOLOR8":4,"MAPCOLOR9":7,"MAPCOLOR13":7,"POP_EST":163046161,"POP_RANK":17,"POP_YEAR":2019,"GDP_MD":302571,"GDP_YEAR":2019,"ECONOMY":"7. Least developed region","INCOME_GRP":"5. Low income","FIPS_10":"BG","ISO_A2":"BD","ISO_A2_EH":"BD","ISO_A3":"BGD","ISO_A3_EH":"BGD","ISO_N3":"050","ISO_N3_EH":"050","UN_A3":"050","WB_A2":"BD","WB_A3":"BGD","WOE_ID":23424759,"WOE_ID_EH":23424759,"WOE_NOTE":"Exact WOE match as country","ADM0_ISO":"BGD","ADM0_DIFF":"","ADM0_TLC":"BGD","ADM0_A3_US":"BGD","ADM0_A3_FR":"BGD","ADM0_A3_RU":"BGD","ADM0_A3_ES":"BGD","ADM0_A3_CN":"BGD","ADM0_A3_TW":"BGD","ADM0_A3_IN":"BGD","ADM0_A3_NP":"BGD","ADM0_A3_PK":"BGD","ADM0_A3_DE":"BGD","ADM0_A3_GB":"BGD","ADM0_A3_BR":"BGD","ADM0_A3_IL":"BGD","ADM0_A3_PS":"BGD","ADM0_A3_SA":"BGD","ADM0_A3_EG":"BGD","ADM0_A3_MA":"BGD","ADM0_A3_PT":"BGD","ADM0_A3_AR":"BGD","ADM0_A3_JP":"BGD","ADM0_A3_KO":"BGD","ADM0_A3_VN":"BGD","ADM0_A3_TR":"BGD","ADM0_A3_ID":"BGD","ADM0_A3_PL":"BGD","ADM0_A3_GR":"BGD","ADM0_A3_IT":"BGD","ADM0_A3_NL":"BGD","ADM0_A3_SE":"BGD","ADM0_A3_BD":"BGD","ADM0_A3_UA":"BGD","ADM0_A3_UN":-99,"ADM0_A3_WB":-99,"CONTINENT":"Asia","REGION_UN":"Asia","SUBREGION":"Southern Asia","REGION_WB":"South Asia","NAME_LEN":10,"LONG_LEN":10,"ABBREV_LEN":5,"TINY":-99,"HOMEPART":1,"MIN_ZOOM":0,"MIN_LABEL":3,"MAX_LABEL":8,"LABEL_X":89.684963,"LABEL_Y":24.214956,"NE_ID":1159320407,"WIKIDATAID":"Q902","NAME_AR":"بنغلاديش","NAME_BN":"বাংলাদেশ","NAME_DE":"Bangladesch","NAME_EN":"Bangladesh","NAME_ES":"Bangladés","NAME_FA":"بنگلادش","NAME_FR":"Bangladesh","NAME_EL":"Μπανγκλαντές","NAME_HE":"בנגלדש","NAME_HI":"बांग्लादेश","NAME_HU":"Banglades","NAME_ID":"Bangladesh","NAME_IT":"Bangladesh","NAME_JA":"バングラデシュ","NAME_KO":"방글라데시","NAME_NL":"Bangladesh","NAME_PL":"Bangladesz","NAME_PT":"Bangladesh","NAME_RU":"Бангладеш","NAME_SV":"Bangladesh","NAME_TR":"Bangladeş","NAME_UK":"Бангладеш","NAME_UR":"بنگلہ دیش","NAME_VI":"Bangladesh","NAME_ZH":"孟加拉国","NAME_ZHT":"孟加拉","FCLASS_ISO":"Admin-0 country","TLC_DIFF":"","FCLASS_TLC":"Admin-0 country","FCLASS_US":"","FCLASS_FR":"","FCLASS_RU":"","FCLASS_ES":"","FCLASS_CN":"","FCLASS_TW":"","FCLASS_IN":"","FCLASS_NP":"","FCLASS_PK":"","FCLASS_DE":"","FCLASS_GB":"","FCLASS_BR":"","FCLASS_IL":"","FCLASS_PS":"","FCLASS_SA":"","FCLASS_EG":"","FCLASS_MA":"","FCLASS_PT":"","FCLASS_AR":"","FCLASS_JP":"","FCLASS_KO":"","FCLASS_VN":"","FCLASS_TR":"","FCLASS_ID":"","FCLASS_PL":"","FCLASS_GR":"","FCLASS_IT":"","FCLASS_NL":"","FCLASS_SE":"","FCLASS_BD":"","FCLASS_UA":""}},
{"type":"Feature","geometry":{"type":"Polygon","coordinates":[[[91.697,27.772],[91.259,28.041],[90.731,28.065],[90.016,28.296],[89.476,28.043],[88.814,27.299],[88.836,27.099],[89.745,26.719],[90.373,26.876],[91.218,26.809],[92.033,26.838],[92.104,27.453],[91.697,27.772]]]},"properties":{"featurecla":"Admin-0 country","scalerank":1,"LABELRANK":5,"SOVEREIGNT":"Bhutan","SOV_A3":"BTN","ADM0_DIF":0,"LEVEL":2,"TYPE":"Sovereign country","TLC":"1","ADMIN":"Bhutan","ADM0_A3":"BTN","GEOU_DIF":0,"GEOUNIT":"Bhutan","GU_A3":"BTN","SU_DIF":0,"SUBUNIT":"Bhutan","SU_A3":"BTN","BRK_DIFF":0,"NAME":"Bhutan","NAME_LONG":"Bhutan","BRK_A3":"BTN","BRK_NAME":"Bhutan","BRK_GROUP":"","ABBREV":"Bhutan","POSTAL":"BT","FORMAL_EN":"Kingdom of Bhutan","FORMAL_FR":"","NAME_CIAWF":"Bhutan","NOTE_ADM0":"","NOTE_BRK":"","NAME_SORT":"Bhutan","NAME_ALT":"","MAPCOLOR7":5,"MAPCOLOR8":6,"MAPCOLOR9":1,"MAPCOLOR13":8,"POP_EST":763092,"POP_RANK":11,"POP_YEAR":2019,"GDP_MD":2530,"GDP_YEAR":2019,"ECONOMY":"7. Least developed region","INCOME_GRP":"4. Lower middle income","FIPS_10":"BT","ISO_A2":"BT","ISO_A2_EH":"BT","ISO_A3":"BTN","ISO_A3_EH":"BTN","ISO_N3":"064","ISO_N3_EH":"064","UN_A3":"064","WB_A2":"BT","WB_A3":"BTN","WOE_ID":23424770,"WOE_ID_EH":23424770,"WOE_NOTE":"Exact WOE match as country","ADM0_ISO":"BTN","ADM0_DIFF":"","ADM0_TLC":"BTN","ADM0_A3_US":"BTN","ADM0_A3_FR":"BTN","ADM0_A3_RU":"BTN","ADM0_A3_ES":"BTN","ADM0_A3_CN":"BTN","ADM0_A3_TW":"BTN","ADM0_A3_IN":"BTN","ADM0_A3_NP":"BTN","ADM0_A3_PK":"BTN","ADM0_A3_DE":"BTN","ADM0_A3_GB":"BTN","ADM0_A3_BR":"BTN","ADM0_A3_IL":"BTN","ADM0_A3_PS":"BTN","ADM0_A3_SA":"BTN","ADM0_A3_EG":"BTN","ADM0_A3_MA":"BTN","ADM0_A3_PT":"BTN","ADM0_A3_AR":"BTN","ADM0_A3_JP":"BTN","ADM0_A3_KO":"BTN","ADM0_A3_VN":"BTN","ADM0_A3_TR":"BTN","ADM0_A3_ID":"BTN","ADM0_A3_PL":"BTN","ADM0_A3_GR":"BTN","ADM0_A3_IT":"BTN","ADM0_A3_NL":"BTN","ADM0_A3_SE":"BTN","ADM0_A3_BD":"BTN","ADM0_A3_UA":"BTN","ADM0_A3_UN":-99,"ADM0_A3_WB":-99,"CONTINENT":"Asia","REGION_UN":"Asia","SUBREGION":"Southern Asia","REGION_WB":"South Asia","NAME_LEN":6,"LONG_LEN":6,"ABBREV_LEN":6,"TINY":-99,"HOMEPART":1,"MIN_ZOOM":0,"MIN_LABEL":4,"MAX_LABEL":9,"LABEL_X":90.040294,"LABEL_Y":27.536685,"NE_ID":1159320453,"WIKIDATAID":"Q917","NAME_AR":"بوتان","NAME_BN":"ভুটান","NAME_DE":"Bhutan","NAME_EN":"Bhutan","NAME_ES":"Bután","NAME_FA":"بوتان","NAME_FR":"Bhoutan","NAME_EL":"Μπουτάν","NAME_HE":"בהוטן","NAME_HI":"भूटान","NAME_HU":"Bhután","NAME_ID":"Bhutan","NAME_IT":"Bhutan","NAME_JA":"ブータン","NAME_KO":"부탄","NAME_NL":"Bhutan","NAME_PL":"Bhutan","NAME_PT":"Butão","NAME_RU":"Бутан","NAME_SV":"Bhutan","NAME_TR":"Bhutan","NAME_UK":"Бутан","NAME_UR":"بھوٹان","NAME_VI":"Bhutan","NAME_ZH":"不丹","NAME_ZHT":"不丹","FCLASS_ISO":"Admin-0 country","TLC_DIFF":"","FCLASS_TLC":"Admin-0 country","FCLASS_US":"","FCLASS_FR":"","FCLASS_RU":"","FCLASS_ES":"","FCLASS_CN":"","FCLASS_TW":"","FCLASS_IN":"","FCLASS_NP":"","FCLASS_PK":"","FCLASS_DE":"","FCLASS_GB":"","FCLASS_BR":"","FCLASS_IL":"","FCLASS_PS":"","FCLASS_SA":"","FCLASS_EG":"","FCLASS_MA":"","FCLASS_PT":"","FCLASS_AR":"","FCLASS_JP":"","FCLASS_KO":"","FCLASS_VN":"","FCLASS_TR":"","FCLASS_ID":"","FCLASS_PL":"","FCLASS_GR":"","FCLASS_IT":"","FCLASS_NL":"","FCLASS_SE":"","FCLASS_BD":"","FCLASS_UA":""}},
{"type":"Feature","geometry":{"type":"Polygon","coordinates":[[[88.12,27.877],[86.955,27.974],[85.823,28.204],[85.012,28.643],[84.235,28.84],[83.899,29.32],[83.337,29.464],[82.328,30.115],[81.526,30.423],[81.111,30.183],[80.477,29.73],[80.088,28.794],[81.057,28.416],[82,27.925],[83.304,27.365],[84.675,27.235],[85.252,26.726],[86.024,26.631],[87.227,26.398],[88.06,26.415],[88.175,26.81],[88.043,27.446],[88.12,27.877]]]},"properties":{"featurecla":"Admin-0 country","scalerank":1,"LABELRANK":3,"SOVEREIGNT":"Nepal","SOV_A3":"NPL","ADM0_DIF":0,"LEVEL":2,"TYPE":"Sovereign country","TLC":"1","ADMIN":"Nepal","ADM0_A3":"NPL","GEOU_DIF":0,"GEOUNIT":"Nepal","GU_A3":"NPL","SU_DIF":0,"SUBUNIT":"Nepal","SU_A3":"NPL","BRK_DIFF":0,"NAME":"Nepal","NAME_LONG":"Nepal","BRK_A3":"NPL","BRK_NAME":"Nepal","BRK_GROUP":"","ABBREV":"Nepal","POSTAL":"NP","FORMAL_EN":"Nepal","FORMAL_FR":"","NAME_CIAWF":"Nepal","NOTE_ADM0":"","NOTE_BRK":"","NAME_SORT":"Nepal","NAME_ALT":"","MAPCOLOR7":2,"MAPCOLOR8":2,"MAPCOLOR9":3,"MAPCOLOR13":12,"POP_EST":28608710,"POP_RANK":15,"POP_YEAR":2019,"GDP_MD":30641,"GDP_YEAR":2019,"ECONOMY":"7. Least developed region","INCOME_GRP":"5. Low income","FIPS_10":"NP","ISO_A2":"NP","ISO_A2_EH":"NP","ISO_A3":"NPL","ISO_A3_EH":"NPL","ISO_N3":"524","ISO_N3_EH":"524","UN_A3":"524","WB_A2":"NP","WB_A3":"NPL","WOE_ID":23424911,"WOE_ID_EH":23424911,"WOE_NOTE":"Exact WOE match as country","ADM0_ISO":"NPL","ADM0_DIFF":"","ADM0_TLC":"NPL","ADM0_A3_US":"NPL","ADM0_A3_FR":"NPL","ADM0_A3_RU":"NPL","ADM0_A3_ES":"NPL","ADM0_A3_CN":"NPL","ADM0_A3_TW":"NPL","ADM0_A3_IN":"NPL","ADM0_A3_NP":"NPL","ADM0_A3_PK":"NPL","ADM0_A3_DE":"NPL","ADM0_A3_GB":"NPL","ADM0_A3_BR":"NPL","ADM0_A3_IL":"NPL","ADM0_A3_PS":"NPL","ADM0_A3_SA":"NPL","ADM0_A3_EG":"NPL","ADM0_A3_MA":"NPL","ADM0_A3_PT":"NPL","ADM0_A3_AR":"NPL","ADM0_A3_JP":"NPL","ADM0_A3_KO":"NPL","ADM0_A3_VN":"NPL","ADM0_A3_TR":"NPL","ADM0_A3_ID":"NPL","ADM0_A3_PL":"NPL","ADM0_A3_GR":"NPL","ADM0_A3_IT":"NPL","ADM0_A3_NL":"NPL","ADM0_A3_SE":"NPL","ADM0_A3_BD":"NPL","ADM0_A3_UA":"NPL","ADM0_A3_UN":-99,"ADM0_A3_WB":-99,"CONTINENT":"Asia","REGION_UN":"Asia","SUBREGION":"Southern Asia","REGION_WB":"South Asia","NAME_LEN":5,"LONG_LEN":5,"ABBREV_LEN":5,"TINY":-99,"HOMEPART":1,"MIN_ZOOM":0,"MIN_LABEL":3,"MAX_LABEL":8,"LABEL_X":83.639914,"LABEL_Y":28.297925,"NE_ID":1159321121,"WIKIDATAID":"Q837","NAME_AR":"نيبال","NAME_BN":"নেপাল","NAME_DE":"Nepal","NAME_EN":"Nepal","NAME_ES":"Nepal","NAME_FA":"نپال","NAME_FR":"Népal","NAME_EL":"Νεπάλ","NAME_HE":"נפאל","NAME_HI":"नेपाल","NAME_HU":"Nepál","NAME_ID":"Nepal","NAME_IT":"Nepal","NAME_JA":"ネパール","NAME_KO":"네팔","NAME_NL":"Nepal","NAME_PL":"Nepal","NAME_PT":"Nepal","NAME_RU":"Непал","NAME_SV":"Nepal","NAME_TR":"Nepal","NAME_UK":"Непал","NAME_UR":"نیپال","NAME_VI":"Nepal","NAME_ZH":"尼泊尔","NAME_ZHT":"尼泊爾","FCLASS_ISO":"Admin-0 country","TLC_DIFF":"","FCLASS_TLC":"Admin-0 country","FCLASS_US":"","FCLASS_FR":"","FCLASS_RU":"","FCLASS_ES":"","FCLASS_CN":"","FCLASS_TW":"","FCLASS_IN":"","FCLASS_NP":"","FCLASS_PK":"","FCLASS_DE":"","FCLASS_GB":"","FCLASS_BR":"","FCLASS_IL":"","FCLASS_PS":"","FCLASS_SA":"","FCLASS_EG":"","FCLASS_MA":"","FCLASS_PT":"","FCLASS_AR":"","FCLASS_JP":"","FCLASS_KO":"","FCLASS_VN":"","FCLASS_TR":"","FCLASS_ID":"","FCLASS_PL":"","FCLASS_GR":"","FCLASS_IT":"","FCLASS_NL":"","FCLASS_SE":"","FCLASS_BD":"","FCLASS_UA":""}},
{"type":"Feature","geometry":{"type":"Polygon","coordinates":[[[77.837,35.494],[76.193,35.898],[75.897,36.667],[75.158,37.133],[74.576,37.021],[74.068,36.836],[72.92,36.72],[71.846,36.51],[71.262,36.074],[71.499,35.651],[71.613,35.153],[71.115,34.733],[71.157,34.349],[70.882,33.989],[69.931,34.02],[70.324,33.359],[69.687,33.105],[69.263,32.502],[69.318,31.901],[68.927,31.62],[68.557,31.713],[67.793,31.583],[67.683,31.303],[66.939,31.305],[66.381,30.739],[66.346,29.888],[65.047,29.472],[64.35,29.56],[64.148,29.341],[63.55,29.468],[62.55,29.319],[60.874,29.829],[61.369,29.303],[61.772,28.699],[62.728,28.26],[62.755,27.379],[63.234,27.217],[63.317,26.757],[61.874,26.24],[61.497,25.078],[62.906,25.218],[64.53,25.237],[66.373,25.425],[67.145,24.664],[67.444,23.945],[68.177,23.692],[68.843,24.359],[71.043,24.357],[70.845,25.215],[70.283,25.722],[70.169,26.492],[69.514,26.941],[70.616,27.989],[71.778,27.913],[72.824,28.962],[73.451,29.976],[74.421,30.98],[74.406,31.693],[75.259,32.271],[74.452,32.765],[74.104,33.441],[73.75,34.318],[74.24,34.749],[75.757,34.505],[76.872,34.654],[77.837,35.494]]]},"properties":{"featurecla":"Admin-0 country","scalerank":1,"LABELRANK":2,"SOVEREIGNT":"Pakistan","SOV_A3":"PAK","ADM0_DIF":0,"LEVEL":2,"TYPE":"Sovereign country","TLC":"1","ADMIN":"Pakistan","ADM0_A3":"PAK","GEOU_DIF":0,"GEOUNIT":"Pakistan","GU_A3":"PAK","SU_DIF":0,"SUBUNIT":"Pakistan","SU_A3":"PAK","BRK_DIFF":0,"NAME":"Pakistan","NAME_LONG":"Pakistan","BRK_A3":"PAK","BRK_NAME":"Pakistan","BRK_GROUP":"","ABBREV":"Pak.","POSTAL":"PK","FORMAL_EN":"Islamic Republic of Pakistan","FORMAL_FR":"","NAME_CIAWF":"Pakistan","NOTE_ADM0":"","NOTE_BRK":"","NAME_SORT":"Pakistan","NAME_ALT":"","MAPCOLOR7":2,"MAPCOLOR8":2,"MAPCOLOR9":3,"MAPCOLOR13":11,"POP_EST":216565318,"POP_RANK":17,"POP_YEAR":2019,"GDP_MD":278221,"GDP_YEAR":2019,"ECONOMY":"5. Emerging region: G20","INCOME_GRP":"4. Lower middle income","FIPS_10":"PK","ISO_A2":"PK","ISO_A2_EH":"PK","ISO_A3":"PAK","ISO_A3_EH":"PAK","ISO_N3":"586","ISO_N3_EH":"586","UN_A3":"586","WB_A2":"PK","WB_A3":"PAK","WOE_ID":23424922,"WOE_ID_EH":23424922,"WOE_NOTE":"Exact WOE match as country","ADM0_ISO":"PAK","ADM0_DIFF":"","ADM0_TLC":"PAK","ADM0_A3_US":"PAK","ADM0_A3_FR":"PAK","ADM0_A3_RU":"PAK","ADM0_A3_ES":"PAK","ADM0_A3_CN":"PAK","ADM0_A3_TW":"PAK","ADM0_A3_IN":"PAK","ADM0_A3_NP":"PAK","ADM0_A3_PK":"PAK","ADM0_A3_DE":"PAK","ADM0_A3_GB":"PAK","ADM0_A3_BR":"PAK","ADM0_A3_IL":"PAK","ADM0_A3_PS":"PAK","ADM0_A3_SA":"PAK","ADM0_A3_EG":"PAK","ADM0_A3_MA":"PAK","ADM0_A3_PT":"PAK","ADM0_A3_AR":"PAK","ADM0_A3_JP":"PAK","ADM0_A3_KO":"PAK","ADM0_A3_VN":"PAK","ADM0_A3_TR":"PAK","ADM0_A3_ID":"PAK","ADM0_A3_PL":"PAK","ADM0_A3_GR":"PAK","ADM0_A3_IT":"PAK","ADM0_A3_NL":"PAK","ADM0_A3_SE":"PAK","ADM0_A3_BD":"PAK","ADM0_A3_UA":"PAK","ADM0_A3_UN":-99,"ADM0_A3_WB":-99,"CONTINENT":"Asia","REGION_UN":"Asia","SUBREGION":"Southern Asia","REGION_WB":"South Asia","NAME_LEN":8,"LONG_LEN":8,"ABBREV_LEN":4,"TINY":-99,"HOMEPART":1,"MIN_ZOOM":0,"MIN_LABEL":2.7,"MAX_LABEL":7,"LABEL_X":68.545632,"LABEL_Y":29.328389,"NE_ID":1159321153,"WIKIDATAID":"Q843","NAME_AR":"باكستان","NAME_BN":"পাকিস্তান","NAME_DE":"Pakistan","NAME_EN":"Pakistan","NAME_ES":"Pakistán","NAME_FA":"پاکستان","NAME_FR":"Pakistan","NAME_EL":"Πακιστάν","NAME_HE":"פקיסטן","NAME_HI":"पाकिस्तान","NAME_HU":"Pakisztán","NAME_ID":"Pakistan","NAME_IT":"Pakistan","NAME_JA":"パキスタン","NAME_KO":"파키스탄","NAME_NL":"Pakistan","NAME_PL":"Pakistan","NAME_PT":"Paquistão","NAME_RU":"Пакистан","NAME_SV":"Pakistan","NAME_TR":"Pakistan","NAME_UK":"Пакистан","NAME_UR":"پاکستان","NAME_VI":"Pakistan","NAME_ZH":"巴基斯坦","NAME_ZHT":"巴基斯坦","FCLASS_ISO":"Admin-0 country","TLC_DIFF":"","FCLASS_TLC":"Admin-0 country","FCLASS_US":"","FCLASS_FR":"","FCLASS_RU":"","FCLASS_ES":"","FCLASS_CN":"","FCLASS_TW":"","FCLASS_IN":"","FCLASS_NP":"","FCLASS_PK":"","FCLASS_DE":"","FCLASS_GB":"","FCLASS_BR":"","FCLASS_IL":"","FCLASS_PS":"","FCLASS_SA":"","FCLASS_EG":"","FCLASS_MA":"","FCLASS_PT":"","FCLASS_AR":"","FCLASS_JP":"","FCLASS_KO":"","FCLASS_VN":"","FCLASS_TR":"","FCLASS_ID":"","FCLASS_PL":"","FCLASS_GR":"","FCLASS_IT":"","FCLASS_NL":"","FCLASS_SE":"","FCLASS_BD":"","FCLASS_UA":""}},
{"type":"Feature","geometry":{"type":"Polygon","coordinates":[[[66.519,37.363],[66.217,37.394],[65.746,37.661],[65.589,37.305],[64.746,37.112],[64.546,36.312],[63.983,36.008],[63.194,35.857],[62.985,35.404],[62.231,35.271],[61.211,35.65],[60.803,34.404],[60.528,33.676],[60.964,33.529],[60.536,32.981],[60.864,32.183],[60.942,31.548],[61.699,31.38],[61.781,30.736],[60.874,29.829],[62.55,29.319],[63.55,29.468],[64.148,29.341],[64.35,29.56],[65.047,29.472],[66.346,29.888],[66.381,30.739],[66.939,31.305],[67.683,31.303],[67.793,31.583],[68.557,31.713],[68.927,31.62],[69.318,31.901],[69.263,32.502],[69.687,33.105],[70.324,33.359],[69.931,34.02],[70.882,33.989],[71.157,34.349],[71.115,34.733],[71.613,35.153],[71.499,35.651],[71.262,36.074],[71.846,36.51],[72.92,36.72],[74.068,36.836],[74.576,37.021],[75.158,37.133],[74.98,37.42],[73.949,37.422],[73.26,37.495],[72.637,37.048],[72.193,36.948],[71.845,36.738],[71.449,37.066],[71.542,37.906],[71.239,37.953],[71.348,38.259],[70.807,38.486],[70.376,38.138],[70.271,37.735],[70.117,37.588],[69.519,37.609],[69.196,37.151],[68.859,37.344],[68.136,37.023],[67.83,37.145],[67.076,37.356],[66.519,37.363]]]},"properties":{"featurecla":"Admin-0 country","scalerank":1,"LABELRANK":3,"SOVEREIGNT":"Afghanistan","SOV_A3":"AFG","ADM0_DIF":0,"LEVEL":2,"TYPE":"Sovereign country","TLC":"1","ADMIN":"Afghanistan","ADM0_A3":"AFG","GEOU_DIF":0,"GEOUNIT":"Afghanistan","GU_A3":"AFG","SU_DIF":0,"SUBUNIT":"Afghanistan","SU_A3":"AFG","BRK_DIFF":0,"NAME":"Afghanistan","NAME_LONG":"Afghanistan","BRK_A3":"AFG","BRK_NAME":"Afghanistan","BRK_GROUP":"","ABBREV":"Afg.","POSTAL":"AF","FORMAL_EN":"Islamic State of Afghanistan","FORMAL_FR":"","NAME_CIAWF":"Afghanistan","NOTE_ADM0":"","NOTE_BRK":"","NAME_SORT":"Afghanistan","NAME_ALT":"","MAPCOLOR7":5,"MAPCOLOR8":6,"MAPCOLOR9":8,"MAPCOLOR13":7,"POP_EST":38041754,"POP_RANK":15,"POP_YEAR":2019,"GDP_MD":19291,"GDP_YEAR":2019,"ECONOMY":"7. Least developed region","INCOME_GRP":"5. Low income","FIPS_10":"AF","ISO_A2":"AF","ISO_A2_EH":"AF","ISO_A3":"AFG","ISO_A3_EH":"AFG","ISO_N3":"004","ISO_N3_EH":"004","UN_A3":"004","WB_A2":"AF","WB_A3":"AFG","WOE_ID":23424739,"WOE_ID_EH":23424739,"WOE_NOTE":"Exact WOE match as country","ADM0_ISO":"AFG","ADM0_DIFF":"","ADM0_TLC":"AFG","ADM0_A3_US":"AFG","ADM0_A3_FR":"AFG","ADM0_A3_RU":"AFG","ADM0_A3_ES":"AFG","ADM0_A3_CN":"AFG","ADM0_A3_TW":"AFG","ADM0_A3_IN":"AFG","ADM0_A3_NP":"AFG","ADM0_A3_PK":"AFG","ADM0_A3_DE":"AFG","ADM0_A3_GB":"AFG","ADM0_A3_BR":"AFG","ADM0_A3_IL":"AFG","ADM0_A3_PS":"AFG","ADM0_A3_SA":"AFG","ADM0_A3_EG":"AFG","ADM0_A3_MA":"AFG","ADM0_A3_PT":"AFG","ADM0_A3_AR":"AFG","ADM0_A3_JP":"AFG","ADM0_A3_KO":"AFG","ADM0_A3_VN":"AFG","ADM0_A3_TR":"AFG","ADM0_A3_ID":"AFG","ADM0_A3_PL":"AFG","ADM0_A3_GR":"AFG","ADM0_A3_IT":"AFG","ADM0_A3_NL":"AFG","ADM0_A3_SE":"AFG","ADM0_A3_BD":"AFG","ADM0_A3_UA":"AFG","ADM0_A3_UN":-99,"ADM0_A3_WB":-99,"CONTINENT":"Asia","REGION_UN":"Asia","SUBREGION":"Southern Asia","REGION_WB":"South Asia","NAME_LEN":11,"LONG_LEN":11,"ABBREV_LEN":4,"TINY":-99,"HOMEPART":1,"MIN_ZOOM":0,"MIN_LABEL":3,"MAX_LABEL":7,"LABEL_X":66.496586,"LABEL_Y":34.164262,"NE_ID":1159320319,"WIKIDATAID":"Q889","NAME_AR":"أفغانستان","NAME_BN":"আফগানিস্তান","NAME_DE":"Afghanistan","NAME_EN":"Afghanistan","NAME_ES":"Afganistán","NAME_FA":"افغانستان","NAME_FR":"Afghanistan","NAME_EL":"Αφγανιστάν","NAME_HE":"אפגניסטן","NAME_HI":"अफ़्गानिस्तान","NAME_HU":"Afganisztán","NAME_ID":"Afganistan","NAME_IT":"Afghanistan","NAME_JA":"アフガニスタン","NAME_KO":"아프가니스탄","NAME_NL":"Afghanistan","NAME_PL":"Afganistan","NAME_PT":"Afeganistão","NAME_RU":"Афганистан","NAME_SV":"Afghanistan","NAME_TR":"Afganistan","NAME_UK":"Афганістан","NAME_UR":"افغانستان","NAME_VI":"Afghanistan","NAME_ZH":"阿富汗","NAME_ZHT":"阿富汗","FCLASS_ISO":"Admin-0 country","TLC_DIFF":"","FCLASS_TLC":"Admin-0 country","FCLASS_US":"","FCLASS_FR":"","FCLASS_RU":"","FCLASS_ES":"","FCLASS_CN":"","FCLASS_TW":"","FCLASS_IN":"","FCLASS_NP":"","FCLASS_PK":"","FCLASS_DE":"","FCLASS_GB":"","FCLASS_BR":"","FCLASS_IL":"","FCLASS_PS":"","FCLASS_SA":"","FCLASS_EG":"","FCLASS_MA":"","FCLASS_PT":"","FCLASS_AR":"","FCLASS_JP":"","FCLASS_KO":"","FCLASS_VN":"","FCLASS_TR":"","FCLASS_ID":"","FCLASS_PL":"","FCLASS_GR":"","FCLASS_IT":"","FCLASS_NL":"","FCLASS_SE":"","FCLASS_BD":"","FCLASS_UA":""}},
{"type":"Feature","geometry":{"type":"Polygon","coordinates":[[[67.83,37.145],[68.136,37.023],[68.859,37.344],[69.196,37.151],[69.519,37.609],[70.117,37.588],[70.271,37.735],[70.376,38.138],[70.807,38.486],[71.348,38.259],[71.239,37.953],[71.542,37.906],[71.449,37.066],[71.845,36.738],[72.193,36.948],[72.637,37.048],[73.26,37.495],[73.949,37.422],[74.98,37.42],[74.83,37.99],[74.865,38.379],[74.258,38.607],[73.929,38.506],[73.675,39.431],[71.785,39.279],[70.549,39.604],[69.465,39.527],[69.56,40.103],[70.648,39.936],[71.014,40.244],[70.601,40.219],[70.458,40.496],[70.667,40.96],[69.329,40.728],[69.012,40.086],[68.536,39.533],[67.701,39.58],[67.442,39.14],[68.176,38.902],[68.392,38.157],[67.83,37.145]]]},"properties":{"featurecla":"Admin-0 country","scalerank":1,"LABELRANK":4,"SOVEREIGNT":"Tajikistan","SOV_A3":"TJK","ADM0_DIF":0,"LEVEL":2,"TYPE":"Sovereign country","TLC":"1","ADMIN":"Tajikistan","ADM0_A3":"TJK","GEOU_DIF":0,"GEOUNIT":"Tajikistan","GU_A3":"TJK","SU_DIF":0,"SUBUNIT":"Tajikistan","SU_A3":"TJK","BRK_DIFF":0,"NAME":"Tajikistan","NAME_LONG":"Tajikistan","BRK_A3":"TJK","BRK_NAME":"Tajikistan","BRK_GROUP":"","ABBREV":"Tjk.","POSTAL":"TJ","FORMAL_EN":"Republic of Tajikistan","FORMAL_FR":"","NAME_CIAWF":"Tajikistan","NOTE_ADM0":"","NOTE_BRK":"","NAME_SORT":"Tajikistan","NAME_ALT":"","MAPCOLOR7":3,"MAPCOLOR8":6,"MAPCOLOR9":2,"MAPCOLOR13":5,"POP_EST":9321018,"POP_RANK":13,"POP_YEAR":2019,"GDP_MD":8116,"GDP_YEAR":2019,"ECONOMY":"6. Developing region","INCOME_GRP":"5. Low income","FIPS_10":"TI","ISO_A2":"TJ","ISO_A2_EH":"TJ","ISO_A3":"TJK","ISO_A3_EH":"TJK","ISO_N3":"762","ISO_N3_EH":"762","UN_A3":"762","WB_A2":"TJ","WB_A3":"TJK","WOE_ID":23424961,"WOE_ID_EH":23424961,"WOE_NOTE":"Exact WOE match as country","ADM0_ISO":"TJK","ADM0_DIFF":"","ADM0_TLC":"TJK","ADM0_A3_US":"TJK","ADM0_A3_FR":"TJK","ADM0_A3_RU":"TJK","ADM0_A3_ES":"TJK","ADM0_A3_CN":"TJK","ADM0_A3_TW":"TJK","ADM0_A3_IN":"TJK","ADM0_A3_NP":"TJK","ADM0_A3_PK":"TJK","ADM0_A3_DE":"TJK","ADM0_A3_GB":"TJK","ADM0_A3_BR":"TJK","ADM0_A3_IL":"TJK","ADM0_A3_PS":"TJK","ADM0_A3_SA":"TJK","ADM0_A3_EG":"TJK","ADM0_A3_MA":"TJK","ADM0_A3_PT":"TJK","ADM0_A3_AR":"TJK","ADM0_A3_JP":"TJK","ADM0_A3_KO":"TJK","ADM0_A3_VN":"TJK","ADM0_A3_TR":"TJK","ADM0_A3_ID":"TJK","ADM0_A3_PL":"TJK","ADM0_A3_GR":"TJK","ADM0_A3_IT":"TJK","ADM0_A3_NL":"TJK","ADM0_A3_SE":"TJK","ADM0_A3_BD":"TJK","ADM0_A3_UA":"TJK","ADM0_A3_UN":-99,"ADM0_A3_WB":-99,"CONTINENT":"Asia","REGION_UN":"Asia","SUBREGION":"Central Asia","REGION_WB":"Europe & Central Asia","NAME_LEN":10,"LONG_LEN":10,"ABBREV_LEN":4,"TINY":-99,"HOMEPART":1,"MIN_ZOOM":0,"MIN_LABEL":4,"MAX_LABEL":9,"LABEL_X":72.587276,"LABEL_Y":38.199835,"NE_ID":1159321307,"WIKIDATAID":"Q863","NAME_AR":"طاجيكستان","NAME_BN":"তাজিকিস্তান","NAME_DE":"Tadschikistan","NAME_EN":"Tajikistan","NAME_ES":"Tayikistán","NAME_FA":"تاجیکستان","NAME_FR":"Tadjikistan","NAME_EL":"Τατζικιστάν","NAME_HE":"טג׳יקיסטן","NAME_HI":"ताजिकिस्तान","NAME_HU":"Tádzsikisztán","NAME_ID":"Tajikistan","NAME_IT":"Tagikistan","NAME_JA":"タジキスタン","NAME_KO":"타지키스탄","NAME_NL":"Tadzjikistan","NAME_PL":"Tadżykistan","NAME_PT":"Tajiquistão","NAME_RU":"Таджикистан","NAME_SV":"Tadzjikistan","NAME_TR":"Tacikistan","NAME_UK":"Таджикистан","NAME_UR":"تاجکستان","NAME_VI":"Tajikistan","NAME_ZH":"塔吉克斯坦","NAME_ZHT":"塔吉克","FCLASS_ISO":"Admin-0 country","TLC_DIFF":"","FCLASS_TLC":"Admin-0 country","FCLASS_US":"","FCLASS_FR":"","FCLASS_RU":"","FCLASS_ES":"","FCLASS_CN":"","FCLASS_TW":"","FCLASS_IN":"","FCLASS_NP":"","FCLASS_PK":"","FCLASS_DE":"","FCLASS_GB":"","FCLASS_BR":"","FCLASS_IL":"","FCLASS_PS":"","FCLASS_SA":"","FCLASS_EG":"","FCLASS_MA":"","FCLASS_PT":"","FCLASS_AR":"","FCLASS_JP":"","FCLASS_KO":"","FCLASS_VN":"","FCLASS_TR":"","FCLASS_ID":"","FCLASS_PL":"","FCLASS_GR":"","FCLASS_IT":"","FCLASS_NL":"","FCLASS_SE":"","FCLASS_BD":"","FCLASS_UA":""}},
{"type":"Feature","geometry":{"type":"Polygon","coordinates":[[[70.962,42.266],[71.259,42.168],[70.42,41.52],[71.158,41.144],[71.87,41.393],[73.055,40.866],[71.775,40.146],[71.014,40.244],[70.648,39.936],[69.56,40.103],[69.465,39.527],[70.549,39.604],[71.785,39.279],[73.675,39.431],[73.96,39.66],[73.822,39.894],[74.777,40.366],[75.468,40.562],[76.526,40.428],[76.904,41.066],[78.187,41.185],[78.544,41.582],[80.119,42.124],[80.26,42.35],[79.644,42.497],[79.142,42.856],[77.658,42.961],[76,42.988],[75.637,42.878],[74.213,43.298],[73.645,43.091],[73.49,42.501],[71.845,42.845],[71.186,42.704],[70.962,42.266]]]},"properties":{"featurecla":"Admin-0 country","scalerank":1,"LABELRANK":4,"SOVEREIGNT":"Kyrgyzstan","SOV_A3":"KGZ","ADM0_DIF":0,"LEVEL":2,"TYPE":"Sovereign country","TLC":"1","ADMIN":"Kyrgyzstan","ADM0_A3":"KGZ","GEOU_DIF":0,"GEOUNIT":"Kyrgyzstan","GU_A3":"KGZ","SU_DIF":0,"SUBUNIT":"Kyrgyzstan","SU_A3":"KGZ","BRK_DIFF":0,"NAME":"Kyrgyzstan","NAME_LONG":"Kyrgyzstan","BRK_A3":"KGZ","BRK_NAME":"Kyrgyzstan","BRK_GROUP":"","ABBREV":"Kgz.","POSTAL":"KG","FORMAL_EN":"Kyrgyz Republic","FORMAL_FR":"","NAME_CIAWF":"Kyrgyzstan","NOTE_ADM0":"","NOTE_BRK":"","NAME_SORT":"Kyrgyz Republic","NAME_ALT":"","MAPCOLOR7":5,"MAPCOLOR8":7,"MAPCOLOR9":7,"MAPCOLOR13":6,"POP_EST":6456900,"POP_RANK":13,"POP_YEAR":2019,"GDP_MD":8454,"GDP_YEAR":2019,"ECONOMY":"6. Developing region","INCOME_GRP":"5. Low income","FIPS_10":"KG","ISO_A2":"KG","ISO_A2_EH":"KG","ISO_A3":"KGZ","ISO_A3_EH":"KGZ","ISO_N3":"417","ISO_N3_EH":"417","UN_A3":"417","WB_A2":"KG","WB_A3":"KGZ","WOE_ID":23424864,"WOE_ID_EH":23424864,"WOE_NOTE":"Exact WOE match as country","ADM0_ISO":"KGZ","ADM0_DIFF":"","ADM0_TLC":"KGZ","ADM0_A3_US":"KGZ","ADM0_A3_FR":"KGZ","ADM0_A3_RU":"KGZ","ADM0_A3_ES":"KGZ","ADM0_A3_CN":"KGZ","ADM0_A3_TW":"KGZ","ADM0_A3_IN":"KGZ","ADM0_A3_NP":"KGZ","ADM0_A3_PK":"KGZ","ADM0_A3_DE":"KGZ","ADM0_A3_GB":"KGZ","ADM0_A3_BR":"KGZ","ADM0_A3_IL":"KGZ","ADM0_A3_PS":"KGZ","ADM0_A3_SA":"KGZ","ADM0_A3_EG":"KGZ","ADM0_A3_MA":"KGZ","ADM0_A3_PT":"KGZ","ADM0_A3_AR":"KGZ","ADM0_A3_JP":"KGZ","ADM0_A3_KO":"KGZ","ADM0_A3_VN":"KGZ","ADM0_A3_TR":"KGZ","ADM0_A3_ID":"KGZ","ADM0_A3_PL":"KGZ","ADM0_A3_GR":"KGZ","ADM0_A3_IT":"KGZ","ADM0_A3_NL":"KGZ","ADM0_A3_SE":"KGZ","ADM0_A3_BD":"KGZ","ADM0_A3_UA":"KGZ","ADM0_A3_UN":-99,"ADM0_A3_WB":-99,"CONTINENT":"Asia","REGION_UN":"Asia","SUBREGION":"Central Asia","REGION_WB":"Europe & Central Asia","NAME_LEN":10,"LONG_LEN":10,"ABBREV_LEN":4,"TINY":-99,"HOMEPART":1,"MIN_ZOOM":0,"MIN_LABEL":3,"MAX_LABEL":8,"LABEL_X":74.532637,"LABEL_Y":41.66854,"NE_ID":1159320977,"WIKIDATAID":"Q813","NAME_AR":"قيرغيزستان","NAME_BN":"কিরগিজস্তান","NAME_DE":"Kirgisistan","NAME_EN":"Kyrgyzstan","NAME_ES":"Kirguistán","NAME_FA":"قرقیزستان","NAME_FR":"Kirghizistan","NAME_EL":"Κιργιζία","NAME_HE":"קירגיזסטן","NAME_HI":"किर्गिज़स्तान","NAME_HU":"Kirgizisztán","NAME_ID":"Kirgizstan","NAME_IT":"Kirghizistan","NAME_JA":"キルギス","NAME_KO":"키르기스스탄","NAME_NL":"Kirgizië","NAME_PL":"Kirgistan","NAME_PT":"Quirguistão","NAME_RU":"Киргизия","NAME_SV":"Kirgizistan","NAME_TR":"Kırgızistan","NAME_UK":"Киргизстан","NAME_UR":"کرغیزستان","NAME_VI":"Kyrgyzstan","NAME_ZH":"吉尔吉斯斯坦","NAME_ZHT":"吉爾吉斯","FCLASS_ISO":"Admin-0 country","TLC_DIFF":"","FCLASS_TLC":"Admin-0 country","FCLASS_US":"","FCLASS_FR":"","FCLASS_RU":"","FCLASS_ES":"","FCLASS_CN":"","FCLASS_TW":"","FCLASS_IN":"","FCLASS_NP":"","FCLASS_PK":"","FCLASS_DE":"","FCLASS_GB":"","FCLASS_BR":"","FCLASS_IL":"","FCLASS_PS":"","FCLASS_SA":"","FCLASS_EG":"","FCLASS_MA":"","FCLASS_PT":"","FCLASS_AR":"","FCLASS_JP":"","FCLASS_KO":"","FCLASS_VN":"","FCLASS_TR":"","FCLASS_ID":"","FCLASS_PL":"","FCLASS_GR":"","FCLASS_IT":"","FCLASS_NL":"","FCLASS_SE":"","FCLASS_BD":"","FCLASS_UA":""}},
{"type":"Feature","geometry":{"type":"Polygon","coordinates":[[[52.502,41.783],[52.815,41.135],[52.917,41.868],[53.722,42.123],[54.008,41.551],[54.737,40.951],[53.858,40.631],[52.915,40.877],[52.694,40.034],[53.358,39.975],[53.101,39.291],[53.881,38.952],[53.736,37.906],[53.922,37.199],[54.8,37.392],[55.512,37.964],[56.18,37.935],[56.619,38.121],[57.33,38.029],[58.436,37.522],[59.235,37.413],[60.378,36.527],[61.123,36.492],[61.211,35.65],[62.231,35.271],[62.985,35.404],[63.194,35.857],[63.983,36.008],[64.546,36.312],[64.746,37.112],[65.589,37.305],[65.746,37.661],[66.217,37.394],[66.519,37.363],[66.546,37.975],[65.216,38.403],[64.17,38.892],[63.518,39.363],[62.374,40.054],[61.883,41.085],[61.547,41.266],[60.466,41.22],[60.083,41.425],[59.976,42.223],[58.629,42.752],[57.787,42.171],[56.932,41.826],[57.096,41.322],[55.968,41.309],[55.455,41.26],[54.755,42.044],[54.079,42.324],[52.944,42.116],[52.502,41.783]]]},"properties":{"featurecla":"Admin-0 country","scalerank":1,"LABELRANK":4,"SOVEREIGNT":"Turkmenistan","SOV_A3":"TKM","ADM0_DIF":0,"LEVEL":2,"TYPE":"Sovereign country","TLC":"1","ADMIN":"Turkmenistan","ADM0_A3":"TKM","GEOU_DIF":0,"GEOUNIT":"Turkmenistan","GU_A3":"TKM","SU_DIF":0,"SUBUNIT":"Turkmenistan","SU_A3":"TKM","BRK_DIFF":0,"NAME":"Turkmenistan","NAME_LONG":"Turkmenistan","BRK_A3":"TKM","BRK_NAME":"Turkmenistan","BRK_GROUP":"","ABBREV":"Turkm.","POSTAL":"TM","FORMAL_EN":"Turkmenistan","FORMAL_FR":"","NAME_CIAWF":"Turkmenistan","NOTE_ADM0":"","NOTE_BRK":"","NAME_SORT":"Turkmenistan","NAME_ALT":"","MAPCOLOR7":3,"MAPCOLOR8":2,"MAPCOLOR9":1,"MAPCOLOR13":9,"POP_EST":5942089,"POP_RANK":13,"POP_YEAR":2019,"GDP_MD":40761,"GDP_YEAR":2018,"ECONOMY":"6. Developing region","INCOME_GRP":"3. Upper middle income","FIPS_10":"TX","ISO_A2":"TM","ISO_A2_EH":"TM","ISO_A3":"TKM","ISO_A3_EH":"TKM","ISO_N3":"795","ISO_N3_EH":"795","UN_A3":"795","WB_A2":"TM","WB_A3":"TKM","WOE_ID":23424972,"WOE_ID_EH":23424972,"WOE_NOTE":"Exact WOE match as country","ADM0_ISO":"TKM","ADM0_DIFF":"","ADM0_TLC":"TKM","ADM0_A3_US":"TKM","ADM0_A3_FR":"TKM","ADM0_A3_RU":"TKM","ADM0_A3_ES":"TKM","ADM0_A3_CN":"TKM","ADM0_A3_TW":"TKM","ADM0_A3_IN":"TKM","ADM0_A3_NP":"TKM","ADM0_A3_PK":"TKM","ADM0_A3_DE":"TKM","ADM0_A3_GB":"TKM","ADM0_A3_BR":"TKM","ADM0_A3_IL":"TKM","ADM0_A3_PS":"TKM","ADM0_A3_SA":"TKM","ADM0_A3_EG":"TKM","ADM0_A3_MA":"TKM","ADM0_A3_PT":"TKM","ADM0_A3_AR":"TKM","ADM0_A3_JP":"TKM","ADM0_A3_KO":"TKM","ADM0_A3_VN":"TKM","ADM0_A3_TR":"TKM","ADM0_A3_ID":"TKM","ADM0_A3_PL":"TKM","ADM0_A3_GR":"TKM","ADM0_A3_IT":"TKM","ADM0_A3_NL":"TKM","ADM0_A3_SE":"TKM","ADM0_A3_BD":"TKM","ADM0_A3_UA":"TKM","ADM0_A3_UN":-99,"ADM0_A3_WB":-99,"CONTINENT":"Asia","REGION_UN":"Asia","SUBREGION":"Central Asia","REGION_WB":"Europe & Central Asia","NAME_LEN":12,"LONG_LEN":12,"ABBREV_LEN":6,"TINY":-99,"HOMEPART":1,"MIN_ZOOM":0,"MIN_LABEL":3,"MAX_LABEL":8,"LABEL_X":58.676647,"LABEL_Y":39.855246,"NE_ID":1159321309,"WIKIDATAID":"Q874","NAME_AR":"تركمانستان","NAME_BN":"তুর্কমেনিস্তান","NAME_DE":"Turkmenistan","NAME_EN":"Turkmenistan","NAME_ES":"Turkmenistán","NAME_FA":"ترکمنستان","NAME_FR":"Turkménistan","NAME_EL":"Τουρκμενιστάν","NAME_HE":"טורקמניסטן","NAME_HI":"तुर्कमेनिस्तान","NAME_HU":"Türkmenisztán","NAME_ID":"Turkmenistan","NAME_IT":"Turkmenistan","NAME_JA":"トルクメニスタン","NAME_KO":"투르크메니스탄","NAME_NL":"Turkmenistan","NAME_PL":"Turkmenistan","NAME_PT":"Turquemenistão","NAME_RU":"Туркмения","NAME_SV":"Turkmenistan","NAME_TR":"Türkmenistan","NAME_UK":"Туркменістан","NAME_UR":"ترکمانستان","NAME_VI":"Turkmenistan","NAME_ZH":"土库曼斯坦","NAME_ZHT":"土庫曼","FCLASS_ISO":"Admin-0 country","TLC_DIFF":"","FCLASS_TLC":"Admin-0 country","FCLASS_US":"","FCLASS_FR":"","FCLASS_RU":"","FCLASS_ES":"","FCLASS_CN":"","FCLASS_TW":"","FCLASS_IN":"","FCLASS_NP":"","FCLASS_PK":"","FCLASS_DE":"","FCLASS_GB":"","FCLASS_BR":"","FCLASS_IL":"","FCLASS_PS":"","FCLASS_SA":"","FCLASS_EG":"","FCLASS_MA":"","FCLASS_PT":"","FCLASS_AR":"","FCLASS_JP":"","FCLASS_KO":"","FCLASS_VN":"","FCLASS_TR":"","FCLASS_ID":"","FCLASS_PL":"","FCLASS_GR":"","FCLASS_IT":"","FCLASS_NL":"","FCLASS_SE":"","FCLASS_BD":"","FCLASS_UA":""}},
{"type":"Feature","geometry":{"type":"Polygon","coordinates":[[[48.568,29.927],[48.941,30.317],[49.577,29.986],[50.115,30.148],[50.853,28.815],[51.521,27.866],[52.484,27.581],[53.493,26.812],[54.715,26.481],[55.724,26.965],[56.492,27.143],[56.971,26.966],[57.397,25.74],[58.526,25.61],[59.616,25.38],[61.497,25.078],[61.874,26.24],[63.317,26.757],[63.234,27.217],[62.755,27.379],[62.728,28.26],[61.772,28.699],[61.369,29.303],[60.874,29.829],[61.781,30.736],[61.699,31.38],[60.942,31.548],[60.864,32.183],[60.536,32.981],[60.964,33.529],[60.528,33.676],[60.803,34.404],[61.211,35.65],[61.123,36.492],[60.378,36.527],[59.235,37.413],[58.436,37.522],[57.33,38.029],[56.619,38.121],[56.18,37.935],[55.512,37.964],[54.8,37.392],[53.922,37.199],[53.826,36.965],[52.264,36.7],[50.842,36.873],[50.148,37.375],[49.2,37.583],[48.883,38.32],[48.634,38.27],[48.011,38.794],[48.356,39.289],[48.06,39.582],[47.685,39.508],[46.506,38.771],[46.144,38.741],[45.458,38.874],[44.953,39.336],[44.794,39.713],[44.109,39.428],[44.421,38.281],[44.226,37.972],[44.773,37.17],[45.421,35.978],[46.076,35.677],[46.152,35.093],[45.648,34.748],[45.417,33.968],[46.109,33.017],[47.335,32.469],[47.849,31.709],[47.685,30.985],[48.005,30.985],[48.015,30.452],[48.568,29.927]]]},"properties":{"featurecla":"Admin-0 country","scalerank":1,"LABELRANK":2,"SOVEREIGNT":"Iran","SOV_A3":"IRN","ADM0_DIF":0,"LEVEL":2,"TYPE":"Sovereign country","TLC":"1","ADMIN":"Iran","ADM0_A3":"IRN","GEOU_DIF":0,"GEOUNIT":"Iran","GU_A3":"IRN","SU_DIF":0,"SUBUNIT":"Iran","SU_A3":"IRN","BRK_DIFF":0,"NAME":"Iran","NAME_LONG":"Iran","BRK_A3":"IRN","BRK_NAME":"Iran","BRK_GROUP":"","ABBREV":"Iran","POSTAL":"IRN","FORMAL_EN":"Islamic Republic of Iran","FORMAL_FR":"","NAME_CIAWF":"Iran","NOTE_ADM0":"","NOTE_BRK":"","NAME_SORT":"Iran, Islamic Rep.","NAME_ALT":"","MAPCOLOR7":4,"MAPCOLOR8":3,"MAPCOLOR9":4,"MAPCOLOR13":13,"POP_EST":82913906,"POP_RANK":16,"POP_YEAR":2019,"GDP_MD":453996,"GDP_YEAR":2018,"ECONOMY":"5. Emerging region: G20","INCOME_GRP":"3. Upper middle income","FIPS_10":"IR","ISO_A2":"IR","ISO_A2_EH":"IR","ISO_A3":"IRN","ISO_A3_EH":"IRN","ISO_N3":"364","ISO_N3_EH":"364","UN_A3":"364","WB_A2":"IR","WB_A3":"IRN","WOE_ID":23424851,"WOE_ID_EH":23424851,"WOE_NOTE":"Exact WOE match as country","ADM0_ISO":"IRN","ADM0_DIFF":"","ADM0_TLC":"IRN","ADM0_A3_US":"IRN","ADM0_A3_FR":"IRN","ADM0_A3_RU":"IRN","ADM0_A3_ES":"IRN","ADM0_A3_CN":"IRN","ADM0_A3_TW":"IRN","ADM0_A3_IN":"IRN","ADM0_A3_NP":"IRN","ADM0_A3_PK":"IRN","ADM0_A3_DE":"IRN","ADM0_A3_GB":"IRN","ADM0_A3_BR":"IRN","ADM0_A3_IL":"IRN","ADM0_A3_PS":"IRN","ADM0_A3_SA":"IRN","ADM0_A3_EG":"IRN","ADM0_A3_MA":"IRN","ADM0_A3_PT":"IRN","ADM0_A3_AR":"IRN","ADM0_A3_JP":"IRN","ADM0_A3_KO":"IRN","ADM0_A3_VN":"IRN","ADM0_A3_TR":"IRN","ADM0_A3_ID":"IRN","ADM0_A3_PL":"IRN","ADM0_A3_GR":"IRN","ADM0_A3_IT":"IRN","ADM0_A3_NL":"IRN","ADM0_A3_SE":"IRN","ADM0_A3_BD":"IRN","ADM0_A3_UA":"IRN","ADM0_A3_UN":-99,"ADM0_A3_WB":-99,"CONTINENT":"Asia","REGION_UN":"Asia","SUBREGION":"Southern Asia","REGION_WB":"Middle East & North Africa","NAME_LEN":4,"LONG_LEN":4,"ABBREV_LEN":4,"TINY":-99,"HOMEPART":1,"MIN_ZOOM":0,"MIN_LABEL":2.5,"MAX_LABEL":6.7,"LABEL_X":54.931495,"LABEL_Y":32.166225,"NE_ID":1159320881,"WIKIDATAID":"Q794","NAME_AR":"إيران","NAME_BN":"ইরান","NAME_DE":"Iran","NAME_EN":"Iran","NAME_ES":"Irán","NAME_FA":"ایران","NAME_FR":"Iran","NAME_EL":"Ιράν","NAME_HE":"איראן","NAME_HI":"ईरान","NAME_HU":"Irán","NAME_ID":"Iran","NAME_IT":"Iran","NAME_JA":"イラン","NAME_KO":"이란","NAME_NL":"Iran","NAME_PL":"Iran","NAME_PT":"Irão","NAME_RU":"Иран","NAME_SV":"Iran","NAME_TR":"İran","NAME_UK":"Іран","NAME_UR":"ایران","NAME_VI":"Iran","NAME_ZH":"伊朗","NAME_ZHT":"伊朗","FCLASS_ISO":"Admin-0 country","TLC_DIFF":"","FCLASS_TLC":"Admin-0 country","FCLASS_US":"","FCLASS_FR":"","FCLASS_RU":"","FCLASS_ES":"","FCLASS_CN":"","FCLASS_TW":"","FCLASS_IN":"","FCLASS_NP":"","FCLASS_PK":"","FCLASS_DE":"","FCLASS_GB":"","FCLASS_BR":"","FCLASS_IL":"","FCLASS_PS":"","FCLASS_SA":"","FCLASS_EG":"","FCLASS_MA":"","FCLASS_PT":"","FCLASS_AR":"","FCLASS_JP":"","FCLASS_KO":"","FCLASS_VN":"","FCLASS_TR":"","FCLASS_ID":"","FCLASS_PL":"","FCLASS_GR":"","FCLASS_IT":"","FCLASS_NL":"","FCLASS_SE":"","FCLASS_BD":"","FCLASS_UA":""}},
{"type":"Feature","geometry":{"type":"Polygon","coordinates":[[[35.72,32.709],[36.834,32.313],[38.792,33.379],[41.006,34.419],[41.384,35.628],[41.29,36.359],[41.837,36.606],[42.35,37.23],[41.212,37.074],[40.673,37.091],[39.523,36.716],[38.7,36.713],[38.168,36.901],[37.067,36.623],[36.739,36.818],[36.685,36.26],[36.418,36.041],[36.15,35.822],[35.905,35.41],[35.998,34.645],[36.448,34.594],[36.612,34.202],[36.066,33.825],[35.821,33.277],[35.836,32.868],[35.701,32.716],[35.72,32.709]]]},"properties":{"featurecla":"Admin-0 country","scalerank":1,"LABELRANK":3,"SOVEREIGNT":"Syria","SOV_A3":"SYR","ADM0_DIF":0,"LEVEL":2,"TYPE":"Sovereign country","TLC":"1","ADMIN":"Syria","ADM0_A3":"SYR","GEOU_DIF":0,"GEOUNIT":"Syria","GU_A3":"SYR","SU_DIF":0,"SUBUNIT":"Syria","SU_A3":"SYR","BRK_DIFF":0,"NAME":"Syria","NAME_LONG":"Syria","BRK_A3":"SYR","BRK_NAME":"Syria","BRK_GROUP":"","ABBREV":"Syria","POSTAL":"SYR","FORMAL_EN":"Syrian Arab Republic","FORMAL_FR":"","NAME_CIAWF":"Syria","NOTE_ADM0":"","NOTE_BRK":"","NAME_SORT":"Syrian Arab Republic","NAME_ALT":"","MAPCOLOR7":2,"MAPCOLOR8":6,"MAPCOLOR9":2,"MAPCOLOR13":6,"POP_EST":17070135,"POP_RANK":14,"POP_YEAR":2019,"GDP_MD":98830,"GDP_YEAR":2015,"ECONOMY":"6. Developing region","INCOME_GRP":"4. Lower middle income","FIPS_10":"SY","ISO_A2":"SY","ISO_A2_EH":"SY","ISO_A3":"SYR","ISO_A3_EH":"SYR","ISO_N3":"760","ISO_N3_EH":"760","UN_A3":"760","WB_A2":"SY","WB_A3":"SYR","WOE_ID":23424956,"WOE_ID_EH":23424956,"WOE_NOTE":"Exact WOE match as country","ADM0_ISO":"SYR","ADM0_DIFF":"","ADM0_TLC":"SYR","ADM0_A3_US":"SYR","ADM0_A3_FR":"SYR","ADM0_A3_RU":"SYR","ADM0_A3_ES":"SYR","ADM0_A3_CN":"SYR","ADM0_A3_TW":"SYR","ADM0_A3_IN":"SYR","ADM0_A3_NP":"SYR","ADM0_A3_PK":"SYR","ADM0_A3_DE":"SYR","ADM0_A3_GB":"SYR","ADM0_A3_BR":"SYR","ADM0_A3_IL":"SYR","ADM0_A3_PS":"SYR","ADM0_A3_SA":"SYR","ADM0_A3_EG":"SYR","ADM0_A3_MA":"SYR","ADM0_A3_PT":"SYR","ADM0_A3_AR":"SYR","ADM0_A3_JP":"SYR","ADM0_A3_KO":"SYR","ADM0_A3_VN":"SYR","ADM0_A3_TR":"SYR","ADM0_A3_ID":"SYR","ADM0_A3_PL":"SYR","ADM0_A3_GR":"SYR","ADM0_A3_IT":"SYR","ADM0_A3_NL":"SYR","ADM0_A3_SE":"SYR","ADM0_A3_BD":"SYR","ADM0_A3_UA":"SYR","ADM0_A3_UN":-99,"ADM0_A3_WB":-99,"CONTINENT":"Asia","REGION_UN":"Asia","SUBREGION":"Western Asia","REGION_WB":"Middle East & North Africa","NAME_LEN":5,"LONG_LEN":5,"ABBREV_LEN":5,"TINY":-99,"HOMEPART":1,"MIN_ZOOM":0,"MIN_LABEL":3,"MAX_LABEL":8,"LABEL_X":38.277783,"LABEL_Y":35.006636,"NE_ID":1159321295,"WIKIDATAID":"Q858","NAME_AR":"سوريا","NAME_BN":"সিরিয়া","NAME_DE":"Syrien","NAME_EN":"Syria","NAME_ES":"Siria","NAME_FA":"سوریه","NAME_FR":"Syrie","NAME_EL":"Συρία","NAME_HE":"סוריה","NAME_HI":"सीरिया","NAME_HU":"Szíria","NAME_ID":"Suriah","NAME_IT":"Siria","NAME_JA":"シリア","NAME_KO":"시리아","NAME_NL":"Syrië","NAME_PL":"Syria","NAME_PT":"Síria","NAME_RU":"Сирия","NAME_SV":"Syrien","NAME_TR":"Suriye","NAME_UK":"Сирія","NAME_UR":"سوریہ","NAME_VI":"Syria","NAME_ZH":"叙利亚","NAME_ZHT":"敘利亞","FCLASS_ISO":"Admin-0 country","TLC_DIFF":"","FCLASS_TLC":"Admin-0 country","FCLASS_US":"","FCLASS_FR":"","FCLASS_RU":"","FCLASS_ES":"","FCLASS_CN":"","FCLASS_TW":"","FCLASS_IN":"","FCLASS_NP":"","FCLASS_PK":"","FCLASS_DE":"","FCLASS_GB":"","FCLASS_BR":"","FCLASS_IL":"","FCLASS_PS":"","FCLASS_SA":"","FCLASS_EG":"","FCLASS_MA":"","FCLASS_PT":"","FCLASS_AR":"","FCLASS_JP":"","FCLASS_KO":"","FCLASS_VN":"","FCLASS_TR":"","FCLASS_ID":"","FCLASS_PL":"","FCLASS_GR":"","FCLASS_IT":"","FCLASS_NL":"","FCLASS_SE":"","FCLASS_BD":"","FCLASS_UA":""}},
{"type":"Feature","geometry":{"type":"Polygon","coordinates":[[[46.506,38.771],[46.483,39.464],[46.035,39.628],[45.61,39.9],[45.892,40.218],[45.359,40.562],[45.56,40.812],[45.179,40.985],[44.972,41.248],[43.583,41.092],[43.753,40.74],[43.656,40.254],[44.4,40.005],[44.794,39.713],[45.002,39.74],[45.298,39.472],[45.74,39.474],[45.735,39.32],[46.144,38.741],[46.506,38.771]]]},"properties":{"featurecla":"Admin-0 country","scalerank":1,"LABELRANK":6,"SOVEREIGNT":"Armenia","SOV_A3":"ARM","ADM0_DIF":0,"LEVEL":2,"TYPE":"Sovereign country","TLC":"1","ADMIN":"Armenia","ADM0_A3":"ARM","GEOU_DIF":0,"GEOUNIT":"Armenia","GU_A3":"ARM","SU_DIF":0,"SUBUNIT":"Armenia","SU_A3":"ARM","BRK_DIFF":0,"NAME":"Armenia","NAME_LONG":"Armenia","BRK_A3":"ARM","BRK_NAME":"Armenia","BRK_GROUP":"","ABBREV":"Arm.","POSTAL":"ARM","FORMAL_EN":"Republic of Armenia","FORMAL_FR":"","NAME_CIAWF":"Armenia","NOTE_ADM0":"","NOTE_BRK":"","NAME_SORT":"Armenia","NAME_ALT":"","MAPCOLOR7":3,"MAPCOLOR8":1,"MAPCOLOR9":2,"MAPCOLOR13":10,"POP_EST":2957731,"POP_RANK":12,"POP_YEAR":2019,"GDP_MD":13672,"GDP_YEAR":2019,"ECONOMY":"6. Developing region","INCOME_GRP":"4. Lower middle income","FIPS_10":"AM","ISO_A2":"AM","ISO_A2_EH":"AM","ISO_A3":"ARM","ISO_A3_EH":"ARM","ISO_N3":"051","ISO_N3_EH":"051","UN_A3":"051","WB_A2":"AM","WB_A3":"ARM","WOE_ID":23424743,"WOE_ID_EH":23424743,"WOE_NOTE":"Exact WOE match as country","ADM0_ISO":"ARM","ADM0_DIFF":"","ADM0_TLC":"ARM","ADM0_A3_US":"ARM","ADM0_A3_FR":"ARM","ADM0_A3_RU":"ARM","ADM0_A3_ES":"ARM","ADM0_A3_CN":"ARM","ADM0_A3_TW":"ARM","ADM0_A3_IN":"ARM","ADM0_A3_NP":"ARM","ADM0_A3_PK":"ARM","ADM0_A3_DE":"ARM","ADM0_A3_GB":"ARM","ADM0_A3_BR":"ARM","ADM0_A3_IL":"ARM","ADM0_A3_PS":"ARM","ADM0_A3_SA":"ARM","ADM0_A3_EG":"ARM","ADM0_A3_MA":"ARM","ADM0_A3_PT":"ARM","ADM0_A3_AR":"ARM","ADM0_A3_JP":"ARM","ADM0_A3_KO":"ARM","ADM0_A3_VN":"ARM","ADM0_A3_TR":"ARM","ADM0_A3_ID":"ARM","ADM0_A3_PL":"ARM","ADM0_A3_GR":"ARM","ADM0_A3_IT":"ARM","ADM0_A3_NL":"ARM","ADM0_A3_SE":"ARM","ADM0_A3_BD":"ARM","ADM0_A3_UA":"ARM","ADM0_A3_UN":-99,"ADM0_A3_WB":-99,"CONTINENT":"Asia","REGION_UN":"Asia","SUBREGION":"Western Asia","REGION_WB":"Europe & Central Asia","NAME_LEN":7,"LONG_LEN":7,"ABBREV_LEN":4,"TINY":-99,"HOMEPART":1,"MIN_ZOOM":0,"MIN_LABEL":5,"MAX_LABEL":10,"LABEL_X":44.800564,"LABEL_Y":40.459077,"NE_ID":1159320333,"WIKIDATAID":"Q399","NAME_AR":"أرمينيا","NAME_BN":"আর্মেনিয়া","NAME_DE":"Armenien","NAME_EN":"Armenia","NAME_ES":"Armenia","NAME_FA":"ارمنستان","NAME_FR":"Arménie","NAME_EL":"Αρμενία","NAME_HE":"ארמניה","NAME_HI":"आर्मीनिया","NAME_HU":"Örményország","NAME_ID":"Armenia","NAME_IT":"Armenia","NAME_JA":"アルメニア","NAME_KO":"아르메니아","NAME_NL":"Armenië","NAME_PL":"Armenia","NAME_PT":"Arménia","NAME_RU":"Армения","NAME_SV":"Armenien","NAME_TR":"Ermenistan","NAME_UK":"Вірменія","NAME_UR":"آرمینیا","NAME_VI":"Armenia","NAME_ZH":"亚美尼亚","NAME_ZHT":"亞美尼亞","FCLASS_ISO":"Admin-0 country","TLC_DIFF":"","FCLASS_TLC":"Admin-0 country","FCLASS_US":"","FCLASS_FR":"","FCLASS_RU":"","FCLASS_ES":"","FCLASS_CN":"","FCLASS_TW":"","FCLASS_IN":"","FCLASS_NP":"","FCLASS_PK":"","FCLASS_DE":"","FCLASS_GB":"","FCLASS_BR":"","FCLASS_IL":"","FCLASS_PS":"","FCLASS_SA":"","FCLASS_EG":"","FCLASS_MA":"","FCLASS_PT":"","FCLASS_AR":"","FCLASS_JP":"","FCLASS_KO":"","FCLASS_VN":"","FCLASS_TR":"","FCLASS_ID":"","FCLASS_PL":"","FCLASS_GR":"","FCLASS_IT":"","FCLASS_NL":"","FCLASS_SE":"","FCLASS_BD":"","FCLASS_UA":""}},
{"type":"Feature","geometry":{"type":"Polygon","coordinates":[[[11.027,58.856],[11.788,57.442],[12.625,56.307],[12.943,55.362],[14.101,55.408],[14.667,56.201],[15.88,56.104],[16.448,57.041],[16.829,58.72],[17.869,58.954],[18.788,60.082],[17.831,60.637],[17.12,61.341],[17.848,62.749],[19.779,63.61],[21.37,64.414],[21.214,65.026],[22.183,65.724],[23.903,66.007],[23.566,66.396],[23.539,67.936],[21.979,68.617],[20.646,69.106],[20.025,69.065],[19.879,68.407],[17.994,68.567],[17.729,68.011],[16.769,68.014],[16.109,67.302],[15.108,66.194],[13.556,64.787],[13.92,64.445],[13.572,64.049],[12.58,64.066],[11.931,63.128],[11.992,61.8],[12.631,61.294],[12.3,60.118],[11.468,59.432],[11.027,58.856]]]},"properties":{"featurecla":"Admin-0 country","scalerank":1,"LABELRANK":3,"SOVEREIGNT":"Sweden","SOV_A3":"SWE","ADM0_DIF":0,"LEVEL":2,"TYPE":"Sovereign country","TLC":"1","ADMIN":"Sweden","ADM0_A3":"SWE","GEOU_DIF":0,"GEOUNIT":"Sweden","GU_A3":"SWE","SU_DIF":0,"SUBUNIT":"Sweden","SU_A3":"SWE","BRK_DIFF":0,"NAME":"Sweden","NAME_LONG":"Sweden","BRK_A3":"SWE","BRK_NAME":"Sweden","BRK_GROUP":"","ABBREV":"Swe.","POSTAL":"S","FORMAL_EN":"Kingdom of Sweden","FORMAL_FR":"","NAME_CIAWF":"Sweden","NOTE_ADM0":"","NOTE_BRK":"","NAME_SORT":"Sweden","NAME_ALT":"","MAPCOLOR7":1,"MAPCOLOR8":4,"MAPCOLOR9":2,"MAPCOLOR13":4,"POP_EST":10285453,"POP_RANK":14,"POP_YEAR":2019,"GDP_MD":530883,"GDP_YEAR":2019,"ECONOMY":"2. Developed region: nonG7","INCOME_GRP":"1. High income: OECD","FIPS_10":"SW","ISO_A2":"SE","ISO_A2_EH":"SE","ISO_A3":"SWE","ISO_A3_EH":"SWE","ISO_N3":"752","ISO_N3_EH":"752","UN_A3":"752","WB_A2":"SE","WB_A3":"SWE","WOE_ID":23424954,"WOE_ID_EH":23424954,"WOE_NOTE":"Exact WOE match as country","ADM0_ISO":"SWE","ADM0_DIFF":"","ADM0_TLC":"SWE","ADM0_A3_US":"SWE","ADM0_A3_FR":"SWE","ADM0_A3_RU":"SWE","ADM0_A3_ES":"SWE","ADM0_A3_CN":"SWE","ADM0_A3_TW":"SWE","ADM0_A3_IN":"SWE","ADM0_A3_NP":"SWE","ADM0_A3_PK":"SWE","ADM0_A3_DE":"SWE","ADM0_A3_GB":"SWE","ADM0_A3_BR":"SWE","ADM0_A3_IL":"SWE","ADM0_A3_PS":"SWE","ADM0_A3_SA":"SWE","ADM0_A3_EG":"SWE","ADM0_A3_MA":"SWE","ADM0_A3_PT":"SWE","ADM0_A3_AR":"SWE","ADM0_A3_JP":"SWE","ADM0_A3_KO":"SWE","ADM0_A3_VN":"SWE","ADM0_A3_TR":"SWE","ADM0_A3_ID":"SWE","ADM0_A3_PL":"SWE","ADM0_A3_GR":"SWE","ADM0_A3_IT":"SWE","ADM0_A3_NL":"SWE","ADM0_A3_SE":"SWE","ADM0_A3_BD":"SWE","ADM0_A3_UA":"SWE","ADM0_A3_UN":-99,"ADM0_A3_WB":-99,"CONTINENT":"Europe","REGION_UN":"Europe","SUBREGION":"Northern Europe","REGION_WB":"Europe & Central Asia","NAME_LEN":6,"LONG_LEN":6,"ABBREV_LEN":4,"TINY":-99,"HOMEPART":1,"MIN_ZOOM":0,"MIN_LABEL":2,"MAX_LABEL":7,"LABEL_X":19.01705,"LABEL_Y":65.85918,"NE_ID":1159321287,"WIKIDATAID":"Q34","NAME_AR":"السويد","NAME_BN":"সুইডেন","NAME_DE":"Schweden","NAME_EN":"Sweden","NAME_ES":"Suecia","NAME_FA":"سوئد","NAME_FR":"Suède","NAME_EL":"Σουηδία","NAME_HE":"שוודיה","NAME_HI":"स्वीडन","NAME_HU":"Svédország","NAME_ID":"Swedia","NAME_IT":"Svezia","NAME_JA":"スウェーデン","NAME_KO":"스웨덴","NAME_NL":"Zweden","NAME_PL":"Szwecja","NAME_PT":"Suécia","NAME_RU":"Швеция","NAME_SV":"Sverige","NAME_TR":"İsveç","NAME_UK":"Швеція","NAME_UR":"سویڈن","NAME_VI":"Thụy Điển","NAME_ZH":"瑞典","NAME_ZHT":"瑞典","FCLASS_ISO":"Admin-0 country","TLC_DIFF":"","FCLASS_TLC":"Admin-0 country","FCLASS_US":"","FCLASS_FR":"","FCLASS_RU":"","FCLASS_ES":"","FCLASS_CN":"","FCLASS_TW":"","FCLASS_IN":"","FCLASS_NP":"","FCLASS_PK":"","FCLASS_DE":"","FCLASS_GB":"","FCLASS_BR":"","FCLASS_IL":"","FCLASS_PS":"","FCLASS_SA":"","FCLASS_EG":"","FCLASS_MA":"","FCLASS_PT":"","FCLASS_AR":"","FCLASS_JP":"","FCLASS_KO":"","FCLASS_VN":"","FCLASS_TR":"","FCLASS_ID":"","FCLASS_PL":"","FCLASS_GR":"","FCLASS_IT":"","FCLASS_NL":"","FCLASS_SE":"","FCLASS_BD":"","FCLASS_UA":""}},
{"type":"Feature","geometry":{"type":"Polygon","coordinates":[[[28.177,56.169],[27.102,55.783],[26.494,55.615],[26.588,55.167],[25.768,54.847],[25.536,54.282],[24.451,53.906],[23.484,53.912],[23.528,53.47],[23.805,53.09],[23.799,52.691],[23.199,52.487],[23.508,52.024],[23.527,51.578],[24.005,51.617],[24.553,51.888],[25.328,51.911],[26.338,51.832],[27.454,51.592],[28.242,51.572],[28.618,51.428],[28.993,51.602],[29.255,51.368],[30.157,51.416],[30.555,51.32],[30.619,51.823],[30.928,52.042],[31.786,52.102],[31.54,52.742],[31.305,53.074],[31.498,53.167],[32.305,53.133],[32.694,53.351],[32.406,53.618],[31.731,53.794],[31.791,53.975],[31.384,54.157],[30.758,54.812],[30.972,55.082],[30.874,55.551],[29.896,55.789],[29.372,55.67],[29.23,55.918],[28.177,56.169]]]},"properties":{"featurecla":"Admin-0 country","scalerank":1,"LABELRANK":4,"SOVEREIGNT":"Belarus","SOV_A3":"BLR","ADM0_DIF":0,"LEVEL":2,"TYPE":"Sovereign country","TLC":"1","ADMIN":"Belarus","ADM0_A3":"BLR","GEOU_DIF":0,"GEOUNIT":"Belarus","GU_A3":"BLR","SU_DIF":0,"SUBUNIT":"Belarus","SU_A3":"BLR","BRK_DIFF":0,"NAME":"Belarus","NAME_LONG":"Belarus","BRK_A3":"BLR","BRK_NAME":"Belarus","BRK_GROUP":"","ABBREV":"Bela.","POSTAL":"BY","FORMAL_EN":"Republic of Belarus","FORMAL_FR":"","NAME_CIAWF":"Belarus","NOTE_ADM0":"","NOTE_BRK":"","NAME_SORT":"Belarus","NAME_ALT":"","MAPCOLOR7":1,"MAPCOLOR8":1,"MAPCOLOR9":5,"MAPCOLOR13":11,"POP_EST":9466856,"POP_RANK":13,"POP_YEAR":2019,"GDP_MD":63080,"GDP_YEAR":2019,"ECONOMY":"6. Developing region","INCOME_GRP":"3. Upper middle income","FIPS_10":"BO","ISO_A2":"BY","ISO_A2_EH":"BY","ISO_A3":"BLR","ISO_A3_EH":"BLR","ISO_N3":"112","ISO_N3_EH":"112","UN_A3":"112","WB_A2":"BY","WB_A3":"BLR","WOE_ID":23424765,"WOE_ID_EH":23424765,"WOE_NOTE":"Exact WOE match as country","ADM0_ISO":"BLR","ADM0_DIFF":"","ADM0_TLC":"BLR","ADM0_A3_US":"BLR","ADM0_A3_FR":"BLR","ADM0_A3_RU":"BLR","ADM0_A3_ES":"BLR","ADM0_A3_CN":"BLR","ADM0_A3_TW":"BLR","ADM0_A3_IN":"BLR","ADM0_A3_NP":"BLR","ADM0_A3_PK":"BLR","ADM0_A3_DE":"BLR","ADM0_A3_GB":"BLR","ADM0_A3_BR":"BLR","ADM0_A3_IL":"BLR","ADM0_A3_PS":"BLR","ADM0_A3_SA":"BLR","ADM0_A3_EG":"BLR","ADM0_A3_MA":"BLR","ADM0_A3_PT":"BLR","ADM0_A3_AR":"BLR","ADM0_A3_JP":"BLR","ADM0_A3_KO":"BLR","ADM0_A3_VN":"BLR","ADM0_A3_TR":"BLR","ADM0_A3_ID":"BLR","ADM0_A3_PL":"BLR","ADM0_A3_GR":"BLR","ADM0_A3_IT":"BLR","ADM0_A3_NL":"BLR","ADM0_A3_SE":"BLR","ADM0_A3_BD":"BLR","ADM0_A3_UA":"BLR","ADM0_A3_UN":-99,"ADM0_A3_WB":-99,"CONTINENT":"Europe","REGION_UN":"Europe","SUBREGION":"Eastern Europe","REGION_WB":"Europe & Central Asia","NAME_LEN":7,"LONG_LEN":7,"ABBREV_LEN":5,"TINY":-99,"HOMEPART":1,"MIN_ZOOM":0,"MIN_LABEL":3,"MAX_LABEL":8,"LABEL_X":28.417701,"LABEL_Y":53.821888,"NE_ID":1159320427,"WIKIDATAID":"Q184","NAME_AR":"بيلاروسيا","NAME_BN":"বেলারুশ","NAME_DE":"Belarus","NAME_EN":"Belarus","NAME_ES":"Bielorrusia","NAME_FA":"بلاروس","NAME_FR":"Biélorussie","NAME_EL":"Λευκορωσία","NAME_HE":"בלארוס","NAME_HI":"बेलारूस","NAME_HU":"Fehéroroszország","NAME_ID":"Belarus","NAME_IT":"Bielorussia","NAME_JA":"ベラルーシ","NAME_KO":"벨라루스","NAME_NL":"Wit-Rusland","NAME_PL":"Białoruś","NAME_PT":"Bielorrússia","NAME_RU":"Белоруссия","NAME_SV":"Belarus","NAME_TR":"Beyaz Rusya","NAME_UK":"Білорусь","NAME_UR":"بیلاروس","NAME_VI":"Belarus","NAME_ZH":"白俄罗斯","NAME_ZHT":"白俄羅斯","FCLASS_ISO":"Admin-0 country","TLC_DIFF":"","FCLASS_TLC":"Admin-0 country","FCLASS_US":"","FCLASS_FR":"","FCLASS_RU":"","FCLASS_ES":"","FCLASS_CN":"","FCLASS_TW":"","FCLASS_IN":"","FCLASS_NP":"","FCLASS_PK":"","FCLASS_DE":"","FCLASS_GB":"","FCLASS_BR":"","FCLASS_IL":"","FCLASS_PS":"","FCLASS_SA":"","FCLASS_EG":"","FCLASS_MA":"","FCLASS_PT":"","FCLASS_AR":"","FCLASS_JP":"","FCLASS_KO":"","FCLASS_VN":"","FCLASS_TR":"","FCLASS_ID":"","FCLASS_PL":"","FCLASS_GR":"","FCLASS_IT":"","FCLASS_NL":"","FCLASS_SE":"","FCLASS_BD":"","FCLASS_UA":""}},
{"type":"Feature","geometry":{"type":"Polygon","coordinates":[[[31.786,52.102],[30.928,52.042],[30.619,51.823],[30.555,51.32],[30.157,51.416],[29.255,51.368],[28.993,51.602],[28.618,51.428],[28.242,51.572],[27.454,51.592],[26.338,51.832],[25.328,51.911],[24.553,51.888],[24.005,51.617],[23.527,51.578],[24.03,50.705],[23.923,50.425],[23.427,50.309],[22.518,49.477],[22.776,49.027],[22.558,49.086],[22.281,48.825],[22.086,48.422],[22.641,48.15],[22.711,47.882],[23.142,48.096],[23.761,47.986],[24.402,47.982],[24.866,47.738],[25.208,47.891],[25.946,47.987],[26.197,48.221],[26.619,48.221],[26.858,48.368],[27.523,48.467],[28.26,48.156],[28.671,48.118],[29.123,47.849],[29.051,47.51],[29.415,47.347],[29.56,46.929],[29.909,46.674],[29.838,46.525],[30.025,46.424],[29.76,46.35],[29.171,46.379],[29.072,46.518],[28.863,46.438],[28.934,46.259],[28.66,45.94],[28.485,45.597],[28.234,45.488],[28.68,45.304],[29.15,45.465],[29.603,45.293],[30.378,46.032],[30.749,46.583],[31.675,46.706],[31.744,46.333],[33.299,46.081],[33.436,45.972],[33.699,46.22],[34.41,46.005],[34.732,45.966],[34.862,45.768],[35.013,45.738],[34.962,46.273],[35.824,46.646],[36.76,46.699],[37.425,47.022],[38.224,47.102],[38.255,47.546],[38.771,47.826],[39.738,47.899],[39.896,48.232],[39.675,48.784],[40.081,49.307],[40.069,49.601],[38.595,49.926],[38.011,49.916],[37.393,50.384],[36.626,50.226],[35.356,50.577],[35.378,50.774],[35.022,51.208],[34.225,51.256],[34.142,51.566],[34.392,51.769],[33.753,52.335],[32.716,52.238],[32.412,52.289],[32.159,52.061],[31.786,52.102]]]},"properties":{"featurecla":"Admin-0 country","scalerank":1,"LABELRANK":3,"SOVEREIGNT":"Ukraine","SOV_A3":"UKR","ADM0_DIF":0,"LEVEL":2,"TYPE":"Sovereign country","TLC":"1","ADMIN":"Ukraine","ADM0_A3":"UKR","GEOU_DIF":0,"GEOUNIT":"Ukraine","GU_A3":"UKR","SU_DIF":0,"SUBUNIT":"Ukraine","SU_A3":"UKR","BRK_DIFF":0,"NAME":"Ukraine","NAME_LONG":"Ukraine","BRK_A3":"UKR","BRK_NAME":"Ukraine","BRK_GROUP":"","ABBREV":"Ukr.","POSTAL":"UA","FORMAL_EN":"Ukraine","FORMAL_FR":"","NAME_CIAWF":"Ukraine","NOTE_ADM0":"","NOTE_BRK":"","NAME_SORT":"Ukraine","NAME_ALT":"","MAPCOLOR7":5,"MAPCOLOR8":1,"MAPCOLOR9":6,"MAPCOLOR13":3,"POP_EST":44385155,"POP_RANK":15,"POP_YEAR":2019,"GDP_MD":153781,"GDP_YEAR":2019,"ECONOMY":"6. Developing region","INCOME_GRP":"4. Lower middle income","FIPS_10":"UP","ISO_A2":"UA","ISO_A2_EH":"UA","ISO_A3":"UKR","ISO_A3_EH":"UKR","ISO_N3":"804","ISO_N3_EH":"804","UN_A3":"804","WB_A2":"UA","WB_A3":"UKR","WOE_ID":23424976,"WOE_ID_EH":23424976,"WOE_NOTE":"Exact WOE match as country","ADM0_ISO":"UKR","ADM0_DIFF":"","ADM0_TLC":"UKR","ADM0_A3_US":"UKR","ADM0_A3_FR":"UKR","ADM0_A3_RU":"UKR","ADM0_A3_ES":"UKR","ADM0_A3_CN":"UKR","ADM0_A3_TW":"UKR","ADM0_A3_IN":"UKR","ADM0_A3_NP":"UKR","ADM0_A3_PK":"UKR","ADM0_A3_DE":"UKR","ADM0_A3_GB":"UKR","ADM0_A3_BR":"UKR","ADM0_A3_IL":"UKR","ADM0_A3_PS":"UKR","ADM0_A3_SA":"UKR","ADM0_A3_EG":"UKR","ADM0_A3_MA":"UKR","ADM0_A3_PT":"UKR","ADM0_A3_AR":"UKR","ADM0_A3_JP":"UKR","ADM0_A3_KO":"UKR","ADM0_A3_VN":"UKR","ADM0_A3_TR":"UKR","ADM0_A3_ID":"UKR","ADM0_A3_PL":"UKR","ADM0_A3_GR":"UKR","ADM0_A3_IT":"UKR","ADM0_A3_NL":"UKR","ADM0_A3_SE":"UKR","ADM0_A3_BD":"UKR","ADM0_A3_UA":"UKR","ADM0_A3_UN":-99,"ADM0_A3_WB":-99,"CONTINENT":"Europe","REGION_UN":"Europe","SUBREGION":"Eastern Europe","REGION_WB":"Europe & Central Asia","NAME_LEN":7,"LONG_LEN":7,"ABBREV_LEN":4,"TINY":-99,"HOMEPART":1,"MIN_ZOOM":0,"MIN_LABEL":2.7,"MAX_LABEL":7,"LABEL_X":32.140865,"LABEL_Y":49.724739,"NE_ID":1159321345,"WIKIDATAID":"Q212","NAME_AR":"أوكرانيا","NAME_BN":"ইউক্রেন","NAME_DE":"Ukraine","NAME_EN":"Ukraine","NAME_ES":"Ucrania","NAME_FA":"اوکراین","NAME_FR":"Ukraine","NAME_EL":"Ουκρανία","NAME_HE":"אוקראינה","NAME_HI":"युक्रेन","NAME_HU":"Ukrajna","NAME_ID":"Ukraina","NAME_IT":"Ucraina","NAME_JA":"ウクライナ","NAME_KO":"우크라이나","NAME_NL":"Oekraïne","NAME_PL":"Ukraina","NAME_PT":"Ucrânia","NAME_RU":"Украина","NAME_SV":"Ukraina","NAME_TR":"Ukrayna","NAME_UK":"Україна","NAME_UR":"یوکرین","NAME_VI":"Ukraina","NAME_ZH":"乌克兰","NAME_ZHT":"烏克蘭","FCLASS_ISO":"Admin-0 country","TLC_DIFF":"","FCLASS_TLC":"Admin-0 country","FCLASS_US":"","FCLASS_FR":"","FCLASS_RU":"","FCLASS_ES":"","FCLASS_CN":"","FCLASS_TW":"","FCLASS_IN":"","FCLASS_NP":"","FCLASS_PK":"","FCLASS_DE":"","FCLASS_GB":"","FCLASS_BR":"","FCLASS_IL":"","FCLASS_PS":"","FCLASS_SA":"","FCLASS_EG":"","FCLASS_MA":"","FCLASS_PT":"","FCLASS_AR":"","FCLASS_JP":"","FCLASS_KO":"","FCLASS_VN":"","FCLASS_TR":"","FCLASS_ID":"","FCLASS_PL":"","FCLASS_GR":"","FCLASS_IT":"","FCLASS_NL":"","FCLASS_SE":"","FCLASS_BD":"","FCLASS_UA":""}},
{"type":"Feature","geometry":{"type":"Polygon","coordinates":[[[23.484,53.912],[23.244,54.221],[22.731,54.328],[20.892,54.313],[19.661,54.426],[18.696,54.439],[18.621,54.683],[17.623,54.852],[16.363,54.513],[14.803,54.051],[14.12,53.757],[14.353,53.248],[14.075,52.981],[14.438,52.625],[14.685,52.09],[14.607,51.745],[15.017,51.107],[15.491,50.785],[16.239,50.698],[16.176,50.423],[16.719,50.216],[16.869,50.474],[17.555,50.362],[17.649,50.049],[18.393,49.989],[18.853,49.496],[18.91,49.436],[19.321,49.572],[19.825,49.217],[20.416,49.431],[20.888,49.329],[21.608,49.47],[22.558,49.086],[22.776,49.027],[22.518,49.477],[23.427,50.309],[23.923,50.425],[24.03,50.705],[23.527,51.578],[23.508,52.024],[23.199,52.487],[23.799,52.691],[23.805,53.09],[23.528,53.47],[23.484,53.912]]]},"properties":{"featurecla":"Admin-0 country","scalerank":1,"LABELRANK":3,"SOVEREIGNT":"Poland","SOV_A3":"POL","ADM0_DIF":0,"LEVEL":2,"TYPE":"Sovereign country","TLC":"1","ADMIN":"Poland","ADM0_A3":"POL","GEOU_DIF":0,"GEOUNIT":"Poland","GU_A3":"POL","SU_DIF":0,"SUBUNIT":"Poland","SU_A3":"POL","BRK_DIFF":0,"NAME":"Poland","NAME_LONG":"Poland","BRK_A3":"POL","BRK_NAME":"Poland","BRK_GROUP":"","ABBREV":"Pol.","POSTAL":"PL","FORMAL_EN":"Republic of Poland","FORMAL_FR":"","NAME_CIAWF":"Poland","NOTE_ADM0":"","NOTE_BRK":"","NAME_SORT":"Poland","NAME_ALT":"","MAPCOLOR7":3,"MAPCOLOR8":7,"MAPCOLOR9":1,"MAPCOLOR13":2,"POP_EST":37970874,"POP_RANK":15,"POP_YEAR":2019,"GDP_MD":595858,"GDP_YEAR":2019,"ECONOMY":"2. Developed region: nonG7","INCOME_GRP":"1. High income: OECD","FIPS_10":"PL","ISO_A2":"PL","ISO_A2_EH":"PL","ISO_A3":"POL","ISO_A3_EH":"POL","ISO_N3":"616","ISO_N3_EH":"616","UN_A3":"616","WB_A2":"PL","WB_A3":"POL","WOE_ID":23424923,"WOE_ID_EH":23424923,"WOE_NOTE":"Exact WOE match as country","ADM0_ISO":"POL","ADM0_DIFF":"","ADM0_TLC":"POL","ADM0_A3_US":"POL","ADM0_A3_FR":"POL","ADM0_A3_RU":"POL","ADM0_A3_ES":"POL","ADM0_A3_CN":"POL","ADM0_A3_TW":"POL","ADM0_A3_IN":"POL","ADM0_A3_NP":"POL","ADM0_A3_PK":"POL","ADM0_A3_DE":"POL","ADM0_A3_GB":"POL","ADM0_A3_BR":"POL","ADM0_A3_IL":"POL","ADM0_A3_PS":"POL","ADM0_A3_SA":"POL","ADM0_A3_EG":"POL","ADM0_A3_MA":"POL","ADM0_A3_PT":"POL","ADM0_A3_AR":"POL","ADM0_A3_JP":"POL","ADM0_A3_KO":"POL","ADM0_A3_VN":"POL","ADM0_A3_TR":"POL","ADM0_A3_ID":"POL","ADM0_A3_PL":"POL","ADM0_A3_GR":"POL","ADM0_A3_IT":"POL","ADM0_A3_NL":"POL","ADM0_A3_SE":"POL","ADM0_A3_BD":"POL","ADM0_A3_UA":"POL","ADM0_A3_UN":-99,"ADM0_A3_WB":-99,"CONTINENT":"Europe","REGION_UN":"Europe","SUBREGION":"Eastern Europe","REGION_WB":"Europe & Central Asia","NAME_LEN":6,"LONG_LEN":6,"ABBREV_LEN":4,"TINY":-99,"HOMEPART":1,"MIN_ZOOM":0,"MIN_LABEL":2.5,"MAX_LABEL":7,"LABEL_X":19.490468,"LABEL_Y":51.990316,"NE_ID":1159321179,"WIKIDATAID":"Q36","NAME_AR":"بولندا","NAME_BN":"পোল্যান্ড","NAME_DE":"Polen","NAME_EN":"Poland","NAME_ES":"Polonia","NAME_FA":"لهستان","NAME_FR":"Pologne","NAME_EL":"Πολωνία","NAME_HE":"פולין","NAME_HI":"पोलैंड","NAME_HU":"Lengyelország","NAME_ID":"Polandia","NAME_IT":"Polonia","NAME_JA":"ポーランド","NAME_KO":"폴란드","NAME_NL":"Polen","NAME_PL":"Polska","NAME_PT":"Polónia","NAME_RU":"Польша","NAME_SV":"Polen","NAME_TR":"Polonya","NAME_UK":"Польща","NAME_UR":"پولینڈ","NAME_VI":"Ba Lan","NAME_ZH":"波兰","NAME_ZHT":"波蘭","FCLASS_ISO":"Admin-0 country","TLC_DIFF":"","FCLASS_TLC":"Admin-0 country","FCLASS_US":"","FCLASS_FR":"","FCLASS_RU":"","FCLASS_ES":"","FCLASS_CN":"","FCLASS_TW":"","FCLASS_IN":"","FCLASS_NP":"","FCLASS_PK":"","FCLASS_DE":"","FCLASS_GB":"","FCLASS_BR":"","FCLASS_IL":"","FCLASS_PS":"","FCLASS_SA":"","FCLASS_EG":"","FCLASS_MA":"","FCLASS_PT":"","FCLASS_AR":"","FCLASS_JP":"","FCLASS_KO":"","FCLASS_VN":"","FCLASS_TR":"","FCLASS_ID":"","FCLASS_PL":"","FCLASS_GR":"","FCLASS_IT":"","FCLASS_NL":"","FCLASS_SE":"","FCLASS_BD":"","FCLASS_UA":""}},
{"type":"Feature","geometry":{"type":"Polygon","coordinates":[[[16.98,48.123],[16.88,48.47],[16.96,48.597],[16.499,48.786],[16.03,48.734],[15.253,49.039],[14.901,48.964],[14.339,48.555],[13.596,48.877],[13.243,48.416],[12.884,48.289],[13.026,47.638],[12.933,47.468],[12.621,47.672],[12.141,47.703],[11.426,47.524],[10.545,47.566],[10.402,47.302],[9.896,47.58],[9.594,47.525],[9.633,47.348],[9.48,47.103],[9.932,46.921],[10.443,46.894],[11.049,46.751],[11.165,46.942],[12.153,47.115],[12.376,46.768],[13.806,46.509],[14.632,46.432],[15.137,46.659],[16.012,46.684],[16.202,46.852],[16.534,47.496],[16.341,47.713],[16.904,47.715],[16.98,48.123]]]},"properties":{"featurecla":"Admin-0 country","scalerank":1,"LABELRANK":4,"SOVEREIGNT":"Austria","SOV_A3":"AUT","ADM0_DIF":0,"LEVEL":2,"TYPE":"Sovereign country","TLC":"1","ADMIN":"Austria","ADM0_A3":"AUT","GEOU_DIF":0,"GEOUNIT":"Austria","GU_A3":"AUT","SU_DIF":0,"SUBUNIT":"Austria","SU_A3":"AUT","BRK_DIFF":0,"NAME":"Austria","NAME_LONG":"Austria","BRK_A3":"AUT","BRK_NAME":"Austria","BRK_GROUP":"","ABBREV":"Aust.","POSTAL":"A","FORMAL_EN":"Republic of Austria","FORMAL_FR":"","NAME_CIAWF":"Austria","NOTE_ADM0":"","NOTE_BRK":"","NAME_SORT":"Austria","NAME_ALT":"","MAPCOLOR7":3,"MAPCOLOR8":1,"MAPCOLOR9":3,"MAPCOLOR13":4,"POP_EST":8877067,"POP_RANK":13,"POP_YEAR":2019,"GDP_MD":445075,"GDP_YEAR":2019,"ECONOMY":"2. Developed region: nonG7","INCOME_GRP":"1. High income: OECD","FIPS_10":"AU","ISO_A2":"AT","ISO_A2_EH":"AT","ISO_A3":"AUT","ISO_A3_EH":"AUT","ISO_N3":"040","ISO_N3_EH":"040","UN_A3":"040","WB_A2":"AT","WB_A3":"AUT","WOE_ID":23424750,"WOE_ID_EH":23424750,"WOE_NOTE":"Exact WOE match as country","ADM0_ISO":"AUT","ADM0_DIFF":"","ADM0_TLC":"AUT","ADM0_A3_US":"AUT","ADM0_A3_FR":"AUT","ADM0_A3_RU":"AUT","ADM0_A3_ES":"AUT","ADM0_A3_CN":"AUT","ADM0_A3_TW":"AUT","ADM0_A3_IN":"AUT","ADM0_A3_NP":"AUT","ADM0_A3_PK":"AUT","ADM0_A3_DE":"AUT","ADM0_A3_GB":"AUT","ADM0_A3_BR":"AUT","ADM0_A3_IL":"AUT","ADM0_A3_PS":"AUT","ADM0_A3_SA":"AUT","ADM0_A3_EG":"AUT","ADM0_A3_MA":"AUT","ADM0_A3_PT":"AUT","ADM0_A3_AR":"AUT","ADM0_A3_JP":"AUT","ADM0_A3_KO":"AUT","ADM0_A3_VN":"AUT","ADM0_A3_TR":"AUT","ADM0_A3_ID":"AUT","ADM0_A3_PL":"AUT","ADM0_A3_GR":"AUT","ADM0_A3_IT":"AUT","ADM0_A3_NL":"AUT","ADM0_A3_SE":"AUT","ADM0_A3_BD":"AUT","ADM0_A3_UA":"AUT","ADM0_A3_UN":-99,"ADM0_A3_WB":-99,"CONTINENT":"Europe","REGION_UN":"Europe","SUBREGION":"Western Europe","REGION_WB":"Europe & Central Asia","NAME_LEN":7,"LONG_LEN":7,"ABBREV_LEN":5,"TINY":-99,"HOMEPART":1,"MIN_ZOOM":0,"MIN_LABEL":3,"MAX_LABEL":8,"LABEL_X":14.130515,"LABEL_Y":47.518859,"NE_ID":1159320379,"WIKIDATAID":"Q40","NAME_AR":"النمسا","NAME_BN":"অস্ট্রিয়া","NAME_DE":"Österreich","NAME_EN":"Austria","NAME_ES":"Austria","NAME_FA":"اتریش","NAME_FR":"Autriche","NAME_EL":"Αυστρία","NAME_HE":"אוסטריה","NAME_HI":"ऑस्ट्रिया","NAME_HU":"Ausztria","NAME_ID":"Austria","NAME_IT":"Austria","NAME_JA":"オーストリア","NAME_KO":"오스트리아","NAME_NL":"Oostenrijk","NAME_PL":"Austria","NAME_PT":"Áustria","NAME_RU":"Австрия","NAME_SV":"Österrike","NAME_TR":"Avusturya","NAME_UK":"Австрія","NAME_UR":"آسٹریا","NAME_VI":"Áo","NAME_ZH":"奥地利","NAME_ZHT":"奧地利","FCLASS_ISO":"Admin-0 country","TLC_DIFF":"","FCLASS_TLC":"Admin-0 country","FCLASS_US":"","FCLASS_FR":"","FCLASS_RU":"","FCLASS_ES":"","FCLASS_CN":"","FCLASS_TW":"","FCLASS_IN":"","FCLASS_NP":"","FCLASS_PK":"","FCLASS_DE":"","FCLASS_GB":"","FCLASS_BR":"","FCLASS_IL":"","FCLASS_PS":"","FCLASS_SA":"","FCLASS_EG":"","FCLASS_MA":"","FCLASS_PT":"","FCLASS_AR":"","FCLASS_JP":"","FCLASS_KO":"","FCLASS_VN":"","FCLASS_TR":"","FCLASS_ID":"","FCLASS_PL":"","FCLASS_GR":"","FCLASS_IT":"","FCLASS_NL":"","FCLASS_SE":"","FCLASS_BD":"","FCLASS_UA":""}},
{"type":"Feature","geometry":{"type":"Polygon","coordinates":[[[22.086,48.422],[21.872,48.32],[20.801,48.624],[20.474,48.563],[20.239,48.328],[19.769,48.203],[19.661,48.267],[19.174,48.111],[18.777,48.082],[18.697,47.881],[17.857,47.758],[17.488,47.867],[16.98,48.123],[16.904,47.715],[16.341,47.713],[16.534,47.496],[16.202,46.852],[16.371,46.841],[16.565,46.504],[16.883,46.381],[17.63,45.952],[18.456,45.759],[18.83,45.909],[19.596,46.172],[20.22,46.127],[21.022,46.316],[21.627,46.994],[22.1,47.672],[22.711,47.882],[22.641,48.15],[22.086,48.422]]]},"properties":{"featurecla":"Admin-0 country","scalerank":1,"LABELRANK":5,"SOVEREIGNT":"Hungary","SOV_A3":"HUN","ADM0_DIF":0,"LEVEL":2,"TYPE":"Sovereign country","TLC":"1","ADMIN":"Hungary","ADM0_A3":"HUN","GEOU_DIF":0,"GEOUNIT":"Hungary","GU_A3":"HUN","SU_DIF":0,"SUBUNIT":"Hungary","SU_A3":"HUN","BRK_DIFF":0,"NAME":"Hungary","NAME_LONG":"Hungary","BRK_A3":"HUN","BRK_NAME":"Hungary","BRK_GROUP":"","ABBREV":"Hun.","POSTAL":"HU","FORMAL_EN":"Republic of Hungary","FORMAL_FR":"","NAME_CIAWF":"Hungary","NOTE_ADM0":"","NOTE_BRK":"","NAME_SORT":"Hungary","NAME_ALT":"","MAPCOLOR7":4,"MAPCOLOR8":6,"MAPCOLOR9":1,"MAPCOLOR13":5,"POP_EST":9769949,"POP_RANK":13,"POP_YEAR":2019,"GDP_MD":163469,"GDP_YEAR":2019,"ECONOMY":"2. Developed region: nonG7","INCOME_GRP":"1. High income: OECD","FIPS_10":"HU","ISO_A2":"HU","ISO_A2_EH":"HU","ISO_A3":"HUN","ISO_A3_EH":"HUN","ISO_N3":"348","ISO_N3_EH":"348","UN_A3":"348","WB_A2":"HU","WB_A3":"HUN","WOE_ID":23424844,"WOE_ID_EH":23424844,"WOE_NOTE":"Exact WOE match as country","ADM0_ISO":"HUN","ADM0_DIFF":"","ADM0_TLC":"HUN","ADM0_A3_US":"HUN","ADM0_A3_FR":"HUN","ADM0_A3_RU":"HUN","ADM0_A3_ES":"HUN","ADM0_A3_CN":"HUN","ADM0_A3_TW":"HUN","ADM0_A3_IN":"HUN","ADM0_A3_NP":"HUN","ADM0_A3_PK":"HUN","ADM0_A3_DE":"HUN","ADM0_A3_GB":"HUN","ADM0_A3_BR":"HUN","ADM0_A3_IL":"HUN","ADM0_A3_PS":"HUN","ADM0_A3_SA":"HUN","ADM0_A3_EG":"HUN","ADM0_A3_MA":"HUN","ADM0_A3_PT":"HUN","ADM0_A3_AR":"HUN","ADM0_A3_JP":"HUN","ADM0_A3_KO":"HUN","ADM0_A3_VN":"HUN","ADM0_A3_TR":"HUN","ADM0_A3_ID":"HUN","ADM0_A3_PL":"HUN","ADM0_A3_GR":"HUN","ADM0_A3_IT":"HUN","ADM0_A3_NL":"HUN","ADM0_A3_SE":"HUN","ADM0_A3_BD":"HUN","ADM0_A3_UA":"HUN","ADM0_A3_UN":-99,"ADM0_A3_WB":-99,"CONTINENT":"Europe","REGION_UN":"Europe","SUBREGION":"Eastern Europe","REGION_WB":"Europe & Central Asia","NAME_LEN":7,"LONG_LEN":7,"ABBREV_LEN":4,"TINY":-99,"HOMEPART":1,"MIN_ZOOM":0,"MIN_LABEL":4,"MAX_LABEL":9,"LABEL_X":19.447867,"LABEL_Y":47.086841,"NE_ID":1159320841,"WIKIDATAID":"Q28","NAME_AR":"المجر","NAME_BN":"হাঙ্গেরি","NAME_DE":"Ungarn","NAME_EN":"Hungary","NAME_ES":"Hungría","NAME_FA":"مجارستان","NAME_FR":"Hongrie","NAME_EL":"Ουγγαρία","NAME_HE":"הונגריה","NAME_HI":"हंगरी","NAME_HU":"Magyarország","NAME_ID":"Hongaria","NAME_IT":"Ungheria","NAME_JA":"ハンガリー","NAME_KO":"헝가리","NAME_NL":"Hongarije","NAME_PL":"Węgry","NAME_PT":"Hungria","NAME_RU":"Венгрия","NAME_SV":"Ungern","NAME_TR":"Macaristan","NAME_UK":"Угорщина","NAME_UR":"ہنگری","NAME_VI":"Hungary","NAME_ZH":"匈牙利","NAME_ZHT":"匈牙利","FCLASS_ISO":"Admin-0 country","TLC_DIFF":"","FCLASS_TLC":"Admin-0 country","FCLASS_US":"","FCLASS_FR":"","FCLASS_RU":"","FCLASS_ES":"","FCLASS_CN":"","FCLASS_TW":"","FCLASS_IN":"","FCLASS_NP":"","FCLASS_PK":"","FCLASS_DE":"","FCLASS_GB":"","FCLASS_BR":"","FCLASS_IL":"","FCLASS_PS":"","FCLASS_SA":"","FCLASS_EG":"","FCLASS_MA":"","FCLASS_PT":"","FCLASS_AR":"","FCLASS_JP":"","FCLASS_KO":"","FCLASS_VN":"","FCLASS_TR":"","FCLASS_ID":"","FCLASS_PL":"","FCLASS_GR":"","FCLASS_IT":"","FCLASS_NL":"","FCLASS_SE":"","FCLASS_BD":"","FCLASS_UA":""}},
{"type":"Feature","geometry":{"type":"Polygon","coordinates":[[[26.619,48.221],[26.924,48.123],[27.234,47.827],[27.551,47.405],[28.128,46.81],[28.16,46.372],[28.054,45.945],[28.234,45.488],[28.485,45.597],[28.66,45.94],[28.934,46.259],[28.863,46.438],[29.072,46.518],[29.171,46.379],[29.76,46.35],[30.025,46.424],[29.838,46.525],[29.909,46.674],[29.56,46.929],[29.415,47.347],[29.051,47.51],[29.123,47.849],[28.671,48.118],[28.26,48.156],[27.523,48.467],[26.858,48.368],[26.619,48.221]]]},"properties":{"featurecla":"Admin-0 country","scalerank":1,"LABELRANK":6,"SOVEREIGNT":"Moldova","SOV_A3":"MDA","ADM0_DIF":0,"LEVEL":2,"TYPE":"Sovereign country","TLC":"1","ADMIN":"Moldova","ADM0_A3":"MDA","GEOU_DIF":0,"GEOUNIT":"Moldova","GU_A3":"MDA","SU_DIF":0,"SUBUNIT":"Moldova","SU_A3":"MDA","BRK_DIFF":0,"NAME":"Moldova","NAME_LONG":"Moldova","BRK_A3":"MDA","BRK_NAME":"Moldova","BRK_GROUP":"","ABBREV":"Mda.","POSTAL":"MD","FORMAL_EN":"Republic of Moldova","FORMAL_FR":"","NAME_CIAWF":"Moldova","NOTE_ADM0":"","NOTE_BRK":"","NAME_SORT":"Moldova","NAME_ALT":"","MAPCOLOR7":3,"MAPCOLOR8":5,"MAPCOLOR9":4,"MAPCOLOR13":12,"POP_EST":2657637,"POP_RANK":12,"POP_YEAR":2019,"GDP_MD":11968,"GDP_YEAR":2019,"ECONOMY":"6. Developing region","INCOME_GRP":"4. Lower middle income","FIPS_10":"MD","ISO_A2":"MD","ISO_A2_EH":"MD","ISO_A3":"MDA","ISO_A3_EH":"MDA","ISO_N3":"498","ISO_N3_EH":"498","UN_A3":"498","WB_A2":"MD","WB_A3":"MDA","WOE_ID":23424885,"WOE_ID_EH":23424885,"WOE_NOTE":"Exact WOE match as country","ADM0_ISO":"MDA","ADM0_DIFF":"","ADM0_TLC":"MDA","ADM0_A3_US":"MDA","ADM0_A3_FR":"MDA","ADM0_A3_RU":"MDA","ADM0_A3_ES":"MDA","ADM0_A3_CN":"MDA","ADM0_A3_TW":"MDA","ADM0_A3_IN":"MDA","ADM0_A3_NP":"MDA","ADM0_A3_PK":"MDA","ADM0_A3_DE":"MDA","ADM0_A3_GB":"MDA","ADM0_A3_BR":"MDA","ADM0_A3_IL":"MDA","ADM0_A3_PS":"MDA","ADM0_A3_SA":"MDA","ADM0_A3_EG":"MDA","ADM0_A3_MA":"MDA","ADM0_A3_PT":"MDA","ADM0_A3_AR":"MDA","ADM0_A3_JP":"MDA","ADM0_A3_KO":"MDA","ADM0_A3_VN":"MDA","ADM0_A3_TR":"MDA","ADM0_A3_ID":"MDA","ADM0_A3_PL":"MDA","ADM0_A3_GR":"MDA","ADM0_A3_IT":"MDA","ADM0_A3_NL":"MDA","ADM0_A3_SE":"MDA","ADM0_A3_BD":"MDA","ADM0_A3_UA":"MDA","ADM0_A3_UN":-99,"ADM0_A3_WB":-99,"CONTINENT":"Europe","REGION_UN":"Europe","SUBREGION":"Eastern Europe","REGION_WB":"Europe & Central Asia","NAME_LEN":7,"LONG_LEN":7,"ABBREV_LEN":4,"TINY":-99,"HOMEPART":1,"MIN_ZOOM":0,"MIN_LABEL":5,"MAX_LABEL":10,"LABEL_X":28.487904,"LABEL_Y":47.434999,"NE_ID":1159321045,"WIKIDATAID":"Q217","NAME_AR":"مولدوفا","NAME_BN":"মলদোভা","NAME_DE":"Republik Moldau","NAME_EN":"Moldova","NAME_ES":"Moldavia","NAME_FA":"مولداوی","NAME_FR":"Moldavie","NAME_EL":"Μολδαβία","NAME_HE":"מולדובה","NAME_HI":"मॉल्डोवा","NAME_HU":"Moldova","NAME_ID":"Moldova","NAME_IT":"Moldavia","NAME_JA":"モルドバ","NAME_KO":"몰도바","NAME_NL":"Moldavië","NAME_PL":"Mołdawia","NAME_PT":"Moldávia","NAME_RU":"Молдавия","NAME_SV":"Moldavien","NAME_TR":"Moldova","NAME_UK":"Молдова","NAME_UR":"مالدووا","NAME_VI":"Moldova","NAME_ZH":"摩尔多瓦","NAME_ZHT":"摩爾多瓦","FCLASS_ISO":"Admin-0 country","TLC_DIFF":"","FCLASS_TLC":"Admin-0 country","FCLASS_US":"","FCLASS_FR":"","FCLASS_RU":"","FCLASS_ES":"","FCLASS_CN":"","FCLASS_TW":"","FCLASS_IN":"","FCLASS_NP":"","FCLASS_PK":"","FCLASS_DE":"","FCLASS_GB":"","FCLASS_BR":"","FCLASS_IL":"","FCLASS_PS":"","FCLASS_SA":"","FCLASS_EG":"","FCLASS_MA":"","FCLASS_PT":"","FCLASS_AR":"","FCLASS_JP":"","FCLASS_KO":"","FCLASS_VN":"","FCLASS_TR":"","FCLASS_ID":"","FCLASS_PL":"","FCLASS_GR":"","FCLASS_IT":"","FCLASS_NL":"","FCLASS_SE":"","FCLASS_BD":"","FCLASS_UA":""}},
{"type":"Feature","geometry":{"type":"Polygon","coordinates":[[[28.234,45.488],[28.054,45.945],[28.16,46.372],[28.128,46.81],[27.551,47.405],[27.234,47.827],[26.924,48.123],[26.619,48.221],[26.197,48.221],[25.946,47.987],[25.208,47.891],[24.866,47.738],[24.402,47.982],[23.761,47.986],[23.142,48.096],[22.711,47.882],[22.1,47.672],[21.627,46.994],[21.022,46.316],[20.22,46.127],[20.762,45.735],[20.874,45.416],[21.484,45.181],[21.562,44.769],[22.145,44.478],[22.459,44.703],[22.706,44.578],[22.474,44.409],[22.657,44.235],[22.945,43.824],[23.332,43.897],[24.101,43.741],[25.569,43.688],[26.065,43.943],[27.242,44.176],[27.97,43.812],[28.558,43.707],[28.838,44.914],[29.142,44.82],[29.627,45.035],[29.603,45.293],[29.15,45.465],[28.68,45.304],[28.234,45.488]]]},"properties":{"featurecla":"Admin-0 country","scalerank":1,"LABELRANK":3,"SOVEREIGNT":"Romania","SOV_A3":"ROU","ADM0_DIF":0,"LEVEL":2,"TYPE":"Sovereign country","TLC":"1","ADMIN":"Romania","ADM0_A3":"ROU","GEOU_DIF":0,"GEOUNIT":"Romania","GU_A3":"ROU","SU_DIF":0,"SUBUNIT":"Romania","SU_A3":"ROU","BRK_DIFF":0,"NAME":"Romania","NAME_LONG":"Romania","BRK_A3":"ROU","BRK_NAME":"Romania","BRK_GROUP":"","ABBREV":"Rom.","POSTAL":"RO","FORMAL_EN":"Romania","FORMAL_FR":"","NAME_CIAWF":"Romania","NOTE_ADM0":"","NOTE_BRK":"","NAME_SORT":"Romania","NAME_ALT":"","MAPCOLOR7":1,"MAPCOLOR8":4,"MAPCOLOR9":3,"MAPCOLOR13":13,"POP_EST":19356544,"POP_RANK":14,"POP_YEAR":2019,"GDP_MD":250077,"GDP_YEAR":2019,"ECONOMY":"2. Developed region: nonG7","INCOME_GRP":"3. Upper middle income","FIPS_10":"RO","ISO_A2":"RO","ISO_A2_EH":"RO","ISO_A3":"ROU","ISO_A3_EH":"ROU","ISO_N3":"642","ISO_N3_EH":"642","UN_A3":"642","WB_A2":"RO","WB_A3":"ROM","WOE_ID":23424933,"WOE_ID_EH":23424933,"WOE_NOTE":"Exact WOE match as country","ADM0_ISO":"ROU","ADM0_DIFF":"","ADM0_TLC":"ROU","ADM0_A3_US":"ROU","ADM0_A3_FR":"ROU","ADM0_A3_RU":"ROU","ADM0_A3_ES":"ROU","ADM0_A3_CN":"ROU","ADM0_A3_TW":"ROU","ADM0_A3_IN":"ROU","ADM0_A3_NP":"ROU","ADM0_A3_PK":"ROU","ADM0_A3_DE":"ROU","ADM0_A3_GB":"ROU","ADM0_A3_BR":"ROU","ADM0_A3_IL":"ROU","ADM0_A3_PS":"ROU","ADM0_A3_SA":"ROU","ADM0_A3_EG":"ROU","ADM0_A3_MA":"ROU","ADM0_A3_PT":"ROU","ADM0_A3_AR":"ROU","ADM0_A3_JP":"ROU","ADM0_A3_KO":"ROU","ADM0_A3_VN":"ROU","ADM0_A3_TR":"ROU","ADM0_A3_ID":"ROU","ADM0_A3_PL":"ROU","ADM0_A3_GR":"ROU","ADM0_A3_IT":"ROU","ADM0_A3_NL":"ROU","ADM0_A3_SE":"ROU","ADM0_A3_BD":"ROU","ADM0_A3_UA":"ROU","ADM0_A3_UN":-99,"ADM0_A3_WB":-99,"CONTINENT":"Europe","REGION_UN":"Europe","SUBREGION":"Eastern Europe","REGION_WB":"Europe & Central Asia","NAME_LEN":7,"LONG_LEN":7,"ABBREV_LEN":4,"TINY":-99,"HOMEPART":1,"MIN_ZOOM":0,"MIN_LABEL":3,"MAX_LABEL":8,"LABEL_X":24.972624,"LABEL_Y":45.733237,"NE_ID":1159321199,"WIKIDATAID":"Q218","NAME_AR":"رومانيا","NAME_BN":"রোমানিয়া","NAME_DE":"Rumänien","NAME_EN":"Romania","NAME_ES":"Rumania","NAME_FA":"رومانی","NAME_FR":"Roumanie","NAME_EL":"Ρουμανία","NAME_HE":"רומניה","NAME_HI":"रोमानिया","NAME_HU":"Románia","NAME_ID":"Rumania","NAME_IT":"Romania","NAME_JA":"ルーマニア","NAME_KO":"루마니아","NAME_NL":"Roemenië","NAME_PL":"Rumunia","NAME_PT":"Roménia","NAME_RU":"Румыния","NAME_SV":"Rumänien","NAME_TR":"Romanya","NAME_UK":"Румунія","NAME_UR":"رومانیہ","NAME_VI":"Romania","NAME_ZH":"罗马尼亚","NAME_ZHT":"羅馬尼亞","FCLASS_ISO":"Admin-0 country","TLC_DIFF":"","FCLASS_TLC":"Admin-0 country","FCLASS_US":"","FCLASS_FR":"","FCLASS_RU":"","FCLASS_ES":"","FCLASS_CN":"","FCLASS_TW":"","FCLASS_IN":"","FCLASS_NP":"","FCLASS_PK":"","FCLASS_DE":"","FCLASS_GB":"","FCLASS_BR":"","FCLASS_IL":"","FCLASS_PS":"","FCLASS_SA":"","FCLASS_EG":"","FCLASS_MA":"","FCLASS_PT":"","FCLASS_AR":"","FCLASS_JP":"","FCLASS_KO":"","FCLASS_VN":"","FCLASS_TR":"","FCLASS_ID":"","FCLASS_PL":"","FCLASS_GR":"","FCLASS_IT":"","FCLASS_NL":"","FCLASS_SE":"","FCLASS_BD":"","FCLASS_UA":""}},
{"type":"Feature","geometry":{"type":"Polygon","coordinates":[[[26.494,55.615],[25.533,56.1],[25.001,56.165],[24.861,56.373],[23.878,56.274],[22.201,56.338],[21.056,56.031],[21.268,55.19],[22.316,55.015],[22.758,54.857],[22.651,54.583],[22.731,54.328],[23.244,54.221],[23.484,53.912],[24.451,53.906],[25.536,54.282],[25.768,54.847],[26.588,55.167],[26.494,55.615]]]},"properties":{"featurecla":"Admin-0 country","scalerank":1,"LABELRANK":5,"SOVEREIGNT":"Lithuania","SOV_A3":"LTU","ADM0_DIF":0,"LEVEL":2,"TYPE":"Sovereign country","TLC":"1","ADMIN":"Lithuania","ADM0_A3":"LTU","GEOU_DIF":0,"GEOUNIT":"Lithuania","GU_A3":"LTU","SU_DIF":0,"SUBUNIT":"Lithuania","SU_A3":"LTU","BRK_DIFF":0,"NAME":"Lithuania","NAME_LONG":"Lithuania","BRK_A3":"LTU","BRK_NAME":"Lithuania","BRK_GROUP":"","ABBREV":"Lith.","POSTAL":"LT","FORMAL_EN":"Republic of Lithuania","FORMAL_FR":"","NAME_CIAWF":"Lithuania","NOTE_ADM0":"","NOTE_BRK":"","NAME_SORT":"Lithuania","NAME_ALT":"","MAPCOLOR7":6,"MAPCOLOR8":3,"MAPCOLOR9":3,"MAPCOLOR13":9,"POP_EST":2786844,"POP_RANK":12,"POP_YEAR":2019,"GDP_MD":54627,"GDP_YEAR":2019,"ECONOMY":"2. Developed region: nonG7","INCOME_GRP":"3. Upper middle income","FIPS_10":"LH","ISO_A2":"LT","ISO_A2_EH":"LT","ISO_A3":"LTU","ISO_A3_EH":"LTU","ISO_N3":"440","ISO_N3_EH":"440","UN_A3":"440","WB_A2":"LT","WB_A3":"LTU","WOE_ID":23424875,"WOE_ID_EH":23424875,"WOE_NOTE":"Exact WOE match as country","ADM0_ISO":"LTU","ADM0_DIFF":"","ADM0_TLC":"LTU","ADM0_A3_US":"LTU","ADM0_A3_FR":"LTU","ADM0_A3_RU":"LTU","ADM0_A3_ES":"LTU","ADM0_A3_CN":"LTU","ADM0_A3_TW":"LTU","ADM0_A3_IN":"LTU","ADM0_A3_NP":"LTU","ADM0_A3_PK":"LTU","ADM0_A3_DE":"LTU","ADM0_A3_GB":"LTU","ADM0_A3_BR":"LTU","ADM0_A3_IL":"LTU","ADM0_A3_PS":"LTU","ADM0_A3_SA":"LTU","ADM0_A3_EG":"LTU","ADM0_A3_MA":"LTU","ADM0_A3_PT":"LTU","ADM0_A3_AR":"LTU","ADM0_A3_JP":"LTU","ADM0_A3_KO":"LTU","ADM0_A3_VN":"LTU","ADM0_A3_TR":"LTU","ADM0_A3_ID":"LTU","ADM0_A3_PL":"LTU","ADM0_A3_GR":"LTU","ADM0_A3_IT":"LTU","ADM0_A3_NL":"LTU","ADM0_A3_SE":"LTU","ADM0_A3_BD":"LTU","ADM0_A3_UA":"LTU","ADM0_A3_UN":-99,"ADM0_A3_WB":-99,"CONTINENT":"Europe","REGION_UN":"Europe","SUBREGION":"Northern Europe","REGION_WB":"Europe & Central Asia","NAME_LEN":9,"LONG_LEN":9,"ABBREV_LEN":5,"TINY":-99,"HOMEPART":1,"MIN_ZOOM":0,"MIN_LABEL":4,"MAX_LABEL":9,"LABEL_X":24.089932,"LABEL_Y":55.103703,"NE_ID":1159321029,"WIKIDATAID":"Q37","NAME_AR":"ليتوانيا","NAME_BN":"লিথুয়ানিয়া","NAME_DE":"Litauen","NAME_EN":"Lithuania","NAME_ES":"Lituania","NAME_FA":"لیتوانی","NAME_FR":"Lituanie","NAME_EL":"Λιθουανία","NAME_HE":"ליטא","NAME_HI":"लिथुआनिया","NAME_HU":"Litvánia","NAME_ID":"Lituania","NAME_IT":"Lituania","NAME_JA":"リトアニア","NAME_KO":"리투아니아","NAME_NL":"Litouwen","NAME_PL":"Litwa","NAME_PT":"Lituânia","NAME_RU":"Литва","NAME_SV":"Litauen","NAME_TR":"Litvanya","NAME_UK":"Литва","NAME_UR":"لتھووینیا","NAME_VI":"Litva","NAME_ZH":"立陶宛","NAME_ZHT":"立陶宛","FCLASS_ISO":"Admin-0 country","TLC_DIFF":"","FCLASS_TLC":"Admin-0 country","FCLASS_US":"","FCLASS_FR":"","FCLASS_RU":"","FCLASS_ES":"","FCLASS_CN":"","FCLASS_TW":"","FCLASS_IN":"","FCLASS_NP":"","FCLASS_PK":"","FCLASS_DE":"","FCLASS_GB":"","FCLASS_BR":"","FCLASS_IL":"","FCLASS_PS":"","FCLASS_SA":"","FCLASS_EG":"","FCLASS_MA":"","FCLASS_PT":"","FCLASS_AR":"","FCLASS_JP":"","FCLASS_KO":"","FCLASS_VN":"","FCLASS_TR":"","FCLASS_ID":"","FCLASS_PL":"","FCLASS_GR":"","FCLASS_IT":"","FCLASS_NL":"","FCLASS_SE":"","FCLASS_BD":"","FCLASS_UA":""}},
{"type":"Feature","geometry":{"type":"Polygon","coordinates":[[[27.288,57.475],[26.464,57.476],[25.603,57.848],[25.165,57.97],[24.313,57.793],[24.121,57.026],[23.318,57.006],[22.524,57.753],[21.582,57.412],[21.09,56.784],[21.056,56.031],[22.201,56.338],[23.878,56.274],[24.861,56.373],[25.001,56.165],[25.533,56.1],[26.494,55.615],[27.102,55.783],[28.177,56.169],[27.855,56.759],[27.77,57.244],[27.288,57.475]]]},"properties":{"featurecla":"Admin-0 country","scalerank":1,"LABELRANK":5,"SOVEREIGNT":"Latvia","SOV_A3":"LVA","ADM0_DIF":0,"LEVEL":2,"TYPE":"Sovereign country","TLC":"1","ADMIN":"Latvia","ADM0_A3":"LVA","GEOU_DIF":0,"GEOUNIT":"Latvia","GU_A3":"LVA","SU_DIF":0,"SUBUNIT":"Latvia","SU_A3":"LVA","BRK_DIFF":0,"NAME":"Latvia","NAME_LONG":"Latvia","BRK_A3":"LVA","BRK_NAME":"Latvia","BRK_GROUP":"","ABBREV":"Lat.","POSTAL":"LV","FORMAL_EN":"Republic of Latvia","FORMAL_FR":"","NAME_CIAWF":"Latvia","NOTE_ADM0":"","NOTE_BRK":"","NAME_SORT":"Latvia","NAME_ALT":"","MAPCOLOR7":4,"MAPCOLOR8":7,"MAPCOLOR9":6,"MAPCOLOR13":13,"POP_EST":1912789,"POP_RANK":12,"POP_YEAR":2019,"GDP_MD":34102,"GDP_YEAR":2019,"ECONOMY":"2. Developed region: nonG7","INCOME_GRP":"3. Upper middle income","FIPS_10":"LG","ISO_A2":"LV","ISO_A2_EH":"LV","ISO_A3":"LVA","ISO_A3_EH":"LVA","ISO_N3":"428","ISO_N3_EH":"428","UN_A3":"428","WB_A2":"LV","WB_A3":"LVA","WOE_ID":23424874,"WOE_ID_EH":23424874,"WOE_NOTE":"Exact WOE match as country","ADM0_ISO":"LVA","ADM0_DIFF":"","ADM0_TLC":"LVA","ADM0_A3_US":"LVA","ADM0_A3_FR":"LVA","ADM0_A3_RU":"LVA","ADM0_A3_ES":"LVA","ADM0_A3_CN":"LVA","ADM0_A3_TW":"LVA","ADM0_A3_IN":"LVA","ADM0_A3_NP":"LVA","ADM0_A3_PK":"LVA","ADM0_A3_DE":"LVA","ADM0_A3_GB":"LVA","ADM0_A3_BR":"LVA","ADM0_A3_IL":"LVA","ADM0_A3_PS":"LVA","ADM0_A3_SA":"LVA","ADM0_A3_EG":"LVA","ADM0_A3_MA":"LVA","ADM0_A3_PT":"LVA","ADM0_A3_AR":"LVA","ADM0_A3_JP":"LVA","ADM0_A3_KO":"LVA","ADM0_A3_VN":"LVA","ADM0_A3_TR":"LVA","ADM0_A3_ID":"LVA","ADM0_A3_PL":"LVA","ADM0_A3_GR":"LVA","ADM0_A3_IT":"LVA","ADM0_A3_NL":"LVA","ADM0_A3_SE":"LVA","ADM0_A3_BD":"LVA","ADM0_A3_UA":"LVA","ADM0_A3_UN":-99,"ADM0_A3_WB":-99,"CONTINENT":"Europe","REGION_UN":"Europe","SUBREGION":"Northern Europe","REGION_WB":"Europe & Central Asia","NAME_LEN":6,"LONG_LEN":6,"ABBREV_LEN":4,"TINY":-99,"HOMEPART":1,"MIN_ZOOM":0,"MIN_LABEL":4,"MAX_LABEL":9,"LABEL_X":25.458723,"LABEL_Y":57.066872,"NE_ID":1159321033,"WIKIDATAID":"Q211","NAME_AR":"لاتفيا","NAME_BN":"লাতভিয়া","NAME_DE":"Lettland","NAME_EN":"Latvia","NAME_ES":"Letonia","NAME_FA":"لتونی","NAME_FR":"Lettonie","NAME_EL":"Λετονία","NAME_HE":"לטביה","NAME_HI":"लातविया","NAME_HU":"Lettország","NAME_ID":"Latvia","NAME_IT":"Lettonia","NAME_JA":"ラトビア","NAME_KO":"라트비아","NAME_NL":"Letland","NAME_PL":"Łotwa","NAME_PT":"Letónia","NAME_RU":"Латвия","NAME_SV":"Lettland","NAME_TR":"Letonya","NAME_UK":"Латвія","NAME_UR":"لٹویا","NAME_VI":"Latvia","NAME_ZH":"拉脱维亚","NAME_ZHT":"拉脫維亞","FCLASS_ISO":"Admin-0 country","TLC_DIFF":"","FCLASS_TLC":"Admin-0 country","FCLASS_US":"","FCLASS_FR":"","FCLASS_RU":"","FCLASS_ES":"","FCLASS_CN":"","FCLASS_TW":"","FCLASS_IN":"","FCLASS_NP":"","FCLASS_PK":"","FCLASS_DE":"","FCLASS_GB":"","FCLASS_BR":"","FCLASS_IL":"","FCLASS_PS":"","FCLASS_SA":"","FCLASS_EG":"","FCLASS_MA":"","FCLASS_PT":"","FCLASS_AR":"","FCLASS_JP":"","FCLASS_KO":"","FCLASS_VN":"","FCLASS_TR":"","FCLASS_ID":"","FCLASS_PL":"","FCLASS_GR":"","FCLASS_IT":"","FCLASS_NL":"","FCLASS_SE":"","FCLASS_BD":"","FCLASS_UA":""}},
{"type":"Feature","geometry":{"type":"Polygon","coordinates":[[[27.981,59.475],[26.949,59.446],[25.864,59.611],[24.604,59.466],[23.34,59.187],[23.427,58.613],[24.061,58.257],[24.429,58.383],[24.313,57.793],[25.165,57.97],[25.603,57.848],[26.464,57.476],[27.288,57.475],[27.717,57.792],[27.42,58.725],[28.132,59.301],[27.981,59.475]]]},"properties":{"featurecla":"Admin-0 country","scalerank":1,"LABELRANK":6,"SOVEREIGNT":"Estonia","SOV_A3":"EST","ADM0_DIF":0,"LEVEL":2,"TYPE":"Sovereign country","TLC":"1","ADMIN":"Estonia","ADM0_A3":"EST","GEOU_DIF":0,"GEOUNIT":"Estonia","GU_A3":"EST","SU_DIF":0,"SUBUNIT":"Estonia","SU_A3":"EST","BRK_DIFF":0,"NAME":"Estonia","NAME_LONG":"Estonia","BRK_A3":"EST","BRK_NAME":"Estonia","BRK_GROUP":"","ABBREV":"Est.","POSTAL":"EST","FORMAL_EN":"Republic of Estonia","FORMAL_FR":"","NAME_CIAWF":"Estonia","NOTE_ADM0":"","NOTE_BRK":"","NAME_SORT":"Estonia","NAME_ALT":"","MAPCOLOR7":3,"MAPCOLOR8":2,"MAPCOLOR9":1,"MAPCOLOR13":10,"POP_EST":1326590,"POP_RANK":12,"POP_YEAR":2019,"GDP_MD":31471,"GDP_YEAR":2019,"ECONOMY":"2. Developed region: nonG7","INCOME_GRP":"1. High income: OECD","FIPS_10":"EN","ISO_A2":"EE","ISO_A2_EH":"EE","ISO_A3":"EST","ISO_A3_EH":"EST","ISO_N3":"233","ISO_N3_EH":"233","UN_A3":"233","WB_A2":"EE","WB_A3":"EST","WOE_ID":23424805,"WOE_ID_EH":23424805,"WOE_NOTE":"Exact WOE match as country","ADM0_ISO":"EST","ADM0_DIFF":"","ADM0_TLC":"EST","ADM0_A3_US":"EST","ADM0_A3_FR":"EST","ADM0_A3_RU":"EST","ADM0_A3_ES":"EST","ADM0_A3_CN":"EST","ADM0_A3_TW":"EST","ADM0_A3_IN":"EST","ADM0_A3_NP":"EST","ADM0_A3_PK":"EST","ADM0_A3_DE":"EST","ADM0_A3_GB":"EST","ADM0_A3_BR":"EST","ADM0_A3_IL":"EST","ADM0_A3_PS":"EST","ADM0_A3_SA":"EST","ADM0_A3_EG":"EST","ADM0_A3_MA":"EST","ADM0_A3_PT":"EST","ADM0_A3_AR":"EST","ADM0_A3_JP":"EST","ADM0_A3_KO":"EST","ADM0_A3_VN":"EST","ADM0_A3_TR":"EST","ADM0_A3_ID":"EST","ADM0_A3_PL":"EST","ADM0_A3_GR":"EST","ADM0_A3_IT":"EST","ADM0_A3_NL":"EST","ADM0_A3_SE":"EST","ADM0_A3_BD":"EST","ADM0_A3_UA":"EST","ADM0_A3_UN":-99,"ADM0_A3_WB":-99,"CONTINENT":"Europe","REGION_UN":"Europe","SUBREGION":"Northern Europe","REGION_WB":"Europe & Central Asia","NAME_LEN":7,"LONG_LEN":7,"ABBREV_LEN":4,"TINY":-99,"HOMEPART":1,"MIN_ZOOM":0,"MIN_LABEL":3,"MAX_LABEL":8,"LABEL_X":25.867126,"LABEL_Y":58.724865,"NE_ID":1159320615,"WIKIDATAID":"Q191","NAME_AR":"إستونيا","NAME_BN":"এস্তোনিয়া","NAME_DE":"Estland","NAME_EN":"Estonia","NAME_ES":"Estonia","NAME_FA":"استونی","NAME_FR":"Estonie","NAME_EL":"Εσθονία","NAME_HE":"אסטוניה","NAME_HI":"एस्टोनिया","NAME_HU":"Észtország","NAME_ID":"Estonia","NAME_IT":"Estonia","NAME_JA":"エストニア","NAME_KO":"에스토니아","NAME_NL":"Estland","NAME_PL":"Estonia","NAME_PT":"Estónia","NAME_RU":"Эстония","NAME_SV":"Estland","NAME_TR":"Estonya","NAME_UK":"Естонія","NAME_UR":"استونیا","NAME_VI":"Estonia","NAME_ZH":"爱沙尼亚","NAME_ZHT":"愛沙尼亞","FCLASS_ISO":"Admin-0 country","TLC_DIFF":"","FCLASS_TLC":"Admin-0 country","FCLASS_US":"","FCLASS_FR":"","FCLASS_RU":"","FCLASS_ES":"","FCLASS_CN":"","FCLASS_TW":"","FCLASS_IN":"","FCLASS_NP":"","FCLASS_PK":"","FCLASS_DE":"","FCLASS_GB":"","FCLASS_BR":"","FCLASS_IL":"","FCLASS_PS":"","FCLASS_SA":"","FCLASS_EG":"","FCLASS_MA":"","FCLASS_PT":"","FCLASS_AR":"","FCLASS_JP":"","FCLASS_KO":"","FCLASS_VN":"","FCLASS_TR":"","FCLASS_ID":"","FCLASS_PL":"","FCLASS_GR":"","FCLASS_IT":"","FCLASS_NL":"","FCLASS_SE":"","FCLASS_BD":"","FCLASS_UA":""}},
{"type":"Feature","geometry":{"type":"Polygon","coordinates":[[[14.12,53.757],[13.647,54.076],[12.518,54.47],[11.956,54.196],[10.939,54.009],[10.95,54.364],[9.94,54.597],[9.922,54.983],[9.282,54.831],[8.526,54.963],[8.572,54.396],[8.801,54.021],[8.122,53.528],[7.936,53.748],[7.1,53.694],[6.905,53.482],[7.092,53.144],[6.843,52.228],[6.589,51.852],[5.989,51.852],[6.157,50.804],[6.043,50.128],[6.243,49.902],[6.186,49.464],[6.658,49.202],[8.099,49.018],[7.594,48.333],[7.467,47.621],[8.317,47.614],[8.523,47.831],[9.594,47.525],[9.896,47.58],[10.402,47.302],[10.545,47.566],[11.426,47.524],[12.141,47.703],[12.621,47.672],[12.933,47.468],[13.026,47.638],[12.884,48.289],[13.243,48.416],[13.596,48.877],[13.031,49.307],[12.521,49.547],[12.415,49.969],[12.24,50.266],[12.967,50.484],[13.338,50.733],[14.056,50.927],[14.307,51.117],[14.571,51.002],[15.017,51.107],[14.607,51.745],[14.685,52.09],[14.438,52.625],[14.075,52.981],[14.353,53.248],[14.12,53.757]]]},"properties":{"featurecla":"Admin-0 country","scalerank":1,"LABELRANK":2,"SOVEREIGNT":"Germany","SOV_A3":"DEU","ADM0_DIF":0,"LEVEL":2,"TYPE":"Sovereign country","TLC":"1","ADMIN":"Germany","ADM0_A3":"DEU","GEOU_DIF":0,"GEOUNIT":"Germany","GU_A3":"DEU","SU_DIF":0,"SUBUNIT":"Germany","SU_A3":"DEU","BRK_DIFF":0,"NAME":"Germany","NAME_LONG":"Germany","BRK_A3":"DEU","BRK_NAME":"Germany","BRK_GROUP":"","ABBREV":"Ger.","POSTAL":"D","FORMAL_EN":"Federal Republic of Germany","FORMAL_FR":"","NAME_CIAWF":"Germany","NOTE_ADM0":"","NOTE_BRK":"","NAME_SORT":"Germany","NAME_ALT":"","MAPCOLOR7":2,"MAPCOLOR8":5,"MAPCOLOR9":5,"MAPCOLOR13":1,"POP_EST":83132799,"POP_RANK":16,"POP_YEAR":2019,"GDP_MD":3861123,"GDP_YEAR":2019,"ECONOMY":"1. Developed region: G7","INCOME_GRP":"1. High income: OECD","FIPS_10":"GM","ISO_A2":"DE","ISO_A2_EH":"DE","ISO_A3":"DEU","ISO_A3_EH":"DEU","ISO_N3":"276","ISO_N3_EH":"276","UN_A3":"276","WB_A2":"DE","WB_A3":"DEU","WOE_ID":23424829,"WOE_ID_EH":23424829,"WOE_NOTE":"Exact WOE match as country","ADM0_ISO":"DEU","ADM0_DIFF":"","ADM0_TLC":"DEU","ADM0_A3_US":"DEU","ADM0_A3_FR":"DEU","ADM0_A3_RU":"DEU","ADM0_A3_ES":"DEU","ADM0_A3_CN":"DEU","ADM0_A3_TW":"DEU","ADM0_A3_IN":"DEU","ADM0_A3_NP":"DEU","ADM0_A3_PK":"DEU","ADM0_A3_DE":"DEU","ADM0_A3_GB":"DEU","ADM0_A3_BR":"DEU","ADM0_A3_IL":"DEU","ADM0_A3_PS":"DEU","ADM0_A3_SA":"DEU","ADM0_A3_EG":"DEU","ADM0_A3_MA":"DEU","ADM0_A3_PT":"DEU","ADM0_A3_AR":"DEU","ADM0_A3_JP":"DEU","ADM0_A3_KO":"DEU","ADM0_A3_VN":"DEU","ADM0_A3_TR":"DEU","ADM0_A3_ID":"DEU","ADM0_A3_PL":"DEU","ADM0_A3_GR":"DEU","ADM0_A3_IT":"DEU","ADM0_A3_NL":"DEU","ADM0_A3_SE":"DEU","ADM0_A3_BD":"DEU","ADM0_A3_UA":"DEU","ADM0_A3_UN":-99,"ADM0_A3_WB":-99,"CONTINENT":"Europe","REGION_UN":"Europe","SUBREGION":"Western Europe","REGION_WB":"Europe & Central Asia","NAME_LEN":7,"LONG_LEN":7,"ABBREV_LEN":4,"TINY":-99,"HOMEPART":1,"MIN_ZOOM":0,"MIN_LABEL":1.7,"MAX_LABEL":6.7,"LABEL_X":9.678348,"LABEL_Y":50.961733,"NE_ID":1159320539,"WIKIDATAID":"Q183","NAME_AR":"ألمانيا","NAME_BN":"জার্মানি","NAME_DE":"Deutschland","NAME_EN":"Germany","NAME_ES":"Alemania","NAME_FA":"آلمان","NAME_FR":"Allemagne","NAME_EL":"Γερμανία","NAME_HE":"גרמניה","NAME_HI":"जर्मनी","NAME_HU":"Németország","NAME_ID":"Jerman","NAME_IT":"Germania","NAME_JA":"ドイツ","NAME_KO":"독일","NAME_NL":"Duitsland","NAME_PL":"Niemcy","NAME_PT":"Alemanha","NAME_RU":"Германия","NAME_SV":"Tyskland","NAME_TR":"Almanya","NAME_UK":"Німеччина","NAME_UR":"جرمنی","NAME_VI":"Đức","NAME_ZH":"德国","NAME_ZHT":"德國","FCLASS_ISO":"Admin-0 country","TLC_DIFF":"","FCLASS_TLC":"Admin-0 country","FCLASS_US":"","FCLASS_FR":"","FCLASS_RU":"","FCLASS_ES":"","FCLASS_CN":"","FCLASS_TW":"","FCLASS_IN":"","FCLASS_NP":"","FCLASS_PK":"","FCLASS_DE":"","FCLASS_GB":"","FCLASS_BR":"","FCLASS_IL":"","FCLASS_PS":"","FCLASS_SA":"","FCLASS_EG":"","FCLASS_MA":"","FCLASS_PT":"","FCLASS_AR":"","FCLASS_JP":"","FCLASS_KO":"","FCLASS_VN":"","FCLASS_TR":"","FCLASS_ID":"","FCLASS_PL":"","FCLASS_GR":"","FCLASS_IT":"","FCLASS_NL":"","FCLASS_SE":"","FCLASS_BD":"","FCLASS_UA":""}},
{"type":"Feature","geometry":{"type":"Polygon","coordinates":[[[22.657,44.235],[22.41,44.008],[22.5,43.643],[22.986,43.211],[22.605,42.899],[22.437,42.58],[22.545,42.461],[22.381,42.32],[22.881,41.999],[22.952,41.338],[23.692,41.309],[24.493,41.584],[25.197,41.234],[26.106,41.329],[26.117,41.827],[27.136,42.141],[27.997,42.007],[27.674,42.578],[28.039,43.293],[28.558,43.707],[27.97,43.812],[27.242,44.176],[26.065,43.943],[25.569,43.688],[24.101,43.741],[23.332,43.897],[22.945,43.824],[22.657,44.235]]]},"properties":{"featurecla":"Admin-0 country","scalerank":1,"LABELRANK":4,"SOVEREIGNT":"Bulgaria","SOV_A3":"BGR","ADM0_DIF":0,"LEVEL":2,"TYPE":"Sovereign country","TLC":"1","ADMIN":"Bulgaria","ADM0_A3":"BGR","GEOU_DIF":0,"GEOUNIT":"Bulgaria","GU_A3":"BGR","SU_DIF":0,"SUBUNIT":"Bulgaria","SU_A3":"BGR","BRK_DIFF":0,"NAME":"Bulgaria","NAME_LONG":"Bulgaria","BRK_A3":"BGR","BRK_NAME":"Bulgaria","BRK_GROUP":"","ABBREV":"Bulg.","POSTAL":"BG","FORMAL_EN":"Republic of Bulgaria","FORMAL_FR":"","NAME_CIAWF":"Bulgaria","NOTE_ADM0":"","NOTE_BRK":"","NAME_SORT":"Bulgaria","NAME_ALT":"","MAPCOLOR7":4,"MAPCOLOR8":5,"MAPCOLOR9":1,"MAPCOLOR13":8,"POP_EST":6975761,"POP_RANK":13,"POP_YEAR":2019,"GDP_MD":68558,"GDP_YEAR":2019,"ECONOMY":"2. Developed region: nonG7","INCOME_GRP":"3. Upper middle income","FIPS_10":"BU","ISO_A2":"BG","ISO_A2_EH":"BG","ISO_A3":"BGR","ISO_A3_EH":"BGR","ISO_N3":"100","ISO_N3_EH":"100","UN_A3":"100","WB_A2":"BG","WB_A3":"BGR","WOE_ID":23424771,"WOE_ID_EH":23424771,"WOE_NOTE":"Exact WOE match as country","ADM0_ISO":"BGR","ADM0_DIFF":"","ADM0_TLC":"BGR","ADM0_A3_US":"BGR","ADM0_A3_FR":"BGR","ADM0_A3_RU":"BGR","ADM0_A3_ES":"BGR","ADM0_A3_CN":"BGR","ADM0_A3_TW":"BGR","ADM0_A3_IN":"BGR","ADM0_A3_NP":"BGR","ADM0_A3_PK":"BGR","ADM0_A3_DE":"BGR","ADM0_A3_GB":"BGR","ADM0_A3_BR":"BGR","ADM0_A3_IL":"BGR","ADM0_A3_PS":"BGR","ADM0_A3_SA":"BGR","ADM0_A3_EG":"BGR","ADM0_A3_MA":"BGR","ADM0_A3_PT":"BGR","ADM0_A3_AR":"BGR","ADM0_A3_JP":"BGR","ADM0_A3_KO":"BGR","ADM0_A3_VN":"BGR","ADM0_A3_TR":"BGR","ADM0_A3_ID":"BGR","ADM0_A3_PL":"BGR","ADM0_A3_GR":"BGR","ADM0_A3_IT":"BGR","ADM0_A3_NL":"BGR","ADM0_A3_SE":"BGR","ADM0_A3_BD":"BGR","ADM0_A3_UA":"BGR","ADM0_A3_UN":-99,"ADM0_A3_WB":-99,"CONTINENT":"Europe","REGION_UN":"Europe","SUBREGION":"Eastern Europe","REGION_WB":"Europe & Central Asia","NAME_LEN":8,"LONG_LEN":8,"ABBREV_LEN":5,"TINY":-99,"HOMEPART":1,"MIN_ZOOM":0,"MIN_LABEL":4,"MAX_LABEL":9,"LABEL_X":25.15709,"LABEL_Y":42.508785,"NE_ID":1159320409,"WIKIDATAID":"Q219","NAME_AR":"بلغاريا","NAME_BN":"বুলগেরিয়া","NAME_DE":"Bulgarien","NAME_EN":"Bulgaria","NAME_ES":"Bulgaria","NAME_FA":"بلغارستان","NAME_FR":"Bulgarie","NAME_EL":"Βουλγαρία","NAME_HE":"בולגריה","NAME_HI":"बुल्गारिया","NAME_HU":"Bulgária","NAME_ID":"Bulgaria","NAME_IT":"Bulgaria","NAME_JA":"ブルガリア","NAME_KO":"불가리아","NAME_NL":"Bulgarije","NAME_PL":"Bułgaria","NAME_PT":"Bulgária","NAME_RU":"Болгария","NAME_SV":"Bulgarien","NAME_TR":"Bulgaristan","NAME_UK":"Болгарія","NAME_UR":"بلغاریہ","NAME_VI":"Bulgaria","NAME_ZH":"保加利亚","NAME_ZHT":"保加利亞","FCLASS_ISO":"Admin-0 country","TLC_DIFF":"","FCLASS_TLC":"Admin-0 country","FCLASS_US":"","FCLASS_FR":"","FCLASS_RU":"","FCLASS_ES":"","FCLASS_CN":"","FCLASS_TW":"","FCLASS_IN":"","FCLASS_NP":"","FCLASS_PK":"","FCLASS_DE":"","FCLASS_GB":"","FCLASS_BR":"","FCLASS_IL":"","FCLASS_PS":"","FCLASS_SA":"","FCLASS_EG":"","FCLASS_MA":"","FCLASS_PT":"","FCLASS_AR":"","FCLASS_JP":"","FCLASS_KO":"","FCLASS_VN":"","FCLASS_TR":"","FCLASS_ID":"","FCLASS_PL":"","FCLASS_GR":"","FCLASS_IT":"","FCLASS_NL":"","FCLASS_SE":"","FCLASS_BD":"","FCLASS_UA":""}},
{"type":"Feature","geometry":{"type":"MultiPolygon","coordinates":[[[[26.29,35.3],[25.745,35.18],[25.769,35.354],[25.025,35.425],[24.247,35.368],[23.7,35.705],[23.515,35.28],[24.735,35.085],[24.725,34.92],[26.165,35.005],[26.29,35.3]]],[[[22.952,41.338],[22.762,41.305],[22.597,41.13],[22.055,41.15],[21.674,40.931],[21.02,40.843],[21,40.58],[20.675,40.435],[20.615,40.11],[20.15,39.625],[20.218,39.34],[20.73,38.77],[21.12,38.31],[21.295,37.645],[21.67,36.845],[22.49,36.41],[23.154,36.423],[22.775,37.305],[23.41,37.41],[23.115,37.92],[24.04,37.655],[24.025,38.22],[23.53,38.51],[22.973,38.971],[23.35,39.19],[22.85,39.659],[22.626,40.257],[22.814,40.476],[23.343,39.961],[23.9,39.962],[24.408,40.125],[23.715,40.687],[24.926,40.947],[25.448,40.853],[26.057,40.824],[26.295,40.936],[26.604,41.562],[26.117,41.827],[26.106,41.329],[25.197,41.234],[24.493,41.584],[23.692,41.309],[22.952,41.338]]]]},"properties":{"featurecla":"Admin-0 country","scalerank":1,"LABELRANK":3,"SOVEREIGNT":"Greece","SOV_A3":"GRC","ADM0_DIF":0,"LEVEL":2,"TYPE":"Sovereign country","TLC":"1","ADMIN":"Greece","ADM0_A3":"GRC","GEOU_DIF":0,"GEOUNIT":"Greece","GU_A3":"GRC","SU_DIF":0,"SUBUNIT":"Greece","SU_A3":"GRC","BRK_DIFF":0,"NAME":"Greece","NAME_LONG":"Greece","BRK_A3":"GRC","BRK_NAME":"Greece","BRK_GROUP":"","ABBREV":"Greece","POSTAL":"GR","FORMAL_EN":"Hellenic Republic","FORMAL_FR":"","NAME_CIAWF":"Greece","NOTE_ADM0":"","NOTE_BRK":"","NAME_SORT":"Greece","NAME_ALT":"","MAPCOLOR7":2,"MAPCOLOR8":2,"MAPCOLOR9":2,"MAPCOLOR13":9,"POP_EST":10716322,"POP_RANK":14,"POP_YEAR":2019,"GDP_MD":209852,"GDP_YEAR":2019,"ECONOMY":"2. Developed region: nonG7","INCOME_GRP":"1. High income: OECD","FIPS_10":"GR","ISO_A2":"GR","ISO_A2_EH":"GR","ISO_A3":"GRC","ISO_A3_EH":"GRC","ISO_N3":"300","ISO_N3_EH":"300","UN_A3":"300","WB_A2":"GR","WB_A3":"GRC","WOE_ID":23424833,"WOE_ID_EH":23424833,"WOE_NOTE":"Exact WOE match as country","ADM0_ISO":"GRC","ADM0_DIFF":"","ADM0_TLC":"GRC","ADM0_A3_US":"GRC","ADM0_A3_FR":"GRC","ADM0_A3_RU":"GRC","ADM0_A3_ES":"GRC","ADM0_A3_CN":"GRC","ADM0_A3_TW":"GRC","ADM0_A3_IN":"GRC","ADM0_A3_NP":"GRC","ADM0_A3_PK":"GRC","ADM0_A3_DE":"GRC","ADM0_A3_GB":"GRC","ADM0_A3_BR":"GRC","ADM0_A3_IL":"GRC","ADM0_A3_PS":"GRC","ADM0_A3_SA":"GRC","ADM0_A3_EG":"GRC","ADM0_A3_MA":"GRC","ADM0_A3_PT":"GRC","ADM0_A3_AR":"GRC","ADM0_A3_JP":"GRC","ADM0_A3_KO":"GRC","ADM0_A3_VN":"GRC","ADM0_A3_TR":"GRC","ADM0_A3_ID":"GRC","ADM0_A3_PL":"GRC","ADM0_A3_GR":"GRC","ADM0_A3_IT":"GRC","ADM0_A3_NL":"GRC","ADM0_A3_SE":"GRC","ADM0_A3_BD":"GRC","ADM0_A3_UA":"GRC","ADM0_A3_UN":-99,"ADM0_A3_WB":-99,"CONTINENT":"Europe","REGION_UN":"Europe","SUBREGION":"Southern Europe","REGION_WB":"Europe & Central Asia","NAME_LEN":6,"LONG_LEN":6,"ABBREV_LEN":6,"TINY":-99,"HOMEPART":1,"MIN_ZOOM":0,"MIN_LABEL":2.7,"MAX_LABEL":8,"LABEL_X":21.72568,"LABEL_Y":39.492763,"NE_ID":1159320811,"WIKIDATAID":"Q41","NAME_AR":"اليونان","NAME_BN":"গ্রিস","NAME_DE":"Griechenland","NAME_EN":"Greece","NAME_ES":"Grecia","NAME_FA":"یونان","NAME_FR":"Grèce","NAME_EL":"Ελλάδα","NAME_HE":"יוון","NAME_HI":"यूनान","NAME_HU":"Görögország","NAME_ID":"Yunani","NAME_IT":"Grecia","NAME_JA":"ギリシャ","NAME_KO":"그리스","NAME_NL":"Griekenland","NAME_PL":"Grecja","NAME_PT":"Grécia","NAME_RU":"Греция","NAME_SV":"Grekland","NAME_TR":"Yunanistan","NAME_UK":"Греція","NAME_UR":"یونان","NAME_VI":"Hy Lạp","NAME_ZH":"希腊","NAME_ZHT":"希臘","FCLASS_ISO":"Admin-0 country","TLC_DIFF":"","FCLASS_TLC":"Admin-0 country","FCLASS_US":"","FCLASS_FR":"","FCLASS_RU":"","FCLASS_ES":"","FCLASS_CN":"","FCLASS_TW":"","FCLASS_IN":"","FCLASS_NP":"","FCLASS_PK":"","FCLASS_DE":"","FCLASS_GB":"","FCLASS_BR":"","FCLASS_IL":"","FCLASS_PS":"","FCLASS_SA":"","FCLASS_EG":"","FCLASS_MA":"","FCLASS_PT":"","FCLASS_AR":"","FCLASS_JP":"","FCLASS_KO":"","FCLASS_VN":"","FCLASS_TR":"","FCLASS_ID":"","FCLASS_PL":"","FCLASS_GR":"","FCLASS_IT":"","FCLASS_NL":"","FCLASS_SE":"","FCLASS_BD":"","FCLASS_UA":""}},
{"type":"Feature","geometry":{"type":"MultiPolygon","coordinates":[[[[44.773,37.17],[44.226,37.972],[44.421,38.281],[44.109,39.428],[44.794,39.713],[44.4,40.005],[43.656,40.254],[43.753,40.74],[43.583,41.092],[42.62,41.583],[41.554,41.536],[40.373,41.014],[39.513,41.103],[38.348,40.949],[36.913,41.335],[35.168,42.04],[33.513,42.019],[32.348,41.736],[31.146,41.088],[29.24,41.22],[28.82,40.46],[27.28,40.42],[26.171,39.464],[26.805,38.986],[26.318,38.208],[27.049,37.653],[27.641,36.659],[28.733,36.677],[29.7,36.144],[30.391,36.263],[30.622,36.678],[31.7,36.644],[32.509,36.108],[34.027,36.22],[34.715,36.796],[35.551,36.565],[36.161,36.651],[35.782,36.275],[36.15,35.822],[36.418,36.041],[36.685,36.26],[36.739,36.818],[37.067,36.623],[38.168,36.901],[38.7,36.713],[39.523,36.716],[40.673,37.091],[41.212,37.074],[42.35,37.23],[42.779,37.385],[43.942,37.256],[44.293,37.002],[44.773,37.17]]],[[[26.117,41.827],[26.604,41.562],[26.295,40.936],[26.057,40.824],[26.043,40.618],[26.358,40.152],[27.192,40.691],[27.619,41],[28.806,41.055],[28.988,41.3],[28.116,41.623],[27.997,42.007],[27.136,42.141],[26.117,41.827]]]]},"properties":{"featurecla":"Admin-0 country","scalerank":1,"LABELRANK":2,"SOVEREIGNT":"Turkey","SOV_A3":"TUR","ADM0_DIF":0,"LEVEL":2,"TYPE":"Sovereign country","TLC":"1","ADMIN":"Turkey","ADM0_A3":"TUR","GEOU_DIF":0,"GEOUNIT":"Turkey","GU_A3":"TUR","SU_DIF":0,"SUBUNIT":"Turkey","SU_A3":"TUR","BRK_DIFF":0,"NAME":"Turkey","NAME_LONG":"Turkey","BRK_A3":"TUR","BRK_NAME":"Turkey","BRK_GROUP":"","ABBREV":"Tur.","POSTAL":"TR","FORMAL_EN":"Republic of Turkey","FORMAL_FR":"","NAME_CIAWF":"Turkey","NOTE_ADM0":"","NOTE_BRK":"","NAME_SORT":"Turkey","NAME_ALT":"","MAPCOLOR7":6,"MAPCOLOR8":3,"MAPCOLOR9":8,"MAPCOLOR13":4,"POP_EST":83429615,"POP_RANK":16,"POP_YEAR":2019,"GDP_MD":761425,"GDP_YEAR":2019,"ECONOMY":"4. Emerging region: MIKT","INCOME_GRP":"3. Upper middle income","FIPS_10":"TU","ISO_A2":"TR","ISO_A2_EH":"TR","ISO_A3":"TUR","ISO_A3_EH":"TUR","ISO_N3":"792","ISO_N3_EH":"792","UN_A3":"792","WB_A2":"TR","WB_A3":"TUR","WOE_ID":23424969,"WOE_ID_EH":23424969,"WOE_NOTE":"Exact WOE match as country","ADM0_ISO":"TUR","ADM0_DIFF":"","ADM0_TLC":"TUR","ADM0_A3_US":"TUR","ADM0_A3_FR":"TUR","ADM0_A3_RU":"TUR","ADM0_A3_ES":"TUR","ADM0_A3_CN":"TUR","ADM0_A3_TW":"TUR","ADM0_A3_IN":"TUR","ADM0_A3_NP":"TUR","ADM0_A3_PK":"TUR","ADM0_A3_DE":"TUR","ADM0_A3_GB":"TUR","ADM0_A3_BR":"TUR","ADM0_A3_IL":"TUR","ADM0_A3_PS":"TUR","ADM0_A3_SA":"TUR","ADM0_A3_EG":"TUR","ADM0_A3_MA":"TUR","ADM0_A3_PT":"TUR","ADM0_A3_AR":"TUR","ADM0_A3_JP":"TUR","ADM0_A3_KO":"TUR","ADM0_A3_VN":"TUR","ADM0_A3_TR":"TUR","ADM0_A3_ID":"TUR","ADM0_A3_PL":"TUR","ADM0_A3_GR":"TUR","ADM0_A3_IT":"TUR","ADM0_A3_NL":"TUR","ADM0_A3_SE":"TUR","ADM0_A3_BD":"TUR","ADM0_A3_UA":"TUR","ADM0_A3_UN":-99,"ADM0_A3_WB":-99,"CONTINENT":"Asia","REGION_UN":"Asia","SUBREGION":"Western Asia","REGION_WB":"Europe & Central Asia","NAME_LEN":6,"LONG_LEN":6,"ABBREV_LEN":4,"TINY":-99,"HOMEPART":1,"MIN_ZOOM":0,"MIN_LABEL":2,"MAX_LABEL":7,"LABEL_X":34.508268,"LABEL_Y":39.345388,"NE_ID":1159321331,"WIKIDATAID":"Q43","NAME_AR":"تركيا","NAME_BN":"তুরস্ক","NAME_DE":"Türkei","NAME_EN":"Turkey","NAME_ES":"Turquía","NAME_FA":"ترکیه","NAME_FR":"Turquie","NAME_EL":"Τουρκία","NAME_HE":"טורקיה","NAME_HI":"तुर्की","NAME_HU":"Törökország","NAME_ID":"Turki","NAME_IT":"Turchia","NAME_JA":"トルコ","NAME_KO":"터키","NAME_NL":"Turkije","NAME_PL":"Turcja","NAME_PT":"Turquia","NAME_RU":"Турция","NAME_SV":"Turkiet","NAME_TR":"Türkiye","NAME_UK":"Туреччина","NAME_UR":"ترکی","NAME_VI":"Thổ Nhĩ Kỳ","NAME_ZH":"土耳其","NAME_ZHT":"土耳其","FCLASS_ISO":"Admin-0 country","TLC_DIFF":"","FCLASS_TLC":"Admin-0 country","FCLASS_US":"","FCLASS_FR":"","FCLASS_RU":"","FCLASS_ES":"","FCLASS_CN":"","FCLASS_TW":"","FCLASS_IN":"","FCLASS_NP":"","FCLASS_PK":"","FCLASS_DE":"","FCLASS_GB":"","FCLASS_BR":"","FCLASS_IL":"","FCLASS_PS":"","FCLASS_SA":"","FCLASS_EG":"","FCLASS_MA":"","FCLASS_PT":"","FCLASS_AR":"","FCLASS_JP":"","FCLASS_KO":"","FCLASS_VN":"","FCLASS_TR":"","FCLASS_ID":"","FCLASS_PL":"","FCLASS_GR":"","FCLASS_IT":"","FCLASS_NL":"","FCLASS_SE":"","FCLASS_BD":"","FCLASS_UA":""}},
{"type":"Feature","geometry":{"type":"Polygon","coordinates":[[[21.02,40.843],[20.605,41.086],[20.463,41.515],[20.59,41.855],[20.523,42.218],[20.284,42.32],[20.071,42.589],[19.802,42.5],[19.738,42.688],[19.304,42.196],[19.372,41.878],[19.54,41.72],[19.404,41.41],[19.319,40.727],[19.406,40.251],[19.96,39.915],[19.98,39.695],[20.15,39.625],[20.615,40.11],[20.675,40.435],[21,40.58],[21.02,40.843]]]},"properties":{"featurecla":"Admin-0 country","scalerank":1,"LABELRANK":6,"SOVEREIGNT":"Albania","SOV_A3":"ALB","ADM0_DIF":0,"LEVEL":2,"TYPE":"Sovereign country","TLC":"1","ADMIN":"Albania","ADM0_A3":"ALB","GEOU_DIF":0,"GEOUNIT":"Albania","GU_A3":"ALB","SU_DIF":0,"SUBUNIT":"Albania","SU_A3":"ALB","BRK_DIFF":0,"NAME":"Albania","NAME_LONG":"Albania","BRK_A3":"ALB","BRK_NAME":"Albania","BRK_GROUP":"","ABBREV":"Alb.","POSTAL":"AL","FORMAL_EN":"Republic of Albania","FORMAL_FR":"","NAME_CIAWF":"Albania","NOTE_ADM0":"","NOTE_BRK":"","NAME_SORT":"Albania","NAME_ALT":"","MAPCOLOR7":1,"MAPCOLOR8":4,"MAPCOLOR9":1,"MAPCOLOR13":6,"POP_EST":2854191,"POP_RANK":12,"POP_YEAR":2019,"GDP_MD":15279,"GDP_YEAR":2019,"ECONOMY":"6. Developing region","INCOME_GRP":"4. Lower middle income","FIPS_10":"AL","ISO_A2":"AL","ISO_A2_EH":"AL","ISO_A3":"ALB","ISO_A3_EH":"ALB","ISO_N3":"008","ISO_N3_EH":"008","UN_A3":"008","WB_A2":"AL","WB_A3":"ALB","WOE_ID":23424742,"WOE_ID_EH":23424742,"WOE_NOTE":"Exact WOE match as country","ADM0_ISO":"ALB","ADM0_DIFF":"","ADM0_TLC":"ALB","ADM0_A3_US":"ALB","ADM0_A3_FR":"ALB","ADM0_A3_RU":"ALB","ADM0_A3_ES":"ALB","ADM0_A3_CN":"ALB","ADM0_A3_TW":"ALB","ADM0_A3_IN":"ALB","ADM0_A3_NP":"ALB","ADM0_A3_PK":"ALB","ADM0_A3_DE":"ALB","ADM0_A3_GB":"ALB","ADM0_A3_BR":"ALB","ADM0_A3_IL":"ALB","ADM0_A3_PS":"ALB","ADM0_A3_SA":"ALB","ADM0_A3_EG":"ALB","ADM0_A3_MA":"ALB","ADM0_A3_PT":"ALB","ADM0_A3_AR":"ALB","ADM0_A3_JP":"ALB","ADM0_A3_KO":"ALB","ADM0_A3_VN":"ALB","ADM0_A3_TR":"ALB","ADM0_A3_ID":"ALB","ADM0_A3_PL":"ALB","ADM0_A3_GR":"ALB","ADM0_A3_IT":"ALB","ADM0_A3_NL":"ALB","ADM0_A3_SE":"ALB","ADM0_A3_BD":"ALB","ADM0_A3_UA":"ALB","ADM0_A3_UN":-99,"ADM0_A3_WB":-99,"CONTINENT":"Europe","REGION_UN":"Europe","SUBREGION":"Southern Europe","REGION_WB":"Europe & Central Asia","NAME_LEN":7,"LONG_LEN":7,"ABBREV_LEN":4,"TINY":-99,"HOMEPART":1,"MIN_ZOOM":0,"MIN_LABEL":5,"MAX_LABEL":10,"LABEL_X":20.11384,"LABEL_Y":40.654855,"NE_ID":1159320325,"WIKIDATAID":"Q222","NAME_AR":"ألبانيا","NAME_BN":"আলবেনিয়া","NAME_DE":"Albanien","NAME_EN":"Albania","NAME_ES":"Albania","NAME_FA":"آلبانی","NAME_FR":"Albanie","NAME_EL":"Αλβανία","NAME_HE":"אלבניה","NAME_HI":"अल्बानिया","NAME_HU":"Albánia","NAME_ID":"Albania","NAME_IT":"Albania","NAME_JA":"アルバニア","NAME_KO":"알바니아","NAME_NL":"Albanië","NAME_PL":"Albania","NAME_PT":"Albânia","NAME_RU":"Албания","NAME_SV":"Albanien","NAME_TR":"Arnavutluk","NAME_UK":"Албанія","NAME_UR":"البانیا","NAME_VI":"Albania","NAME_ZH":"阿尔巴尼亚","NAME_ZHT":"阿爾巴尼亞","FCLASS_ISO":"Admin-0 country","TLC_DIFF":"","FCLASS_TLC":"Admin-0 country","FCLASS_US":"","FCLASS_FR":"","FCLASS_RU":"","FCLASS_ES":"","FCLASS_CN":"","FCLASS_TW":"","FCLASS_IN":"","FCLASS_NP":"","FCLASS_PK":"","FCLASS_DE":"","FCLASS_GB":"","FCLASS_BR":"","FCLASS_IL":"","FCLASS_PS":"","FCLASS_SA":"","FCLASS_EG":"","FCLASS_MA":"","FCLASS_PT":"","FCLASS_AR":"","FCLASS_JP":"","FCLASS_KO":"","FCLASS_VN":"","FCLASS_TR":"","FCLASS_ID":"","FCLASS_PL":"","FCLASS_GR":"","FCLASS_IT":"","FCLASS_NL":"","FCLASS_SE":"","FCLASS_BD":"","FCLASS_UA":""}},
{"type":"Feature","geometry":{"type":"Polygon","coordinates":[[[16.565,46.504],[15.769,46.238],[15.672,45.834],[15.324,45.732],[15.328,45.452],[14.935,45.472],[14.595,45.635],[14.412,45.466],[13.715,45.5],[13.679,45.484],[13.657,45.137],[13.952,44.802],[14.259,45.234],[14.902,45.076],[14.92,44.738],[15.376,44.318],[15.174,44.243],[16.015,43.507],[16.93,43.21],[17.51,42.85],[18.45,42.48],[18.56,42.65],[17.675,43.029],[17.297,43.446],[16.916,43.668],[16.456,44.041],[16.24,44.351],[15.75,44.819],[15.959,45.234],[16.318,45.004],[16.535,45.212],[17.002,45.234],[17.862,45.068],[18.553,45.082],[19.005,44.86],[19.39,45.237],[19.073,45.522],[18.83,45.909],[18.456,45.759],[17.63,45.952],[16.883,46.381],[16.565,46.504]]]},"properties":{"featurecla":"Admin-0 country","scalerank":1,"LABELRANK":6,"SOVEREIGNT":"Croatia","SOV_A3":"HRV","ADM0_DIF":0,"LEVEL":2,"TYPE":"Sovereign country","TLC":"1","ADMIN":"Croatia","ADM0_A3":"HRV","GEOU_DIF":0,"GEOUNIT":"Croatia","GU_A3":"HRV","SU_DIF":0,"SUBUNIT":"Croatia","SU_A3":"HRV","BRK_DIFF":0,"NAME":"Croatia","NAME_LONG":"Croatia","BRK_A3":"HRV","BRK_NAME":"Croatia","BRK_GROUP":"","ABBREV":"Cro.","POSTAL":"HR","FORMAL_EN":"Republic of Croatia","FORMAL_FR":"","NAME_CIAWF":"Croatia","NOTE_ADM0":"","NOTE_BRK":"","NAME_SORT":"Croatia","NAME_ALT":"","MAPCOLOR7":5,"MAPCOLOR8":4,"MAPCOLOR9":5,"MAPCOLOR13":1,"POP_EST":4067500,"POP_RANK":12,"POP_YEAR":2019,"GDP_MD":60752,"GDP_YEAR":2019,"ECONOMY":"2. Developed region: nonG7","INCOME_GRP":"2. High income: nonOECD","FIPS_10":"HR","ISO_A2":"HR","ISO_A2_EH":"HR","ISO_A3":"HRV","ISO_A3_EH":"HRV","ISO_N3":"191","ISO_N3_EH":"191","UN_A3":"191","WB_A2":"HR","WB_A3":"HRV","WOE_ID":23424843,"WOE_ID_EH":23424843,"WOE_NOTE":"Exact WOE match as country","ADM0_ISO":"HRV","ADM0_DIFF":"","ADM0_TLC":"HRV","ADM0_A3_US":"HRV","ADM0_A3_FR":"HRV","ADM0_A3_RU":"HRV","ADM0_A3_ES":"HRV","ADM0_A3_CN":"HRV","ADM0_A3_TW":"HRV","ADM0_A3_IN":"HRV","ADM0_A3_NP":"HRV","ADM0_A3_PK":"HRV","ADM0_A3_DE":"HRV","ADM0_A3_GB":"HRV","ADM0_A3_BR":"HRV","ADM0_A3_IL":"HRV","ADM0_A3_PS":"HRV","ADM0_A3_SA":"HRV","ADM0_A3_EG":"HRV","ADM0_A3_MA":"HRV","ADM0_A3_PT":"HRV","ADM0_A3_AR":"HRV","ADM0_A3_JP":"HRV","ADM0_A3_KO":"HRV","ADM0_A3_VN":"HRV","ADM0_A3_TR":"HRV","ADM0_A3_ID":"HRV","ADM0_A3_PL":"HRV","ADM0_A3_GR":"HRV","ADM0_A3_IT":"HRV","ADM0_A3_NL":"HRV","ADM0_A3_SE":"HRV","ADM0_A3_BD":"HRV","ADM0_A3_UA":"HRV","ADM0_A3_UN":-99,"ADM0_A3_WB":-99,"CONTINENT":"Europe","REGION_UN":"Europe","SUBREGION":"Southern Europe","REGION_WB":"Europe & Central Asia","NAME_LEN":7,"LONG_LEN":7,"ABBREV_LEN":4,"TINY":-99,"HOMEPART":1,"MIN_ZOOM":0,"MIN_LABEL":4,"MAX_LABEL":9,"LABEL_X":16.37241,"LABEL_Y":45.805799,"NE_ID":1159320833,"WIKIDATAID":"Q224","NAME_AR":"كرواتيا","NAME_BN":"ক্রোয়েশিয়া","NAME_DE":"Kroatien","NAME_EN":"Croatia","NAME_ES":"Croacia","NAME_FA":"کرواسی","NAME_FR":"Croatie","NAME_EL":"Κροατία","NAME_HE":"קרואטיה","NAME_HI":"क्रोएशिया","NAME_HU":"Horvátország","NAME_ID":"Kroasia","NAME_IT":"Croazia","NAME_JA":"クロアチア","NAME_KO":"크로아티아","NAME_NL":"Kroatië","NAME_PL":"Chorwacja","NAME_PT":"Croácia","NAME_RU":"Хорватия","NAME_SV":"Kroatien","NAME_TR":"Hırvatistan","NAME_UK":"Хорватія","NAME_UR":"کروشیا","NAME_VI":"Croatia","NAME_ZH":"克罗地亚","NAME_ZHT":"克羅地亞","FCLASS_ISO":"Admin-0 country","TLC_DIFF":"","FCLASS_TLC":"Admin-0 country","FCLASS_US":"","FCLASS_FR":"","FCLASS_RU":"","FCLASS_ES":"","FCLASS_CN":"","FCLASS_TW":"","FCLASS_IN":"","FCLASS_NP":"","FCLASS_PK":"","FCLASS_DE":"","FCLASS_GB":"","FCLASS_BR":"","FCLASS_IL":"","FCLASS_PS":"","FCLASS_SA":"","FCLASS_EG":"","FCLASS_MA":"","FCLASS_PT":"","FCLASS_AR":"","FCLASS_JP":"","FCLASS_KO":"","FCLASS_VN":"","FCLASS_TR":"","FCLASS_ID":"","FCLASS_PL":"","FCLASS_GR":"","FCLASS_IT":"","FCLASS_NL":"","FCLASS_SE":"","FCLASS_BD":"","FCLASS_UA":""}},
{"type":"Feature","geometry":{"type":"Polygon","coordinates":[[[9.594,47.525],[8.523,47.831],[8.317,47.614],[7.467,47.621],[7.192,47.45],[6.737,47.542],[6.769,47.288],[6.037,46.726],[6.023,46.273],[6.5,46.43],[6.844,45.991],[7.274,45.777],[7.756,45.824],[8.317,46.164],[8.49,46.005],[8.966,46.037],[9.183,46.44],[9.923,46.315],[10.363,46.484],[10.443,46.894],[9.932,46.921],[9.48,47.103],[9.633,47.348],[9.594,47.525]]]},"properties":{"featurecla":"Admin-0 country","scalerank":1,"LABELRANK":4,"SOVEREIGNT":"Switzerland","SOV_A3":"CHE","ADM0_DIF":0,"LEVEL":2,"TYPE":"Sovereign country","TLC":"1","ADMIN":"Switzerland","ADM0_A3":"CHE","GEOU_DIF":0,"GEOUNIT":"Switzerland","GU_A3":"CHE","SU_DIF":0,"SUBUNIT":"Switzerland","SU_A3":"CHE","BRK_DIFF":0,"NAME":"Switzerland","NAME_LONG":"Switzerland","BRK_A3":"CHE","BRK_NAME":"Switzerland","BRK_GROUP":"","ABBREV":"Switz.","POSTAL":"CH","FORMAL_EN":"Swiss Confederation","FORMAL_FR":"","NAME_CIAWF":"Switzerland","NOTE_ADM0":"","NOTE_BRK":"","NAME_SORT":"Switzerland","NAME_ALT":"","MAPCOLOR7":5,"MAPCOLOR8":2,"MAPCOLOR9":7,"MAPCOLOR13":3,"POP_EST":8574832,"POP_RANK":13,"POP_YEAR":2019,"GDP_MD":703082,"GDP_YEAR":2019,"ECONOMY":"2. Developed region: nonG7","INCOME_GRP":"1. High income: OECD","FIPS_10":"SZ","ISO_A2":"CH","ISO_A2_EH":"CH","ISO_A3":"CHE","ISO_A3_EH":"CHE","ISO_N3":"756","ISO_N3_EH":"756","UN_A3":"756","WB_A2":"CH","WB_A3":"CHE","WOE_ID":23424957,"WOE_ID_EH":23424957,"WOE_NOTE":"Exact WOE match as country","ADM0_ISO":"CHE","ADM0_DIFF":"","ADM0_TLC":"CHE","ADM0_A3_US":"CHE","ADM0_A3_FR":"CHE","ADM0_A3_RU":"CHE","ADM0_A3_ES":"CHE","ADM0_A3_CN":"CHE","ADM0_A3_TW":"CHE","ADM0_A3_IN":"CHE","ADM0_A3_NP":"CHE","ADM0_A3_PK":"CHE","ADM0_A3_DE":"CHE","ADM0_A3_GB":"CHE","ADM0_A3_BR":"CHE","ADM0_A3_IL":"CHE","ADM0_A3_PS":"CHE","ADM0_A3_SA":"CHE","ADM0_A3_EG":"CHE","ADM0_A3_MA":"CHE","ADM0_A3_PT":"CHE","ADM0_A3_AR":"CHE","ADM0_A3_JP":"CHE","ADM0_A3_KO":"CHE","ADM0_A3_VN":"CHE","ADM0_A3_TR":"CHE","ADM0_A3_ID":"CHE","ADM0_A3_PL":"CHE","ADM0_A3_GR":"CHE","ADM0_A3_IT":"CHE","ADM0_A3_NL":"CHE","ADM0_A3_SE":"CHE","ADM0_A3_BD":"CHE","ADM0_A3_UA":"CHE","ADM0_A3_UN":-99,"ADM0_A3_WB":-99,"CONTINENT":"Europe","REGION_UN":"Europe","SUBREGION":"Western Europe","REGION_WB":"Europe & Central Asia","NAME_LEN":11,"LONG_LEN":11,"ABBREV_LEN":6,"TINY":-99,"HOMEPART":1,"MIN_ZOOM":0,"MIN_LABEL":4,"MAX_LABEL":9,"LABEL_X":7.463965,"LABEL_Y":46.719114,"NE_ID":1159320491,"WIKIDATAID":"Q39","NAME_AR":"سويسرا","NAME_BN":"সুইজারল্যান্ড","NAME_DE":"Schweiz","NAME_EN":"Switzerland","NAME_ES":"Suiza","NAME_FA":"سوئیس","NAME_FR":"Suisse","NAME_EL":"Ελβετία","NAME_HE":"שווייץ","NAME_HI":"स्विट्ज़रलैण्ड","NAME_HU":"Svájc","NAME_ID":"Swiss","NAME_IT":"Svizzera","NAME_JA":"スイス","NAME_KO":"스위스","NAME_NL":"Zwitserland","NAME_PL":"Szwajcaria","NAME_PT":"Suíça","NAME_RU":"Швейцария","NAME_SV":"Schweiz","NAME_TR":"İsviçre","NAME_UK":"Швейцарія","NAME_UR":"سویٹزرلینڈ","NAME_VI":"Thụy Sĩ","NAME_ZH":"瑞士","NAME_ZHT":"瑞士","FCLASS_ISO":"Admin-0 country","TLC_DIFF":"","FCLASS_TLC":"Admin-0 country","FCLASS_US":"","FCLASS_FR":"","FCLASS_RU":"","FCLASS_ES":"","FCLASS_CN":"","FCLASS_TW":"","FCLASS_IN":"","FCLASS_NP":"","FCLASS_PK":"","FCLASS_DE":"","FCLASS_GB":"","FCLASS_BR":"","FCLASS_IL":"","FCLASS_PS":"","FCLASS_SA":"","FCLASS_EG":"","FCLASS_MA":"","FCLASS_PT":"","FCLASS_AR":"","FCLASS_JP":"","FCLASS_KO":"","FCLASS_VN":"","FCLASS_TR":"","FCLASS_ID":"","FCLASS_PL":"","FCLASS_GR":"","FCLASS_IT":"","FCLASS_NL":"","FCLASS_SE":"","FCLASS_BD":"","FCLASS_UA":""}},
{"type":"Feature","geometry":{"type":"Polygon","coordinates":[[[6.043,50.128],[5.782,50.09],[5.674,49.529],[5.898,49.443],[6.186,49.464],[6.243,49.902],[6.043,50.128]]]},"properties":{"featurecla":"Admin-0 country","scalerank":1,"LABELRANK":6,"SOVEREIGNT":"Luxembourg","SOV_A3":"LUX","ADM0_DIF":0,"LEVEL":2,"TYPE":"Sovereign country","TLC":"1","ADMIN":"Luxembourg","ADM0_A3":"LUX","GEOU_DIF":0,"GEOUNIT":"Luxembourg","GU_A3":"LUX","SU_DIF":0,"SUBUNIT":"Luxembourg","SU_A3":"LUX","BRK_DIFF":0,"NAME":"Luxembourg","NAME_LONG":"Luxembourg","BRK_A3":"LUX","BRK_NAME":"Luxembourg","BRK_GROUP":"","ABBREV":"Lux.","POSTAL":"L","FORMAL_EN":"Grand Duchy of Luxembourg","FORMAL_FR":"","NAME_CIAWF":"Luxembourg","NOTE_ADM0":"","NOTE_BRK":"","NAME_SORT":"Luxembourg","NAME_ALT":"","MAPCOLOR7":1,"MAPCOLOR8":7,"MAPCOLOR9":3,"MAPCOLOR13":7,"POP_EST":619896,"POP_RANK":11,"POP_YEAR":2019,"GDP_MD":71104,"GDP_YEAR":2019,"ECONOMY":"2. Developed region: nonG7","INCOME_GRP":"1. High income: OECD","FIPS_10":"LU","ISO_A2":"LU","ISO_A2_EH":"LU","ISO_A3":"LUX","ISO_A3_EH":"LUX","ISO_N3":"442","ISO_N3_EH":"442","UN_A3":"442","WB_A2":"LU","WB_A3":"LUX","WOE_ID":23424881,"WOE_ID_EH":23424881,"WOE_NOTE":"Exact WOE match as country","ADM0_ISO":"LUX","ADM0_DIFF":"","ADM0_TLC":"LUX","ADM0_A3_US":"LUX","ADM0_A3_FR":"LUX","ADM0_A3_RU":"LUX","ADM0_A3_ES":"LUX","ADM0_A3_CN":"LUX","ADM0_A3_TW":"LUX","ADM0_A3_IN":"LUX","ADM0_A3_NP":"LUX","ADM0_A3_PK":"LUX","ADM0_A3_DE":"LUX","ADM0_A3_GB":"LUX","ADM0_A3_BR":"LUX","ADM0_A3_IL":"LUX","ADM0_A3_PS":"LUX","ADM0_A3_SA":"LUX","ADM0_A3_EG":"LUX","ADM0_A3_MA":"LUX","ADM0_A3_PT":"LUX","ADM0_A3_AR":"LUX","ADM0_A3_JP":"LUX","ADM0_A3_KO":"LUX","ADM0_A3_VN":"LUX","ADM0_A3_TR":"LUX","ADM0_A3_ID":"LUX","ADM0_A3_PL":"LUX","ADM0_A3_GR":"LUX","ADM0_A3_IT":"LUX","ADM0_A3_NL":"LUX","ADM0_A3_SE":"LUX","ADM0_A3_BD":"LUX","ADM0_A3_UA":"LUX","ADM0_A3_UN":-99,"ADM0_A3_WB":-99,"CONTINENT":"Europe","REGION_UN":"Europe","SUBREGION":"Western Europe","REGION_WB":"Europe & Central Asia","NAME_LEN":10,"LONG_LEN":10,"ABBREV_LEN":4,"TINY":5,"HOMEPART":1,"MIN_ZOOM":0,"MIN_LABEL":5.7,"MAX_LABEL":10,"LABEL_X":6.07762,"LABEL_Y":49.733732,"NE_ID":1159321031,"WIKIDATAID":"Q32","NAME_AR":"لوكسمبورغ","NAME_BN":"লুক্সেমবুর্গ","NAME_DE":"Luxemburg","NAME_EN":"Luxembourg","NAME_ES":"Luxemburgo","NAME_FA":"لوکزامبورگ","NAME_FR":"Luxembourg","NAME_EL":"Λουξεμβούργο","NAME_HE":"לוקסמבורג","NAME_HI":"लक्ज़मबर्ग","NAME_HU":"Luxemburg","NAME_ID":"Luksemburg","NAME_IT":"Lussemburgo","NAME_JA":"ルクセンブルク","NAME_KO":"룩셈부르크","NAME_NL":"Luxemburg","NAME_PL":"Luksemburg","NAME_PT":"Luxemburgo","NAME_RU":"Люксембург","NAME_SV":"Luxemburg","NAME_TR":"Lüksemburg","NAME_UK":"Люксембург","NAME_UR":"لکسمبرگ","NAME_VI":"Luxembourg","NAME_ZH":"卢森堡","NAME_ZHT":"盧森堡","FCLASS_ISO":"Admin-0 country","TLC_DIFF":"","FCLASS_TLC":"Admin-0 country","FCLASS_US":"","FCLASS_FR":"","FCLASS_RU":"","FCLASS_ES":"","FCLASS_CN":"","FCLASS_TW":"","FCLASS_IN":"","FCLASS_NP":"","FCLASS_PK":"","FCLASS_DE":"","FCLASS_GB":"","FCLASS_BR":"","FCLASS_IL":"","FCLASS_PS":"","FCLASS_SA":"","FCLASS_EG":"","FCLASS_MA":"","FCLASS_PT":"","FCLASS_AR":"","FCLASS_JP":"","FCLASS_KO":"","FCLASS_VN":"","FCLASS_TR":"","FCLASS_ID":"","FCLASS_PL":"","FCLASS_GR":"","FCLASS_IT":"","FCLASS_NL":"","FCLASS_SE":"","FCLASS_BD":"","FCLASS_UA":""}},
{"type":"Feature","geometry":{"type":"Polygon","coordinates":[[[6.157,50.804],[5.607,51.037],[4.974,51.475],[4.047,51.267],[3.315,51.346],[2.514,51.149],[2.658,50.797],[3.123,50.78],[3.588,50.379],[4.286,49.907],[4.799,49.985],[5.674,49.529],[5.782,50.09],[6.043,50.128],[6.157,50.804]]]},"properties":{"featurecla":"Admin-0 country","scalerank":1,"LABELRANK":2,"SOVEREIGNT":"Belgium","SOV_A3":"BEL","ADM0_DIF":0,"LEVEL":2,"TYPE":"Sovereign country","TLC":"1","ADMIN":"Belgium","ADM0_A3":"BEL","GEOU_DIF":0,"GEOUNIT":"Belgium","GU_A3":"BEL","SU_DIF":0,"SUBUNIT":"Belgium","SU_A3":"BEL","BRK_DIFF":0,"NAME":"Belgium","NAME_LONG":"Belgium","BRK_A3":"BEL","BRK_NAME":"Belgium","BRK_GROUP":"","ABBREV":"Belg.","POSTAL":"B","FORMAL_EN":"Kingdom of Belgium","FORMAL_FR":"","NAME_CIAWF":"Belgium","NOTE_ADM0":"","NOTE_BRK":"","NAME_SORT":"Belgium","NAME_ALT":"","MAPCOLOR7":3,"MAPCOLOR8":2,"MAPCOLOR9":1,"MAPCOLOR13":8,"POP_EST":11484055,"POP_RANK":14,"POP_YEAR":2019,"GDP_MD":533097,"GDP_YEAR":2019,"ECONOMY":"2. Developed region: nonG7","INCOME_GRP":"1. High income: OECD","FIPS_10":"BE","ISO_A2":"BE","ISO_A2_EH":"BE","ISO_A3":"BEL","ISO_A3_EH":"BEL","ISO_N3":"056","ISO_N3_EH":"056","UN_A3":"056","WB_A2":"BE","WB_A3":"BEL","WOE_ID":23424757,"WOE_ID_EH":23424757,"WOE_NOTE":"Exact WOE match as country","ADM0_ISO":"BEL","ADM0_DIFF":"","ADM0_TLC":"BEL","ADM0_A3_US":"BEL","ADM0_A3_FR":"BEL","ADM0_A3_RU":"BEL","ADM0_A3_ES":"BEL","ADM0_A3_CN":"BEL","ADM0_A3_TW":"BEL","ADM0_A3_IN":"BEL","ADM0_A3_NP":"BEL","ADM0_A3_PK":"BEL","ADM0_A3_DE":"BEL","ADM0_A3_GB":"BEL","ADM0_A3_BR":"BEL","ADM0_A3_IL":"BEL","ADM0_A3_PS":"BEL","ADM0_A3_SA":"BEL","ADM0_A3_EG":"BEL","ADM0_A3_MA":"BEL","ADM0_A3_PT":"BEL","ADM0_A3_AR":"BEL","ADM0_A3_JP":"BEL","ADM0_A3_KO":"BEL","ADM0_A3_VN":"BEL","ADM0_A3_TR":"BEL","ADM0_A3_ID":"BEL","ADM0_A3_PL":"BEL","ADM0_A3_GR":"BEL","ADM0_A3_IT":"BEL","ADM0_A3_NL":"BEL","ADM0_A3_SE":"BEL","ADM0_A3_BD":"BEL","ADM0_A3_UA":"BEL","ADM0_A3_UN":-99,"ADM0_A3_WB":-99,"CONTINENT":"Europe","REGION_UN":"Europe","SUBREGION":"Western Europe","REGION_WB":"Europe & Central Asia","NAME_LEN":7,"LONG_LEN":7,"ABBREV_LEN":5,"TINY":-99,"HOMEPART":1,"MIN_ZOOM":0,"MIN_LABEL":4,"MAX_LABEL":9,"LABEL_X":4.800448,"LABEL_Y":50.785392,"NE_ID":1159320389,"WIKIDATAID":"Q31","NAME_AR":"بلجيكا","NAME_BN":"বেলজিয়াম","NAME_DE":"Belgien","NAME_EN":"Belgium","NAME_ES":"Bélgica","NAME_FA":"بلژیک","NAME_FR":"Belgique","NAME_EL":"Βέλγιο","NAME_HE":"בלגיה","NAME_HI":"बेल्जियम","NAME_HU":"Belgium","NAME_ID":"Belgia","NAME_IT":"Belgio","NAME_JA":"ベルギー","NAME_KO":"벨기에","NAME_NL":"België","NAME_PL":"Belgia","NAME_PT":"Bélgica","NAME_RU":"Бельгия","NAME_SV":"Belgien","NAME_TR":"Belçika","NAME_UK":"Бельгія","NAME_UR":"بلجئیم","NAME_VI":"Bỉ","NAME_ZH":"比利时","NAME_ZHT":"比利時","FCLASS_ISO":"Admin-0 country","TLC_DIFF":"","FCLASS_TLC":"Admin-0 country","FCLASS_US":"","FCLASS_FR":"","FCLASS_RU":"","FCLASS_ES":"","FCLASS_CN":"","FCLASS_TW":"","FCLASS_IN":"","FCLASS_NP":"","FCLASS_PK":"","FCLASS_DE":"","FCLASS_GB":"","FCLASS_BR":"","FCLASS_IL":"","FCLASS_PS":"","FCLASS_SA":"","FCLASS_EG":"","FCLASS_MA":"","FCLASS_PT":"","FCLASS_AR":"","FCLASS_JP":"","FCLASS_KO":"","FCLASS_VN":"","FCLASS_TR":"","FCLASS_ID":"","FCLASS_PL":"","FCLASS_GR":"","FCLASS_IT":"","FCLASS_NL":"","FCLASS_SE":"","FCLASS_BD":"","FCLASS_UA":""}},
{"type":"Feature","geometry":{"type":"Polygon","coordinates":[[[6.905,53.482],[6.074,53.51],[4.706,53.092],[3.83,51.621],[3.315,51.346],[4.047,51.267],[4.974,51.475],[5.607,51.037],[6.157,50.804],[5.989,51.852],[6.589,51.852],[6.843,52.228],[7.092,53.144],[6.905,53.482]]]},"properties":{"featurecla":"Admin-0 country","scalerank":1,"LABELRANK":5,"SOVEREIGNT":"Netherlands","SOV_A3":"NL1","ADM0_DIF":1,"LEVEL":2,"TYPE":"Country","TLC":"1","ADMIN":"Netherlands","ADM0_A3":"NLD","GEOU_DIF":0,"GEOUNIT":"Netherlands","GU_A3":"NLD","SU_DIF":0,"SUBUNIT":"Netherlands","SU_A3":"NLD","BRK_DIFF":0,"NAME":"Netherlands","NAME_LONG":"Netherlands","BRK_A3":"NLD","BRK_NAME":"Netherlands","BRK_GROUP":"","ABBREV":"Neth.","POSTAL":"NL","FORMAL_EN":"Kingdom of the Netherlands","FORMAL_FR":"","NAME_CIAWF":"Netherlands","NOTE_ADM0":"","NOTE_BRK":"","NAME_SORT":"Netherlands","NAME_ALT":"","MAPCOLOR7":4,"MAPCOLOR8":2,"MAPCOLOR9":2,"MAPCOLOR13":9,"POP_EST":17332850,"POP_RANK":14,"POP_YEAR":2019,"GDP_MD":907050,"GDP_YEAR":2019,"ECONOMY":"2. Developed region: nonG7","INCOME_GRP":"1. High income: OECD","FIPS_10":"NL","ISO_A2":"NL","ISO_A2_EH":"NL","ISO_A3":"NLD","ISO_A3_EH":"NLD","ISO_N3":"528","ISO_N3_EH":"528","UN_A3":"528","WB_A2":"NL","WB_A3":"NLD","WOE_ID":-90,"WOE_ID_EH":23424909,"WOE_NOTE":"Doesn't include new former units of Netherlands Antilles (24549811, 24549808, and 24549809)","ADM0_ISO":"NLD","ADM0_DIFF":"","ADM0_TLC":"NLD","ADM0_A3_US":"NLD","ADM0_A3_FR":"NLD","ADM0_A3_RU":"NLD","ADM0_A3_ES":"NLD","ADM0_A3_CN":"NLD","ADM0_A3_TW":"NLD","ADM0_A3_IN":"NLD","ADM0_A3_NP":"NLD","ADM0_A3_PK":"NLD","ADM0_A3_DE":"NLD","ADM0_A3_GB":"NLD","ADM0_A3_BR":"NLD","ADM0_A3_IL":"NLD","ADM0_A3_PS":"NLD","ADM0_A3_SA":"NLD","ADM0_A3_EG":"NLD","ADM0_A3_MA":"NLD","ADM0_A3_PT":"NLD","ADM0_A3_AR":"NLD","ADM0_A3_JP":"NLD","ADM0_A3_KO":"NLD","ADM0_A3_VN":"NLD","ADM0_A3_TR":"NLD","ADM0_A3_ID":"NLD","ADM0_A3_PL":"NLD","ADM0_A3_GR":"NLD","ADM0_A3_IT":"NLD","ADM0_A3_NL":"NLD","ADM0_A3_SE":"NLD","ADM0_A3_BD":"NLD","ADM0_A3_UA":"NLD","ADM0_A3_UN":-99,"ADM0_A3_WB":-99,"CONTINENT":"Europe","REGION_UN":"Europe","SUBREGION":"Western Europe","REGION_WB":"Europe & Central Asia","NAME_LEN":11,"LONG_LEN":11,"ABBREV_LEN":5,"TINY":-99,"HOMEPART":1,"MIN_ZOOM":0,"MIN_LABEL":4,"MAX_LABEL":10,"LABEL_X":5.61144,"LABEL_Y":52.422211,"NE_ID":1159321101,"WIKIDATAID":"Q55","NAME_AR":"هولندا","NAME_BN":"নেদারল্যান্ডস","NAME_DE":"Niederlande","NAME_EN":"Netherlands","NAME_ES":"Países Bajos","NAME_FA":"هلند","NAME_FR":"Pays-Bas","NAME_EL":"Ολλανδία","NAME_HE":"הולנד","NAME_HI":"नीदरलैण्ड","NAME_HU":"Hollandia","NAME_ID":"Belanda","NAME_IT":"Paesi Bassi","NAME_JA":"オランダ","NAME_KO":"네덜란드","NAME_NL":"Nederland","NAME_PL":"Holandia","NAME_PT":"Países Baixos","NAME_RU":"Нидерланды","NAME_SV":"Nederländerna","NAME_TR":"Hollanda","NAME_UK":"Нідерланди","NAME_UR":"نیدرلینڈز","NAME_VI":"Hà Lan","NAME_ZH":"荷兰","NAME_ZHT":"荷蘭","FCLASS_ISO":"Admin-0 country","TLC_DIFF":"","FCLASS_TLC":"Admin-0 country","FCLASS_US":"","FCLASS_FR":"","FCLASS_RU":"","FCLASS_ES":"","FCLASS_CN":"","FCLASS_TW":"","FCLASS_IN":"","FCLASS_NP":"","FCLASS_PK":"","FCLASS_DE":"","FCLASS_GB":"","FCLASS_BR":"","FCLASS_IL":"","FCLASS_PS":"","FCLASS_SA":"","FCLASS_EG":"","FCLASS_MA":"","FCLASS_PT":"","FCLASS_AR":"","FCLASS_JP":"","FCLASS_KO":"","FCLASS_VN":"","FCLASS_TR":"","FCLASS_ID":"","FCLASS_PL":"","FCLASS_GR":"","FCLASS_IT":"","FCLASS_NL":"","FCLASS_SE":"","FCLASS_BD":"","FCLASS_UA":""}},
{"type":"Feature","geometry":{"type":"Polygon","coordinates":[[[-9.035,41.881],[-8.991,41.543],[-8.791,41.184],[-8.769,40.761],[-8.977,40.159],[-9.048,39.755],[-9.447,39.392],[-9.527,38.737],[-9.287,38.358],[-8.84,38.266],[-8.746,37.651],[-8.899,36.869],[-8.383,36.979],[-7.856,36.838],[-7.454,37.098],[-7.537,37.429],[-7.167,37.804],[-7.029,38.076],[-7.374,38.373],[-7.098,39.03],[-7.499,39.63],[-7.067,39.712],[-7.026,40.185],[-6.864,40.331],[-6.851,41.111],[-6.389,41.382],[-6.669,41.883],[-7.251,41.918],[-7.423,41.792],[-8.013,41.791],[-8.264,42.28],[-8.672,42.135],[-9.035,41.881]]]},"properties":{"featurecla":"Admin-0 country","scalerank":1,"LABELRANK":2,"SOVEREIGNT":"Portugal","SOV_A3":"PRT","ADM0_DIF":0,"LEVEL":2,"TYPE":"Sovereign country","TLC":"1","ADMIN":"Portugal","ADM0_A3":"PRT","GEOU_DIF":0,"GEOUNIT":"Portugal","GU_A3":"PRT","SU_DIF":1,"SUBUNIT":"Portugal","SU_A3":"PR1","BRK_DIFF":0,"NAME":"Portugal","NAME_LONG":"Portugal","BRK_A3":"PR1","BRK_NAME":"Portugal","BRK_GROUP":"","ABBREV":"Port.","POSTAL":"P","FORMAL_EN":"Portuguese Republic","FORMAL_FR":"","NAME_CIAWF":"Portugal","NOTE_ADM0":"","NOTE_BRK":"","NAME_SORT":"Portugal","NAME_ALT":"","MAPCOLOR7":1,"MAPCOLOR8":7,"MAPCOLOR9":1,"MAPCOLOR13":4,"POP_EST":10269417,"POP_RANK":14,"POP_YEAR":2019,"GDP_MD":238785,"GDP_YEAR":2019,"ECONOMY":"2. Developed region: nonG7","INCOME_GRP":"1. High income: OECD","FIPS_10":"PO","ISO_A2":"PT","ISO_A2_EH":"PT","ISO_A3":"PRT","ISO_A3_EH":"PRT","ISO_N3":"620","ISO_N3_EH":"620","UN_A3":"620","WB_A2":"PT","WB_A3":"PRT","WOE_ID":23424925,"WOE_ID_EH":23424925,"WOE_NOTE":"Exact WOE match as country","ADM0_ISO":"PR1","ADM0_DIFF":"","ADM0_TLC":"PR1","ADM0_A3_US":"PRT","ADM0_A3_FR":"PRT","ADM0_A3_RU":"PRT","ADM0_A3_ES":"PRT","ADM0_A3_CN":"PRT","ADM0_A3_TW":"PRT","ADM0_A3_IN":"PRT","ADM0_A3_NP":"PRT","ADM0_A3_PK":"PRT","ADM0_A3_DE":"PRT","ADM0_A3_GB":"PRT","ADM0_A3_BR":"PRT","ADM0_A3_IL":"PRT","ADM0_A3_PS":"PRT","ADM0_A3_SA":"PRT","ADM0_A3_EG":"PRT","ADM0_A3_MA":"PRT","ADM0_A3_PT":"PRT","ADM0_A3_AR":"PRT","ADM0_A3_JP":"PRT","ADM0_A3_KO":"PRT","ADM0_A3_VN":"PRT","ADM0_A3_TR":"PRT","ADM0_A3_ID":"PRT","ADM0_A3_PL":"PRT","ADM0_A3_GR":"PRT","ADM0_A3_IT":"PRT","ADM0_A3_NL":"PRT","ADM0_A3_SE":"PRT","ADM0_A3_BD":"PRT","ADM0_A3_UA":"PRT","ADM0_A3_UN":-99,"ADM0_A3_WB":-99,"CONTINENT":"Europe","REGION_UN":"Europe","SUBREGION":"Southern Europe","REGION_WB":"Europe & Central Asia","NAME_LEN":8,"LONG_LEN":8,"ABBREV_LEN":5,"TINY":-99,"HOMEPART":1,"MIN_ZOOM":0,"MIN_LABEL":3,"MAX_LABEL":8,"LABEL_X":-8.271754,"LABEL_Y":39.606675,"NE_ID":1159321187,"WIKIDATAID":"Q45","NAME_AR":"البرتغال","NAME_BN":"পর্তুগাল","NAME_DE":"Portugal","NAME_EN":"Portugal","NAME_ES":"Portugal","NAME_FA":"پرتغال","NAME_FR":"Portugal","NAME_EL":"Πορτογαλία","NAME_HE":"פורטוגל","NAME_HI":"पुर्तगाल","NAME_HU":"Portugália","NAME_ID":"Portugal","NAME_IT":"Portogallo","NAME_JA":"ポルトガル","NAME_KO":"포르투갈","NAME_NL":"Portugal","NAME_PL":"Portugalia","NAME_PT":"Portugal","NAME_RU":"Португалия","NAME_SV":"Portugal","NAME_TR":"Portekiz","NAME_UK":"Португалія","NAME_UR":"پرتگال","NAME_VI":"Bồ Đào Nha","NAME_ZH":"葡萄牙","NAME_ZHT":"葡萄牙","FCLASS_ISO":"Admin-0 country","TLC_DIFF":"","FCLASS_TLC":"Admin-0 country","FCLASS_US":"","FCLASS_FR":"","FCLASS_RU":"","FCLASS_ES":"","FCLASS_CN":"","FCLASS_TW":"","FCLASS_IN":"","FCLASS_NP":"","FCLASS_PK":"","FCLASS_DE":"","FCLASS_GB":"","FCLASS_BR":"","FCLASS_IL":"","FCLASS_PS":"","FCLASS_SA":"","FCLASS_EG":"","FCLASS_MA":"","FCLASS_PT":"","FCLASS_AR":"","FCLASS_JP":"","FCLASS_KO":"","FCLASS_VN":"","FCLASS_TR":"","FCLASS_ID":"","FCLASS_PL":"","FCLASS_GR":"","FCLASS_IT":"","FCLASS_NL":"","FCLASS_SE":"","FCLASS_BD":"","FCLASS_UA":""}},
{"type":"Feature","geometry":{"type":"Polygon","coordinates":[[[-7.454,37.098],[-6.52,36.943],[-6.237,36.368],[-5.866,36.03],[-5.377,35.947],[-4.995,36.325],[-4.369,36.678],[-3.416,36.659],[-2.146,36.674],[-1.438,37.443],[-0.683,37.642],[-0.467,38.292],[0.111,38.739],[-0.279,39.31],[0.107,40.124],[0.721,40.678],[0.811,41.015],[2.092,41.226],[3.039,41.892],[2.986,42.473],[1.827,42.343],[0.702,42.796],[0.338,42.58],[-1.503,43.034],[-1.901,43.423],[-3.518,43.456],[-4.348,43.403],[-5.412,43.574],[-6.754,43.568],[-7.978,43.748],[-9.393,43.027],[-8.984,42.593],[-9.035,41.881],[-8.672,42.135],[-8.264,42.28],[-8.013,41.791],[-7.423,41.792],[-7.251,41.918],[-6.669,41.883],[-6.389,41.382],[-6.851,41.111],[-6.864,40.331],[-7.026,40.185],[-7.067,39.712],[-7.499,39.63],[-7.098,39.03],[-7.374,38.373],[-7.029,38.076],[-7.167,37.804],[-7.537,37.429],[-7.454,37.098]]]},"properties":{"featurecla":"Admin-0 country","scalerank":1,"LABELRANK":2,"SOVEREIGNT":"Spain","SOV_A3":"ESP","ADM0_DIF":0,"LEVEL":2,"TYPE":"Sovereign country","TLC":"1","ADMIN":"Spain","ADM0_A3":"ESP","GEOU_DIF":0,"GEOUNIT":"Spain","GU_A3":"ESP","SU_DIF":0,"SUBUNIT":"Spain","SU_A3":"ESP","BRK_DIFF":0,"NAME":"Spain","NAME_LONG":"Spain","BRK_A3":"ESP","BRK_NAME":"Spain","BRK_GROUP":"","ABBREV":"Sp.","POSTAL":"E","FORMAL_EN":"Kingdom of Spain","FORMAL_FR":"","NAME_CIAWF":"Spain","NOTE_ADM0":"","NOTE_BRK":"","NAME_SORT":"Spain","NAME_ALT":"","MAPCOLOR7":4,"MAPCOLOR8":5,"MAPCOLOR9":5,"MAPCOLOR13":5,"POP_EST":47076781,"POP_RANK":15,"POP_YEAR":2019,"GDP_MD":1393490,"GDP_YEAR":2019,"ECONOMY":"2. Developed region: nonG7","INCOME_GRP":"1. High income: OECD","FIPS_10":"SP","ISO_A2":"ES","ISO_A2_EH":"ES","ISO_A3":"ESP","ISO_A3_EH":"ESP","ISO_N3":"724","ISO_N3_EH":"724","UN_A3":"724","WB_A2":"ES","WB_A3":"ESP","WOE_ID":23424950,"WOE_ID_EH":23424950,"WOE_NOTE":"Exact WOE match as country","ADM0_ISO":"ESP","ADM0_DIFF":"","ADM0_TLC":"ESP","ADM0_A3_US":"ESP","ADM0_A3_FR":"ESP","ADM0_A3_RU":"ESP","ADM0_A3_ES":"ESP","ADM0_A3_CN":"ESP","ADM0_A3_TW":"ESP","ADM0_A3_IN":"ESP","ADM0_A3_NP":"ESP","ADM0_A3_PK":"ESP","ADM0_A3_DE":"ESP","ADM0_A3_GB":"ESP","ADM0_A3_BR":"ESP","ADM0_A3_IL":"ESP","ADM0_A3_PS":"ESP","ADM0_A3_SA":"ESP","ADM0_A3_EG":"ESP","ADM0_A3_MA":"ESP","ADM0_A3_PT":"ESP","ADM0_A3_AR":"ESP","ADM0_A3_JP":"ESP","ADM0_A3_KO":"ESP","ADM0_A3_VN":"ESP","ADM0_A3_TR":"ESP","ADM0_A3_ID":"ESP","ADM0_A3_PL":"ESP","ADM0_A3_GR":"ESP","ADM0_A3_IT":"ESP","ADM0_A3_NL":"ESP","ADM0_A3_SE":"ESP","ADM0_A3_BD":"ESP","ADM0_A3_UA":"ESP","ADM0_A3_UN":-99,"ADM0_A3_WB":-99,"CONTINENT":"Europe","REGION_UN":"Europe","SUBREGION":"Southern Europe","REGION_WB":"Europe & Central Asia","NAME_LEN":5,"LONG_LEN":5,"ABBREV_LEN":3,"TINY":-99,"HOMEPART":1,"MIN_ZOOM":0,"MIN_LABEL":2,"MAX_LABEL":7,"LABEL_X":-3.464718,"LABEL_Y":40.090953,"NE_ID":1159320587,"WIKIDATAID":"Q29","NAME_AR":"إسبانيا","NAME_BN":"স্পেন","NAME_DE":"Spanien","NAME_EN":"Spain","NAME_ES":"España","NAME_FA":"اسپانیا","NAME_FR":"Espagne","NAME_EL":"Ισπανία","NAME_HE":"ספרד","NAME_HI":"स्पेन","NAME_HU":"Spanyolország","NAME_ID":"Spanyol","NAME_IT":"Spagna","NAME_JA":"スペイン","NAME_KO":"스페인","NAME_NL":"Spanje","NAME_PL":"Hiszpania","NAME_PT":"Espanha","NAME_RU":"Испания","NAME_SV":"Spanien","NAME_TR":"İspanya","NAME_UK":"Іспанія","NAME_UR":"ہسپانیہ","NAME_VI":"Tây Ban Nha","NAME_ZH":"西班牙","NAME_ZHT":"西班牙","FCLASS_ISO":"Admin-0 country","TLC_DIFF":"","FCLASS_TLC":"Admin-0 country","FCLASS_US":"","FCLASS_FR":"","FCLASS_RU":"","FCLASS_ES":"","FCLASS_CN":"","FCLASS_TW":"","FCLASS_IN":"","FCLASS_NP":"","FCLASS_PK":"","FCLASS_DE":"","FCLASS_GB":"","FCLASS_BR":"","FCLASS_IL":"","FCLASS_PS":"","FCLASS_SA":"","FCLASS_EG":"","FCLASS_MA":"","FCLASS_PT":"","FCLASS_AR":"","FCLASS_JP":"","FCLASS_KO":"","FCLASS_VN":"","FCLASS_TR":"","FCLASS_ID":"","FCLASS_PL":"","FCLASS_GR":"","FCLASS_IT":"","FCLASS_NL":"","FCLASS_SE":"","FCLASS_BD":"","FCLASS_UA":""}},
{"type":"Feature","geometry":{"type":"Polygon","coordinates":[[[-6.198,53.868],[-6.954,54.074],[-7.572,54.06],[-7.366,54.596],[-7.572,55.132],[-8.328,54.665],[-9.689,53.881],[-9.166,52.865],[-9.977,51.82],[-8.562,51.669],[-6.789,52.26],[-6.033,53.153],[-6.198,53.868]]]},"properties":{"featurecla":"Admin-0 country","scalerank":1,"LABELRANK":3,"SOVEREIGNT":"Ireland","SOV_A3":"IRL","ADM0_DIF":0,"LEVEL":2,"TYPE":"Sovereign country","TLC":"1","ADMIN":"Ireland","ADM0_A3":"IRL","GEOU_DIF":0,"GEOUNIT":"Ireland","GU_A3":"IRL","SU_DIF":0,"SUBUNIT":"Ireland","SU_A3":"IRL","BRK_DIFF":0,"NAME":"Ireland","NAME_LONG":"Ireland","BRK_A3":"IRL","BRK_NAME":"Ireland","BRK_GROUP":"","ABBREV":"Ire.","POSTAL":"IRL","FORMAL_EN":"Ireland","FORMAL_FR":"","NAME_CIAWF":"Ireland","NOTE_ADM0":"","NOTE_BRK":"","NAME_SORT":"Ireland","NAME_ALT":"","MAPCOLOR7":2,"MAPCOLOR8":3,"MAPCOLOR9":2,"MAPCOLOR13":2,"POP_EST":4941444,"POP_RANK":12,"POP_YEAR":2019,"GDP_MD":388698,"GDP_YEAR":2019,"ECONOMY":"2. Developed region: nonG7","INCOME_GRP":"1. High income: OECD","FIPS_10":"EI","ISO_A2":"IE","ISO_A2_EH":"IE","ISO_A3":"IRL","ISO_A3_EH":"IRL","ISO_N3":"372","ISO_N3_EH":"372","UN_A3":"372","WB_A2":"IE","WB_A3":"IRL","WOE_ID":23424803,"WOE_ID_EH":23424803,"WOE_NOTE":"Exact WOE match as country","ADM0_ISO":"IRL","ADM0_DIFF":"","ADM0_TLC":"IRL","ADM0_A3_US":"IRL","ADM0_A3_FR":"IRL","ADM0_A3_RU":"IRL","ADM0_A3_ES":"IRL","ADM0_A3_CN":"IRL","ADM0_A3_TW":"IRL","ADM0_A3_IN":"IRL","ADM0_A3_NP":"IRL","ADM0_A3_PK":"IRL","ADM0_A3_DE":"IRL","ADM0_A3_GB":"IRL","ADM0_A3_BR":"IRL","ADM0_A3_IL":"IRL","ADM0_A3_PS":"IRL","ADM0_A3_SA":"IRL","ADM0_A3_EG":"IRL","ADM0_A3_MA":"IRL","ADM0_A3_PT":"IRL","ADM0_A3_AR":"IRL","ADM0_A3_JP":"IRL","ADM0_A3_KO":"IRL","ADM0_A3_VN":"IRL","ADM0_A3_TR":"IRL","ADM0_A3_ID":"IRL","ADM0_A3_PL":"IRL","ADM0_A3_GR":"IRL","ADM0_A3_IT":"IRL","ADM0_A3_NL":"IRL","ADM0_A3_SE":"IRL","ADM0_A3_BD":"IRL","ADM0_A3_UA":"IRL","ADM0_A3_UN":-99,"ADM0_A3_WB":-99,"CONTINENT":"Europe","REGION_UN":"Europe","SUBREGION":"Northern Europe","REGION_WB":"Europe & Central Asia","NAME_LEN":7,"LONG_LEN":7,"ABBREV_LEN":4,"TINY":-99,"HOMEPART":1,"MIN_ZOOM":0,"MIN_LABEL":3,"MAX_LABEL":8,"LABEL_X":-7.798588,"LABEL_Y":53.078726,"NE_ID":1159320877,"WIKIDATAID":"Q27","NAME_AR":"جمهورية أيرلندا","NAME_BN":"প্রজাতন্ত্রী আয়ারল্যান্ড","NAME_DE":"Irland","NAME_EN":"Ireland","NAME_ES":"Irlanda","NAME_FA":"ایرلند","NAME_FR":"Irlande","NAME_EL":"Δημοκρατία της Ιρλανδίας","NAME_HE":"אירלנד","NAME_HI":"आयरलैण्ड","NAME_HU":"Írország","NAME_ID":"Republik Irlandia","NAME_IT":"Irlanda","NAME_JA":"アイルランド","NAME_KO":"아일랜드","NAME_NL":"Ierland","NAME_PL":"Irlandia","NAME_PT":"República da Irlanda","NAME_RU":"Ирландия","NAME_SV":"Irland","NAME_TR":"İrlanda","NAME_UK":"Ірландія","NAME_UR":"جمہوریہ آئرلینڈ","NAME_VI":"Cộng hòa Ireland","NAME_ZH":"爱尔兰","NAME_ZHT":"愛爾蘭","FCLASS_ISO":"Admin-0 country","TLC_DIFF":"","FCLASS_TLC":"Admin-0 country","FCLASS_US":"","FCLASS_FR":"","FCLASS_RU":"","FCLASS_ES":"","FCLASS_CN":"","FCLASS_TW":"","FCLASS_IN":"","FCLASS_NP":"","FCLASS_PK":"","FCLASS_DE":"","FCLASS_GB":"","FCLASS_BR":"","FCLASS_IL":"","FCLASS_PS":"","FCLASS_SA":"","FCLASS_EG":"","FCLASS_MA":"","FCLASS_PT":"","FCLASS_AR":"","FCLASS_JP":"","FCLASS_KO":"","FCLASS_VN":"","FCLASS_TR":"","FCLASS_ID":"","FCLASS_PL":"","FCLASS_GR":"","FCLASS_IT":"","FCLASS_NL":"","FCLASS_SE":"","FCLASS_BD":"","FCLASS_UA":""}},
{"type":"Feature","geometry":{"type":"Polygon","coordinates":[[[165.78,-21.08],[165.46,-20.8],[165.02,-20.46],[164.46,-20.12],[164.03,-20.106],[164.168,-20.445],[164.83,-21.15],[165.474,-21.68],[166.19,-22.13],[166.74,-22.4],[167.12,-22.16],[166.6,-21.7],[165.78,-21.08]]]},"properties":{"featurecla":"Admin-0 country","scalerank":1,"LABELRANK":3,"SOVEREIGNT":"France","SOV_A3":"FR1","ADM0_DIF":1,"LEVEL":2,"TYPE":"Dependency","TLC":"1","ADMIN":"New Caledonia","ADM0_A3":"NCL","GEOU_DIF":0,"GEOUNIT":"New Caledonia","GU_A3":"NCL","SU_DIF":0,"SUBUNIT":"New Caledonia","SU_A3":"NCL","BRK_DIFF":0,"NAME":"New Caledonia","NAME_LONG":"New Caledonia","BRK_A3":"NCL","BRK_NAME":"New Caledonia","BRK_GROUP":"","ABBREV":"New C.","POSTAL":"NC","FORMAL_EN":"New Caledonia","FORMAL_FR":"Nouvelle-Calédonie","NAME_CIAWF":"New Caledonia","NOTE_ADM0":"Fr.","NOTE_BRK":"","NAME_SORT":"New Caledonia","NAME_ALT":"","MAPCOLOR7":7,"MAPCOLOR8":5,"MAPCOLOR9":9,"MAPCOLOR13":11,"POP_EST":287800,"POP_RANK":10,"POP_YEAR":2019,"GDP_MD":10770,"GDP_YEAR":2016,"ECONOMY":"6. Developing region","INCOME_GRP":"2. High income: nonOECD","FIPS_10":"NC","ISO_A2":"NC","ISO_A2_EH":"NC","ISO_A3":"NCL","ISO_A3_EH":"NCL","ISO_N3":"540","ISO_N3_EH":"540","UN_A3":"540","WB_A2":"NC","WB_A3":"NCL","WOE_ID":23424903,"WOE_ID_EH":23424903,"WOE_NOTE":"Exact WOE match as country","ADM0_ISO":"NCL","ADM0_DIFF":"","ADM0_TLC":"NCL","ADM0_A3_US":"NCL","ADM0_A3_FR":"NCL","ADM0_A3_RU":"NCL","ADM0_A3_ES":"NCL","ADM0_A3_CN":"NCL","ADM0_A3_TW":"NCL","ADM0_A3_IN":"NCL","ADM0_A3_NP":"NCL","ADM0_A3_PK":"NCL","ADM0_A3_DE":"NCL","ADM0_A3_GB":"NCL","ADM0_A3_BR":"NCL","ADM0_A3_IL":"NCL","ADM0_A3_PS":"NCL","ADM0_A3_SA":"NCL","ADM0_A3_EG":"NCL","ADM0_A3_MA":"NCL","ADM0_A3_PT":"NCL","ADM0_A3_AR":"NCL","ADM0_A3_JP":"NCL","ADM0_A3_KO":"NCL","ADM0_A3_VN":"NCL","ADM0_A3_TR":"NCL","ADM0_A3_ID":"NCL","ADM0_A3_PL":"NCL","ADM0_A3_GR":"NCL","ADM0_A3_IT":"NCL","ADM0_A3_NL":"NCL","ADM0_A3_SE":"NCL","ADM0_A3_BD":"NCL","ADM0_A3_UA":"NCL","ADM0_A3_UN":-99,"ADM0_A3_WB":-99,"CONTINENT":"Oceania","REGION_UN":"Oceania","SUBREGION":"Melanesia","REGION_WB":"East Asia & Pacific","NAME_LEN":13,"LONG_LEN":13,"ABBREV_LEN":6,"TINY":-99,"HOMEPART":-99,"MIN_ZOOM":0,"MIN_LABEL":4.6,"MAX_LABEL":8,"LABEL_X":165.084004,"LABEL_Y":-21.064697,"NE_ID":1159320641,"WIKIDATAID":"Q33788","NAME_AR":"كاليدونيا الجديدة","NAME_BN":"নতুন ক্যালিডোনিয়া","NAME_DE":"Neukaledonien","NAME_EN":"New Caledonia","NAME_ES":"Nueva Caledonia","NAME_FA":"کالدونیای جدید","NAME_FR":"Nouvelle-Calédonie","NAME_EL":"Νέα Καληδονία","NAME_HE":"קלדוניה החדשה","NAME_HI":"नया कैलेडोनिया","NAME_HU":"Új-Kaledónia","NAME_ID":"Kaledonia Baru","NAME_IT":"Nuova Caledonia","NAME_JA":"ニューカレドニア","NAME_KO":"누벨칼레도니","NAME_NL":"Nieuw-Caledonië","NAME_PL":"Nowa Kaledonia","NAME_PT":"Nova Caledónia","NAME_RU":"Новая Каледония","NAME_SV":"Nya Kaledonien","NAME_TR":"Yeni Kaledonya","NAME_UK":"Нова Каледонія","NAME_UR":"نیو کیلیڈونیا","NAME_VI":"Nouvelle-Calédonie","NAME_ZH":"新喀里多尼亚","NAME_ZHT":"新喀里多尼亞","FCLASS_ISO":"Admin-0 dependency","TLC_DIFF":"","FCLASS_TLC":"Admin-0 dependency","FCLASS_US":"","FCLASS_FR":"","FCLASS_RU":"","FCLASS_ES":"","FCLASS_CN":"","FCLASS_TW":"","FCLASS_IN":"","FCLASS_NP":"","FCLASS_PK":"","FCLASS_DE":"","FCLASS_GB":"","FCLASS_BR":"","FCLASS_IL":"","FCLASS_PS":"","FCLASS_SA":"","FCLASS_EG":"","FCLASS_MA":"","FCLASS_PT":"","FCLASS_AR":"","FCLASS_JP":"","FCLASS_KO":"","FCLASS_VN":"","FCLASS_TR":"","FCLASS_ID":"","FCLASS_PL":"","FCLASS_GR":"","FCLASS_IT":"","FCLASS_NL":"","FCLASS_SE":"","FCLASS_BD":"","FCLASS_UA":""}},
{"type":"Feature","geometry":{"type":"MultiPolygon","coordinates":[[[[162.119,-10.483],[161.917,-10.447],[161.32,-10.205],[161.7,-10.82],[162.399,-10.826],[162.119,-10.483]]],[[[161.68,-9.6],[161.28,-9.12],[160.92,-8.32],[160.58,-8.32],[160.788,-8.918],[161.529,-9.784],[161.68,-9.6]]],[[[160.852,-9.873],[160.689,-9.61],[160.363,-9.4],[159.703,-9.243],[159.64,-9.64],[159.849,-9.794],[160.463,-9.895],[160.852,-9.873]]],[[[159.64,-8.02],[158.82,-7.56],[158.36,-7.32],[158.211,-7.422],[158.586,-7.755],[159.134,-8.114],[159.917,-8.538],[159.875,-8.337],[159.64,-8.02]]],[[[157.14,-7.022],[156.543,-6.599],[156.491,-6.766],[156.902,-7.177],[157.339,-7.405],[157.538,-7.348],[157.14,-7.022]]]]},"properties":{"featurecla":"Admin-0 country","scalerank":1,"LABELRANK":3,"SOVEREIGNT":"Solomon Islands","SOV_A3":"SLB","ADM0_DIF":0,"LEVEL":2,"TYPE":"Sovereign country","TLC":"1","ADMIN":"Solomon Islands","ADM0_A3":"SLB","GEOU_DIF":0,"GEOUNIT":"Solomon Islands","GU_A3":"SLB","SU_DIF":0,"SUBUNIT":"Solomon Islands","SU_A3":"SLB","BRK_DIFF":0,"NAME":"Solomon Is.","NAME_LONG":"Solomon Islands","BRK_A3":"SLB","BRK_NAME":"Solomon Is.","BRK_GROUP":"","ABBREV":"S. Is.","POSTAL":"SB","FORMAL_EN":"","FORMAL_FR":"","NAME_CIAWF":"Solomon Islands","NOTE_ADM0":"","NOTE_BRK":"","NAME_SORT":"Solomon Islands","NAME_ALT":"","MAPCOLOR7":1,"MAPCOLOR8":4,"MAPCOLOR9":1,"MAPCOLOR13":6,"POP_EST":669823,"POP_RANK":11,"POP_YEAR":2019,"GDP_MD":1589,"GDP_YEAR":2019,"ECONOMY":"7. Least developed region","INCOME_GRP":"4. Lower middle income","FIPS_10":"BP","ISO_A2":"SB","ISO_A2_EH":"SB","ISO_A3":"SLB","ISO_A3_EH":"SLB","ISO_N3":"090","ISO_N3_EH":"090","UN_A3":"090","WB_A2":"SB","WB_A3":"SLB","WOE_ID":23424766,"WOE_ID_EH":23424766,"WOE_NOTE":"Exact WOE match as country","ADM0_ISO":"SLB","ADM0_DIFF":"","ADM0_TLC":"SLB","ADM0_A3_US":"SLB","ADM0_A3_FR":"SLB","ADM0_A3_RU":"SLB","ADM0_A3_ES":"SLB","ADM0_A3_CN":"SLB","ADM0_A3_TW":"SLB","ADM0_A3_IN":"SLB","ADM0_A3_NP":"SLB","ADM0_A3_PK":"SLB","ADM0_A3_DE":"SLB","ADM0_A3_GB":"SLB","ADM0_A3_BR":"SLB","ADM0_A3_IL":"SLB","ADM0_A3_PS":"SLB","ADM0_A3_SA":"SLB","ADM0_A3_EG":"SLB","ADM0_A3_MA":"SLB","ADM0_A3_PT":"SLB","ADM0_A3_AR":"SLB","ADM0_A3_JP":"SLB","ADM0_A3_KO":"SLB","ADM0_A3_VN":"SLB","ADM0_A3_TR":"SLB","ADM0_A3_ID":"SLB","ADM0_A3_PL":"SLB","ADM0_A3_GR":"SLB","ADM0_A3_IT":"SLB","ADM0_A3_NL":"SLB","ADM0_A3_SE":"SLB","ADM0_A3_BD":"SLB","ADM0_A3_UA":"SLB","ADM0_A3_UN":-99,"ADM0_A3_WB":-99,"CONTINENT":"Oceania","REGION_UN":"Oceania","SUBREGION":"Melanesia","REGION_WB":"East Asia & Pacific","NAME_LEN":11,"LONG_LEN":15,"ABBREV_LEN":6,"TINY":-99,"HOMEPART":1,"MIN_ZOOM":0,"MIN_LABEL":3,"MAX_LABEL":8,"LABEL_X":159.170468,"LABEL_Y":-8.029548,"NE_ID":1159321249,"WIKIDATAID":"Q685","NAME_AR":"جزر سليمان","NAME_BN":"সলোমন দ্বীপপুঞ্জ","NAME_DE":"Salomonen","NAME_EN":"Solomon Islands","NAME_ES":"Islas Salomón","NAME_FA":"جزایر سلیمان","NAME_FR":"Îles Salomon","NAME_EL":"Νησιά Σολομώντα","NAME_HE":"איי שלמה","NAME_HI":"सोलोमन द्वीपसमूह","NAME_HU":"Salamon-szigetek","NAME_ID":"Kepulauan Solomon","NAME_IT":"Isole Salomone","NAME_JA":"ソロモン諸島","NAME_KO":"솔로몬 제도","NAME_NL":"Salomonseilanden","NAME_PL":"Wyspy Salomona","NAME_PT":"Ilhas Salomão","NAME_RU":"Соломоновы Острова","NAME_SV":"Salomonöarna","NAME_TR":"Solomon Adaları","NAME_UK":"Соломонові Острови","NAME_UR":"جزائر سلیمان","NAME_VI":"Quần đảo Solomon","NAME_ZH":"所罗门群岛","NAME_ZHT":"索羅門群島","FCLASS_ISO":"Admin-0 country","TLC_DIFF":"","FCLASS_TLC":"Admin-0 country","FCLASS_US":"","FCLASS_FR":"","FCLASS_RU":"","FCLASS_ES":"","FCLASS_CN":"","FCLASS_TW":"","FCLASS_IN":"","FCLASS_NP":"","FCLASS_PK":"","FCLASS_DE":"","FCLASS_GB":"","FCLASS_BR":"","FCLASS_IL":"","FCLASS_PS":"","FCLASS_SA":"","FCLASS_EG":"","FCLASS_MA":"","FCLASS_PT":"","FCLASS_AR":"","FCLASS_JP":"","FCLASS_KO":"","FCLASS_VN":"","FCLASS_TR":"","FCLASS_ID":"","FCLASS_PL":"","FCLASS_GR":"","FCLASS_IT":"","FCLASS_NL":"","FCLASS_SE":"","FCLASS_BD":"","FCLASS_UA":""}},
{"type":"Feature","geometry":{"type":"MultiPolygon","coordinates":[[[[176.886,-40.066],[177.033,-39.88],[176.94,-39.45],[177.207,-39.146],[177.97,-39.166],[178.275,-38.583],[178.517,-37.695],[178.01,-37.58],[177.439,-37.961],[176.763,-37.881],[175.958,-37.555],[175.809,-36.799],[175.358,-36.526],[175.337,-37.209],[174.612,-36.156],[174.329,-35.265],[173.551,-35.006],[173.007,-34.451],[172.636,-34.529],[173.054,-35.237],[173.841,-36.122],[174.319,-36.535],[174.292,-36.711],[174.697,-37.381],[174.743,-38.028],[174.575,-38.798],[173.852,-39.147],[173.824,-39.509],[174.9,-39.909],[175.228,-40.459],[174.651,-41.282],[175.068,-41.426],[175.24,-41.688],[176.012,-41.29],[176.508,-40.605],[176.886,-40.066]]],[[[169.668,-43.555],[168.949,-43.936],[168.304,-44.124],[167.046,-45.111],[166.509,-45.853],[166.677,-46.22],[167.764,-46.29],[168.411,-46.62],[169.332,-46.641],[169.831,-46.356],[170.617,-45.909],[171.185,-44.897],[171.453,-44.243],[172.309,-43.866],[173.08,-43.853],[172.711,-43.372],[173.223,-42.97],[173.876,-42.233],[174.249,-41.77],[174.248,-41.349],[173.958,-40.927],[173.247,-41.332],[173.02,-40.919],[172.799,-40.494],[172.097,-40.956],[171.949,-41.514],[171.57,-41.767],[171.125,-42.513],[170.525,-43.032],[169.668,-43.555]]]]},"properties":{"featurecla":"Admin-0 country","scalerank":1,"LABELRANK":2,"SOVEREIGNT":"New Zealand","SOV_A3":"NZ1","ADM0_DIF":1,"LEVEL":2,"TYPE":"Country","TLC":"1","ADMIN":"New Zealand","ADM0_A3":"NZL","GEOU_DIF":0,"GEOUNIT":"New Zealand","GU_A3":"NZL","SU_DIF":0,"SUBUNIT":"New Zealand","SU_A3":"NZL","BRK_DIFF":0,"NAME":"New Zealand","NAME_LONG":"New Zealand","BRK_A3":"NZL","BRK_NAME":"New Zealand","BRK_GROUP":"","ABBREV":"N.Z.","POSTAL":"NZ","FORMAL_EN":"New Zealand","FORMAL_FR":"","NAME_CIAWF":"New Zealand","NOTE_ADM0":"","NOTE_BRK":"","NAME_SORT":"New Zealand","NAME_ALT":"","MAPCOLOR7":3,"MAPCOLOR8":3,"MAPCOLOR9":4,"MAPCOLOR13":4,"POP_EST":4917000,"POP_RANK":12,"POP_YEAR":2019,"GDP_MD":206928,"GDP_YEAR":2019,"ECONOMY":"2. Developed region: nonG7","INCOME_GRP":"1. High income: OECD","FIPS_10":"NZ","ISO_A2":"NZ","ISO_A2_EH":"NZ","ISO_A3":"NZL","ISO_A3_EH":"NZL","ISO_N3":"554","ISO_N3_EH":"554","UN_A3":"554","WB_A2":"NZ","WB_A3":"NZL","WOE_ID":23424916,"WOE_ID_EH":23424916,"WOE_NOTE":"Exact WOE match as country","ADM0_ISO":"NZL","ADM0_DIFF":"","ADM0_TLC":"NZL","ADM0_A3_US":"NZL","ADM0_A3_FR":"NZL","ADM0_A3_RU":"NZL","ADM0_A3_ES":"NZL","ADM0_A3_CN":"NZL","ADM0_A3_TW":"NZL","ADM0_A3_IN":"NZL","ADM0_A3_NP":"NZL","ADM0_A3_PK":"NZL","ADM0_A3_DE":"NZL","ADM0_A3_GB":"NZL","ADM0_A3_BR":"NZL","ADM0_A3_IL":"NZL","ADM0_A3_PS":"NZL","ADM0_A3_SA":"NZL","ADM0_A3_EG":"NZL","ADM0_A3_MA":"NZL","ADM0_A3_PT":"NZL","ADM0_A3_AR":"NZL","ADM0_A3_JP":"NZL","ADM0_A3_KO":"NZL","ADM0_A3_VN":"NZL","ADM0_A3_TR":"NZL","ADM0_A3_ID":"NZL","ADM0_A3_PL":"NZL","ADM0_A3_GR":"NZL","ADM0_A3_IT":"NZL","ADM0_A3_NL":"NZL","ADM0_A3_SE":"NZL","ADM0_A3_BD":"NZL","ADM0_A3_UA":"NZL","ADM0_A3_UN":-99,"ADM0_A3_WB":-99,"CONTINENT":"Oceania","REGION_UN":"Oceania","SUBREGION":"Australia and New Zealand","REGION_WB":"East Asia & Pacific","NAME_LEN":11,"LONG_LEN":11,"ABBREV_LEN":4,"TINY":-99,"HOMEPART":1,"MIN_ZOOM":0,"MIN_LABEL":2,"MAX_LABEL":6.7,"LABEL_X":172.787,"LABEL_Y":-39.759,"NE_ID":1159321135,"WIKIDATAID":"Q664","NAME_AR":"نيوزيلندا","NAME_BN":"নিউজিল্যান্ড","NAME_DE":"Neuseeland","NAME_EN":"New Zealand","NAME_ES":"Nueva Zelanda","NAME_FA":"نیوزیلند","NAME_FR":"Nouvelle-Zélande","NAME_EL":"Νέα Ζηλανδία","NAME_HE":"ניו זילנד","NAME_HI":"न्यूज़ीलैण्ड","NAME_HU":"Új-Zéland","NAME_ID":"Selandia Baru","NAME_IT":"Nuova Zelanda","NAME_JA":"ニュージーランド","NAME_KO":"뉴질랜드","NAME_NL":"Nieuw-Zeeland","NAME_PL":"Nowa Zelandia","NAME_PT":"Nova Zelândia","NAME_RU":"Новая Зеландия","NAME_SV":"Nya Zeeland","NAME_TR":"Yeni Zelanda","NAME_UK":"Нова Зеландія","NAME_UR":"نیوزی لینڈ","NAME_VI":"New Zealand","NAME_ZH":"新西兰","NAME_ZHT":"新西蘭","FCLASS_ISO":"Admin-0 country","TLC_DIFF":"","FCLASS_TLC":"Admin-0 country","FCLASS_US":"","FCLASS_FR":"","FCLASS_RU":"","FCLASS_ES":"","FCLASS_CN":"","FCLASS_TW":"","FCLASS_IN":"","FCLASS_NP":"","FCLASS_PK":"","FCLASS_DE":"","FCLASS_GB":"","FCLASS_BR":"","FCLASS_IL":"","FCLASS_PS":"","FCLASS_SA":"","FCLASS_EG":"","FCLASS_MA":"","FCLASS_PT":"","FCLASS_AR":"","FCLASS_JP":"","FCLASS_KO":"","FCLASS_VN":"","FCLASS_TR":"","FCLASS_ID":"","FCLASS_PL":"","FCLASS_GR":"","FCLASS_IT":"","FCLASS_NL":"","FCLASS_SE":"","FCLASS_BD":"","FCLASS_UA":""}},
{"type":"Feature","geometry":{"type":"MultiPolygon","coordinates":[[[[147.689,-40.808],[146.909,-41.001],[146.364,-41.138],[145.398,-40.793],[144.744,-40.704],[144.718,-41.163],[145.295,-42.034],[145.432,-42.694],[146.048,-43.55],[146.663,-43.581],[146.87,-43.635],[147.565,-42.938],[147.914,-43.212],[148.017,-42.407],[148.36,-42.062],[148.289,-40.875],[147.689,-40.808]]],[[[126.149,-32.216],[127.103,-32.282],[128.241,-31.948],[129.536,-31.59],[131.326,-31.496],[132.288,-31.983],[132.991,-32.011],[134.274,-32.617],[134.086,-32.848],[134.613,-33.223],[135.239,-33.948],[135.208,-34.479],[135.989,-34.89],[136.372,-34.095],[136.997,-33.753],[137.81,-32.9],[137.89,-33.64],[137.504,-34.13],[137.352,-34.707],[136.829,-35.261],[137.719,-35.077],[138.208,-34.385],[138.449,-35.127],[138.121,-35.612],[139.083,-35.733],[139.574,-36.138],[139.807,-36.644],[139.992,-37.403],[140.639,-38.019],[141.607,-38.309],[142.178,-38.38],[142.745,-38.538],[143.61,-38.809],[144.486,-38.085],[145.032,-37.896],[144.877,-38.417],[145.49,-38.594],[146.318,-39.036],[146.922,-38.607],[147.382,-38.219],[148.305,-37.809],[149.424,-37.773],[149.997,-37.425],[149.946,-37.109],[150.075,-36.42],[150.328,-35.672],[150.714,-35.173],[151.011,-34.31],[151.344,-33.816],[151.709,-33.041],[152.45,-32.55],[152.892,-31.64],[153.09,-30.924],[153.069,-30.35],[153.339,-29.458],[153.512,-28.995],[153.569,-28.11],[153.093,-27.26],[153.162,-26.641],[153.136,-26.071],[152.855,-25.268],[152.074,-24.458],[151.609,-24.076],[150.9,-23.462],[150.727,-22.402],[150.483,-22.556],[150.077,-22.123],[149.678,-22.343],[149.289,-21.261],[148.717,-20.633],[148.848,-20.391],[148.178,-19.956],[147.471,-19.481],[146.387,-18.958],[146.064,-18.28],[146.16,-17.762],[145.889,-16.907],[145.637,-16.785],[145.485,-16.286],[145.272,-15.428],[145.375,-14.985],[144.895,-14.594],[144.564,-14.171],[143.922,-14.548],[143.562,-13.764],[143.597,-13.4],[143.522,-12.834],[143.159,-12.326],[143.116,-11.906],[142.867,-11.785],[142.797,-11.157],[142.515,-10.668],[142.144,-11.043],[142.118,-11.328],[141.929,-11.877],[141.687,-12.408],[141.843,-12.742],[141.651,-12.945],[141.52,-13.698],[141.636,-14.27],[141.563,-14.561],[141.702,-15.045],[141.398,-15.841],[141.274,-16.389],[141.071,-16.832],[140.875,-17.369],[140.215,-17.711],[139.261,-17.372],[139.109,-17.063],[138.585,-16.807],[138.303,-16.808],[137.58,-16.215],[137.065,-15.871],[136.295,-15.55],[135.5,-14.998],[135.429,-14.715],[135.784,-14.224],[136.078,-13.724],[135.962,-13.325],[136.305,-13.291],[136.685,-12.887],[136.952,-12.352],[136.492,-11.857],[136.258,-12.049],[135.883,-11.962],[135.298,-12.249],[134.679,-11.941],[134.393,-12.042],[133.551,-11.787],[133.02,-11.376],[132.357,-11.129],[131.825,-11.274],[132.557,-11.603],[132.575,-12.114],[131.735,-12.302],[131.223,-12.184],[130.618,-12.536],[130.184,-13.108],[130.339,-13.357],[129.889,-13.619],[129.41,-14.421],[129.621,-14.97],[128.986,-14.876],[128.36,-14.869],[127.805,-14.277],[127.066,-13.818],[126.583,-13.953],[126.143,-14.096],[126.125,-14.347],[125.686,-14.231],[125.67,-14.51],[125.167,-14.68],[124.926,-15.075],[124.38,-15.567],[124.258,-16.328],[123.817,-16.111],[123.503,-16.597],[123.859,-17.069],[123.434,-17.269],[123.013,-16.405],[122.313,-17.255],[122.287,-17.799],[122.242,-18.198],[121.655,-18.705],[121.4,-19.24],[120.856,-19.684],[119.805,-19.977],[119.252,-19.953],[118.988,-20.044],[118.836,-20.263],[118.23,-20.374],[117.442,-20.747],[117.166,-20.624],[116.712,-20.702],[115.947,-21.069],[115.46,-21.495],[114.648,-21.83],[114.225,-22.517],[114.15,-21.756],[113.737,-22.475],[113.843,-23.06],[113.707,-23.56],[113.502,-23.806],[113.394,-24.385],[113.625,-24.684],[113.721,-24.999],[114.216,-25.786],[114.233,-26.298],[113.937,-25.911],[113.441,-25.621],[113.778,-26.549],[113.339,-26.117],[113.477,-26.543],[114.049,-27.335],[114.174,-28.118],[114.616,-28.516],[114.642,-28.81],[115.04,-29.461],[114.997,-30.031],[115.161,-30.602],[115.69,-31.612],[115.802,-32.205],[115.679,-32.9],[115.715,-33.26],[115.545,-33.487],[115.049,-33.623],[115.027,-34.197],[115.564,-34.386],[116.625,-35.025],[117.296,-35.025],[118.025,-35.065],[118.506,-34.747],[119.007,-34.464],[119.299,-34.509],[119.894,-33.976],[120.58,-33.93],[121.299,-33.821],[122.183,-34.003],[122.811,-33.914],[123.66,-33.89],[124.029,-33.484],[124.222,-32.959],[125.089,-32.729],[126.149,-32.216]]]]},"properties":{"featurecla":"Admin-0 country","scalerank":1,"LABELRANK":2,"SOVEREIGNT":"Australia","SOV_A3":"AU1","ADM0_DIF":1,"LEVEL":2,"TYPE":"Country","TLC":"1","ADMIN":"Australia","ADM0_A3":"AUS","GEOU_DIF":0,"GEOUNIT":"Australia","GU_A3":"AUS","SU_DIF":0,"SUBUNIT":"Australia","SU_A3":"AUS","BRK_DIFF":0,"NAME":"Australia","NAME_LONG":"Australia","BRK_A3":"AUS","BRK_NAME":"Australia","BRK_GROUP":"","ABBREV":"Auz.","POSTAL":"AU","FORMAL_EN":"Commonwealth of Australia","FORMAL_FR":"","NAME_CIAWF":"Australia","NOTE_ADM0":"","NOTE_BRK":"","NAME_SORT":"Australia","NAME_ALT":"","MAPCOLOR7":1,"MAPCOLOR8":2,"MAPCOLOR9":2,"MAPCOLOR13":7,"POP_EST":25364307,"POP_RANK":15,"POP_YEAR":2019,"GDP_MD":1396567,"GDP_YEAR":2019,"ECONOMY":"2. Developed region: nonG7","INCOME_GRP":"1. High income: OECD","FIPS_10":"AS","ISO_A2":"AU","ISO_A2_EH":"AU","ISO_A3":"AUS","ISO_A3_EH":"AUS","ISO_N3":"036","ISO_N3_EH":"036","UN_A3":"036","WB_A2":"AU","WB_A3":"AUS","WOE_ID":-90,"WOE_ID_EH":23424748,"WOE_NOTE":"Includes Ashmore and Cartier Islands (23424749) and Coral Sea Islands (23424790).","ADM0_ISO":"AUS","ADM0_DIFF":"","ADM0_TLC":"AUS","ADM0_A3_US":"AUS","ADM0_A3_FR":"AUS","ADM0_A3_RU":"AUS","ADM0_A3_ES":"AUS","ADM0_A3_CN":"AUS","ADM0_A3_TW":"AUS","ADM0_A3_IN":"AUS","ADM0_A3_NP":"AUS","ADM0_A3_PK":"AUS","ADM0_A3_DE":"AUS","ADM0_A3_GB":"AUS","ADM0_A3_BR":"AUS","ADM0_A3_IL":"AUS","ADM0_A3_PS":"AUS","ADM0_A3_SA":"AUS","ADM0_A3_EG":"AUS","ADM0_A3_MA":"AUS","ADM0_A3_PT":"AUS","ADM0_A3_AR":"AUS","ADM0_A3_JP":"AUS","ADM0_A3_KO":"AUS","ADM0_A3_VN":"AUS","ADM0_A3_TR":"AUS","ADM0_A3_ID":"AUS","ADM0_A3_PL":"AUS","ADM0_A3_GR":"AUS","ADM0_A3_IT":"AUS","ADM0_A3_NL":"AUS","ADM0_A3_SE":"AUS","ADM0_A3_BD":"AUS","ADM0_A3_UA":"AUS","ADM0_A3_UN":-99,"ADM0_A3_WB":-99,"CONTINENT":"Oceania","REGION_UN":"Oceania","SUBREGION":"Australia and New Zealand","REGION_WB":"East Asia & Pacific","NAME_LEN":9,"LONG_LEN":9,"ABBREV_LEN":4,"TINY":-99,"HOMEPART":1,"MIN_ZOOM":0,"MIN_LABEL":1.7,"MAX_LABEL":5.7,"LABEL_X":134.04972,"LABEL_Y":-24.129522,"NE_ID":1159320355,"WIKIDATAID":"Q408","NAME_AR":"أستراليا","NAME_BN":"অস্ট্রেলিয়া","NAME_DE":"Australien","NAME_EN":"Australia","NAME_ES":"Australia","NAME_FA":"استرالیا","NAME_FR":"Australie","NAME_EL":"Αυστραλία","NAME_HE":"אוסטרליה","NAME_HI":"ऑस्ट्रेलिया","NAME_HU":"Ausztrália","NAME_ID":"Australia","NAME_IT":"Australia","NAME_JA":"オーストラリア","NAME_KO":"오스트레일리아","NAME_NL":"Australië","NAME_PL":"Australia","NAME_PT":"Austrália","NAME_RU":"Австралия","NAME_SV":"Australien","NAME_TR":"Avustralya","NAME_UK":"Австралія","NAME_UR":"آسٹریلیا","NAME_VI":"Úc","NAME_ZH":"澳大利亚","NAME_ZHT":"澳大利亞","FCLASS_ISO":"Admin-0 country","TLC_DIFF":"","FCLASS_TLC":"Admin-0 country","FCLASS_US":"","FCLASS_FR":"","FCLASS_RU":"","FCLASS_ES":"","FCLASS_CN":"","FCLASS_TW":"","FCLASS_IN":"","FCLASS_NP":"","FCLASS_PK":"","FCLASS_DE":"","FCLASS_GB":"","FCLASS_BR":"","FCLASS_IL":"","FCLASS_PS":"","FCLASS_SA":"","FCLASS_EG":"","FCLASS_MA":"","FCLASS_PT":"","FCLASS_AR":"","FCLASS_JP":"","FCLASS_KO":"","FCLASS_VN":"","FCLASS_TR":"","FCLASS_ID":"","FCLASS_PL":"","FCLASS_GR":"","FCLASS_IT":"","FCLASS_NL":"","FCLASS_SE":"","FCLASS_BD":"","FCLASS_UA":""}},
{"type":"Feature","geometry":{"type":"Polygon","coordinates":[[[81.788,7.523],[81.304,8.564],[80.839,9.268],[80.148,9.824],[79.695,8.201],[79.872,6.763],[80.348,5.968],[81.218,6.197],[81.637,6.482],[81.788,7.523]]]},"properties":{"featurecla":"Admin-0 country","scalerank":1,"LABELRANK":3,"SOVEREIGNT":"Sri Lanka","SOV_A3":"LKA","ADM0_DIF":0,"LEVEL":2,"TYPE":"Sovereign country","TLC":"1","ADMIN":"Sri Lanka","ADM0_A3":"LKA","GEOU_DIF":0,"GEOUNIT":"Sri Lanka","GU_A3":"LKA","SU_DIF":0,"SUBUNIT":"Sri Lanka","SU_A3":"LKA","BRK_DIFF":0,"NAME":"Sri Lanka","NAME_LONG":"Sri Lanka","BRK_A3":"LKA","BRK_NAME":"Sri Lanka","BRK_GROUP":"","ABBREV":"Sri L.","POSTAL":"LK","FORMAL_EN":"Democratic Socialist Republic of Sri Lanka","FORMAL_FR":"","NAME_CIAWF":"Sri Lanka","NOTE_ADM0":"","NOTE_BRK":"","NAME_SORT":"Sri Lanka","NAME_ALT":"","MAPCOLOR7":3,"MAPCOLOR8":5,"MAPCOLOR9":4,"MAPCOLOR13":9,"POP_EST":21803000,"POP_RANK":15,"POP_YEAR":2019,"GDP_MD":84008,"GDP_YEAR":2019,"ECONOMY":"6. Developing region","INCOME_GRP":"4. Lower middle income","FIPS_10":"CE","ISO_A2":"LK","ISO_A2_EH":"LK","ISO_A3":"LKA","ISO_A3_EH":"LKA","ISO_N3":"144","ISO_N3_EH":"144","UN_A3":"144","WB_A2":"LK","WB_A3":"LKA","WOE_ID":23424778,"WOE_ID_EH":23424778,"WOE_NOTE":"Exact WOE match as country","ADM0_ISO":"LKA","ADM0_DIFF":"","ADM0_TLC":"LKA","ADM0_A3_US":"LKA","ADM0_A3_FR":"LKA","ADM0_A3_RU":"LKA","ADM0_A3_ES":"LKA","ADM0_A3_CN":"LKA","ADM0_A3_TW":"LKA","ADM0_A3_IN":"LKA","ADM0_A3_NP":"LKA","ADM0_A3_PK":"LKA","ADM0_A3_DE":"LKA","ADM0_A3_GB":"LKA","ADM0_A3_BR":"LKA","ADM0_A3_IL":"LKA","ADM0_A3_PS":"LKA","ADM0_A3_SA":"LKA","ADM0_A3_EG":"LKA","ADM0_A3_MA":"LKA","ADM0_A3_PT":"LKA","ADM0_A3_AR":"LKA","ADM0_A3_JP":"LKA","ADM0_A3_KO":"LKA","ADM0_A3_VN":"LKA","ADM0_A3_TR":"LKA","ADM0_A3_ID":"LKA","ADM0_A3_PL":"LKA","ADM0_A3_GR":"LKA","ADM0_A3_IT":"LKA","ADM0_A3_NL":"LKA","ADM0_A3_SE":"LKA","ADM0_A3_BD":"LKA","ADM0_A3_UA":"LKA","ADM0_A3_UN":-99,"ADM0_A3_WB":-99,"CONTINENT":"Asia","REGION_UN":"Asia","SUBREGION":"Southern Asia","REGION_WB":"South Asia","NAME_LEN":9,"LONG_LEN":9,"ABBREV_LEN":6,"TINY":-99,"HOMEPART":1,"MIN_ZOOM":0,"MIN_LABEL":3,"MAX_LABEL":8,"LABEL_X":80.704823,"LABEL_Y":7.581097,"NE_ID":1159321025,"WIKIDATAID":"Q854","NAME_AR":"سريلانكا","NAME_BN":"শ্রীলঙ্কা","NAME_DE":"Sri Lanka","NAME_EN":"Sri Lanka","NAME_ES":"Sri Lanka","NAME_FA":"سریلانکا","NAME_FR":"Sri Lanka","NAME_EL":"Σρι Λάνκα","NAME_HE":"סרי לנקה","NAME_HI":"श्रीलंका","NAME_HU":"Srí Lanka","NAME_ID":"Sri Lanka","NAME_IT":"Sri Lanka","NAME_JA":"スリランカ","NAME_KO":"스리랑카","NAME_NL":"Sri Lanka","NAME_PL":"Sri Lanka","NAME_PT":"Sri Lanka","NAME_RU":"Шри-Ланка","NAME_SV":"Sri Lanka","NAME_TR":"Sri Lanka","NAME_UK":"Шрі-Ланка","NAME_UR":"سری لنکا","NAME_VI":"Sri Lanka","NAME_ZH":"斯里兰卡","NAME_ZHT":"斯里蘭卡","FCLASS_ISO":"Admin-0 country","TLC_DIFF":"","FCLASS_TLC":"Admin-0 country","FCLASS_US":"","FCLASS_FR":"","FCLASS_RU":"","FCLASS_ES":"","FCLASS_CN":"","FCLASS_TW":"","FCLASS_IN":"","FCLASS_NP":"","FCLASS_PK":"","FCLASS_DE":"","FCLASS_GB":"","FCLASS_BR":"","FCLASS_IL":"","FCLASS_PS":"","FCLASS_SA":"","FCLASS_EG":"","FCLASS_MA":"","FCLASS_PT":"","FCLASS_AR":"","FCLASS_JP":"","FCLASS_KO":"","FCLASS_VN":"","FCLASS_TR":"","FCLASS_ID":"","FCLASS_PL":"","FCLASS_GR":"","FCLASS_IT":"","FCLASS_NL":"","FCLASS_SE":"","FCLASS_BD":"","FCLASS_UA":""}},
{"type":"Feature","geometry":{"type":"MultiPolygon","coordinates":[[[[109.475,18.198],[110.339,18.678],[110.571,19.256],[111.01,19.696],[110.787,20.078],[110.212,20.101],[109.119,19.821],[108.626,19.368],[108.655,18.508],[109.475,18.198]]],[[[80.26,42.35],[80.119,42.124],[78.544,41.582],[78.187,41.185],[76.904,41.066],[76.526,40.428],[75.468,40.562],[74.777,40.366],[73.822,39.894],[73.96,39.66],[73.675,39.431],[73.929,38.506],[74.258,38.607],[74.865,38.379],[74.83,37.99],[74.98,37.42],[75.158,37.133],[75.897,36.667],[76.193,35.898],[77.837,35.494],[78.912,34.322],[78.811,33.506],[79.209,32.994],[79.176,32.484],[78.458,32.618],[78.739,31.516],[79.721,30.883],[81.111,30.183],[81.526,30.423],[82.328,30.115],[83.337,29.464],[83.899,29.32],[84.235,28.84],[85.012,28.643],[85.823,28.204],[86.955,27.974],[88.12,27.877],[88.73,28.087],[88.814,27.299],[89.476,28.043],[90.016,28.296],[90.731,28.065],[91.259,28.041],[91.697,27.772],[92.503,27.897],[93.413,28.641],[94.566,29.277],[95.405,29.032],[96.118,29.453],[96.587,28.831],[96.249,28.411],[97.327,28.262],[97.912,28.336],[98.246,27.747],[98.683,27.509],[98.712,26.744],[98.672,25.919],[97.725,25.084],[97.605,23.897],[98.66,24.063],[98.899,23.143],[99.532,22.949],[99.241,22.118],[99.983,21.743],[100.417,21.559],[101.15,21.85],[101.18,21.437],[101.27,21.202],[101.803,21.174],[101.652,22.318],[102.17,22.465],[102.707,22.709],[103.505,22.704],[104.477,22.819],[105.329,23.352],[105.811,22.977],[106.725,22.794],[106.567,22.218],[107.043,21.812],[108.05,21.552],[108.523,21.715],[109.864,21.395],[109.628,21.008],[109.89,20.282],[110.444,20.341],[110.785,21.397],[111.844,21.55],[113.241,22.051],[113.807,22.548],[114.153,22.224],[114.764,22.668],[115.891,22.783],[117.282,23.625],[118.657,24.547],[119.585,25.741],[120.395,27.053],[121.126,28.136],[121.684,28.226],[121.938,29.018],[122.092,29.833],[121.504,30.143],[121.264,30.676],[121.892,30.949],[121.908,31.692],[121.229,32.46],[120.62,33.377],[120.228,34.36],[119.151,34.91],[119.665,35.61],[120.637,36.111],[121.104,36.651],[122.52,36.931],[122.358,37.454],[121.711,37.481],[120.823,37.87],[119.703,37.156],[118.912,37.448],[118.878,37.897],[118.06,38.061],[117.533,38.738],[118.043,39.204],[119.023,39.252],[119.64,39.898],[120.769,40.593],[121.64,40.946],[122.169,40.422],[121.377,39.75],[121.586,39.361],[121.055,38.897],[122.131,39.17],[122.868,39.638],[124.266,39.928],[125.08,40.57],[126.182,41.107],[126.869,41.817],[127.344,41.503],[128.208,41.467],[128.052,41.994],[129.597,42.425],[129.994,42.985],[130.64,42.395],[130.634,42.903],[131.145,42.93],[131.289,44.112],[131.025,44.968],[131.883,45.321],[133.097,45.144],[133.77,46.117],[134.112,47.212],[134.501,47.578],[135.026,48.478],[133.374,48.183],[132.507,47.789],[130.987,47.79],[130.582,48.73],[129.398,49.441],[127.657,49.76],[127.287,50.74],[126.939,51.354],[126.564,51.784],[125.946,52.793],[125.068,53.161],[123.571,53.459],[122.246,53.432],[121.003,53.251],[120.177,52.754],[120.726,52.516],[120.738,51.964],[120.182,51.644],[119.279,50.583],[119.288,50.143],[117.879,49.511],[116.679,49.889],[116.192,49.135],[115.485,48.135],[115.743,47.727],[116.309,47.853],[117.296,47.698],[118.064,48.067],[118.867,47.747],[119.773,47.048],[119.663,46.693],[118.874,46.805],[117.422,46.673],[116.718,46.388],[115.985,45.727],[114.46,45.34],[113.464,44.809],[112.436,45.012],[111.873,45.102],[111.348,44.457],[111.668,44.073],[111.83,43.743],[111.13,43.407],[110.412,42.871],[109.244,42.519],[107.745,42.482],[106.129,42.134],[104.965,41.597],[104.522,41.908],[103.312,41.907],[101.833,42.515],[100.846,42.664],[99.516,42.525],[97.452,42.749],[96.349,42.726],[95.762,43.319],[95.307,44.241],[94.689,44.352],[93.481,44.975],[92.134,45.115],[90.946,45.286],[90.586,45.72],[90.971,46.888],[90.281,47.694],[88.854,48.069],[88.014,48.599],[87.751,49.297],[87.36,49.215],[86.599,48.549],[85.768,48.456],[85.72,47.453],[85.164,47.001],[83.18,47.33],[82.459,45.54],[81.947,45.317],[79.966,44.918],[80.866,43.18],[80.18,42.92],[80.26,42.35]]]]},"properties":{"featurecla":"Admin-0 country","scalerank":1,"LABELRANK":2,"SOVEREIGNT":"China","SOV_A3":"CH1","ADM0_DIF":1,"LEVEL":2,"TYPE":"Country","TLC":"1","ADMIN":"China","ADM0_A3":"CHN","GEOU_DIF":0,"GEOUNIT":"China","GU_A3":"CHN","SU_DIF":0,"SUBUNIT":"China","SU_A3":"CHN","BRK_DIFF":0,"NAME":"China","NAME_LONG":"China","BRK_A3":"CHN","BRK_NAME":"China","BRK_GROUP":"","ABBREV":"China","POSTAL":"CN","FORMAL_EN":"People's Republic of China","FORMAL_FR":"","NAME_CIAWF":"China","NOTE_ADM0":"","NOTE_BRK":"","NAME_SORT":"China","NAME_ALT":"","MAPCOLOR7":4,"MAPCOLOR8":4,"MAPCOLOR9":4,"MAPCOLOR13":3,"POP_EST":1397715000,"POP_RANK":18,"POP_YEAR":2019,"GDP_MD":14342903,"GDP_YEAR":2019,"ECONOMY":"3. Emerging region: BRIC","INCOME_GRP":"3. Upper middle income","FIPS_10":"CH","ISO_A2":"CN","ISO_A2_EH":"CN","ISO_A3":"CHN","ISO_A3_EH":"CHN","ISO_N3":"156","ISO_N3_EH":"156","UN_A3":"156","WB_A2":"CN","WB_A3":"CHN","WOE_ID":23424781,"WOE_ID_EH":23424781,"WOE_NOTE":"Exact WOE match as country","ADM0_ISO":"CHN","ADM0_DIFF":"","ADM0_TLC":"CHN","ADM0_A3_US":"CHN","ADM0_A3_FR":"CHN","ADM0_A3_RU":"CHN","ADM0_A3_ES":"CHN","ADM0_A3_CN":"CHN","ADM0_A3_TW":"TWN","ADM0_A3_IN":"CHN","ADM0_A3_NP":"CHN","ADM0_A3_PK":"CHN","ADM0_A3_DE":"CHN","ADM0_A3_GB":"CHN","ADM0_A3_BR":"CHN","ADM0_A3_IL":"CHN","ADM0_A3_PS":"CHN","ADM0_A3_SA":"CHN","ADM0_A3_EG":"CHN","ADM0_A3_MA":"CHN","ADM0_A3_PT":"CHN","ADM0_A3_AR":"CHN","ADM0_A3_JP":"CHN","ADM0_A3_KO":"CHN","ADM0_A3_VN":"CHN","ADM0_A3_TR":"CHN","ADM0_A3_ID":"CHN","ADM0_A3_PL":"CHN","ADM0_A3_GR":"CHN","ADM0_A3_IT":"CHN","ADM0_A3_NL":"CHN","ADM0_A3_SE":"CHN","ADM0_A3_BD":"CHN","ADM0_A3_UA":"CHN","ADM0_A3_UN":-99,"ADM0_A3_WB":-99,"CONTINENT":"Asia","REGION_UN":"Asia","SUBREGION":"Eastern Asia","REGION_WB":"East Asia & Pacific","NAME_LEN":5,"LONG_LEN":5,"ABBREV_LEN":5,"TINY":-99,"HOMEPART":1,"MIN_ZOOM":0,"MIN_LABEL":1.7,"MAX_LABEL":5.7,"LABEL_X":106.337289,"LABEL_Y":32.498178,"NE_ID":1159320471,"WIKIDATAID":"Q148","NAME_AR":"الصين","NAME_BN":"গণচীন","NAME_DE":"Volksrepublik China","NAME_EN":"People's Republic of China","NAME_ES":"China","NAME_FA":"جمهوری خلق چین","NAME_FR":"République populaire de Chine","NAME_EL":"Λαϊκή Δημοκρατία της Κίνας","NAME_HE":"הרפובליקה העממית של סין","NAME_HI":"चीनी जनवादी गणराज्य","NAME_HU":"Kína","NAME_ID":"Republik Rakyat Tiongkok","NAME_IT":"Cina","NAME_JA":"中華人民共和国","NAME_KO":"중화인민공화국","NAME_NL":"Volksrepubliek China","NAME_PL":"Chińska Republika Ludowa","NAME_PT":"China","NAME_RU":"Китайская Народная Республика","NAME_SV":"Kina","NAME_TR":"Çin Halk Cumhuriyeti","NAME_UK":"Китайська Народна Республіка","NAME_UR":"عوامی جمہوریہ چین","NAME_VI":"Trung Quốc","NAME_ZH":"中华人民共和国","NAME_ZHT":"中華人民共和國","FCLASS_ISO":"Admin-0 country","TLC_DIFF":"","FCLASS_TLC":"Admin-0 country","FCLASS_US":"","FCLASS_FR":"","FCLASS_RU":"","FCLASS_ES":"","FCLASS_CN":"","FCLASS_TW":"Unrecognized","FCLASS_IN":"","FCLASS_NP":"","FCLASS_PK":"","FCLASS_DE":"","FCLASS_GB":"","FCLASS_BR":"","FCLASS_IL":"","FCLASS_PS":"","FCLASS_SA":"","FCLASS_EG":"","FCLASS_MA":"","FCLASS_PT":"","FCLASS_AR":"","FCLASS_JP":"","FCLASS_KO":"","FCLASS_VN":"","FCLASS_TR":"","FCLASS_ID":"","FCLASS_PL":"","FCLASS_GR":"","FCLASS_IT":"","FCLASS_NL":"","FCLASS_SE":"","FCLASS_BD":"","FCLASS_UA":""}},
{"type":"Feature","geometry":{"type":"Polygon","coordinates":[[[121.778,24.394],[121.951,24.998],[121.495,25.295],[120.695,24.538],[120.106,23.556],[120.22,22.815],[120.747,21.971],[121.176,22.791],[121.778,24.394]]]},"properties":{"featurecla":"Admin-0 country","scalerank":1,"LABELRANK":3,"SOVEREIGNT":"Taiwan","SOV_A3":"TWN","ADM0_DIF":0,"LEVEL":2,"TYPE":"Sovereign country","TLC":"1","ADMIN":"Taiwan","ADM0_A3":"TWN","GEOU_DIF":0,"GEOUNIT":"Taiwan","GU_A3":"TWN","SU_DIF":0,"SUBUNIT":"Taiwan","SU_A3":"TWN","BRK_DIFF":0,"NAME":"Taiwan","NAME_LONG":"Taiwan","BRK_A3":"TWN","BRK_NAME":"Taiwan","BRK_GROUP":"","ABBREV":"Taiwan","POSTAL":"TW","FORMAL_EN":"","FORMAL_FR":"","NAME_CIAWF":"Taiwan","NOTE_ADM0":"","NOTE_BRK":"Self admin.; Claimed by China","NAME_SORT":"Taiwan","NAME_ALT":"","MAPCOLOR7":1,"MAPCOLOR8":5,"MAPCOLOR9":7,"MAPCOLOR13":2,"POP_EST":23568378,"POP_RANK":15,"POP_YEAR":2020,"GDP_MD":1127000,"GDP_YEAR":2016,"ECONOMY":"2. Developed region: nonG7","INCOME_GRP":"2. High income: nonOECD","FIPS_10":"TW","ISO_A2":"CN-TW","ISO_A2_EH":"TW","ISO_A3":"TWN","ISO_A3_EH":"TWN","ISO_N3":"158","ISO_N3_EH":"158","UN_A3":"-099","WB_A2":"-99","WB_A3":"-99","WOE_ID":23424971,"WOE_ID_EH":23424971,"WOE_NOTE":"Exact WOE match as country","ADM0_ISO":"TWN","ADM0_DIFF":"","ADM0_TLC":"TWN","ADM0_A3_US":"TWN","ADM0_A3_FR":"TWN","ADM0_A3_RU":"CHN","ADM0_A3_ES":"TWN","ADM0_A3_CN":"CHN","ADM0_A3_TW":"TWN","ADM0_A3_IN":"TWN","ADM0_A3_NP":"CHN","ADM0_A3_PK":"CHN","ADM0_A3_DE":"TWN","ADM0_A3_GB":"TWN","ADM0_A3_BR":"TWN","ADM0_A3_IL":"TWN","ADM0_A3_PS":"TWN","ADM0_A3_SA":"TWN","ADM0_A3_EG":"CHN","ADM0_A3_MA":"CHN","ADM0_A3_PT":"TWN","ADM0_A3_AR":"TWN","ADM0_A3_JP":"TWN","ADM0_A3_KO":"TWN","ADM0_A3_VN":"TWN","ADM0_A3_TR":"TWN","ADM0_A3_ID":"CHN","ADM0_A3_PL":"TWN","ADM0_A3_GR":"TWN","ADM0_A3_IT":"TWN","ADM0_A3_NL":"TWN","ADM0_A3_SE":"TWN","ADM0_A3_BD":"CHN","ADM0_A3_UA":"TWN","ADM0_A3_UN":-99,"ADM0_A3_WB":-99,"CONTINENT":"Asia","REGION_UN":"Asia","SUBREGION":"Eastern Asia","REGION_WB":"East Asia & Pacific","NAME_LEN":6,"LONG_LEN":6,"ABBREV_LEN":6,"TINY":-99,"HOMEPART":1,"MIN_ZOOM":0,"MIN_LABEL":4.5,"MAX_LABEL":8,"LABEL_X":120.868204,"LABEL_Y":23.652408,"NE_ID":1159321335,"WIKIDATAID":"Q865","NAME_AR":"تايوان","NAME_BN":"তাইওয়ান","NAME_DE":"Republik China","NAME_EN":"Taiwan","NAME_ES":"República de China","NAME_FA":"تایوان","NAME_FR":"Taïwan","NAME_EL":"Δημοκρατία της Κίνας","NAME_HE":"טאיוואן","NAME_HI":"चीनी गणराज्य","NAME_HU":"Kínai Köztársaság","NAME_ID":"Taiwan","NAME_IT":"Taiwan","NAME_JA":"中華民国","NAME_KO":"중화민국","NAME_NL":"Taiwan","NAME_PL":"Republika Chińska","NAME_PT":"Taiwan","NAME_RU":"Тайвань","NAME_SV":"Taiwan","NAME_TR":"Çin Cumhuriyeti","NAME_UK":"Республіка Китай","NAME_UR":"تائیوان","NAME_VI":"Đài Loan","NAME_ZH":"中华民国","NAME_ZHT":"中華民國","FCLASS_ISO":"Admin-1 states provinces","TLC_DIFF":"1","FCLASS_TLC":"Admin-0 country","FCLASS_US":"","FCLASS_FR":"","FCLASS_RU":"","FCLASS_ES":"","FCLASS_CN":"Admin-1 states provinces","FCLASS_TW":"Admin-0 country","FCLASS_IN":"","FCLASS_NP":"Admin-1 states provinces","FCLASS_PK":"","FCLASS_DE":"","FCLASS_GB":"","FCLASS_BR":"","FCLASS_IL":"","FCLASS_PS":"","FCLASS_SA":"","FCLASS_EG":"Admin-1 states provinces","FCLASS_MA":"Admin-1 states provinces","FCLASS_PT":"","FCLASS_AR":"","FCLASS_JP":"","FCLASS_KO":"","FCLASS_VN":"","FCLASS_TR":"","FCLASS_ID":"Admin-1 states provinces","FCLASS_PL":"","FCLASS_GR":"","FCLASS_IT":"","FCLASS_NL":"","FCLASS_SE":"","FCLASS_BD":"Admin-1 states provinces","FCLASS_UA":""}},
{"type":"Feature","geometry":{"type":"MultiPolygon","coordinates":[[[[10.443,46.894],[10.363,46.484],[9.923,46.315],[9.183,46.44],[8.966,46.037],[8.49,46.005],[8.317,46.164],[7.756,45.824],[7.274,45.777],[6.844,45.991],[6.802,45.709],[7.097,45.333],[6.75,45.029],[7.008,44.255],[7.55,44.128],[7.435,43.694],[7.851,43.767],[8.429,44.231],[8.889,44.366],[9.702,44.036],[10.2,43.92],[10.512,42.931],[11.192,42.355],[12.107,41.705],[12.888,41.253],[13.628,41.188],[14.061,40.786],[14.703,40.605],[14.998,40.173],[15.414,40.048],[15.719,39.544],[16.109,38.965],[15.892,38.751],[15.688,38.215],[15.684,37.909],[16.101,37.986],[16.635,38.844],[17.053,38.903],[17.171,39.425],[16.449,39.795],[16.87,40.442],[17.738,40.278],[18.293,39.811],[18.48,40.169],[18.377,40.356],[17.519,40.877],[16.785,41.18],[15.889,41.541],[16.17,41.74],[15.926,41.961],[15.143,41.955],[14.03,42.761],[13.527,43.588],[12.589,44.091],[12.261,44.6],[12.384,44.885],[12.329,45.382],[13.142,45.737],[13.938,45.591],[13.698,46.017],[13.806,46.509],[12.376,46.768],[12.153,47.115],[11.165,46.942],[11.049,46.751],[10.443,46.894]]],[[[14.761,38.144],[13.741,38.035],[12.571,38.126],[12.431,37.613],[13.827,37.105],[14.335,36.997],[15.1,36.62],[15.31,37.134],[15.16,37.444],[15.52,38.231],[14.761,38.144]]],[[[8.71,40.9],[8.16,40.95],[8.388,40.378],[8.428,39.172],[8.807,38.907],[9.215,39.24],[9.67,39.177],[9.81,40.5],[9.21,41.21],[8.71,40.9]]]]},"properties":{"featurecla":"Admin-0 country","scalerank":1,"LABELRANK":2,"SOVEREIGNT":"Italy","SOV_A3":"ITA","ADM0_DIF":0,"LEVEL":2,"TYPE":"Sovereign country","TLC":"1","ADMIN":"Italy","ADM0_A3":"ITA","GEOU_DIF":0,"GEOUNIT":"Italy","GU_A3":"ITA","SU_DIF":0,"SUBUNIT":"Italy","SU_A3":"ITA","BRK_DIFF":0,"NAME":"Italy","NAME_LONG":"Italy","BRK_A3":"ITA","BRK_NAME":"Italy","BRK_GROUP":"","ABBREV":"Italy","POSTAL":"I","FORMAL_EN":"Italian Republic","FORMAL_FR":"","NAME_CIAWF":"Italy","NOTE_ADM0":"","NOTE_BRK":"","NAME_SORT":"Italy","NAME_ALT":"","MAPCOLOR7":6,"MAPCOLOR8":7,"MAPCOLOR9":8,"MAPCOLOR13":7,"POP_EST":60297396,"POP_RANK":16,"POP_YEAR":2019,"GDP_MD":2003576,"GDP_YEAR":2019,"ECONOMY":"1. Developed region: G7","INCOME_GRP":"1. High income: OECD","FIPS_10":"IT","ISO_A2":"IT","ISO_A2_EH":"IT","ISO_A3":"ITA","ISO_A3_EH":"ITA","ISO_N3":"380","ISO_N3_EH":"380","UN_A3":"380","WB_A2":"IT","WB_A3":"ITA","WOE_ID":23424853,"WOE_ID_EH":23424853,"WOE_NOTE":"Exact WOE match as country","ADM0_ISO":"ITA","ADM0_DIFF":"","ADM0_TLC":"ITA","ADM0_A3_US":"ITA","ADM0_A3_FR":"ITA","ADM0_A3_RU":"ITA","ADM0_A3_ES":"ITA","ADM0_A3_CN":"ITA","ADM0_A3_TW":"ITA","ADM0_A3_IN":"ITA","ADM0_A3_NP":"ITA","ADM0_A3_PK":"ITA","ADM0_A3_DE":"ITA","ADM0_A3_GB":"ITA","ADM0_A3_BR":"ITA","ADM0_A3_IL":"ITA","ADM0_A3_PS":"ITA","ADM0_A3_SA":"ITA","ADM0_A3_EG":"ITA","ADM0_A3_MA":"ITA","ADM0_A3_PT":"ITA","ADM0_A3_AR":"ITA","ADM0_A3_JP":"ITA","ADM0_A3_KO":"ITA","ADM0_A3_VN":"ITA","ADM0_A3_TR":"ITA","ADM0_A3_ID":"ITA","ADM0_A3_PL":"ITA","ADM0_A3_GR":"ITA","ADM0_A3_IT":"ITA","ADM0_A3_NL":"ITA","ADM0_A3_SE":"ITA","ADM0_A3_BD":"ITA","ADM0_A3_UA":"ITA","ADM0_A3_UN":-99,"ADM0_A3_WB":-99,"CONTINENT":"Europe","REGION_UN":"Europe","SUBREGION":"Southern Europe","REGION_WB":"Europe & Central Asia","NAME_LEN":5,"LONG_LEN":5,"ABBREV_LEN":5,"TINY":-99,"HOMEPART":1,"MIN_ZOOM":0,"MIN_LABEL":2,"MAX_LABEL":7,"LABEL_X":11.076907,"LABEL_Y":44.732482,"NE_ID":1159320919,"WIKIDATAID":"Q38","NAME_AR":"إيطاليا","NAME_BN":"ইতালি","NAME_DE":"Italien","NAME_EN":"Italy","NAME_ES":"Italia","NAME_FA":"ایتالیا","NAME_FR":"Italie","NAME_EL":"Ιταλία","NAME_HE":"איטליה","NAME_HI":"इटली","NAME_HU":"Olaszország","NAME_ID":"Italia","NAME_IT":"Italia","NAME_JA":"イタリア","NAME_KO":"이탈리아","NAME_NL":"Italië","NAME_PL":"Włochy","NAME_PT":"Itália","NAME_RU":"Италия","NAME_SV":"Italien","NAME_TR":"İtalya","NAME_UK":"Італія","NAME_UR":"اطالیہ","NAME_VI":"Ý","NAME_ZH":"意大利","NAME_ZHT":"義大利","FCLASS_ISO":"Admin-0 country","TLC_DIFF":"","FCLASS_TLC":"Admin-0 country","FCLASS_US":"","FCLASS_FR":"","FCLASS_RU":"","FCLASS_ES":"","FCLASS_CN":"","FCLASS_TW":"","FCLASS_IN":"","FCLASS_NP":"","FCLASS_PK":"","FCLASS_DE":"","FCLASS_GB":"","FCLASS_BR":"","FCLASS_IL":"","FCLASS_PS":"","FCLASS_SA":"","FCLASS_EG":"","FCLASS_MA":"","FCLASS_PT":"","FCLASS_AR":"","FCLASS_JP":"","FCLASS_KO":"","FCLASS_VN":"","FCLASS_TR":"","FCLASS_ID":"","FCLASS_PL":"","FCLASS_GR":"","FCLASS_IT":"","FCLASS_NL":"","FCLASS_SE":"","FCLASS_BD":"","FCLASS_UA":""}},
{"type":"Feature","geometry":{"type":"MultiPolygon","coordinates":[[[[9.922,54.983],[9.65,55.47],[10.37,56.19],[10.668,56.081],[10.912,56.459],[10.37,56.61],[10.25,56.89],[10.546,57.216],[10.58,57.73],[9.776,57.448],[9.424,57.172],[8.543,57.11],[8.257,56.81],[8.09,56.54],[8.12,55.518],[8.526,54.963],[9.282,54.831],[9.922,54.983]]],[[[12.371,56.111],[10.904,55.78],[11.044,55.365],[12.09,54.8],[12.69,55.61],[12.371,56.111]]]]},"properties":{"featurecla":"Admin-0 country","scalerank":1,"LABELRANK":4,"SOVEREIGNT":"Denmark","SOV_A3":"DN1","ADM0_DIF":1,"LEVEL":2,"TYPE":"Country","TLC":"1","ADMIN":"Denmark","ADM0_A3":"DNK","GEOU_DIF":0,"GEOUNIT":"Denmark","GU_A3":"DNK","SU_DIF":0,"SUBUNIT":"Denmark","SU_A3":"DNK","BRK_DIFF":0,"NAME":"Denmark","NAME_LONG":"Denmark","BRK_A3":"DNK","BRK_NAME":"Denmark","BRK_GROUP":"","ABBREV":"Den.","POSTAL":"DK","FORMAL_EN":"Kingdom of Denmark","FORMAL_FR":"","NAME_CIAWF":"Denmark","NOTE_ADM0":"","NOTE_BRK":"","NAME_SORT":"Denmark","NAME_ALT":"","MAPCOLOR7":4,"MAPCOLOR8":1,"MAPCOLOR9":3,"MAPCOLOR13":12,"POP_EST":5818553,"POP_RANK":13,"POP_YEAR":2019,"GDP_MD":350104,"GDP_YEAR":2019,"ECONOMY":"2. Developed region: nonG7","INCOME_GRP":"1. High income: OECD","FIPS_10":"DA","ISO_A2":"DK","ISO_A2_EH":"DK","ISO_A3":"DNK","ISO_A3_EH":"DNK","ISO_N3":"208","ISO_N3_EH":"208","UN_A3":"208","WB_A2":"DK","WB_A3":"DNK","WOE_ID":23424796,"WOE_ID_EH":23424796,"WOE_NOTE":"Exact WOE match as country","ADM0_ISO":"DNK","ADM0_DIFF":"","ADM0_TLC":"DNK","ADM0_A3_US":"DNK","ADM0_A3_FR":"DNK","ADM0_A3_RU":"DNK","ADM0_A3_ES":"DNK","ADM0_A3_CN":"DNK","ADM0_A3_TW":"DNK","ADM0_A3_IN":"DNK","ADM0_A3_NP":"DNK","ADM0_A3_PK":"DNK","ADM0_A3_DE":"DNK","ADM0_A3_GB":"DNK","ADM0_A3_BR":"DNK","ADM0_A3_IL":"DNK","ADM0_A3_PS":"DNK","ADM0_A3_SA":"DNK","ADM0_A3_EG":"DNK","ADM0_A3_MA":"DNK","ADM0_A3_PT":"DNK","ADM0_A3_AR":"DNK","ADM0_A3_JP":"DNK","ADM0_A3_KO":"DNK","ADM0_A3_VN":"DNK","ADM0_A3_TR":"DNK","ADM0_A3_ID":"DNK","ADM0_A3_PL":"DNK","ADM0_A3_GR":"DNK","ADM0_A3_IT":"DNK","ADM0_A3_NL":"DNK","ADM0_A3_SE":"DNK","ADM0_A3_BD":"DNK","ADM0_A3_UA":"DNK","ADM0_A3_UN":-99,"ADM0_A3_WB":-99,"CONTINENT":"Europe","REGION_UN":"Europe","SUBREGION":"Northern Europe","REGION_WB":"Europe & Central Asia","NAME_LEN":7,"LONG_LEN":7,"ABBREV_LEN":4,"TINY":-99,"HOMEPART":1,"MIN_ZOOM":0,"MIN_LABEL":3,"MAX_LABEL":8,"LABEL_X":9.018163,"LABEL_Y":55.966965,"NE_ID":1159320547,"WIKIDATAID":"Q35","NAME_AR":"الدنمارك","NAME_BN":"ডেনমার্ক","NAME_DE":"Dänemark","NAME_EN":"Denmark","NAME_ES":"Dinamarca","NAME_FA":"دانمارک","NAME_FR":"Danemark","NAME_EL":"Δανία","NAME_HE":"דנמרק","NAME_HI":"डेनमार्क","NAME_HU":"Dánia","NAME_ID":"Denmark","NAME_IT":"Danimarca","NAME_JA":"デンマーク","NAME_KO":"덴마크","NAME_NL":"Denemarken","NAME_PL":"Dania","NAME_PT":"Dinamarca","NAME_RU":"Дания","NAME_SV":"Danmark","NAME_TR":"Danimarka","NAME_UK":"Данія","NAME_UR":"ڈنمارک","NAME_VI":"Đan Mạch","NAME_ZH":"丹麦","NAME_ZHT":"丹麥","FCLASS_ISO":"Admin-0 country","TLC_DIFF":"","FCLASS_TLC":"Admin-0 country","FCLASS_US":"","FCLASS_FR":"","FCLASS_RU":"","FCLASS_ES":"","FCLASS_CN":"","FCLASS_TW":"","FCLASS_IN":"","FCLASS_NP":"","FCLASS_PK":"","FCLASS_DE":"","FCLASS_GB":"","FCLASS_BR":"","FCLASS_IL":"","FCLASS_PS":"","FCLASS_SA":"","FCLASS_EG":"","FCLASS_MA":"","FCLASS_PT":"","FCLASS_AR":"","FCLASS_JP":"","FCLASS_KO":"","FCLASS_VN":"","FCLASS_TR":"","FCLASS_ID":"","FCLASS_PL":"","FCLASS_GR":"","FCLASS_IT":"","FCLASS_NL":"","FCLASS_SE":"","FCLASS_BD":"","FCLASS_UA":""}},
{"type":"Feature","geometry":{"type":"MultiPolygon","coordinates":[[[[-6.198,53.868],[-5.662,54.555],[-6.734,55.173],[-7.572,55.132],[-7.366,54.596],[-7.572,54.06],[-6.954,54.074],[-6.198,53.868]]],[[[-3.094,53.405],[-4.58,53.495],[-4.77,52.84],[-4.222,52.301],[-5.267,51.991],[-4.984,51.593],[-3.423,51.427],[-3.415,51.426],[-4.31,51.21],[-5.777,50.16],[-5.245,49.96],[-4.543,50.342],[-3.617,50.228],[-2.956,50.697],[-2.49,50.5],[-0.788,50.775],[0.55,50.766],[1.45,51.289],[1.051,51.807],[1.56,52.1],[1.682,52.74],[0.47,52.93],[0.185,53.325],[-0.43,54.464],[-1.115,54.625],[-2.006,55.805],[-2.085,55.91],[-3.119,55.974],[-2.22,56.87],[-1.959,57.685],[-3.055,57.69],[-4.074,57.553],[-3.005,58.635],[-4.211,58.551],[-5.01,58.63],[-5.787,57.819],[-6.15,56.785],[-5.645,56.275],[-5.586,55.311],[-5.048,55.784],[-4.719,55.508],[-5.083,55.062],[-4.844,54.791],[-3.63,54.615],[-3.615,54.601],[-2.945,53.985],[-3.092,53.404],[-3.094,53.405]]]]},"properties":{"featurecla":"Admin-0 country","scalerank":1,"LABELRANK":2,"SOVEREIGNT":"United Kingdom","SOV_A3":"GB1","ADM0_DIF":1,"LEVEL":2,"TYPE":"Country","TLC":"1","ADMIN":"United Kingdom","ADM0_A3":"GBR","GEOU_DIF":0,"GEOUNIT":"United Kingdom","GU_A3":"GBR","SU_DIF":0,"SUBUNIT":"United Kingdom","SU_A3":"GBR","BRK_DIFF":0,"NAME":"United Kingdom","NAME_LONG":"United Kingdom","BRK_A3":"GBR","BRK_NAME":"United Kingdom","BRK_GROUP":"","ABBREV":"U.K.","POSTAL":"GB","FORMAL_EN":"United Kingdom of Great Britain and Northern Ireland","FORMAL_FR":"","NAME_CIAWF":"United Kingdom","NOTE_ADM0":"","NOTE_BRK":"","NAME_SORT":"United Kingdom","NAME_ALT":"","MAPCOLOR7":6,"MAPCOLOR8":6,"MAPCOLOR9":6,"MAPCOLOR13":3,"POP_EST":66834405,"POP_RANK":16,"POP_YEAR":2019,"GDP_MD":2829108,"GDP_YEAR":2019,"ECONOMY":"1. Developed region: G7","INCOME_GRP":"1. High income: OECD","FIPS_10":"UK","ISO_A2":"GB","ISO_A2_EH":"GB","ISO_A3":"GBR","ISO_A3_EH":"GBR","ISO_N3":"826","ISO_N3_EH":"826","UN_A3":"826","WB_A2":"GB","WB_A3":"GBR","WOE_ID":-90,"WOE_ID_EH":23424975,"WOE_NOTE":"Eh ID includes Channel Islands and Isle of Man. UK constituent countries of England (24554868), Wales (12578049), Scotland (12578048), and Northern Ireland (20070563).","ADM0_ISO":"GBR","ADM0_DIFF":"","ADM0_TLC":"GBR","ADM0_A3_US":"GBR","ADM0_A3_FR":"GBR","ADM0_A3_RU":"GBR","ADM0_A3_ES":"GBR","ADM0_A3_CN":"GBR","ADM0_A3_TW":"GBR","ADM0_A3_IN":"GBR","ADM0_A3_NP":"GBR","ADM0_A3_PK":"GBR","ADM0_A3_DE":"GBR","ADM0_A3_GB":"GBR","ADM0_A3_BR":"GBR","ADM0_A3_IL":"GBR","ADM0_A3_PS":"GBR","ADM0_A3_SA":"GBR","ADM0_A3_EG":"GBR","ADM0_A3_MA":"GBR","ADM0_A3_PT":"GBR","ADM0_A3_AR":"GBR","ADM0_A3_JP":"GBR","ADM0_A3_KO":"GBR","ADM0_A3_VN":"GBR","ADM0_A3_TR":"GBR","ADM0_A3_ID":"GBR","ADM0_A3_PL":"GBR","ADM0_A3_GR":"GBR","ADM0_A3_IT":"GBR","ADM0_A3_NL":"GBR","ADM0_A3_SE":"GBR","ADM0_A3_BD":"GBR","ADM0_A3_UA":"GBR","ADM0_A3_UN":-99,"ADM0_A3_WB":-99,"CONTINENT":"Europe","REGION_UN":"Europe","SUBREGION":"Northern Europe","REGION_WB":"Europe & Central Asia","NAME_LEN":14,"LONG_LEN":14,"ABBREV_LEN":4,"TINY":-99,"HOMEPART":1,"MIN_ZOOM":0,"MIN_LABEL":1.7,"MAX_LABEL":6.7,"LABEL_X":-2.116346,"LABEL_Y":54.402739,"NE_ID":1159320713,"WIKIDATAID":"Q145","NAME_AR":"المملكة المتحدة","NAME_BN":"যুক্তরাজ্য","NAME_DE":"Vereinigtes Königreich","NAME_EN":"United Kingdom","NAME_ES":"Reino Unido","NAME_FA":"بریتانیا","NAME_FR":"Royaume-Uni","NAME_EL":"Ηνωμένο Βασίλειο","NAME_HE":"הממלכה המאוחדת","NAME_HI":"यूनाइटेड किंगडम","NAME_HU":"Egyesült Királyság","NAME_ID":"Britania Raya","NAME_IT":"Regno Unito","NAME_JA":"イギリス","NAME_KO":"영국","NAME_NL":"Verenigd Koninkrijk","NAME_PL":"Wielka Brytania","NAME_PT":"Reino Unido","NAME_RU":"Великобритания","NAME_SV":"Storbritannien","NAME_TR":"Birleşik Krallık","NAME_UK":"Велика Британія","NAME_UR":"مملکت متحدہ","NAME_VI":"Vương quốc Liên hiệp Anh và Bắc Ireland","NAME_ZH":"英国","NAME_ZHT":"英國","FCLASS_ISO":"Admin-0 country","TLC_DIFF":"","FCLASS_TLC":"Admin-0 country","FCLASS_US":"","FCLASS_FR":"","FCLASS_RU":"","FCLASS_ES":"","FCLASS_CN":"","FCLASS_TW":"","FCLASS_IN":"","FCLASS_NP":"","FCLASS_PK":"","FCLASS_DE":"","FCLASS_GB":"","FCLASS_BR":"","FCLASS_IL":"","FCLASS_PS":"","FCLASS_SA":"","FCLASS_EG":"","FCLASS_MA":"","FCLASS_PT":"","FCLASS_AR":"","FCLASS_JP":"","FCLASS_KO":"","FCLASS_VN":"","FCLASS_TR":"","FCLASS_ID":"","FCLASS_PL":"","FCLASS_GR":"","FCLASS_IT":"","FCLASS_NL":"","FCLASS_SE":"","FCLASS_BD":"","FCLASS_UA":""}},
{"type":"Feature","geometry":{"type":"Polygon","coordinates":[[[-14.509,66.456],[-16.168,66.527],[-17.799,65.994],[-19.057,66.277],[-20.576,65.732],[-22.135,66.41],[-23.651,66.263],[-24.326,65.611],[-22.227,65.379],[-22.184,65.085],[-23.955,64.891],[-21.778,64.402],[-22.763,63.96],[-19.973,63.644],[-18.656,63.496],[-17.794,63.679],[-14.91,64.364],[-13.61,65.127],[-14.74,65.809],[-14.509,66.456]]]},"properties":{"featurecla":"Admin-0 country","scalerank":1,"LABELRANK":3,"SOVEREIGNT":"Iceland","SOV_A3":"ISL","ADM0_DIF":0,"LEVEL":2,"TYPE":"Sovereign country","TLC":"1","ADMIN":"Iceland","ADM0_A3":"ISL","GEOU_DIF":0,"GEOUNIT":"Iceland","GU_A3":"ISL","SU_DIF":0,"SUBUNIT":"Iceland","SU_A3":"ISL","BRK_DIFF":0,"NAME":"Iceland","NAME_LONG":"Iceland","BRK_A3":"ISL","BRK_NAME":"Iceland","BRK_GROUP":"","ABBREV":"Iceland","POSTAL":"IS","FORMAL_EN":"Republic of Iceland","FORMAL_FR":"","NAME_CIAWF":"Iceland","NOTE_ADM0":"","NOTE_BRK":"","NAME_SORT":"Iceland","NAME_ALT":"","MAPCOLOR7":1,"MAPCOLOR8":4,"MAPCOLOR9":4,"MAPCOLOR13":9,"POP_EST":361313,"POP_RANK":10,"POP_YEAR":2019,"GDP_MD":24188,"GDP_YEAR":2019,"ECONOMY":"2. Developed region: nonG7","INCOME_GRP":"1. High income: OECD","FIPS_10":"IC","ISO_A2":"IS","ISO_A2_EH":"IS","ISO_A3":"ISL","ISO_A3_EH":"ISL","ISO_N3":"352","ISO_N3_EH":"352","UN_A3":"352","WB_A2":"IS","WB_A3":"ISL","WOE_ID":23424845,"WOE_ID_EH":23424845,"WOE_NOTE":"Exact WOE match as country","ADM0_ISO":"ISL","ADM0_DIFF":"","ADM0_TLC":"ISL","ADM0_A3_US":"ISL","ADM0_A3_FR":"ISL","ADM0_A3_RU":"ISL","ADM0_A3_ES":"ISL","ADM0_A3_CN":"ISL","ADM0_A3_TW":"ISL","ADM0_A3_IN":"ISL","ADM0_A3_NP":"ISL","ADM0_A3_PK":"ISL","ADM0_A3_DE":"ISL","ADM0_A3_GB":"ISL","ADM0_A3_BR":"ISL","ADM0_A3_IL":"ISL","ADM0_A3_PS":"ISL","ADM0_A3_SA":"ISL","ADM0_A3_EG":"ISL","ADM0_A3_MA":"ISL","ADM0_A3_PT":"ISL","ADM0_A3_AR":"ISL","ADM0_A3_JP":"ISL","ADM0_A3_KO":"ISL","ADM0_A3_VN":"ISL","ADM0_A3_TR":"ISL","ADM0_A3_ID":"ISL","ADM0_A3_PL":"ISL","ADM0_A3_GR":"ISL","ADM0_A3_IT":"ISL","ADM0_A3_NL":"ISL","ADM0_A3_SE":"ISL","ADM0_A3_BD":"ISL","ADM0_A3_UA":"ISL","ADM0_A3_UN":-99,"ADM0_A3_WB":-99,"CONTINENT":"Europe","REGION_UN":"Europe","SUBREGION":"Northern Europe","REGION_WB":"Europe & Central Asia","NAME_LEN":7,"LONG_LEN":7,"ABBREV_LEN":7,"TINY":-99,"HOMEPART":1,"MIN_ZOOM":0,"MIN_LABEL":2,"MAX_LABEL":7,"LABEL_X":-18.673711,"LABEL_Y":64.779286,"NE_ID":1159320917,"WIKIDATAID":"Q189","NAME_AR":"آيسلندا","NAME_BN":"আইসল্যান্ড","NAME_DE":"Island","NAME_EN":"Iceland","NAME_ES":"Islandia","NAME_FA":"ایسلند","NAME_FR":"Islande","NAME_EL":"Ισλανδία","NAME_HE":"איסלנד","NAME_HI":"आइसलैण्ड","NAME_HU":"Izland","NAME_ID":"Islandia","NAME_IT":"Islanda","NAME_JA":"アイスランド","NAME_KO":"아이슬란드","NAME_NL":"IJsland","NAME_PL":"Islandia","NAME_PT":"Islândia","NAME_RU":"Исландия","NAME_SV":"Island","NAME_TR":"İzlanda","NAME_UK":"Ісландія","NAME_UR":"آئس لینڈ","NAME_VI":"Iceland","NAME_ZH":"冰岛","NAME_ZHT":"冰島","FCLASS_ISO":"Admin-0 country","TLC_DIFF":"","FCLASS_TLC":"Admin-0 country","FCLASS_US":"","FCLASS_FR":"","FCLASS_RU":"","FCLASS_ES":"","FCLASS_CN":"","FCLASS_TW":"","FCLASS_IN":"","FCLASS_NP":"","FCLASS_PK":"","FCLASS_DE":"","FCLASS_GB":"","FCLASS_BR":"","FCLASS_IL":"","FCLASS_PS":"","FCLASS_SA":"","FCLASS_EG":"","FCLASS_MA":"","FCLASS_PT":"","FCLASS_AR":"","FCLASS_JP":"","FCLASS_KO":"","FCLASS_VN":"","FCLASS_TR":"","FCLASS_ID":"","FCLASS_PL":"","FCLASS_GR":"","FCLASS_IT":"","FCLASS_NL":"","FCLASS_SE":"","FCLASS_BD":"","FCLASS_UA":""}},
{"type":"Feature","geometry":{"type":"MultiPolygon","coordinates":[[[[46.405,41.861],[46.145,41.723],[46.638,41.182],[46.502,41.064],[45.963,41.124],[45.217,41.411],[44.972,41.248],[45.179,40.985],[45.56,40.812],[45.359,40.562],[45.892,40.218],[45.61,39.9],[46.035,39.628],[46.483,39.464],[46.506,38.771],[47.685,39.508],[48.06,39.582],[48.356,39.289],[48.011,38.794],[48.634,38.27],[48.883,38.32],[48.857,38.815],[49.223,39.049],[49.395,39.399],[49.569,40.176],[50.393,40.257],[50.085,40.526],[49.619,40.573],[49.11,41.282],[48.584,41.809],[47.987,41.406],[47.816,41.151],[47.373,41.22],[46.686,41.827],[46.405,41.861]]],[[[46.144,38.741],[45.735,39.32],[45.74,39.474],[45.298,39.472],[45.002,39.74],[44.794,39.713],[44.953,39.336],[45.458,38.874],[46.144,38.741]]]]},"properties":{"featurecla":"Admin-0 country","scalerank":1,"LABELRANK":5,"SOVEREIGNT":"Azerbaijan","SOV_A3":"AZE","ADM0_DIF":0,"LEVEL":2,"TYPE":"Sovereign country","TLC":"1","ADMIN":"Azerbaijan","ADM0_A3":"AZE","GEOU_DIF":0,"GEOUNIT":"Azerbaijan","GU_A3":"AZE","SU_DIF":0,"SUBUNIT":"Azerbaijan","SU_A3":"AZE","BRK_DIFF":0,"NAME":"Azerbaijan","NAME_LONG":"Azerbaijan","BRK_A3":"AZE","BRK_NAME":"Azerbaijan","BRK_GROUP":"","ABBREV":"Aze.","POSTAL":"AZ","FORMAL_EN":"Republic of Azerbaijan","FORMAL_FR":"","NAME_CIAWF":"Azerbaijan","NOTE_ADM0":"","NOTE_BRK":"","NAME_SORT":"Azerbaijan","NAME_ALT":"","MAPCOLOR7":1,"MAPCOLOR8":6,"MAPCOLOR9":5,"MAPCOLOR13":8,"POP_EST":10023318,"POP_RANK":14,"POP_YEAR":2019,"GDP_MD":48047,"GDP_YEAR":2019,"ECONOMY":"6. Developing region","INCOME_GRP":"3. Upper middle income","FIPS_10":"AJ","ISO_A2":"AZ","ISO_A2_EH":"AZ","ISO_A3":"AZE","ISO_A3_EH":"AZE","ISO_N3":"031","ISO_N3_EH":"031","UN_A3":"031","WB_A2":"AZ","WB_A3":"AZE","WOE_ID":23424741,"WOE_ID_EH":23424741,"WOE_NOTE":"Exact WOE match as country","ADM0_ISO":"AZE","ADM0_DIFF":"","ADM0_TLC":"AZE","ADM0_A3_US":"AZE","ADM0_A3_FR":"AZE","ADM0_A3_RU":"AZE","ADM0_A3_ES":"AZE","ADM0_A3_CN":"AZE","ADM0_A3_TW":"AZE","ADM0_A3_IN":"AZE","ADM0_A3_NP":"AZE","ADM0_A3_PK":"AZE","ADM0_A3_DE":"AZE","ADM0_A3_GB":"AZE","ADM0_A3_BR":"AZE","ADM0_A3_IL":"AZE","ADM0_A3_PS":"AZE","ADM0_A3_SA":"AZE","ADM0_A3_EG":"AZE","ADM0_A3_MA":"AZE","ADM0_A3_PT":"AZE","ADM0_A3_AR":"AZE","ADM0_A3_JP":"AZE","ADM0_A3_KO":"AZE","ADM0_A3_VN":"AZE","ADM0_A3_TR":"AZE","ADM0_A3_ID":"AZE","ADM0_A3_PL":"AZE","ADM0_A3_GR":"AZE","ADM0_A3_IT":"AZE","ADM0_A3_NL":"AZE","ADM0_A3_SE":"AZE","ADM0_A3_BD":"AZE","ADM0_A3_UA":"AZE","ADM0_A3_UN":-99,"ADM0_A3_WB":-99,"CONTINENT":"Asia","REGION_UN":"Asia","SUBREGION":"Western Asia","REGION_WB":"Europe & Central Asia","NAME_LEN":10,"LONG_LEN":10,"ABBREV_LEN":4,"TINY":-99,"HOMEPART":1,"MIN_ZOOM":0,"MIN_LABEL":4,"MAX_LABEL":9,"LABEL_X":47.210994,"LABEL_Y":40.402387,"NE_ID":1159320381,"WIKIDATAID":"Q227","NAME_AR":"أذربيجان","NAME_BN":"আজারবাইজান","NAME_DE":"Aserbaidschan","NAME_EN":"Azerbaijan","NAME_ES":"Azerbaiyán","NAME_FA":"جمهوری آذربایجان","NAME_FR":"Azerbaïdjan","NAME_EL":"Αζερμπαϊτζάν","NAME_HE":"אזרבייג'ן","NAME_HI":"अज़रबैजान","NAME_HU":"Azerbajdzsán","NAME_ID":"Azerbaijan","NAME_IT":"Azerbaigian","NAME_JA":"アゼルバイジャン","NAME_KO":"아제르바이잔","NAME_NL":"Azerbeidzjan","NAME_PL":"Azerbejdżan","NAME_PT":"Azerbaijão","NAME_RU":"Азербайджан","NAME_SV":"Azerbajdzjan","NAME_TR":"Azerbaycan","NAME_UK":"Азербайджан","NAME_UR":"آذربائیجان","NAME_VI":"Azerbaijan","NAME_ZH":"阿塞拜疆","NAME_ZHT":"亞塞拜然","FCLASS_ISO":"Admin-0 country","TLC_DIFF":"","FCLASS_TLC":"Admin-0 country","FCLASS_US":"","FCLASS_FR":"","FCLASS_RU":"","FCLASS_ES":"","FCLASS_CN":"","FCLASS_TW":"","FCLASS_IN":"","FCLASS_NP":"","FCLASS_PK":"","FCLASS_DE":"","FCLASS_GB":"","FCLASS_BR":"","FCLASS_IL":"","FCLASS_PS":"","FCLASS_SA":"","FCLASS_EG":"","FCLASS_MA":"","FCLASS_PT":"","FCLASS_AR":"","FCLASS_JP":"","FCLASS_KO":"","FCLASS_VN":"","FCLASS_TR":"","FCLASS_ID":"","FCLASS_PL":"","FCLASS_GR":"","FCLASS_IT":"","FCLASS_NL":"","FCLASS_SE":"","FCLASS_BD":"","FCLASS_UA":""}},
{"type":"Feature","geometry":{"type":"Polygon","coordinates":[[[39.955,43.435],[40.321,43.129],[40.875,43.014],[41.453,42.645],[41.703,41.963],[41.554,41.536],[42.62,41.583],[43.583,41.092],[44.972,41.248],[45.217,41.411],[45.963,41.124],[46.502,41.064],[46.638,41.182],[46.145,41.723],[46.405,41.861],[45.776,42.092],[45.47,42.503],[44.538,42.712],[43.931,42.555],[43.756,42.741],[42.394,43.22],[40.922,43.382],[40.077,43.553],[39.955,43.435]]]},"properties":{"featurecla":"Admin-0 country","scalerank":1,"LABELRANK":5,"SOVEREIGNT":"Georgia","SOV_A3":"GEO","ADM0_DIF":0,"LEVEL":2,"TYPE":"Sovereign country","TLC":"1","ADMIN":"Georgia","ADM0_A3":"GEO","GEOU_DIF":0,"GEOUNIT":"Georgia","GU_A3":"GEO","SU_DIF":0,"SUBUNIT":"Georgia","SU_A3":"GEO","BRK_DIFF":0,"NAME":"Georgia","NAME_LONG":"Georgia","BRK_A3":"GEO","BRK_NAME":"Georgia","BRK_GROUP":"","ABBREV":"Geo.","POSTAL":"GE","FORMAL_EN":"Georgia","FORMAL_FR":"","NAME_CIAWF":"Georgia","NOTE_ADM0":"","NOTE_BRK":"","NAME_SORT":"Georgia","NAME_ALT":"","MAPCOLOR7":5,"MAPCOLOR8":1,"MAPCOLOR9":3,"MAPCOLOR13":2,"POP_EST":3720382,"POP_RANK":12,"POP_YEAR":2019,"GDP_MD":17477,"GDP_YEAR":2019,"ECONOMY":"6. Developing region","INCOME_GRP":"4. Lower middle income","FIPS_10":"GG","ISO_A2":"GE","ISO_A2_EH":"GE","ISO_A3":"GEO","ISO_A3_EH":"GEO","ISO_N3":"268","ISO_N3_EH":"268","UN_A3":"268","WB_A2":"GE","WB_A3":"GEO","WOE_ID":23424823,"WOE_ID_EH":23424823,"WOE_NOTE":"Exact WOE match as country","ADM0_ISO":"GEO","ADM0_DIFF":"","ADM0_TLC":"GEO","ADM0_A3_US":"GEO","ADM0_A3_FR":"GEO","ADM0_A3_RU":"GEO","ADM0_A3_ES":"GEO","ADM0_A3_CN":"GEO","ADM0_A3_TW":"GEO","ADM0_A3_IN":"GEO","ADM0_A3_NP":"GEO","ADM0_A3_PK":"GEO","ADM0_A3_DE":"GEO","ADM0_A3_GB":"GEO","ADM0_A3_BR":"GEO","ADM0_A3_IL":"GEO","ADM0_A3_PS":"GEO","ADM0_A3_SA":"GEO","ADM0_A3_EG":"GEO","ADM0_A3_MA":"GEO","ADM0_A3_PT":"GEO","ADM0_A3_AR":"GEO","ADM0_A3_JP":"GEO","ADM0_A3_KO":"GEO","ADM0_A3_VN":"GEO","ADM0_A3_TR":"GEO","ADM0_A3_ID":"GEO","ADM0_A3_PL":"GEO","ADM0_A3_GR":"GEO","ADM0_A3_IT":"GEO","ADM0_A3_NL":"GEO","ADM0_A3_SE":"GEO","ADM0_A3_BD":"GEO","ADM0_A3_UA":"GEO","ADM0_A3_UN":-99,"ADM0_A3_WB":-99,"CONTINENT":"Asia","REGION_UN":"Asia","SUBREGION":"Western Asia","REGION_WB":"Europe & Central Asia","NAME_LEN":7,"LONG_LEN":7,"ABBREV_LEN":4,"TINY":-99,"HOMEPART":1,"MIN_ZOOM":0,"MIN_LABEL":4,"MAX_LABEL":9,"LABEL_X":43.735724,"LABEL_Y":41.870087,"NE_ID":1159320779,"WIKIDATAID":"Q230","NAME_AR":"جورجيا","NAME_BN":"জর্জিয়া","NAME_DE":"Georgien","NAME_EN":"Georgia","NAME_ES":"Georgia","NAME_FA":"گرجستان","NAME_FR":"Géorgie","NAME_EL":"Γεωργία","NAME_HE":"גאורגיה","NAME_HI":"जॉर्जिया","NAME_HU":"Grúzia","NAME_ID":"Georgia","NAME_IT":"Georgia","NAME_JA":"ジョージア","NAME_KO":"조지아","NAME_NL":"Georgië","NAME_PL":"Gruzja","NAME_PT":"Geórgia","NAME_RU":"Грузия","NAME_SV":"Georgien","NAME_TR":"Gürcistan","NAME_UK":"Грузія","NAME_UR":"جارجیا","NAME_VI":"Gruzia","NAME_ZH":"格鲁吉亚","NAME_ZHT":"喬治亞","FCLASS_ISO":"Admin-0 country","TLC_DIFF":"","FCLASS_TLC":"Admin-0 country","FCLASS_US":"","FCLASS_FR":"","FCLASS_RU":"","FCLASS_ES":"","FCLASS_CN":"","FCLASS_TW":"","FCLASS_IN":"","FCLASS_NP":"","FCLASS_PK":"","FCLASS_DE":"","FCLASS_GB":"","FCLASS_BR":"","FCLASS_IL":"","FCLASS_PS":"","FCLASS_SA":"","FCLASS_EG":"","FCLASS_MA":"","FCLASS_PT":"","FCLASS_AR":"","FCLASS_JP":"","FCLASS_KO":"","FCLASS_VN":"","FCLASS_TR":"","FCLASS_ID":"","FCLASS_PL":"","FCLASS_GR":"","FCLASS_IT":"","FCLASS_NL":"","FCLASS_SE":"","FCLASS_BD":"","FCLASS_UA":""}},
{"type":"Feature","geometry":{"type":"MultiPolygon","coordinates":[[[[120.834,12.704],[121.262,12.206],[121.527,13.07],[121.18,13.43],[120.323,13.466],[120.834,12.704]]],[[[122.586,9.981],[122.38,9.713],[122.996,9.022],[123.31,9.318],[123.623,9.95],[123.982,10.279],[124.078,11.233],[123.338,10.267],[123.499,10.941],[122.947,10.882],[122.837,10.261],[122.586,9.981]]],[[[126.377,8.415],[126.307,8.782],[126.223,9.286],[125.412,9.76],[125.471,8.987],[124.765,8.96],[124.601,8.514],[123.841,8.24],[123.488,8.693],[122.942,8.316],[122.312,8.035],[121.92,7.192],[122.085,6.899],[122.826,7.457],[123.296,7.419],[123.61,7.834],[124.244,7.361],[123.939,6.885],[124.22,6.161],[125.397,5.581],[125.683,6.05],[125.364,6.786],[125.831,7.294],[126.197,6.274],[126.537,7.189],[126.479,7.75],[126.377,8.415]]],[[[118.505,9.316],[119.029,10.004],[119.69,10.554],[119.511,11.37],[118.987,10.376],[118.387,9.684],[117.664,9.067],[117.174,8.367],[118.505,9.316]]],[[[122.337,18.225],[122.246,18.479],[121.938,18.219],[121.321,18.504],[120.716,18.505],[120.39,17.599],[120.286,16.035],[119.884,16.364],[119.921,15.406],[120.07,14.971],[120.564,14.396],[120.693,14.757],[120.992,14.525],[120.679,14.271],[120.629,13.858],[121.126,13.637],[122.035,13.784],[122.671,13.186],[122.929,13.553],[123.298,13.028],[124.077,12.537],[124.181,12.998],[123.855,13.238],[123.95,13.782],[122.701,14.337],[122.259,14.218],[121.729,14.328],[121.505,15.125],[121.663,15.931],[122.252,16.262],[122.516,17.094],[122.174,17.81],[122.337,18.225]]],[[[122.038,11.416],[121.967,10.906],[122.003,10.441],[122.638,10.741],[123.101,11.166],[123.12,11.584],[122.484,11.582],[121.884,11.892],[122.038,11.416]]],[[[125.503,12.163],[125.227,12.536],[124.267,12.558],[124.878,11.794],[124.891,11.416],[124.303,11.495],[124.459,10.89],[124.76,10.838],[124.802,10.135],[125.277,10.359],[125.033,10.976],[125.012,11.311],[125.783,11.046],[125.503,12.163]]]]},"properties":{"featurecla":"Admin-0 country","scalerank":1,"LABELRANK":2,"SOVEREIGNT":"Philippines","SOV_A3":"PHL","ADM0_DIF":0,"LEVEL":2,"TYPE":"Sovereign country","TLC":"1","ADMIN":"Philippines","ADM0_A3":"PHL","GEOU_DIF":0,"GEOUNIT":"Philippines","GU_A3":"PHL","SU_DIF":0,"SUBUNIT":"Philippines","SU_A3":"PHL","BRK_DIFF":0,"NAME":"Philippines","NAME_LONG":"Philippines","BRK_A3":"PHL","BRK_NAME":"Philippines","BRK_GROUP":"","ABBREV":"Phil.","POSTAL":"PH","FORMAL_EN":"Republic of the Philippines","FORMAL_FR":"","NAME_CIAWF":"Philippines","NOTE_ADM0":"","NOTE_BRK":"","NAME_SORT":"Philippines","NAME_ALT":"","MAPCOLOR7":3,"MAPCOLOR8":2,"MAPCOLOR9":2,"MAPCOLOR13":8,"POP_EST":108116615,"POP_RANK":17,"POP_YEAR":2019,"GDP_MD":376795,"GDP_YEAR":2019,"ECONOMY":"5. Emerging region: G20","INCOME_GRP":"4. Lower middle income","FIPS_10":"RP","ISO_A2":"PH","ISO_A2_EH":"PH","ISO_A3":"PHL","ISO_A3_EH":"PHL","ISO_N3":"608","ISO_N3_EH":"608","UN_A3":"608","WB_A2":"PH","WB_A3":"PHL","WOE_ID":23424934,"WOE_ID_EH":23424934,"WOE_NOTE":"Exact WOE match as country","ADM0_ISO":"PHL","ADM0_DIFF":"","ADM0_TLC":"PHL","ADM0_A3_US":"PHL","ADM0_A3_FR":"PHL","ADM0_A3_RU":"PHL","ADM0_A3_ES":"PHL","ADM0_A3_CN":"PHL","ADM0_A3_TW":"PHL","ADM0_A3_IN":"PHL","ADM0_A3_NP":"PHL","ADM0_A3_PK":"PHL","ADM0_A3_DE":"PHL","ADM0_A3_GB":"PHL","ADM0_A3_BR":"PHL","ADM0_A3_IL":"PHL","ADM0_A3_PS":"PHL","ADM0_A3_SA":"PHL","ADM0_A3_EG":"PHL","ADM0_A3_MA":"PHL","ADM0_A3_PT":"PHL","ADM0_A3_AR":"PHL","ADM0_A3_JP":"PHL","ADM0_A3_KO":"PHL","ADM0_A3_VN":"PHL","ADM0_A3_TR":"PHL","ADM0_A3_ID":"PHL","ADM0_A3_PL":"PHL","ADM0_A3_GR":"PHL","ADM0_A3_IT":"PHL","ADM0_A3_NL":"PHL","ADM0_A3_SE":"PHL","ADM0_A3_BD":"PHL","ADM0_A3_UA":"PHL","ADM0_A3_UN":-99,"ADM0_A3_WB":-99,"CONTINENT":"Asia","REGION_UN":"Asia","SUBREGION":"South-Eastern Asia","REGION_WB":"East Asia & Pacific","NAME_LEN":11,"LONG_LEN":11,"ABBREV_LEN":5,"TINY":-99,"HOMEPART":1,"MIN_ZOOM":0,"MIN_LABEL":2.5,"MAX_LABEL":7,"LABEL_X":122.465,"LABEL_Y":11.198,"NE_ID":1159321169,"WIKIDATAID":"Q928","NAME_AR":"الفلبين","NAME_BN":"ফিলিপাইন","NAME_DE":"Philippinen","NAME_EN":"Philippines","NAME_ES":"Filipinas","NAME_FA":"فیلیپین","NAME_FR":"Philippines","NAME_EL":"Φιλιππίνες","NAME_HE":"הפיליפינים","NAME_HI":"फ़िलीपीन्स","NAME_HU":"Fülöp-szigetek","NAME_ID":"Filipina","NAME_IT":"Filippine","NAME_JA":"フィリピン","NAME_KO":"필리핀","NAME_NL":"Filipijnen","NAME_PL":"Filipiny","NAME_PT":"Filipinas","NAME_RU":"Филиппины","NAME_SV":"Filippinerna","NAME_TR":"Filipinler","NAME_UK":"Філіппіни","NAME_UR":"فلپائن","NAME_VI":"Philippines","NAME_ZH":"菲律宾","NAME_ZHT":"菲律賓","FCLASS_ISO":"Admin-0 country","TLC_DIFF":"","FCLASS_TLC":"Admin-0 country","FCLASS_US":"","FCLASS_FR":"","FCLASS_RU":"","FCLASS_ES":"","FCLASS_CN":"","FCLASS_TW":"","FCLASS_IN":"","FCLASS_NP":"","FCLASS_PK":"","FCLASS_DE":"","FCLASS_GB":"","FCLASS_BR":"","FCLASS_IL":"","FCLASS_PS":"","FCLASS_SA":"","FCLASS_EG":"","FCLASS_MA":"","FCLASS_PT":"","FCLASS_AR":"","FCLASS_JP":"","FCLASS_KO":"","FCLASS_VN":"","FCLASS_TR":"","FCLASS_ID":"","FCLASS_PL":"","FCLASS_GR":"","FCLASS_IT":"","FCLASS_NL":"","FCLASS_SE":"","FCLASS_BD":"","FCLASS_UA":""}},
{"type":"Feature","geometry":{"type":"MultiPolygon","coordinates":[[[[100.086,6.464],[100.306,6.041],[100.197,5.312],[100.557,4.767],[100.695,3.939],[101.274,3.27],[101.391,2.761],[102.574,1.967],[103.52,1.226],[104.229,1.293],[104.248,1.631],[103.855,2.515],[103.502,2.791],[103.429,3.383],[103.332,3.727],[103.439,4.182],[103.381,4.855],[102.962,5.524],[102.371,6.128],[102.141,6.222],[101.814,5.811],[101.154,5.691],[101.076,6.205],[100.26,6.643],[100.086,6.464]]],[[[117.882,4.138],[118.618,4.478],[118.44,4.967],[119.111,5.016],[119.182,5.408],[118.348,5.709],[117.689,5.987],[117.643,6.422],[117.13,6.928],[116.725,6.925],[116.221,6.143],[115.451,5.448],[115.406,4.955],[115.347,4.317],[114.87,4.348],[114.66,4.008],[114.204,4.526],[113.713,3.894],[112.996,3.102],[111.797,2.886],[111.37,2.697],[111.169,1.851],[110.396,1.664],[109.663,2.006],[109.83,1.338],[110.514,0.773],[111.159,0.976],[111.798,0.904],[112.38,1.41],[112.86,1.498],[113.806,1.218],[114.621,1.431],[115.134,2.821],[115.519,3.169],[115.866,4.307],[117.015,4.306],[117.882,4.138]]]]},"properties":{"featurecla":"Admin-0 country","scalerank":1,"LABELRANK":3,"SOVEREIGNT":"Malaysia","SOV_A3":"MYS","ADM0_DIF":0,"LEVEL":2,"TYPE":"Sovereign country","TLC":"1","ADMIN":"Malaysia","ADM0_A3":"MYS","GEOU_DIF":0,"GEOUNIT":"Malaysia","GU_A3":"MYS","SU_DIF":0,"SUBUNIT":"Malaysia","SU_A3":"MYS","BRK_DIFF":0,"NAME":"Malaysia","NAME_LONG":"Malaysia","BRK_A3":"MYS","BRK_NAME":"Malaysia","BRK_GROUP":"","ABBREV":"Malay.","POSTAL":"MY","FORMAL_EN":"Malaysia","FORMAL_FR":"","NAME_CIAWF":"Malaysia","NOTE_ADM0":"","NOTE_BRK":"","NAME_SORT":"Malaysia","NAME_ALT":"","MAPCOLOR7":2,"MAPCOLOR8":4,"MAPCOLOR9":3,"MAPCOLOR13":6,"POP_EST":31949777,"POP_RANK":15,"POP_YEAR":2019,"GDP_MD":364681,"GDP_YEAR":2019,"ECONOMY":"6. Developing region","INCOME_GRP":"3. Upper middle income","FIPS_10":"MY","ISO_A2":"MY","ISO_A2_EH":"MY","ISO_A3":"MYS","ISO_A3_EH":"MYS","ISO_N3":"458","ISO_N3_EH":"458","UN_A3":"458","WB_A2":"MY","WB_A3":"MYS","WOE_ID":23424901,"WOE_ID_EH":23424901,"WOE_NOTE":"Exact WOE match as country","ADM0_ISO":"MYS","ADM0_DIFF":"","ADM0_TLC":"MYS","ADM0_A3_US":"MYS","ADM0_A3_FR":"MYS","ADM0_A3_RU":"MYS","ADM0_A3_ES":"MYS","ADM0_A3_CN":"MYS","ADM0_A3_TW":"MYS","ADM0_A3_IN":"MYS","ADM0_A3_NP":"MYS","ADM0_A3_PK":"MYS","ADM0_A3_DE":"MYS","ADM0_A3_GB":"MYS","ADM0_A3_BR":"MYS","ADM0_A3_IL":"MYS","ADM0_A3_PS":"MYS","ADM0_A3_SA":"MYS","ADM0_A3_EG":"MYS","ADM0_A3_MA":"MYS","ADM0_A3_PT":"MYS","ADM0_A3_AR":"MYS","ADM0_A3_JP":"MYS","ADM0_A3_KO":"MYS","ADM0_A3_VN":"MYS","ADM0_A3_TR":"MYS","ADM0_A3_ID":"MYS","ADM0_A3_PL":"MYS","ADM0_A3_GR":"MYS","ADM0_A3_IT":"MYS","ADM0_A3_NL":"MYS","ADM0_A3_SE":"MYS","ADM0_A3_BD":"MYS","ADM0_A3_UA":"MYS","ADM0_A3_UN":-99,"ADM0_A3_WB":-99,"CONTINENT":"Asia","REGION_UN":"Asia","SUBREGION":"South-Eastern Asia","REGION_WB":"East Asia & Pacific","NAME_LEN":8,"LONG_LEN":8,"ABBREV_LEN":6,"TINY":-99,"HOMEPART":1,"MIN_ZOOM":0,"MIN_LABEL":3,"MAX_LABEL":8,"LABEL_X":113.83708,"LABEL_Y":2.528667,"NE_ID":1159321083,"WIKIDATAID":"Q833","NAME_AR":"ماليزيا","NAME_BN":"মালয়েশিয়া","NAME_DE":"Malaysia","NAME_EN":"Malaysia","NAME_ES":"Malasia","NAME_FA":"مالزی","NAME_FR":"Malaisie","NAME_EL":"Μαλαισία","NAME_HE":"מלזיה","NAME_HI":"मलेशिया","NAME_HU":"Malajzia","NAME_ID":"Malaysia","NAME_IT":"Malaysia","NAME_JA":"マレーシア","NAME_KO":"말레이시아","NAME_NL":"Maleisië","NAME_PL":"Malezja","NAME_PT":"Malásia","NAME_RU":"Малайзия","NAME_SV":"Malaysia","NAME_TR":"Malezya","NAME_UK":"Малайзія","NAME_UR":"ملائیشیا","NAME_VI":"Malaysia","NAME_ZH":"马来西亚","NAME_ZHT":"馬來西亞","FCLASS_ISO":"Admin-0 country","TLC_DIFF":"","FCLASS_TLC":"Admin-0 country","FCLASS_US":"","FCLASS_FR":"","FCLASS_RU":"","FCLASS_ES":"","FCLASS_CN":"","FCLASS_TW":"","FCLASS_IN":"","FCLASS_NP":"","FCLASS_PK":"","FCLASS_DE":"","FCLASS_GB":"","FCLASS_BR":"","FCLASS_IL":"","FCLASS_PS":"","FCLASS_SA":"","FCLASS_EG":"","FCLASS_MA":"","FCLASS_PT":"","FCLASS_AR":"","FCLASS_JP":"","FCLASS_KO":"","FCLASS_VN":"","FCLASS_TR":"","FCLASS_ID":"","FCLASS_PL":"","FCLASS_GR":"","FCLASS_IT":"","FCLASS_NL":"","FCLASS_SE":"","FCLASS_BD":"","FCLASS_UA":""}},
{"type":"Feature","geometry":{"type":"Polygon","coordinates":[[[115.451,5.448],[114.6,4.9],[114.204,4.526],[114.66,4.008],[114.87,4.348],[115.347,4.317],[115.406,4.955],[115.451,5.448]]]},"properties":{"featurecla":"Admin-0 country","scalerank":1,"LABELRANK":6,"SOVEREIGNT":"Brunei","SOV_A3":"BRN","ADM0_DIF":0,"LEVEL":2,"TYPE":"Sovereign country","TLC":"1","ADMIN":"Brunei","ADM0_A3":"BRN","GEOU_DIF":0,"GEOUNIT":"Brunei","GU_A3":"BRN","SU_DIF":0,"SUBUNIT":"Brunei","SU_A3":"BRN","BRK_DIFF":0,"NAME":"Brunei","NAME_LONG":"Brunei Darussalam","BRK_A3":"BRN","BRK_NAME":"Brunei","BRK_GROUP":"","ABBREV":"Brunei","POSTAL":"BN","FORMAL_EN":"Negara Brunei Darussalam","FORMAL_FR":"","NAME_CIAWF":"Brunei","NOTE_ADM0":"","NOTE_BRK":"","NAME_SORT":"Brunei","NAME_ALT":"","MAPCOLOR7":4,"MAPCOLOR8":6,"MAPCOLOR9":6,"MAPCOLOR13":12,"POP_EST":433285,"POP_RANK":10,"POP_YEAR":2019,"GDP_MD":13469,"GDP_YEAR":2019,"ECONOMY":"6. Developing region","INCOME_GRP":"2. High income: nonOECD","FIPS_10":"BX","ISO_A2":"BN","ISO_A2_EH":"BN","ISO_A3":"BRN","ISO_A3_EH":"BRN","ISO_N3":"096","ISO_N3_EH":"096","UN_A3":"096","WB_A2":"BN","WB_A3":"BRN","WOE_ID":23424773,"WOE_ID_EH":23424773,"WOE_NOTE":"Exact WOE match as country","ADM0_ISO":"BRN","ADM0_DIFF":"","ADM0_TLC":"BRN","ADM0_A3_US":"BRN","ADM0_A3_FR":"BRN","ADM0_A3_RU":"BRN","ADM0_A3_ES":"BRN","ADM0_A3_CN":"BRN","ADM0_A3_TW":"BRN","ADM0_A3_IN":"BRN","ADM0_A3_NP":"BRN","ADM0_A3_PK":"BRN","ADM0_A3_DE":"BRN","ADM0_A3_GB":"BRN","ADM0_A3_BR":"BRN","ADM0_A3_IL":"BRN","ADM0_A3_PS":"BRN","ADM0_A3_SA":"BRN","ADM0_A3_EG":"BRN","ADM0_A3_MA":"BRN","ADM0_A3_PT":"BRN","ADM0_A3_AR":"BRN","ADM0_A3_JP":"BRN","ADM0_A3_KO":"BRN","ADM0_A3_VN":"BRN","ADM0_A3_TR":"BRN","ADM0_A3_ID":"BRN","ADM0_A3_PL":"BRN","ADM0_A3_GR":"BRN","ADM0_A3_IT":"BRN","ADM0_A3_NL":"BRN","ADM0_A3_SE":"BRN","ADM0_A3_BD":"BRN","ADM0_A3_UA":"BRN","ADM0_A3_UN":-99,"ADM0_A3_WB":-99,"CONTINENT":"Asia","REGION_UN":"Asia","SUBREGION":"South-Eastern Asia","REGION_WB":"East Asia & Pacific","NAME_LEN":6,"LONG_LEN":17,"ABBREV_LEN":6,"TINY":2,"HOMEPART":1,"MIN_ZOOM":0,"MIN_LABEL":4,"MAX_LABEL":9,"LABEL_X":114.551943,"LABEL_Y":4.448298,"NE_ID":1159320451,"WIKIDATAID":"Q921","NAME_AR":"بروناي","NAME_BN":"ব্রুনাই","NAME_DE":"Brunei","NAME_EN":"Brunei","NAME_ES":"Brunéi","NAME_FA":"برونئی","NAME_FR":"Brunei","NAME_EL":"Μπρουνέι","NAME_HE":"ברוניי","NAME_HI":"ब्रुनेई","NAME_HU":"Brunei","NAME_ID":"Brunei Darussalam","NAME_IT":"Brunei","NAME_JA":"ブルネイ","NAME_KO":"브루나이","NAME_NL":"Brunei","NAME_PL":"Brunei","NAME_PT":"Brunei","NAME_RU":"Бруней","NAME_SV":"Brunei","NAME_TR":"Brunei","NAME_UK":"Бруней","NAME_UR":"برونائی دار السلام","NAME_VI":"Brunei","NAME_ZH":"文莱","NAME_ZHT":"汶萊","FCLASS_ISO":"Admin-0 country","TLC_DIFF":"","FCLASS_TLC":"Admin-0 country","FCLASS_US":"","FCLASS_FR":"","FCLASS_RU":"","FCLASS_ES":"","FCLASS_CN":"","FCLASS_TW":"","FCLASS_IN":"","FCLASS_NP":"","FCLASS_PK":"","FCLASS_DE":"","FCLASS_GB":"","FCLASS_BR":"","FCLASS_IL":"","FCLASS_PS":"","FCLASS_SA":"","FCLASS_EG":"","FCLASS_MA":"","FCLASS_PT":"","FCLASS_AR":"","FCLASS_JP":"","FCLASS_KO":"","FCLASS_VN":"","FCLASS_TR":"","FCLASS_ID":"","FCLASS_PL":"","FCLASS_GR":"","FCLASS_IT":"","FCLASS_NL":"","FCLASS_SE":"","FCLASS_BD":"","FCLASS_UA":""}},
{"type":"Feature","geometry":{"type":"Polygon","coordinates":[[[13.806,46.509],[13.698,46.017],[13.938,45.591],[13.715,45.5],[14.412,45.466],[14.595,45.635],[14.935,45.472],[15.328,45.452],[15.324,45.732],[15.672,45.834],[15.769,46.238],[16.565,46.504],[16.371,46.841],[16.202,46.852],[16.012,46.684],[15.137,46.659],[14.632,46.432],[13.806,46.509]]]},"properties":{"featurecla":"Admin-0 country","scalerank":1,"LABELRANK":6,"SOVEREIGNT":"Slovenia","SOV_A3":"SVN","ADM0_DIF":0,"LEVEL":2,"TYPE":"Sovereign country","TLC":"1","ADMIN":"Slovenia","ADM0_A3":"SVN","GEOU_DIF":0,"GEOUNIT":"Slovenia","GU_A3":"SVN","SU_DIF":0,"SUBUNIT":"Slovenia","SU_A3":"SVN","BRK_DIFF":0,"NAME":"Slovenia","NAME_LONG":"Slovenia","BRK_A3":"SVN","BRK_NAME":"Slovenia","BRK_GROUP":"","ABBREV":"Slo.","POSTAL":"SLO","FORMAL_EN":"Republic of Slovenia","FORMAL_FR":"","NAME_CIAWF":"Slovenia","NOTE_ADM0":"","NOTE_BRK":"","NAME_SORT":"Slovenia","NAME_ALT":"","MAPCOLOR7":2,"MAPCOLOR8":3,"MAPCOLOR9":2,"MAPCOLOR13":12,"POP_EST":2087946,"POP_RANK":12,"POP_YEAR":2019,"GDP_MD":54174,"GDP_YEAR":2019,"ECONOMY":"2. Developed region: nonG7","INCOME_GRP":"1. High income: OECD","FIPS_10":"SI","ISO_A2":"SI","ISO_A2_EH":"SI","ISO_A3":"SVN","ISO_A3_EH":"SVN","ISO_N3":"705","ISO_N3_EH":"705","UN_A3":"705","WB_A2":"SI","WB_A3":"SVN","WOE_ID":23424945,"WOE_ID_EH":23424945,"WOE_NOTE":"Exact WOE match as country","ADM0_ISO":"SVN","ADM0_DIFF":"","ADM0_TLC":"SVN","ADM0_A3_US":"SVN","ADM0_A3_FR":"SVN","ADM0_A3_RU":"SVN","ADM0_A3_ES":"SVN","ADM0_A3_CN":"SVN","ADM0_A3_TW":"SVN","ADM0_A3_IN":"SVN","ADM0_A3_NP":"SVN","ADM0_A3_PK":"SVN","ADM0_A3_DE":"SVN","ADM0_A3_GB":"SVN","ADM0_A3_BR":"SVN","ADM0_A3_IL":"SVN","ADM0_A3_PS":"SVN","ADM0_A3_SA":"SVN","ADM0_A3_EG":"SVN","ADM0_A3_MA":"SVN","ADM0_A3_PT":"SVN","ADM0_A3_AR":"SVN","ADM0_A3_JP":"SVN","ADM0_A3_KO":"SVN","ADM0_A3_VN":"SVN","ADM0_A3_TR":"SVN","ADM0_A3_ID":"SVN","ADM0_A3_PL":"SVN","ADM0_A3_GR":"SVN","ADM0_A3_IT":"SVN","ADM0_A3_NL":"SVN","ADM0_A3_SE":"SVN","ADM0_A3_BD":"SVN","ADM0_A3_UA":"SVN","ADM0_A3_UN":-99,"ADM0_A3_WB":-99,"CONTINENT":"Europe","REGION_UN":"Europe","SUBREGION":"Southern Europe","REGION_WB":"Europe & Central Asia","NAME_LEN":8,"LONG_LEN":8,"ABBREV_LEN":4,"TINY":-99,"HOMEPART":1,"MIN_ZOOM":0,"MIN_LABEL":5,"MAX_LABEL":10,"LABEL_X":14.915312,"LABEL_Y":46.06076,"NE_ID":1159321285,"WIKIDATAID":"Q215","NAME_AR":"سلوفينيا","NAME_BN":"স্লোভেনিয়া","NAME_DE":"Slowenien","NAME_EN":"Slovenia","NAME_ES":"Eslovenia","NAME_FA":"اسلوونی","NAME_FR":"Slovénie","NAME_EL":"Σλοβενία","NAME_HE":"סלובניה","NAME_HI":"स्लोवेनिया","NAME_HU":"Szlovénia","NAME_ID":"Slovenia","NAME_IT":"Slovenia","NAME_JA":"スロベニア","NAME_KO":"슬로베니아","NAME_NL":"Slovenië","NAME_PL":"Słowenia","NAME_PT":"Eslovénia","NAME_RU":"Словения","NAME_SV":"Slovenien","NAME_TR":"Slovenya","NAME_UK":"Словенія","NAME_UR":"سلووینیا","NAME_VI":"Slovenia","NAME_ZH":"斯洛文尼亚","NAME_ZHT":"斯洛維尼亞","FCLASS_ISO":"Admin-0 country","TLC_DIFF":"","FCLASS_TLC":"Admin-0 country","FCLASS_US":"","FCLASS_FR":"","FCLASS_RU":"","FCLASS_ES":"","FCLASS_CN":"","FCLASS_TW":"","FCLASS_IN":"","FCLASS_NP":"","FCLASS_PK":"","FCLASS_DE":"","FCLASS_GB":"","FCLASS_BR":"","FCLASS_IL":"","FCLASS_PS":"","FCLASS_SA":"","FCLASS_EG":"","FCLASS_MA":"","FCLASS_PT":"","FCLASS_AR":"","FCLASS_JP":"","FCLASS_KO":"","FCLASS_VN":"","FCLASS_TR":"","FCLASS_ID":"","FCLASS_PL":"","FCLASS_GR":"","FCLASS_IT":"","FCLASS_NL":"","FCLASS_SE":"","FCLASS_BD":"","FCLASS_UA":""}},
{"type":"Feature","geometry":{"type":"Polygon","coordinates":[[[28.592,69.065],[29.016,69.766],[27.732,70.164],[26.18,69.825],[25.689,69.092],[24.736,68.65],[23.662,68.891],[22.356,68.842],[21.245,69.37],[20.646,69.106],[21.979,68.617],[23.539,67.936],[23.566,66.396],[23.903,66.007],[25.294,65.534],[25.398,65.111],[24.731,64.902],[22.443,63.818],[21.536,63.19],[21.059,62.607],[21.545,61.705],[21.322,60.72],[22.291,60.392],[22.87,59.846],[24.497,60.057],[26.255,60.424],[28.07,60.504],[30.211,61.78],[31.14,62.358],[31.516,62.868],[30.036,63.553],[30.445,64.204],[29.544,64.949],[30.218,65.806],[29.055,66.944],[29.977,67.698],[28.446,68.365],[28.592,69.065]]]},"properties":{"featurecla":"Admin-0 country","scalerank":1,"LABELRANK":3,"SOVEREIGNT":"Finland","SOV_A3":"FI1","ADM0_DIF":1,"LEVEL":2,"TYPE":"Country","TLC":"1","ADMIN":"Finland","ADM0_A3":"FIN","GEOU_DIF":0,"GEOUNIT":"Finland","GU_A3":"FIN","SU_DIF":0,"SUBUNIT":"Finland","SU_A3":"FIN","BRK_DIFF":0,"NAME":"Finland","NAME_LONG":"Finland","BRK_A3":"FIN","BRK_NAME":"Finland","BRK_GROUP":"","ABBREV":"Fin.","POSTAL":"FIN","FORMAL_EN":"Republic of Finland","FORMAL_FR":"","NAME_CIAWF":"Finland","NOTE_ADM0":"","NOTE_BRK":"","NAME_SORT":"Finland","NAME_ALT":"","MAPCOLOR7":4,"MAPCOLOR8":1,"MAPCOLOR9":4,"MAPCOLOR13":6,"POP_EST":5520314,"POP_RANK":13,"POP_YEAR":2019,"GDP_MD":269296,"GDP_YEAR":2019,"ECONOMY":"2. Developed region: nonG7","INCOME_GRP":"1. High income: OECD","FIPS_10":"FI","ISO_A2":"FI","ISO_A2_EH":"FI","ISO_A3":"FIN","ISO_A3_EH":"FIN","ISO_N3":"246","ISO_N3_EH":"246","UN_A3":"246","WB_A2":"FI","WB_A3":"FIN","WOE_ID":23424812,"WOE_ID_EH":23424812,"WOE_NOTE":"Exact WOE match as country","ADM0_ISO":"FIN","ADM0_DIFF":"","ADM0_TLC":"FIN","ADM0_A3_US":"FIN","ADM0_A3_FR":"FIN","ADM0_A3_RU":"FIN","ADM0_A3_ES":"FIN","ADM0_A3_CN":"FIN","ADM0_A3_TW":"FIN","ADM0_A3_IN":"FIN","ADM0_A3_NP":"FIN","ADM0_A3_PK":"FIN","ADM0_A3_DE":"FIN","ADM0_A3_GB":"FIN","ADM0_A3_BR":"FIN","ADM0_A3_IL":"FIN","ADM0_A3_PS":"FIN","ADM0_A3_SA":"FIN","ADM0_A3_EG":"FIN","ADM0_A3_MA":"FIN","ADM0_A3_PT":"FIN","ADM0_A3_AR":"FIN","ADM0_A3_JP":"FIN","ADM0_A3_KO":"FIN","ADM0_A3_VN":"FIN","ADM0_A3_TR":"FIN","ADM0_A3_ID":"FIN","ADM0_A3_PL":"FIN","ADM0_A3_GR":"FIN","ADM0_A3_IT":"FIN","ADM0_A3_NL":"FIN","ADM0_A3_SE":"FIN","ADM0_A3_BD":"FIN","ADM0_A3_UA":"FIN","ADM0_A3_UN":-99,"ADM0_A3_WB":-99,"CONTINENT":"Europe","REGION_UN":"Europe","SUBREGION":"Northern Europe","REGION_WB":"Europe & Central Asia","NAME_LEN":7,"LONG_LEN":7,"ABBREV_LEN":4,"TINY":-99,"HOMEPART":1,"MIN_ZOOM":0,"MIN_LABEL":3,"MAX_LABEL":8,"LABEL_X":27.276449,"LABEL_Y":63.252361,"NE_ID":1159320623,"WIKIDATAID":"Q33","NAME_AR":"فنلندا","NAME_BN":"ফিনল্যান্ড","NAME_DE":"Finnland","NAME_EN":"Finland","NAME_ES":"Finlandia","NAME_FA":"فنلاند","NAME_FR":"Finlande","NAME_EL":"Φινλανδία","NAME_HE":"פינלנד","NAME_HI":"फ़िनलैण्ड","NAME_HU":"Finnország","NAME_ID":"Finlandia","NAME_IT":"Finlandia","NAME_JA":"フィンランド","NAME_KO":"핀란드","NAME_NL":"Finland","NAME_PL":"Finlandia","NAME_PT":"Finlândia","NAME_RU":"Финляндия","NAME_SV":"Finland","NAME_TR":"Finlandiya","NAME_UK":"Фінляндія","NAME_UR":"فن لینڈ","NAME_VI":"Phần Lan","NAME_ZH":"芬兰","NAME_ZHT":"芬蘭","FCLASS_ISO":"Admin-0 country","TLC_DIFF":"","FCLASS_TLC":"Admin-0 country","FCLASS_US":"","FCLASS_FR":"","FCLASS_RU":"","FCLASS_ES":"","FCLASS_CN":"","FCLASS_TW":"","FCLASS_IN":"","FCLASS_NP":"","FCLASS_PK":"","FCLASS_DE":"","FCLASS_GB":"","FCLASS_BR":"","FCLASS_IL":"","FCLASS_PS":"","FCLASS_SA":"","FCLASS_EG":"","FCLASS_MA":"","FCLASS_PT":"","FCLASS_AR":"","FCLASS_JP":"","FCLASS_KO":"","FCLASS_VN":"","FCLASS_TR":"","FCLASS_ID":"","FCLASS_PL":"","FCLASS_GR":"","FCLASS_IT":"","FCLASS_NL":"","FCLASS_SE":"","FCLASS_BD":"","FCLASS_UA":""}},
{"type":"Feature","geometry":{"type":"Polygon","coordinates":[[[22.558,49.086],[21.608,49.47],[20.888,49.329],[20.416,49.431],[19.825,49.217],[19.321,49.572],[18.91,49.436],[18.853,49.496],[18.555,49.495],[18.4,49.315],[18.17,49.272],[18.105,49.044],[17.914,48.996],[17.886,48.903],[17.545,48.8],[17.102,48.817],[16.96,48.597],[16.88,48.47],[16.98,48.123],[17.488,47.867],[17.857,47.758],[18.697,47.881],[18.777,48.082],[19.174,48.111],[19.661,48.267],[19.769,48.203],[20.239,48.328],[20.474,48.563],[20.801,48.624],[21.872,48.32],[22.086,48.422],[22.281,48.825],[22.558,49.086]]]},"properties":{"featurecla":"Admin-0 country","scalerank":1,"LABELRANK":6,"SOVEREIGNT":"Slovakia","SOV_A3":"SVK","ADM0_DIF":0,"LEVEL":2,"TYPE":"Sovereign country","TLC":"1","ADMIN":"Slovakia","ADM0_A3":"SVK","GEOU_DIF":0,"GEOUNIT":"Slovakia","GU_A3":"SVK","SU_DIF":0,"SUBUNIT":"Slovakia","SU_A3":"SVK","BRK_DIFF":0,"NAME":"Slovakia","NAME_LONG":"Slovakia","BRK_A3":"SVK","BRK_NAME":"Slovakia","BRK_GROUP":"","ABBREV":"Svk.","POSTAL":"SK","FORMAL_EN":"Slovak Republic","FORMAL_FR":"","NAME_CIAWF":"Slovakia","NOTE_ADM0":"","NOTE_BRK":"","NAME_SORT":"Slovak Republic","NAME_ALT":"","MAPCOLOR7":2,"MAPCOLOR8":4,"MAPCOLOR9":4,"MAPCOLOR13":9,"POP_EST":5454073,"POP_RANK":13,"POP_YEAR":2019,"GDP_MD":105079,"GDP_YEAR":2019,"ECONOMY":"2. Developed region: nonG7","INCOME_GRP":"1. High income: OECD","FIPS_10":"LO","ISO_A2":"SK","ISO_A2_EH":"SK","ISO_A3":"SVK","ISO_A3_EH":"SVK","ISO_N3":"703","ISO_N3_EH":"703","UN_A3":"703","WB_A2":"SK","WB_A3":"SVK","WOE_ID":23424877,"WOE_ID_EH":23424877,"WOE_NOTE":"Exact WOE match as country","ADM0_ISO":"SVK","ADM0_DIFF":"","ADM0_TLC":"SVK","ADM0_A3_US":"SVK","ADM0_A3_FR":"SVK","ADM0_A3_RU":"SVK","ADM0_A3_ES":"SVK","ADM0_A3_CN":"SVK","ADM0_A3_TW":"SVK","ADM0_A3_IN":"SVK","ADM0_A3_NP":"SVK","ADM0_A3_PK":"SVK","ADM0_A3_DE":"SVK","ADM0_A3_GB":"SVK","ADM0_A3_BR":"SVK","ADM0_A3_IL":"SVK","ADM0_A3_PS":"SVK","ADM0_A3_SA":"SVK","ADM0_A3_EG":"SVK","ADM0_A3_MA":"SVK","ADM0_A3_PT":"SVK","ADM0_A3_AR":"SVK","ADM0_A3_JP":"SVK","ADM0_A3_KO":"SVK","ADM0_A3_VN":"SVK","ADM0_A3_TR":"SVK","ADM0_A3_ID":"SVK","ADM0_A3_PL":"SVK","ADM0_A3_GR":"SVK","ADM0_A3_IT":"SVK","ADM0_A3_NL":"SVK","ADM0_A3_SE":"SVK","ADM0_A3_BD":"SVK","ADM0_A3_UA":"SVK","ADM0_A3_UN":-99,"ADM0_A3_WB":-99,"CONTINENT":"Europe","REGION_UN":"Europe","SUBREGION":"Eastern Europe","REGION_WB":"Europe & Central Asia","NAME_LEN":8,"LONG_LEN":8,"ABBREV_LEN":4,"TINY":-99,"HOMEPART":1,"MIN_ZOOM":0,"MIN_LABEL":4,"MAX_LABEL":9,"LABEL_X":19.049868,"LABEL_Y":48.734044,"NE_ID":1159321283,"WIKIDATAID":"Q214","NAME_AR":"سلوفاكيا","NAME_BN":"স্লোভাকিয়া","NAME_DE":"Slowakei","NAME_EN":"Slovakia","NAME_ES":"Eslovaquia","NAME_FA":"اسلواکی","NAME_FR":"Slovaquie","NAME_EL":"Σλοβακία","NAME_HE":"סלובקיה","NAME_HI":"स्लोवाकिया","NAME_HU":"Szlovákia","NAME_ID":"Slowakia","NAME_IT":"Slovacchia","NAME_JA":"スロバキア","NAME_KO":"슬로바키아","NAME_NL":"Slowakije","NAME_PL":"Słowacja","NAME_PT":"Eslováquia","NAME_RU":"Словакия","NAME_SV":"Slovakien","NAME_TR":"Slovakya","NAME_UK":"Словаччина","NAME_UR":"سلوواکیہ","NAME_VI":"Slovakia","NAME_ZH":"斯洛伐克","NAME_ZHT":"斯洛伐克","FCLASS_ISO":"Admin-0 country","TLC_DIFF":"","FCLASS_TLC":"Admin-0 country","FCLASS_US":"","FCLASS_FR":"","FCLASS_RU":"","FCLASS_ES":"","FCLASS_CN":"","FCLASS_TW":"","FCLASS_IN":"","FCLASS_NP":"","FCLASS_PK":"","FCLASS_DE":"","FCLASS_GB":"","FCLASS_BR":"","FCLASS_IL":"","FCLASS_PS":"","FCLASS_SA":"","FCLASS_EG":"","FCLASS_MA":"","FCLASS_PT":"","FCLASS_AR":"","FCLASS_JP":"","FCLASS_KO":"","FCLASS_VN":"","FCLASS_TR":"","FCLASS_ID":"","FCLASS_PL":"","FCLASS_GR":"","FCLASS_IT":"","FCLASS_NL":"","FCLASS_SE":"","FCLASS_BD":"","FCLASS_UA":""}},
{"type":"Feature","geometry":{"type":"Polygon","coordinates":[[[15.017,51.107],[14.571,51.002],[14.307,51.117],[14.056,50.927],[13.338,50.733],[12.967,50.484],[12.24,50.266],[12.415,49.969],[12.521,49.547],[13.031,49.307],[13.596,48.877],[14.339,48.555],[14.901,48.964],[15.253,49.039],[16.03,48.734],[16.499,48.786],[16.96,48.597],[17.102,48.817],[17.545,48.8],[17.886,48.903],[17.914,48.996],[18.105,49.044],[18.17,49.272],[18.4,49.315],[18.555,49.495],[18.853,49.496],[18.393,49.989],[17.649,50.049],[17.555,50.362],[16.869,50.474],[16.719,50.216],[16.176,50.423],[16.239,50.698],[15.491,50.785],[15.017,51.107]]]},"properties":{"featurecla":"Admin-0 country","scalerank":1,"LABELRANK":5,"SOVEREIGNT":"Czechia","SOV_A3":"CZE","ADM0_DIF":0,"LEVEL":2,"TYPE":"Sovereign country","TLC":"1","ADMIN":"Czechia","ADM0_A3":"CZE","GEOU_DIF":0,"GEOUNIT":"Czechia","GU_A3":"CZE","SU_DIF":0,"SUBUNIT":"Czechia","SU_A3":"CZE","BRK_DIFF":0,"NAME":"Czechia","NAME_LONG":"Czech Republic","BRK_A3":"CZE","BRK_NAME":"Czechia","BRK_GROUP":"","ABBREV":"Cz.","POSTAL":"CZ","FORMAL_EN":"Czech Republic","FORMAL_FR":"la République tchèque","NAME_CIAWF":"Czechia","NOTE_ADM0":"","NOTE_BRK":"","NAME_SORT":"Czechia","NAME_ALT":"Česko","MAPCOLOR7":1,"MAPCOLOR8":1,"MAPCOLOR9":2,"MAPCOLOR13":6,"POP_EST":10669709,"POP_RANK":14,"POP_YEAR":2019,"GDP_MD":250680,"GDP_YEAR":2019,"ECONOMY":"2. Developed region: nonG7","INCOME_GRP":"1. High income: OECD","FIPS_10":"EZ","ISO_A2":"CZ","ISO_A2_EH":"CZ","ISO_A3":"CZE","ISO_A3_EH":"CZE","ISO_N3":"203","ISO_N3_EH":"203","UN_A3":"203","WB_A2":"CZ","WB_A3":"CZE","WOE_ID":23424810,"WOE_ID_EH":23424810,"WOE_NOTE":"Exact WOE match as country","ADM0_ISO":"CZE","ADM0_DIFF":"","ADM0_TLC":"CZE","ADM0_A3_US":"CZE","ADM0_A3_FR":"CZE","ADM0_A3_RU":"CZE","ADM0_A3_ES":"CZE","ADM0_A3_CN":"CZE","ADM0_A3_TW":"CZE","ADM0_A3_IN":"CZE","ADM0_A3_NP":"CZE","ADM0_A3_PK":"CZE","ADM0_A3_DE":"CZE","ADM0_A3_GB":"CZE","ADM0_A3_BR":"CZE","ADM0_A3_IL":"CZE","ADM0_A3_PS":"CZE","ADM0_A3_SA":"CZE","ADM0_A3_EG":"CZE","ADM0_A3_MA":"CZE","ADM0_A3_PT":"CZE","ADM0_A3_AR":"CZE","ADM0_A3_JP":"CZE","ADM0_A3_KO":"CZE","ADM0_A3_VN":"CZE","ADM0_A3_TR":"CZE","ADM0_A3_ID":"CZE","ADM0_A3_PL":"CZE","ADM0_A3_GR":"CZE","ADM0_A3_IT":"CZE","ADM0_A3_NL":"CZE","ADM0_A3_SE":"CZE","ADM0_A3_BD":"CZE","ADM0_A3_UA":"CZE","ADM0_A3_UN":-99,"ADM0_A3_WB":-99,"CONTINENT":"Europe","REGION_UN":"Europe","SUBREGION":"Eastern Europe","REGION_WB":"Europe & Central Asia","NAME_LEN":7,"LONG_LEN":14,"ABBREV_LEN":3,"TINY":-99,"HOMEPART":1,"MIN_ZOOM":0,"MIN_LABEL":4,"MAX_LABEL":9,"LABEL_X":15.377555,"LABEL_Y":49.882364,"NE_ID":1159320535,"WIKIDATAID":"Q213","NAME_AR":"التشيك","NAME_BN":"চেক প্রজাতন্ত্র","NAME_DE":"Tschechien","NAME_EN":"Czech Republic","NAME_ES":"República Checa","NAME_FA":"جمهوری چک","NAME_FR":"Tchéquie","NAME_EL":"Τσεχία","NAME_HE":"צ'כיה","NAME_HI":"चेक गणराज्य","NAME_HU":"Csehország","NAME_ID":"Republik Ceko","NAME_IT":"Repubblica Ceca","NAME_JA":"チェコ","NAME_KO":"체코","NAME_NL":"Tsjechië","NAME_PL":"Czechy","NAME_PT":"Chéquia","NAME_RU":"Чехия","NAME_SV":"Tjeckien","NAME_TR":"Çek Cumhuriyeti","NAME_UK":"Чехія","NAME_UR":"چیک جمہوریہ","NAME_VI":"Cộng hòa Séc","NAME_ZH":"捷克","NAME_ZHT":"捷克共和國","FCLASS_ISO":"Admin-0 country","TLC_DIFF":"","FCLASS_TLC":"Admin-0 country","FCLASS_US":"","FCLASS_FR":"","FCLASS_RU":"","FCLASS_ES":"","FCLASS_CN":"","FCLASS_TW":"","FCLASS_IN":"","FCLASS_NP":"","FCLASS_PK":"","FCLASS_DE":"","FCLASS_GB":"","FCLASS_BR":"","FCLASS_IL":"","FCLASS_PS":"","FCLASS_SA":"","FCLASS_EG":"","FCLASS_MA":"","FCLASS_PT":"","FCLASS_AR":"","FCLASS_JP":"","FCLASS_KO":"","FCLASS_VN":"","FCLASS_TR":"","FCLASS_ID":"","FCLASS_PL":"","FCLASS_GR":"","FCLASS_IT":"","FCLASS_NL":"","FCLASS_SE":"","FCLASS_BD":"","FCLASS_UA":""}},
{"type":"Feature","geometry":{"type":"Polygon","coordinates":[[[36.43,14.422],[37.594,14.213],[37.906,14.959],[38.513,14.505],[39.099,14.741],[39.341,14.532],[40.026,14.52],[40.897,14.119],[41.155,13.773],[41.599,13.452],[42.01,12.866],[42.352,12.542],[42.78,12.455],[43.081,12.7],[42.59,13],[42.277,13.344],[41.735,13.921],[41.179,14.491],[39.814,15.436],[39.266,15.923],[38.991,16.841],[38.41,17.998],[37.904,17.428],[37.167,17.263],[36.853,16.957],[36.754,16.292],[36.323,14.822],[36.43,14.422]]]},"properties":{"featurecla":"Admin-0 country","scalerank":1,"LABELRANK":4,"SOVEREIGNT":"Eritrea","SOV_A3":"ERI","ADM0_DIF":0,"LEVEL":2,"TYPE":"Sovereign country","TLC":"1","ADMIN":"Eritrea","ADM0_A3":"ERI","GEOU_DIF":0,"GEOUNIT":"Eritrea","GU_A3":"ERI","SU_DIF":0,"SUBUNIT":"Eritrea","SU_A3":"ERI","BRK_DIFF":0,"NAME":"Eritrea","NAME_LONG":"Eritrea","BRK_A3":"ERI","BRK_NAME":"Eritrea","BRK_GROUP":"","ABBREV":"Erit.","POSTAL":"ER","FORMAL_EN":"State of Eritrea","FORMAL_FR":"","NAME_CIAWF":"Eritrea","NOTE_ADM0":"","NOTE_BRK":"","NAME_SORT":"Eritrea","NAME_ALT":"","MAPCOLOR7":3,"MAPCOLOR8":1,"MAPCOLOR9":2,"MAPCOLOR13":12,"POP_EST":6081196,"POP_RANK":13,"POP_YEAR":2020,"GDP_MD":2065,"GDP_YEAR":2011,"ECONOMY":"7. Least developed region","INCOME_GRP":"5. Low income","FIPS_10":"ER","ISO_A2":"ER","ISO_A2_EH":"ER","ISO_A3":"ERI","ISO_A3_EH":"ERI","ISO_N3":"232","ISO_N3_EH":"232","UN_A3":"232","WB_A2":"ER","WB_A3":"ERI","WOE_ID":23424806,"WOE_ID_EH":23424806,"WOE_NOTE":"Exact WOE match as country","ADM0_ISO":"ERI","ADM0_DIFF":"","ADM0_TLC":"ERI","ADM0_A3_US":"ERI","ADM0_A3_FR":"ERI","ADM0_A3_RU":"ERI","ADM0_A3_ES":"ERI","ADM0_A3_CN":"ERI","ADM0_A3_TW":"ERI","ADM0_A3_IN":"ERI","ADM0_A3_NP":"ERI","ADM0_A3_PK":"ERI","ADM0_A3_DE":"ERI","ADM0_A3_GB":"ERI","ADM0_A3_BR":"ERI","ADM0_A3_IL":"ERI","ADM0_A3_PS":"ERI","ADM0_A3_SA":"ERI","ADM0_A3_EG":"ERI","ADM0_A3_MA":"ERI","ADM0_A3_PT":"ERI","ADM0_A3_AR":"ERI","ADM0_A3_JP":"ERI","ADM0_A3_KO":"ERI","ADM0_A3_VN":"ERI","ADM0_A3_TR":"ERI","ADM0_A3_ID":"ERI","ADM0_A3_PL":"ERI","ADM0_A3_GR":"ERI","ADM0_A3_IT":"ERI","ADM0_A3_NL":"ERI","ADM0_A3_SE":"ERI","ADM0_A3_BD":"ERI","ADM0_A3_UA":"ERI","ADM0_A3_UN":-99,"ADM0_A3_WB":-99,"CONTINENT":"Africa","REGION_UN":"Africa","SUBREGION":"Eastern Africa","REGION_WB":"Sub-Saharan Africa","NAME_LEN":7,"LONG_LEN":7,"ABBREV_LEN":5,"TINY":-99,"HOMEPART":1,"MIN_ZOOM":0,"MIN_LABEL":4,"MAX_LABEL":9,"LABEL_X":38.285566,"LABEL_Y":15.787401,"NE_ID":1159320581,"WIKIDATAID":"Q986","NAME_AR":"إريتريا","NAME_BN":"ইরিত্রিয়া","NAME_DE":"Eritrea","NAME_EN":"Eritrea","NAME_ES":"Eritrea","NAME_FA":"اریتره","NAME_FR":"Érythrée","NAME_EL":"Ερυθραία","NAME_HE":"אריתריאה","NAME_HI":"इरित्रिया","NAME_HU":"Eritrea","NAME_ID":"Eritrea","NAME_IT":"Eritrea","NAME_JA":"エリトリア","NAME_KO":"에리트레아","NAME_NL":"Eritrea","NAME_PL":"Erytrea","NAME_PT":"Eritreia","NAME_RU":"Эритрея","NAME_SV":"Eritrea","NAME_TR":"Eritre","NAME_UK":"Еритрея","NAME_UR":"اریتریا","NAME_VI":"Eritrea","NAME_ZH":"厄立特里亚","NAME_ZHT":"厄利垂亞","FCLASS_ISO":"Admin-0 country","TLC_DIFF":"","FCLASS_TLC":"Admin-0 country","FCLASS_US":"","FCLASS_FR":"","FCLASS_RU":"","FCLASS_ES":"","FCLASS_CN":"","FCLASS_TW":"","FCLASS_IN":"","FCLASS_NP":"","FCLASS_PK":"","FCLASS_DE":"","FCLASS_GB":"","FCLASS_BR":"","FCLASS_IL":"","FCLASS_PS":"","FCLASS_SA":"","FCLASS_EG":"","FCLASS_MA":"","FCLASS_PT":"","FCLASS_AR":"","FCLASS_JP":"","FCLASS_KO":"","FCLASS_VN":"","FCLASS_TR":"","FCLASS_ID":"","FCLASS_PL":"","FCLASS_GR":"","FCLASS_IT":"","FCLASS_NL":"","FCLASS_SE":"","FCLASS_BD":"","FCLASS_UA":""}},
{"type":"Feature","geometry":{"type":"MultiPolygon","coordinates":[[[[141.885,39.181],[141.914,39.992],[141.369,41.379],[140.306,41.195],[139.883,40.563],[140.055,39.439],[139.426,38.216],[138.858,37.827],[137.391,36.827],[136.724,37.305],[135.678,35.527],[134.608,35.732],[132.618,35.433],[131.884,34.75],[130.878,34.233],[130.354,33.604],[129.408,33.296],[129.815,32.61],[130.448,32.319],[130.202,31.418],[130.686,31.03],[131.333,31.45],[132,33.15],[130.986,33.886],[132.157,33.905],[133.34,34.376],[135.079,34.597],[135.121,33.849],[135.793,33.465],[137.218,34.606],[138.976,34.668],[140.253,35.138],[140.774,35.843],[140.6,36.344],[140.976,37.142],[140.959,38.174],[141.885,39.181]]],[[[144.613,43.961],[143.91,44.174],[143.143,44.51],[141.968,45.551],[141.672,44.772],[141.381,43.389],[140.312,43.333],[139.818,42.564],[139.955,41.57],[141.067,41.585],[141.611,42.679],[143.184,41.995],[144.06,42.988],[145.543,43.262],[145.321,44.385],[144.613,43.961]]],[[[132.371,33.464],[132.363,32.989],[133.015,32.705],[133.28,33.29],[133.793,33.522],[134.203,33.201],[134.766,33.806],[134.638,34.149],[133.904,34.365],[133.493,33.945],[132.924,34.06],[132.371,33.464]]]]},"properties":{"featurecla":"Admin-0 country","scalerank":1,"LABELRANK":2,"SOVEREIGNT":"Japan","SOV_A3":"JPN","ADM0_DIF":0,"LEVEL":2,"TYPE":"Sovereign country","TLC":"1","ADMIN":"Japan","ADM0_A3":"JPN","GEOU_DIF":0,"GEOUNIT":"Japan","GU_A3":"JPN","SU_DIF":0,"SUBUNIT":"Japan","SU_A3":"JPN","BRK_DIFF":0,"NAME":"Japan","NAME_LONG":"Japan","BRK_A3":"JPN","BRK_NAME":"Japan","BRK_GROUP":"","ABBREV":"Japan","POSTAL":"J","FORMAL_EN":"Japan","FORMAL_FR":"","NAME_CIAWF":"Japan","NOTE_ADM0":"","NOTE_BRK":"","NAME_SORT":"Japan","NAME_ALT":"","MAPCOLOR7":5,"MAPCOLOR8":3,"MAPCOLOR9":5,"MAPCOLOR13":4,"POP_EST":126264931,"POP_RANK":17,"POP_YEAR":2019,"GDP_MD":5081769,"GDP_YEAR":2019,"ECONOMY":"1. Developed region: G7","INCOME_GRP":"1. High income: OECD","FIPS_10":"JA","ISO_A2":"JP","ISO_A2_EH":"JP","ISO_A3":"JPN","ISO_A3_EH":"JPN","ISO_N3":"392","ISO_N3_EH":"392","UN_A3":"392","WB_A2":"JP","WB_A3":"JPN","WOE_ID":23424856,"WOE_ID_EH":23424856,"WOE_NOTE":"Exact WOE match as country","ADM0_ISO":"JPN","ADM0_DIFF":"","ADM0_TLC":"JPN","ADM0_A3_US":"JPN","ADM0_A3_FR":"JPN","ADM0_A3_RU":"JPN","ADM0_A3_ES":"JPN","ADM0_A3_CN":"JPN","ADM0_A3_TW":"JPN","ADM0_A3_IN":"JPN","ADM0_A3_NP":"JPN","ADM0_A3_PK":"JPN","ADM0_A3_DE":"JPN","ADM0_A3_GB":"JPN","ADM0_A3_BR":"JPN","ADM0_A3_IL":"JPN","ADM0_A3_PS":"JPN","ADM0_A3_SA":"JPN","ADM0_A3_EG":"JPN","ADM0_A3_MA":"JPN","ADM0_A3_PT":"JPN","ADM0_A3_AR":"JPN","ADM0_A3_JP":"JPN","ADM0_A3_KO":"JPN","ADM0_A3_VN":"JPN","ADM0_A3_TR":"JPN","ADM0_A3_ID":"JPN","ADM0_A3_PL":"JPN","ADM0_A3_GR":"JPN","ADM0_A3_IT":"JPN","ADM0_A3_NL":"JPN","ADM0_A3_SE":"JPN","ADM0_A3_BD":"JPN","ADM0_A3_UA":"JPN","ADM0_A3_UN":-99,"ADM0_A3_WB":-99,"CONTINENT":"Asia","REGION_UN":"Asia","SUBREGION":"Eastern Asia","REGION_WB":"East Asia & Pacific","NAME_LEN":5,"LONG_LEN":5,"ABBREV_LEN":5,"TINY":-99,"HOMEPART":1,"MIN_ZOOM":0,"MIN_LABEL":1.7,"MAX_LABEL":7,"LABEL_X":138.44217,"LABEL_Y":36.142538,"NE_ID":1159320937,"WIKIDATAID":"Q17","NAME_AR":"اليابان","NAME_BN":"জাপান","NAME_DE":"Japan","NAME_EN":"Japan","NAME_ES":"Japón","NAME_FA":"ژاپن","NAME_FR":"Japon","NAME_EL":"Ιαπωνία","NAME_HE":"יפן","NAME_HI":"जापान","NAME_HU":"Japán","NAME_ID":"Jepang","NAME_IT":"Giappone","NAME_JA":"日本","NAME_KO":"일본","NAME_NL":"Japan","NAME_PL":"Japonia","NAME_PT":"Japão","NAME_RU":"Япония","NAME_SV":"Japan","NAME_TR":"Japonya","NAME_UK":"Японія","NAME_UR":"جاپان","NAME_VI":"Nhật Bản","NAME_ZH":"日本","NAME_ZHT":"日本","FCLASS_ISO":"Admin-0 country","TLC_DIFF":"","FCLASS_TLC":"Admin-0 country","FCLASS_US":"","FCLASS_FR":"","FCLASS_RU":"","FCLASS_ES":"","FCLASS_CN":"","FCLASS_TW":"","FCLASS_IN":"","FCLASS_NP":"","FCLASS_PK":"","FCLASS_DE":"","FCLASS_GB":"","FCLASS_BR":"","FCLASS_IL":"","FCLASS_PS":"","FCLASS_SA":"","FCLASS_EG":"","FCLASS_MA":"","FCLASS_PT":"","FCLASS_AR":"","FCLASS_JP":"","FCLASS_KO":"","FCLASS_VN":"","FCLASS_TR":"","FCLASS_ID":"","FCLASS_PL":"","FCLASS_GR":"","FCLASS_IT":"","FCLASS_NL":"","FCLASS_SE":"","FCLASS_BD":"","FCLASS_UA":""}},
{"type":"Feature","geometry":{"type":"Polygon","coordinates":[[[-58.166,-20.177],[-58.183,-19.868],[-59.115,-19.357],[-60.044,-19.343],[-61.786,-19.634],[-62.266,-20.514],[-62.291,-21.052],[-62.685,-22.249],[-60.847,-23.881],[-60.029,-24.033],[-58.807,-24.771],[-57.777,-25.162],[-57.634,-25.604],[-58.618,-27.124],[-57.61,-27.396],[-56.487,-27.548],[-55.696,-27.388],[-54.789,-26.622],[-54.625,-25.739],[-54.429,-25.162],[-54.293,-24.571],[-54.293,-24.021],[-54.653,-23.84],[-55.028,-24.001],[-55.401,-23.957],[-55.518,-23.572],[-55.611,-22.656],[-55.798,-22.357],[-56.473,-22.086],[-56.882,-22.282],[-57.937,-22.09],[-57.871,-20.733],[-58.166,-20.177]]]},"properties":{"featurecla":"Admin-0 country","scalerank":1,"LABELRANK":4,"SOVEREIGNT":"Paraguay","SOV_A3":"PRY","ADM0_DIF":0,"LEVEL":2,"TYPE":"Sovereign country","TLC":"1","ADMIN":"Paraguay","ADM0_A3":"PRY","GEOU_DIF":0,"GEOUNIT":"Paraguay","GU_A3":"PRY","SU_DIF":0,"SUBUNIT":"Paraguay","SU_A3":"PRY","BRK_DIFF":0,"NAME":"Paraguay","NAME_LONG":"Paraguay","BRK_A3":"PRY","BRK_NAME":"Paraguay","BRK_GROUP":"","ABBREV":"Para.","POSTAL":"PY","FORMAL_EN":"Republic of Paraguay","FORMAL_FR":"","NAME_CIAWF":"Paraguay","NOTE_ADM0":"","NOTE_BRK":"","NAME_SORT":"Paraguay","NAME_ALT":"","MAPCOLOR7":6,"MAPCOLOR8":3,"MAPCOLOR9":6,"MAPCOLOR13":2,"POP_EST":7044636,"POP_RANK":13,"POP_YEAR":2019,"GDP_MD":38145,"GDP_YEAR":2019,"ECONOMY":"5. Emerging region: G20","INCOME_GRP":"4. Lower middle income","FIPS_10":"PA","ISO_A2":"PY","ISO_A2_EH":"PY","ISO_A3":"PRY","ISO_A3_EH":"PRY","ISO_N3":"600","ISO_N3_EH":"600","UN_A3":"600","WB_A2":"PY","WB_A3":"PRY","WOE_ID":23424917,"WOE_ID_EH":23424917,"WOE_NOTE":"Exact WOE match as country","ADM0_ISO":"PRY","ADM0_DIFF":"","ADM0_TLC":"PRY","ADM0_A3_US":"PRY","ADM0_A3_FR":"PRY","ADM0_A3_RU":"PRY","ADM0_A3_ES":"PRY","ADM0_A3_CN":"PRY","ADM0_A3_TW":"PRY","ADM0_A3_IN":"PRY","ADM0_A3_NP":"PRY","ADM0_A3_PK":"PRY","ADM0_A3_DE":"PRY","ADM0_A3_GB":"PRY","ADM0_A3_BR":"PRY","ADM0_A3_IL":"PRY","ADM0_A3_PS":"PRY","ADM0_A3_SA":"PRY","ADM0_A3_EG":"PRY","ADM0_A3_MA":"PRY","ADM0_A3_PT":"PRY","ADM0_A3_AR":"PRY","ADM0_A3_JP":"PRY","ADM0_A3_KO":"PRY","ADM0_A3_VN":"PRY","ADM0_A3_TR":"PRY","ADM0_A3_ID":"PRY","ADM0_A3_PL":"PRY","ADM0_A3_GR":"PRY","ADM0_A3_IT":"PRY","ADM0_A3_NL":"PRY","ADM0_A3_SE":"PRY","ADM0_A3_BD":"PRY","ADM0_A3_UA":"PRY","ADM0_A3_UN":-99,"ADM0_A3_WB":-99,"CONTINENT":"South America","REGION_UN":"Americas","SUBREGION":"South America","REGION_WB":"Latin America & Caribbean","NAME_LEN":8,"LONG_LEN":8,"ABBREV_LEN":5,"TINY":-99,"HOMEPART":1,"MIN_ZOOM":0,"MIN_LABEL":3,"MAX_LABEL":8,"LABEL_X":-60.146394,"LABEL_Y":-21.674509,"NE_ID":1159321195,"WIKIDATAID":"Q733","NAME_AR":"باراغواي","NAME_BN":"প্যারাগুয়ে","NAME_DE":"Paraguay","NAME_EN":"Paraguay","NAME_ES":"Paraguay","NAME_FA":"پاراگوئه","NAME_FR":"Paraguay","NAME_EL":"Παραγουάη","NAME_HE":"פרגוואי","NAME_HI":"पैराग्वे","NAME_HU":"Paraguay","NAME_ID":"Paraguay","NAME_IT":"Paraguay","NAME_JA":"パラグアイ","NAME_KO":"파라과이","NAME_NL":"Paraguay","NAME_PL":"Paragwaj","NAME_PT":"Paraguai","NAME_RU":"Парагвай","NAME_SV":"Paraguay","NAME_TR":"Paraguay","NAME_UK":"Парагвай","NAME_UR":"پیراگوئے","NAME_VI":"Paraguay","NAME_ZH":"巴拉圭","NAME_ZHT":"巴拉圭","FCLASS_ISO":"Admin-0 country","TLC_DIFF":"","FCLASS_TLC":"Admin-0 country","FCLASS_US":"","FCLASS_FR":"","FCLASS_RU":"","FCLASS_ES":"","FCLASS_CN":"","FCLASS_TW":"","FCLASS_IN":"","FCLASS_NP":"","FCLASS_PK":"","FCLASS_DE":"","FCLASS_GB":"","FCLASS_BR":"","FCLASS_IL":"","FCLASS_PS":"","FCLASS_SA":"","FCLASS_EG":"","FCLASS_MA":"","FCLASS_PT":"","FCLASS_AR":"","FCLASS_JP":"","FCLASS_KO":"","FCLASS_VN":"","FCLASS_TR":"","FCLASS_ID":"","FCLASS_PL":"","FCLASS_GR":"","FCLASS_IT":"","FCLASS_NL":"","FCLASS_SE":"","FCLASS_BD":"","FCLASS_UA":""}},
{"type":"Feature","geometry":{"type":"Polygon","coordinates":[[[52,19],[49.117,18.617],[48.183,18.167],[47.467,17.117],[47,16.95],[46.75,17.283],[46.367,17.233],[45.4,17.333],[45.217,17.433],[44.063,17.41],[43.792,17.32],[43.381,17.58],[43.116,17.088],[43.218,16.667],[42.779,16.348],[42.824,15.912],[42.702,15.719],[42.805,15.262],[42.605,15.213],[42.892,14.802],[43.088,14.063],[43.251,13.768],[43.223,13.221],[43.483,12.637],[44.175,12.586],[44.495,12.722],[44.99,12.7],[45.144,12.954],[45.406,13.027],[45.625,13.291],[45.878,13.348],[46.717,13.4],[47.354,13.592],[47.939,14.007],[48.239,13.948],[48.679,14.003],[49.575,14.709],[51.173,15.175],[52.168,15.597],[52.192,15.938],[52.385,16.382],[53.109,16.651],[52.782,17.35],[52,19]]]},"properties":{"featurecla":"Admin-0 country","scalerank":1,"LABELRANK":3,"SOVEREIGNT":"Yemen","SOV_A3":"YEM","ADM0_DIF":0,"LEVEL":2,"TYPE":"Sovereign country","TLC":"1","ADMIN":"Yemen","ADM0_A3":"YEM","GEOU_DIF":0,"GEOUNIT":"Yemen","GU_A3":"YEM","SU_DIF":0,"SUBUNIT":"Yemen","SU_A3":"YEM","BRK_DIFF":0,"NAME":"Yemen","NAME_LONG":"Yemen","BRK_A3":"YEM","BRK_NAME":"Yemen","BRK_GROUP":"","ABBREV":"Yem.","POSTAL":"YE","FORMAL_EN":"Republic of Yemen","FORMAL_FR":"","NAME_CIAWF":"Yemen","NOTE_ADM0":"","NOTE_BRK":"","NAME_SORT":"Yemen, Rep.","NAME_ALT":"","MAPCOLOR7":5,"MAPCOLOR8":3,"MAPCOLOR9":3,"MAPCOLOR13":11,"POP_EST":29161922,"POP_RANK":15,"POP_YEAR":2019,"GDP_MD":22581,"GDP_YEAR":2019,"ECONOMY":"7. Least developed region","INCOME_GRP":"4. Lower middle income","FIPS_10":"YM","ISO_A2":"YE","ISO_A2_EH":"YE","ISO_A3":"YEM","ISO_A3_EH":"YEM","ISO_N3":"887","ISO_N3_EH":"887","UN_A3":"887","WB_A2":"RY","WB_A3":"YEM","WOE_ID":23425002,"WOE_ID_EH":23425002,"WOE_NOTE":"Exact WOE match as country","ADM0_ISO":"YEM","ADM0_DIFF":"","ADM0_TLC":"YEM","ADM0_A3_US":"YEM","ADM0_A3_FR":"YEM","ADM0_A3_RU":"YEM","ADM0_A3_ES":"YEM","ADM0_A3_CN":"YEM","ADM0_A3_TW":"YEM","ADM0_A3_IN":"YEM","ADM0_A3_NP":"YEM","ADM0_A3_PK":"YEM","ADM0_A3_DE":"YEM","ADM0_A3_GB":"YEM","ADM0_A3_BR":"YEM","ADM0_A3_IL":"YEM","ADM0_A3_PS":"YEM","ADM0_A3_SA":"YEM","ADM0_A3_EG":"YEM","ADM0_A3_MA":"YEM","ADM0_A3_PT":"YEM","ADM0_A3_AR":"YEM","ADM0_A3_JP":"YEM","ADM0_A3_KO":"YEM","ADM0_A3_VN":"YEM","ADM0_A3_TR":"YEM","ADM0_A3_ID":"YEM","ADM0_A3_PL":"YEM","ADM0_A3_GR":"YEM","ADM0_A3_IT":"YEM","ADM0_A3_NL":"YEM","ADM0_A3_SE":"YEM","ADM0_A3_BD":"YEM","ADM0_A3_UA":"YEM","ADM0_A3_UN":-99,"ADM0_A3_WB":-99,"CONTINENT":"Asia","REGION_UN":"Asia","SUBREGION":"Western Asia","REGION_WB":"Middle East & North Africa","NAME_LEN":5,"LONG_LEN":5,"ABBREV_LEN":4,"TINY":-99,"HOMEPART":1,"MIN_ZOOM":0,"MIN_LABEL":3,"MAX_LABEL":8,"LABEL_X":45.874383,"LABEL_Y":15.328226,"NE_ID":1159321425,"WIKIDATAID":"Q805","NAME_AR":"اليمن","NAME_BN":"ইয়েমেন","NAME_DE":"Jemen","NAME_EN":"Yemen","NAME_ES":"Yemen","NAME_FA":"یمن","NAME_FR":"Yémen","NAME_EL":"Υεμένη","NAME_HE":"תימן","NAME_HI":"यमन","NAME_HU":"Jemen","NAME_ID":"Yaman","NAME_IT":"Yemen","NAME_JA":"イエメン","NAME_KO":"예멘","NAME_NL":"Jemen","NAME_PL":"Jemen","NAME_PT":"Iémen","NAME_RU":"Йемен","NAME_SV":"Jemen","NAME_TR":"Yemen","NAME_UK":"Ємен","NAME_UR":"یمن","NAME_VI":"Yemen","NAME_ZH":"也门","NAME_ZHT":"葉門","FCLASS_ISO":"Admin-0 country","TLC_DIFF":"","FCLASS_TLC":"Admin-0 country","FCLASS_US":"","FCLASS_FR":"","FCLASS_RU":"","FCLASS_ES":"","FCLASS_CN":"","FCLASS_TW":"","FCLASS_IN":"","FCLASS_NP":"","FCLASS_PK":"","FCLASS_DE":"","FCLASS_GB":"","FCLASS_BR":"","FCLASS_IL":"","FCLASS_PS":"","FCLASS_SA":"","FCLASS_EG":"","FCLASS_MA":"","FCLASS_PT":"","FCLASS_AR":"","FCLASS_JP":"","FCLASS_KO":"","FCLASS_VN":"","FCLASS_TR":"","FCLASS_ID":"","FCLASS_PL":"","FCLASS_GR":"","FCLASS_IT":"","FCLASS_NL":"","FCLASS_SE":"","FCLASS_BD":"","FCLASS_UA":""}},
{"type":"Feature","geometry":{"type":"Polygon","coordinates":[[[34.956,29.357],[34.832,28.957],[34.788,28.607],[34.632,28.059],[35.13,28.063],[35.64,27.377],[36.249,26.57],[36.64,25.826],[36.932,25.603],[37.209,25.085],[37.155,24.858],[37.484,24.285],[38.024,24.079],[38.493,23.688],[39.066,22.58],[39.024,21.987],[39.139,21.292],[39.802,20.339],[40.248,20.175],[40.939,19.486],[41.221,18.672],[41.754,17.833],[42.271,17.475],[42.348,17.076],[42.65,16.775],[42.779,16.348],[43.218,16.667],[43.116,17.088],[43.381,17.58],[43.792,17.32],[44.063,17.41],[45.217,17.433],[45.4,17.333],[46.367,17.233],[46.75,17.283],[47,16.95],[47.467,17.117],[48.183,18.167],[49.117,18.617],[52,19],[55,20],[55.667,22],[55.208,22.708],[55.007,22.497],[52.001,23.001],[51.618,24.014],[51.58,24.245],[51.39,24.627],[51.112,24.556],[50.81,24.755],[50.661,25],[50.527,25.328],[50.24,25.608],[50.113,25.944],[50.213,26.277],[50.152,26.69],[49.471,27.11],[49.3,27.461],[48.808,27.69],[48.416,28.552],[47.709,28.526],[47.46,29.003],[46.569,29.099],[44.709,29.179],[41.89,31.19],[40.4,31.89],[39.195,32.161],[39.005,32.01],[37.002,31.508],[37.999,30.508],[37.668,30.339],[37.504,30.004],[36.741,29.865],[36.501,29.505],[36.069,29.197],[34.956,29.357]]]},"properties":{"featurecla":"Admin-0 country","scalerank":1,"LABELRANK":2,"SOVEREIGNT":"Saudi Arabia","SOV_A3":"SAU","ADM0_DIF":0,"LEVEL":2,"TYPE":"Sovereign country","TLC":"1","ADMIN":"Saudi Arabia","ADM0_A3":"SAU","GEOU_DIF":0,"GEOUNIT":"Saudi Arabia","GU_A3":"SAU","SU_DIF":0,"SUBUNIT":"Saudi Arabia","SU_A3":"SAU","BRK_DIFF":0,"NAME":"Saudi Arabia","NAME_LONG":"Saudi Arabia","BRK_A3":"SAU","BRK_NAME":"Saudi Arabia","BRK_GROUP":"","ABBREV":"Saud.","POSTAL":"SA","FORMAL_EN":"Kingdom of Saudi Arabia","FORMAL_FR":"","NAME_CIAWF":"Saudi Arabia","NOTE_ADM0":"","NOTE_BRK":"","NAME_SORT":"Saudi Arabia","NAME_ALT":"","MAPCOLOR7":6,"MAPCOLOR8":1,"MAPCOLOR9":6,"MAPCOLOR13":7,"POP_EST":34268528,"POP_RANK":15,"POP_YEAR":2019,"GDP_MD":792966,"GDP_YEAR":2019,"ECONOMY":"2. Developed region: nonG7","INCOME_GRP":"2. High income: nonOECD","FIPS_10":"SA","ISO_A2":"SA","ISO_A2_EH":"SA","ISO_A3":"SAU","ISO_A3_EH":"SAU","ISO_N3":"682","ISO_N3_EH":"682","UN_A3":"682","WB_A2":"SA","WB_A3":"SAU","WOE_ID":23424938,"WOE_ID_EH":23424938,"WOE_NOTE":"Exact WOE match as country","ADM0_ISO":"SAU","ADM0_DIFF":"","ADM0_TLC":"SAU","ADM0_A3_US":"SAU","ADM0_A3_FR":"SAU","ADM0_A3_RU":"SAU","ADM0_A3_ES":"SAU","ADM0_A3_CN":"SAU","ADM0_A3_TW":"SAU","ADM0_A3_IN":"SAU","ADM0_A3_NP":"SAU","ADM0_A3_PK":"SAU","ADM0_A3_DE":"SAU","ADM0_A3_GB":"SAU","ADM0_A3_BR":"SAU","ADM0_A3_IL":"SAU","ADM0_A3_PS":"SAU","ADM0_A3_SA":"SAU","ADM0_A3_EG":"SAU","ADM0_A3_MA":"SAU","ADM0_A3_PT":"SAU","ADM0_A3_AR":"SAU","ADM0_A3_JP":"SAU","ADM0_A3_KO":"SAU","ADM0_A3_VN":"SAU","ADM0_A3_TR":"SAU","ADM0_A3_ID":"SAU","ADM0_A3_PL":"SAU","ADM0_A3_GR":"SAU","ADM0_A3_IT":"SAU","ADM0_A3_NL":"SAU","ADM0_A3_SE":"SAU","ADM0_A3_BD":"SAU","ADM0_A3_UA":"SAU","ADM0_A3_UN":-99,"ADM0_A3_WB":-99,"CONTINENT":"Asia","REGION_UN":"Asia","SUBREGION":"Western Asia","REGION_WB":"Middle East & North Africa","NAME_LEN":12,"LONG_LEN":12,"ABBREV_LEN":5,"TINY":-99,"HOMEPART":1,"MIN_ZOOM":0,"MIN_LABEL":1.7,"MAX_LABEL":7,"LABEL_X":44.6996,"LABEL_Y":23.806908,"NE_ID":1159321225,"WIKIDATAID":"Q851","NAME_AR":"السعودية","NAME_BN":"সৌদি আরব","NAME_DE":"Saudi-Arabien","NAME_EN":"Saudi Arabia","NAME_ES":"Arabia Saudita","NAME_FA":"عربستان سعودی","NAME_FR":"Arabie saoudite","NAME_EL":"Σαουδική Αραβία","NAME_HE":"ערב הסעודית","NAME_HI":"सउदी अरब","NAME_HU":"Szaúd-Arábia","NAME_ID":"Arab Saudi","NAME_IT":"Arabia Saudita","NAME_JA":"サウジアラビア","NAME_KO":"사우디아라비아","NAME_NL":"Saoedi-Arabië","NAME_PL":"Arabia Saudyjska","NAME_PT":"Arábia Saudita","NAME_RU":"Саудовская Аравия","NAME_SV":"Saudiarabien","NAME_TR":"Suudi Arabistan","NAME_UK":"Саудівська Аравія","NAME_UR":"سعودی عرب","NAME_VI":"Ả Rập Saudi","NAME_ZH":"沙特阿拉伯","NAME_ZHT":"沙烏地阿拉伯","FCLASS_ISO":"Admin-0 country","TLC_DIFF":"","FCLASS_TLC":"Admin-0 country","FCLASS_US":"","FCLASS_FR":"","FCLASS_RU":"","FCLASS_ES":"","FCLASS_CN":"","FCLASS_TW":"","FCLASS_IN":"","FCLASS_NP":"","FCLASS_PK":"","FCLASS_DE":"","FCLASS_GB":"","FCLASS_BR":"","FCLASS_IL":"","FCLASS_PS":"","FCLASS_SA":"","FCLASS_EG":"","FCLASS_MA":"","FCLASS_PT":"","FCLASS_AR":"","FCLASS_JP":"","FCLASS_KO":"","FCLASS_VN":"","FCLASS_TR":"","FCLASS_ID":"","FCLASS_PL":"","FCLASS_GR":"","FCLASS_IT":"","FCLASS_NL":"","FCLASS_SE":"","FCLASS_BD":"","FCLASS_UA":""}},
{"type":"Feature","geometry":{"type":"MultiPolygon","coordinates":[[[[-48.661,-78.047],[-49.307,-78.459],[-49.914,-78.811],[-50.365,-79.183],[-50.991,-79.615],[-51.853,-79.948],[-53.988,-80.222],[-54.164,-80.634],[-52.852,-80.967],[-50.482,-81.025],[-48.386,-80.829],[-46.506,-80.594],[-44.881,-80.34],[-43.333,-80.026],[-43.372,-79.517],[-43.49,-79.086],[-43.921,-78.478],[-45.155,-78.047],[-46.663,-77.831],[-48.151,-78.047],[-48.661,-78.047]]],[[[-66.29,-80.256],[-65.742,-80.55],[-65.742,-80.589],[-64.488,-80.922],[-62.255,-80.863],[-60.16,-81],[-59.866,-80.55],[-59.572,-80.04],[-60.61,-79.629],[-61.139,-79.981],[-61.883,-80.393],[-64.038,-80.295],[-66.29,-80.256]]],[[[-73.916,-71.269],[-75.013,-71.661],[-74.954,-72.073],[-74.19,-72.367],[-73.074,-72.229],[-71.898,-72.092],[-72.388,-72.484],[-71.076,-72.504],[-69.959,-72.308],[-68.784,-72.171],[-68.51,-71.798],[-68.334,-71.406],[-68.451,-70.956],[-68.726,-70.505],[-69.059,-70.074],[-69.489,-69.623],[-69.724,-69.251],[-70.253,-68.879],[-71.174,-69.035],[-71.742,-69.506],[-71.722,-70.309],[-71.781,-70.681],[-72.075,-71.191],[-73.23,-71.152],[-73.916,-71.269]]],[[[-102.331,-71.894],[-101.802,-72.306],[-100.783,-72.502],[-99.432,-72.443],[-98.198,-72.482],[-96.984,-72.443],[-96.2,-72.521],[-96.788,-71.953],[-97.885,-72.071],[-98.982,-71.933],[-100.431,-71.855],[-101.704,-71.718],[-102.331,-71.894]]],[[[-122.622,-73.658],[-121.623,-74.01],[-120.232,-74.089],[-119.292,-73.834],[-118.724,-73.481],[-119.919,-73.658],[-121.212,-73.501],[-122.406,-73.325],[-122.622,-73.658]]],[[[-127.283,-73.462],[-125.912,-73.736],[-124.619,-73.834],[-124.032,-73.873],[-125.56,-73.481],[-126.558,-73.246],[-127.283,-73.462]]],[[[-163.713,-78.596],[-163.067,-78.87],[-163.027,-78.929],[-162.44,-79.281],[-161.128,-79.634],[-159.208,-79.497],[-159.482,-79.046],[-160.246,-78.694],[-161.245,-78.38],[-163.106,-78.223],[-163.713,-78.596]]],[[[180,-84.713],[178.277,-84.473],[175.986,-84.159],[173.224,-84.414],[172.477,-84.118],[172.284,-84.041],[169.405,-83.826],[168.896,-83.336],[166.604,-83.022],[165.096,-82.709],[163.705,-82.395],[162.491,-82.062],[161.629,-81.69],[161.12,-81.279],[159.788,-80.945],[160.317,-80.573],[160.748,-80.201],[160.924,-79.73],[161.766,-79.162],[163.666,-79.123],[165.194,-78.907],[166.996,-78.751],[166.604,-78.32],[164.743,-78.183],[164.273,-77.83],[164.058,-77.457],[163.49,-77.066],[163.47,-76.693],[163.568,-76.243],[163.823,-75.87],[164.234,-75.459],[164.959,-75.145],[165.644,-74.773],[166.095,-74.381],[167.387,-74.165],[167.975,-73.813],[169.287,-73.656],[169.757,-73.245],[170.11,-72.892],[170.56,-72.441],[171.089,-72.088],[171.207,-71.697],[170.502,-71.403],[169.464,-71.207],[168.426,-70.971],[167.309,-70.834],[166.114,-70.756],[164.92,-70.776],[163.842,-70.717],[162.687,-70.736],[161.57,-70.58],[160.807,-70.227],[159.671,-69.992],[159.181,-69.6],[158.026,-69.482],[156.811,-69.384],[155.93,-69.149],[155.166,-68.836],[154.285,-68.561],[153.638,-68.895],[152.502,-68.875],[151.484,-68.718],[150.132,-68.561],[148.84,-68.385],[147.723,-68.13],[146.646,-67.895],[146,-67.601],[146.196,-67.229],[145.49,-66.915],[144.374,-66.837],[143.062,-66.798],[142.122,-66.817],[140.809,-66.817],[139.908,-66.876],[138.596,-66.896],[137.46,-66.955],[136.618,-66.778],[136.207,-66.445],[135.874,-66.034],[135.697,-65.583],[135.071,-65.309],[135.032,-65.72],[134.757,-66.21],[133.856,-66.288],[132.936,-66.386],[131.8,-66.386],[130.781,-66.426],[129.704,-66.582],[128.803,-66.759],[127.883,-66.661],[127.001,-66.563],[126.1,-66.563],[125.16,-66.719],[124.122,-66.621],[123.221,-66.484],[122.32,-66.563],[121.654,-66.876],[120.871,-67.19],[119.833,-67.268],[118.579,-67.17],[117.385,-66.915],[116.699,-66.661],[115.602,-66.7],[114.897,-66.386],[114.388,-66.073],[113.605,-65.877],[112.86,-66.092],[111.744,-66.132],[111.058,-66.426],[110.236,-66.7],[109.159,-66.837],[108.081,-66.955],[107.161,-66.955],[106.182,-66.935],[104.908,-66.328],[104.243,-65.975],[103.479,-65.7],[102.832,-65.563],[101.579,-66.308],[100.893,-66.582],[100.384,-66.915],[99.718,-67.249],[98.68,-67.111],[97.76,-67.249],[96.682,-67.249],[95.781,-67.386],[95.018,-67.17],[94.175,-67.111],[93.549,-67.209],[92.609,-67.19],[91.59,-67.111],[90.63,-67.229],[89.671,-67.15],[88.828,-66.955],[88.358,-66.484],[87.986,-66.21],[87.477,-66.876],[86.752,-67.15],[85.656,-67.092],[84.676,-67.209],[83.775,-67.307],[82.776,-67.209],[82.052,-67.366],[81.484,-67.542],[80.935,-67.876],[80.093,-68.072],[79.114,-68.326],[78.428,-68.698],[78.135,-69.071],[77.645,-69.463],[76.626,-69.619],[75.628,-69.737],[74.492,-69.776],[73.865,-69.874],[73.336,-70.364],[73.081,-70.717],[72.455,-71.011],[71.906,-71.324],[71.573,-71.697],[71.025,-72.088],[69.869,-72.265],[68.714,-72.167],[67.95,-71.853],[68.42,-71.442],[68.929,-71.069],[69.066,-70.678],[67.95,-70.697],[67.813,-70.305],[68.596,-69.933],[69.556,-69.678],[69.673,-69.228],[69.713,-68.973],[68.89,-67.934],[67.891,-67.934],[66.912,-67.856],[65.972,-67.738],[64.992,-67.621],[64.052,-67.405],[63.19,-67.817],[62.387,-68.013],[61.428,-67.954],[60.605,-67.68],[59.939,-67.405],[58.745,-67.288],[58.137,-67.013],[57.256,-66.68],[57.158,-66.249],[56.355,-65.975],[55.415,-65.877],[54.534,-65.818],[53.613,-65.896],[52.614,-66.053],[51.792,-66.249],[50.949,-66.523],[50.753,-66.876],[49.931,-67.111],[48.991,-67.092],[48.344,-67.366],[47.443,-67.719],[46.503,-67.601],[45.72,-67.817],[44.897,-68.052],[44.114,-68.267],[42.939,-68.463],[41.959,-68.601],[40.921,-68.934],[40.02,-69.11],[39.668,-69.541],[38.649,-69.776],[37.905,-69.521],[37.2,-69.169],[36.162,-69.247],[35.3,-69.012],[34.908,-68.659],[33.87,-68.503],[33.302,-68.836],[32.754,-69.384],[31.99,-69.659],[30.972,-69.757],[30.032,-69.933],[29.15,-70.207],[28.093,-70.325],[27.094,-70.462],[25.977,-70.482],[24.841,-70.482],[23.666,-70.521],[22.569,-70.697],[21.923,-70.403],[21.453,-70.07],[20.376,-70.011],[19.259,-69.894],[18.202,-69.874],[17.027,-69.913],[15.949,-70.031],[15.127,-70.403],[14.735,-70.031],[13.423,-69.972],[12.404,-70.247],[11.954,-70.638],[10.818,-70.834],[10.25,-70.482],[9.525,-70.011],[8.487,-70.149],[7.743,-69.894],[7.136,-70.247],[6.274,-70.462],[5.158,-70.619],[4.139,-70.854],[3.023,-70.991],[1.887,-71.128],[0.868,-71.305],[-0.229,-71.638],[-0.659,-71.226],[-1.795,-71.167],[-3.049,-71.285],[-4.342,-71.461],[-5.536,-71.403],[-5.791,-71.03],[-6.868,-70.932],[-7.377,-71.324],[-7.417,-71.697],[-8.611,-71.657],[-9.101,-71.324],[-10.296,-71.265],[-11.02,-71.54],[-11.51,-72.01],[-12.294,-72.402],[-13.312,-72.715],[-14.409,-72.951],[-15.447,-73.147],[-16.113,-73.46],[-16.465,-73.872],[-15.408,-74.107],[-15.701,-74.499],[-16.642,-74.793],[-17.523,-75.126],[-18.914,-75.439],[-20.01,-75.674],[-21.225,-75.909],[-22.459,-76.105],[-23.928,-76.243],[-25.475,-76.282],[-26.16,-76.36],[-27.512,-76.497],[-28.883,-76.674],[-29.784,-77.066],[-30.998,-77.36],[-32.212,-77.653],[-33.897,-77.889],[-35.327,-78.124],[-35.777,-78.339],[-35.914,-79.084],[-35.64,-79.456],[-33.681,-79.456],[-31.625,-79.299],[-29.686,-79.26],[-29.686,-79.633],[-29.255,-79.985],[-28.55,-80.338],[-30.097,-80.593],[-32.31,-80.769],[-34.386,-80.906],[-36.267,-81.122],[-38.245,-81.337],[-40.771,-81.357],[-42.162,-81.651],[-42.808,-82.082],[-44.826,-81.847],[-47.274,-81.71],[-49.761,-81.729],[-51.544,-82.004],[-53.62,-82.258],[-55.363,-82.572],[-57.008,-82.866],[-58.222,-83.218],[-58.712,-82.846],[-59.691,-82.376],[-61.552,-82.043],[-63.256,-81.749],[-65.704,-81.474],[-68.192,-81.318],[-70.013,-81.004],[-71.443,-80.691],[-73.245,-80.416],[-75.36,-80.26],[-76.633,-79.887],[-76.849,-79.515],[-78.024,-79.182],[-77.985,-78.79],[-77.926,-78.378],[-76.496,-78.124],[-74.773,-78.222],[-73.656,-77.908],[-74.283,-77.555],[-75.399,-77.281],[-76.927,-77.105],[-77.24,-76.713],[-75.556,-76.713],[-73.97,-76.634],[-72.207,-76.674],[-70.601,-76.634],[-69.798,-76.223],[-68.446,-76.007],[-67.193,-75.792],[-65.861,-75.635],[-64.353,-75.263],[-63.746,-74.93],[-63.295,-74.577],[-61.963,-74.44],[-61.376,-74.107],[-60.827,-73.695],[-60.69,-73.166],[-61.004,-72.774],[-61.082,-72.382],[-61.376,-72.01],[-61.513,-71.089],[-61.807,-70.717],[-62.277,-70.384],[-62.571,-69.992],[-62.786,-69.619],[-63.197,-69.228],[-63.961,-68.914],[-64.784,-68.679],[-65.313,-68.365],[-65.665,-67.954],[-65.508,-67.582],[-64.882,-67.15],[-64.294,-66.837],[-63.746,-66.504],[-62.806,-66.426],[-62.12,-66.19],[-62.59,-65.857],[-62.649,-65.485],[-62.512,-65.093],[-62.022,-64.799],[-61.297,-64.544],[-60.612,-64.309],[-59.789,-64.211],[-59.045,-64.368],[-58.614,-64.152],[-57.596,-63.859],[-57.224,-63.525],[-57.811,-63.271],[-58.595,-63.388],[-59.163,-63.702],[-59.887,-63.957],[-60.71,-64.074],[-61.415,-64.27],[-62.042,-64.584],[-63.001,-64.642],[-63.628,-64.897],[-64.177,-65.171],[-64.568,-65.603],[-65.371,-65.896],[-66.057,-66.21],[-66.703,-66.582],[-67.252,-66.876],[-67.741,-67.327],[-67.624,-67.719],[-67.428,-68.15],[-67.584,-68.542],[-67.976,-68.953],[-68.446,-69.326],[-68.544,-69.717],[-68.485,-70.109],[-68.231,-70.462],[-67.917,-70.854],[-67.565,-71.246],[-67.252,-71.638],[-67.134,-72.049],[-67.369,-72.48],[-67.957,-72.794],[-68.936,-73.009],[-70.209,-73.147],[-71.619,-73.264],[-72.834,-73.401],[-73.852,-73.656],[-74.89,-73.872],[-76.222,-73.97],[-76.907,-73.636],[-77.926,-73.421],[-79.297,-73.519],[-80.296,-73.127],[-80.687,-73.48],[-81.471,-73.852],[-82.666,-73.636],[-83.88,-73.519],[-85.192,-73.48],[-86.015,-73.088],[-87.268,-73.186],[-88.424,-73.009],[-89.227,-72.559],[-90.089,-73.323],[-91.421,-73.401],[-92.439,-73.166],[-93.673,-73.284],[-95.044,-73.48],[-96.337,-73.617],[-97.688,-73.558],[-98.119,-73.205],[-99.137,-72.911],[-100.313,-72.755],[-101.605,-72.813],[-102.917,-72.755],[-103.681,-72.618],[-103.329,-73.362],[-103.113,-73.734],[-102.545,-74.107],[-101.253,-74.185],[-100.763,-74.538],[-100.117,-74.871],[-100.646,-75.302],[-102.017,-75.126],[-103.368,-74.988],[-104.876,-74.949],[-106.149,-75.126],[-107.559,-75.184],[-108.715,-74.91],[-110.066,-74.793],[-111.261,-74.42],[-112.299,-74.714],[-112.945,-74.381],[-113.298,-74.028],[-113.944,-73.715],[-115.022,-74.068],[-116.216,-74.244],[-117.47,-74.028],[-118.684,-74.185],[-119.703,-74.479],[-121.074,-74.518],[-122.562,-74.499],[-124.011,-74.479],[-125.402,-74.518],[-126.891,-74.42],[-128.242,-74.322],[-129.554,-74.459],[-130.925,-74.479],[-132.257,-74.303],[-133.746,-74.44],[-134.431,-74.361],[-135.215,-74.303],[-136.429,-74.518],[-137.506,-74.734],[-138.858,-74.969],[-140.209,-75.067],[-141.639,-75.086],[-142.794,-75.341],[-144.322,-75.537],[-144.91,-75.204],[-146.202,-75.38],[-146.496,-75.733],[-146.144,-76.105],[-146.104,-76.478],[-147.612,-76.576],[-148.748,-76.909],[-150.002,-77.183],[-151.334,-77.399],[-152.92,-77.497],[-153.743,-77.066],[-155.329,-77.203],[-156.975,-77.301],[-157.875,-76.987],[-158.365,-76.889],[-158.052,-78.026],[-157.268,-78.378],[-155.976,-78.692],[-155.329,-79.064],[-153.39,-79.162],[-151.588,-79.299],[-149.532,-79.358],[-148.063,-79.652],[-146.77,-79.926],[-146.418,-80.338],[-147.221,-80.671],[-148.866,-81.043],[-150.648,-81.337],[-152.098,-81.004],[-154.409,-81.161],[-156.837,-81.102],[-155.29,-81.416],[-154.526,-81.768],[-152.862,-82.043],[-152.666,-82.454],[-153.038,-82.827],[-153.41,-83.238],[-153.586,-83.689],[-150.903,-83.904],[-150.061,-84.296],[-146.829,-84.531],[-142.892,-84.57],[-143.108,-85.041],[-145.889,-85.315],[-148.533,-85.609],[-150.942,-85.296],[-155.192,-85.1],[-158.071,-85.374],[-161.93,-85.139],[-164.182,-84.825],[-167.022,-84.57],[-168.53,-84.237],[-169,-84.118],[-169.951,-83.885],[-172.889,-84.061],[-173.117,-84.118],[-174.383,-84.534],[-175.83,-84.118],[-175.947,-84.11],[-176.085,-84.099],[-177.141,-84.418],[-177.257,-84.453],[-179.059,-84.139],[-179.942,-84.721],[-180,-84.713],[-180,-90],[180,-90],[180,-84.713]]]]},"properties":{"featurecla":"Admin-0 country","scalerank":1,"LABELRANK":4,"SOVEREIGNT":"Antarctica","SOV_A3":"ATA","ADM0_DIF":0,"LEVEL":2,"TYPE":"Indeterminate","TLC":"1","ADMIN":"Antarctica","ADM0_A3":"ATA","GEOU_DIF":0,"GEOUNIT":"Antarctica","GU_A3":"ATA","SU_DIF":0,"SUBUNIT":"Antarctica","SU_A3":"ATA","BRK_DIFF":0,"NAME":"Antarctica","NAME_LONG":"Antarctica","BRK_A3":"ATA","BRK_NAME":"Antarctica","BRK_GROUP":"","ABBREV":"Ant.","POSTAL":"AQ","FORMAL_EN":"","FORMAL_FR":"","NAME_CIAWF":"","NOTE_ADM0":"By treaty","NOTE_BRK":"Multiple claims held in abeyance by treaty","NAME_SORT":"Antarctica","NAME_ALT":"","MAPCOLOR7":4,"MAPCOLOR8":5,"MAPCOLOR9":1,"MAPCOLOR13":-99,"POP_EST":4490,"POP_RANK":4,"POP_YEAR":2019,"GDP_MD":898,"GDP_YEAR":2013,"ECONOMY":"6. Developing region","INCOME_GRP":"2. High income: nonOECD","FIPS_10":"AY","ISO_A2":"AQ","ISO_A2_EH":"AQ","ISO_A3":"ATA","ISO_A3_EH":"ATA","ISO_N3":"010","ISO_N3_EH":"010","UN_A3":"010","WB_A2":"-99","WB_A3":"-99","WOE_ID":28289409,"WOE_ID_EH":28289409,"WOE_NOTE":"Exact WOE match as country","ADM0_ISO":"ATA","ADM0_DIFF":"","ADM0_TLC":"ATA","ADM0_A3_US":"ATA","ADM0_A3_FR":"ATA","ADM0_A3_RU":"ATA","ADM0_A3_ES":"ATA","ADM0_A3_CN":"ATA","ADM0_A3_TW":"ATA","ADM0_A3_IN":"ATA","ADM0_A3_NP":"ATA","ADM0_A3_PK":"ATA","ADM0_A3_DE":"ATA","ADM0_A3_GB":"ATA","ADM0_A3_BR":"ATA","ADM0_A3_IL":"ATA","ADM0_A3_PS":"ATA","ADM0_A3_SA":"ATA","ADM0_A3_EG":"ATA","ADM0_A3_MA":"ATA","ADM0_A3_PT":"ATA","ADM0_A3_AR":"ATA","ADM0_A3_JP":"ATA","ADM0_A3_KO":"ATA","ADM0_A3_VN":"ATA","ADM0_A3_TR":"ATA","ADM0_A3_ID":"ATA","ADM0_A3_PL":"ATA","ADM0_A3_GR":"ATA","ADM0_A3_IT":"ATA","ADM0_A3_NL":"ATA","ADM0_A3_SE":"ATA","ADM0_A3_BD":"ATA","ADM0_A3_UA":"ATA","ADM0_A3_UN":-99,"ADM0_A3_WB":-99,"CONTINENT":"Antarctica","REGION_UN":"Antarctica","SUBREGION":"Antarctica","REGION_WB":"Antarctica","NAME_LEN":10,"LONG_LEN":10,"ABBREV_LEN":4,"TINY":-99,"HOMEPART":1,"MIN_ZOOM":0,"MIN_LABEL":4,"MAX_LABEL":9,"LABEL_X":35.885455,"LABEL_Y":-79.843222,"NE_ID":1159320335,"WIKIDATAID":"Q51","NAME_AR":"القارة القطبية الجنوبية","NAME_BN":"অ্যান্টার্কটিকা","NAME_DE":"Antarktika","NAME_EN":"Antarctica","NAME_ES":"Antártida","NAME_FA":"جنوبگان","NAME_FR":"Antarctique","NAME_EL":"Ανταρκτική","NAME_HE":"אנטארקטיקה","NAME_HI":"अंटार्कटिका","NAME_HU":"Antarktika","NAME_ID":"Antartika","NAME_IT":"Antartide","NAME_JA":"南極大陸","NAME_KO":"남극","NAME_NL":"Antarctica","NAME_PL":"Antarktyda","NAME_PT":"Antártida","NAME_RU":"Антарктида","NAME_SV":"Antarktis","NAME_TR":"Antarktika","NAME_UK":"Антарктида","NAME_UR":"انٹارکٹکا","NAME_VI":"Châu Nam Cực","NAME_ZH":"南极洲","NAME_ZHT":"南極洲","FCLASS_ISO":"Admin-0 dependency","TLC_DIFF":"","FCLASS_TLC":"Admin-0 dependency","FCLASS_US":"","FCLASS_FR":"","FCLASS_RU":"","FCLASS_ES":"","FCLASS_CN":"","FCLASS_TW":"","FCLASS_IN":"","FCLASS_NP":"","FCLASS_PK":"","FCLASS_DE":"","FCLASS_GB":"","FCLASS_BR":"","FCLASS_IL":"","FCLASS_PS":"","FCLASS_SA":"","FCLASS_EG":"","FCLASS_MA":"","FCLASS_PT":"","FCLASS_AR":"","FCLASS_JP":"","FCLASS_KO":"","FCLASS_VN":"","FCLASS_TR":"","FCLASS_ID":"","FCLASS_PL":"","FCLASS_GR":"","FCLASS_IT":"","FCLASS_NL":"","FCLASS_SE":"","FCLASS_BD":"","FCLASS_UA":""}},
{"type":"Feature","geometry":{"type":"Polygon","coordinates":[[[32.732,35.14],[32.92,35.088],[33.191,35.173],[33.384,35.163],[33.456,35.101],[33.476,35],[33.526,35.039],[33.675,35.018],[33.866,35.094],[33.974,35.059],[33.901,35.246],[34.576,35.672],[33.667,35.373],[32.947,35.387],[32.802,35.146],[32.732,35.14]]]},"properties":{"featurecla":"Admin-0 country","scalerank":1,"LABELRANK":6,"SOVEREIGNT":"Northern Cyprus","SOV_A3":"CYN","ADM0_DIF":0,"LEVEL":2,"TYPE":"Sovereign country","TLC":"1","ADMIN":"Northern Cyprus","ADM0_A3":"CYN","GEOU_DIF":0,"GEOUNIT":"Northern Cyprus","GU_A3":"CYN","SU_DIF":0,"SUBUNIT":"Northern Cyprus","SU_A3":"CYN","BRK_DIFF":0,"NAME":"N. Cyprus","NAME_LONG":"Northern Cyprus","BRK_A3":"CYN","BRK_NAME":"N. Cyprus","BRK_GROUP":"","ABBREV":"N. Cy.","POSTAL":"CN","FORMAL_EN":"Turkish Republic of Northern Cyprus","FORMAL_FR":"","NAME_CIAWF":"","NOTE_ADM0":"Self admin.","NOTE_BRK":"Self admin.; Claimed by Cyprus","NAME_SORT":"Cyprus, Northern","NAME_ALT":"","MAPCOLOR7":3,"MAPCOLOR8":1,"MAPCOLOR9":4,"MAPCOLOR13":8,"POP_EST":326000,"POP_RANK":10,"POP_YEAR":2017,"GDP_MD":3600,"GDP_YEAR":2013,"ECONOMY":"6. Developing region","INCOME_GRP":"3. Upper middle income","FIPS_10":"-99","ISO_A2":"-99","ISO_A2_EH":"-99","ISO_A3":"-99","ISO_A3_EH":"-99","ISO_N3":"-99","ISO_N3_EH":"-99","UN_A3":"-099","WB_A2":"-99","WB_A3":"-99","WOE_ID":-90,"WOE_ID_EH":23424995,"WOE_NOTE":"WOE lists as subunit of united Cyprus","ADM0_ISO":"CYP","ADM0_DIFF":"1","ADM0_TLC":"CYN","ADM0_A3_US":"CYP","ADM0_A3_FR":"CYP","ADM0_A3_RU":"CYP","ADM0_A3_ES":"CYP","ADM0_A3_CN":"CYP","ADM0_A3_TW":"CYP","ADM0_A3_IN":"CYP","ADM0_A3_NP":"CYP","ADM0_A3_PK":"CYP","ADM0_A3_DE":"CYP","ADM0_A3_GB":"CYP","ADM0_A3_BR":"CYP","ADM0_A3_IL":"CYP","ADM0_A3_PS":"CYP","ADM0_A3_SA":"CYP","ADM0_A3_EG":"CYP","ADM0_A3_MA":"CYP","ADM0_A3_PT":"CYP","ADM0_A3_AR":"CYP","ADM0_A3_JP":"CYP","ADM0_A3_KO":"CYP","ADM0_A3_VN":"CYP","ADM0_A3_TR":"CYN","ADM0_A3_ID":"CYP","ADM0_A3_PL":"CYP","ADM0_A3_GR":"CYP","ADM0_A3_IT":"CYP","ADM0_A3_NL":"CYP","ADM0_A3_SE":"CYP","ADM0_A3_BD":"CYP","ADM0_A3_UA":"CYP","ADM0_A3_UN":-99,"ADM0_A3_WB":-99,"CONTINENT":"Asia","REGION_UN":"Asia","SUBREGION":"Western Asia","REGION_WB":"Europe & Central Asia","NAME_LEN":9,"LONG_LEN":15,"ABBREV_LEN":6,"TINY":-99,"HOMEPART":1,"MIN_ZOOM":0,"MIN_LABEL":6,"MAX_LABEL":10,"LABEL_X":33.692434,"LABEL_Y":35.216071,"NE_ID":1159320531,"WIKIDATAID":"Q23681","NAME_AR":"قبرص الشمالية","NAME_BN":"উত্তর সাইপ্রাস","NAME_DE":"Türkische Republik Nordzypern","NAME_EN":"Turkish Republic of Northern Cyprus","NAME_ES":"República Turca del Norte de Chipre","NAME_FA":"جمهوری ترک قبرس شمالی","NAME_FR":"Chypre du Nord","NAME_EL":"Τουρκική Δημοκρατία της Βόρειας Κύπρου","NAME_HE":"הרפובליקה הטורקית של צפון קפריסין","NAME_HI":"उत्तरी साइप्रस","NAME_HU":"Észak-Ciprus","NAME_ID":"Republik Turki Siprus Utara","NAME_IT":"Cipro del Nord","NAME_JA":"北キプロス・トルコ共和国","NAME_KO":"북키프로스","NAME_NL":"Noord-Cyprus","NAME_PL":"Cypr Północny","NAME_PT":"República Turca do Chipre do Norte","NAME_RU":"Турецкая Республика Северного Кипра","NAME_SV":"Nordcypern","NAME_TR":"Kuzey Kıbrıs Türk Cumhuriyeti","NAME_UK":"Турецька Республіка Північного Кіпру","NAME_UR":"ترک جمہوریہ شمالی قبرص","NAME_VI":"Bắc Síp","NAME_ZH":"北塞浦路斯土耳其共和国","NAME_ZHT":"北賽普勒斯土耳其共和國","FCLASS_ISO":"Unrecognized","TLC_DIFF":"1","FCLASS_TLC":"Admin-0 country","FCLASS_US":"Admin-0 breakaway and disputed","FCLASS_FR":"Unrecognized","FCLASS_RU":"Unrecognized","FCLASS_ES":"Unrecognized","FCLASS_CN":"Unrecognized","FCLASS_TW":"Unrecognized","FCLASS_IN":"Unrecognized","FCLASS_NP":"Unrecognized","FCLASS_PK":"Unrecognized","FCLASS_DE":"Unrecognized","FCLASS_GB":"Unrecognized","FCLASS_BR":"Unrecognized","FCLASS_IL":"Unrecognized","FCLASS_PS":"Unrecognized","FCLASS_SA":"Unrecognized","FCLASS_EG":"Unrecognized","FCLASS_MA":"Unrecognized","FCLASS_PT":"Unrecognized","FCLASS_AR":"Unrecognized","FCLASS_JP":"Unrecognized","FCLASS_KO":"Unrecognized","FCLASS_VN":"Unrecognized","FCLASS_TR":"Admin-0 country","FCLASS_ID":"Unrecognized","FCLASS_PL":"Unrecognized","FCLASS_GR":"Unrecognized","FCLASS_IT":"Unrecognized","FCLASS_NL":"Unrecognized","FCLASS_SE":"Unrecognized","FCLASS_BD":"Unrecognized","FCLASS_UA":"Unrecognized"}},
{"type":"Feature","geometry":{"type":"Polygon","coordinates":[[[32.732,35.14],[32.257,35.103],[32.49,34.702],[32.98,34.572],[34.005,34.978],[33.974,35.059],[33.866,35.094],[33.675,35.018],[33.526,35.039],[33.476,35],[33.456,35.101],[33.384,35.163],[33.191,35.173],[32.92,35.088],[32.732,35.14]]]},"properties":{"featurecla":"Admin-0 country","scalerank":1,"LABELRANK":5,"SOVEREIGNT":"Cyprus","SOV_A3":"CYP","ADM0_DIF":0,"LEVEL":2,"TYPE":"Sovereign country","TLC":"1","ADMIN":"Cyprus","ADM0_A3":"CYP","GEOU_DIF":0,"GEOUNIT":"Cyprus","GU_A3":"CYP","SU_DIF":0,"SUBUNIT":"Cyprus","SU_A3":"CYP","BRK_DIFF":0,"NAME":"Cyprus","NAME_LONG":"Cyprus","BRK_A3":"CYP","BRK_NAME":"Cyprus","BRK_GROUP":"","ABBREV":"Cyp.","POSTAL":"CY","FORMAL_EN":"Republic of Cyprus","FORMAL_FR":"","NAME_CIAWF":"Cyprus","NOTE_ADM0":"","NOTE_BRK":"","NAME_SORT":"Cyprus","NAME_ALT":"","MAPCOLOR7":1,"MAPCOLOR8":2,"MAPCOLOR9":3,"MAPCOLOR13":7,"POP_EST":1198575,"POP_RANK":12,"POP_YEAR":2019,"GDP_MD":24948,"GDP_YEAR":2019,"ECONOMY":"6. Developing region","INCOME_GRP":"2. High income: nonOECD","FIPS_10":"CY","ISO_A2":"CY","ISO_A2_EH":"CY","ISO_A3":"CYP","ISO_A3_EH":"CYP","ISO_N3":"196","ISO_N3_EH":"196","UN_A3":"196","WB_A2":"CY","WB_A3":"CYP","WOE_ID":-90,"WOE_ID_EH":23424994,"WOE_NOTE":"WOE lists as subunit of united Cyprus","ADM0_ISO":"CYP","ADM0_DIFF":"","ADM0_TLC":"CYP","ADM0_A3_US":"CYP","ADM0_A3_FR":"CYP","ADM0_A3_RU":"CYP","ADM0_A3_ES":"CYP","ADM0_A3_CN":"CYP","ADM0_A3_TW":"CYP","ADM0_A3_IN":"CYP","ADM0_A3_NP":"CYP","ADM0_A3_PK":"CYP","ADM0_A3_DE":"CYP","ADM0_A3_GB":"CYP","ADM0_A3_BR":"CYP","ADM0_A3_IL":"CYP","ADM0_A3_PS":"CYP","ADM0_A3_SA":"CYP","ADM0_A3_EG":"CYP","ADM0_A3_MA":"CYP","ADM0_A3_PT":"CYP","ADM0_A3_AR":"CYP","ADM0_A3_JP":"CYP","ADM0_A3_KO":"CYP","ADM0_A3_VN":"CYP","ADM0_A3_TR":"CYP","ADM0_A3_ID":"CYP","ADM0_A3_PL":"CYP","ADM0_A3_GR":"CYP","ADM0_A3_IT":"CYP","ADM0_A3_NL":"CYP","ADM0_A3_SE":"CYP","ADM0_A3_BD":"CYP","ADM0_A3_UA":"CYP","ADM0_A3_UN":-99,"ADM0_A3_WB":-99,"CONTINENT":"Asia","REGION_UN":"Asia","SUBREGION":"Western Asia","REGION_WB":"Europe & Central Asia","NAME_LEN":6,"LONG_LEN":6,"ABBREV_LEN":4,"TINY":-99,"HOMEPART":1,"MIN_ZOOM":0,"MIN_LABEL":4.5,"MAX_LABEL":9.5,"LABEL_X":33.084182,"LABEL_Y":34.913329,"NE_ID":1159320533,"WIKIDATAID":"Q229","NAME_AR":"قبرص","NAME_BN":"সাইপ্রাস","NAME_DE":"Republik Zypern","NAME_EN":"Cyprus","NAME_ES":"Chipre","NAME_FA":"قبرس","NAME_FR":"Chypre","NAME_EL":"Κύπρος","NAME_HE":"קפריסין","NAME_HI":"साइप्रस","NAME_HU":"Ciprus","NAME_ID":"Siprus","NAME_IT":"Cipro","NAME_JA":"キプロス","NAME_KO":"키프로스","NAME_NL":"Cyprus","NAME_PL":"Cypr","NAME_PT":"Chipre","NAME_RU":"Кипр","NAME_SV":"Cypern","NAME_TR":"Kıbrıs Cumhuriyeti","NAME_UK":"Кіпр","NAME_UR":"قبرص","NAME_VI":"Cộng hòa Síp","NAME_ZH":"塞浦路斯","NAME_ZHT":"賽普勒斯","FCLASS_ISO":"Admin-0 country","TLC_DIFF":"","FCLASS_TLC":"Admin-0 country","FCLASS_US":"","FCLASS_FR":"","FCLASS_RU":"","FCLASS_ES":"","FCLASS_CN":"","FCLASS_TW":"","FCLASS_IN":"","FCLASS_NP":"","FCLASS_PK":"","FCLASS_DE":"","FCLASS_GB":"","FCLASS_BR":"","FCLASS_IL":"","FCLASS_PS":"","FCLASS_SA":"","FCLASS_EG":"","FCLASS_MA":"","FCLASS_PT":"","FCLASS_AR":"","FCLASS_JP":"","FCLASS_KO":"","FCLASS_VN":"","FCLASS_TR":"","FCLASS_ID":"","FCLASS_PL":"","FCLASS_GR":"","FCLASS_IT":"","FCLASS_NL":"","FCLASS_SE":"","FCLASS_BD":"","FCLASS_UA":""}},
{"type":"Feature","geometry":{"type":"Polygon","coordinates":[[[-2.17,35.168],[-2.604,35.179],[-3.64,35.4],[-4.591,35.331],[-5.194,35.755],[-5.93,35.76],[-6.244,35.146],[-6.913,34.11],[-7.654,33.697],[-8.657,33.24],[-9.301,32.565],[-9.435,32.038],[-9.815,31.178],[-9.565,29.934],[-10.4,29.099],[-10.901,28.832],[-11.689,28.149],[-12.619,28.038],[-13.122,27.654],[-13.14,27.64],[-13.774,26.619],[-14.44,26.254],[-14.801,25.636],[-14.825,25.104],[-15.089,24.52],[-15.426,24.359],[-15.983,23.723],[-16.326,23.018],[-16.262,22.679],[-16.589,22.158],[-16.973,21.886],[-17.02,21.422],[-17.003,21.421],[-14.751,21.501],[-14.631,21.861],[-14.221,22.31],[-13.891,23.691],[-12.501,24.77],[-12.031,26.031],[-11.718,26.104],[-11.393,26.883],[-10.551,26.991],[-10.189,26.861],[-9.735,26.861],[-9.413,27.088],[-8.795,27.121],[-8.818,27.656],[-8.666,27.656],[-8.674,28.841],[-7.059,29.579],[-6.061,29.732],[-5.242,30],[-4.86,30.501],[-3.69,30.897],[-3.647,31.637],[-3.069,31.724],[-2.617,32.094],[-1.308,32.263],[-1.125,32.652],[-1.388,32.864],[-1.733,33.92],[-1.793,34.528],[-2.17,35.168]]]},"properties":{"featurecla":"Admin-0 country","scalerank":1,"LABELRANK":3,"SOVEREIGNT":"Morocco","SOV_A3":"MAR","ADM0_DIF":0,"LEVEL":2,"TYPE":"Sovereign country","TLC":"1","ADMIN":"Morocco","ADM0_A3":"MAR","GEOU_DIF":0,"GEOUNIT":"Morocco","GU_A3":"MAR","SU_DIF":0,"SUBUNIT":"Morocco","SU_A3":"MAR","BRK_DIFF":0,"NAME":"Morocco","NAME_LONG":"Morocco","BRK_A3":"MAR","BRK_NAME":"Morocco","BRK_GROUP":"","ABBREV":"Mor.","POSTAL":"MA","FORMAL_EN":"Kingdom of Morocco","FORMAL_FR":"","NAME_CIAWF":"Morocco","NOTE_ADM0":"","NOTE_BRK":"","NAME_SORT":"Morocco","NAME_ALT":"","MAPCOLOR7":2,"MAPCOLOR8":2,"MAPCOLOR9":3,"MAPCOLOR13":9,"POP_EST":36471769,"POP_RANK":15,"POP_YEAR":2019,"GDP_MD":119700,"GDP_YEAR":2019,"ECONOMY":"6. Developing region","INCOME_GRP":"4. Lower middle income","FIPS_10":"MO","ISO_A2":"MA","ISO_A2_EH":"MA","ISO_A3":"MAR","ISO_A3_EH":"MAR","ISO_N3":"504","ISO_N3_EH":"504","UN_A3":"504","WB_A2":"MA","WB_A3":"MAR","WOE_ID":23424893,"WOE_ID_EH":23424893,"WOE_NOTE":"Exact WOE match as country","ADM0_ISO":"MAR","ADM0_DIFF":"","ADM0_TLC":"MAR","ADM0_A3_US":"MAR","ADM0_A3_FR":"MAR","ADM0_A3_RU":"MAR","ADM0_A3_ES":"MAR","ADM0_A3_CN":"MAR","ADM0_A3_TW":"MAR","ADM0_A3_IN":"MAR","ADM0_A3_NP":"MAR","ADM0_A3_PK":"MAR","ADM0_A3_DE":"MAR","ADM0_A3_GB":"MAR","ADM0_A3_BR":"MAR","ADM0_A3_IL":"MAR","ADM0_A3_PS":"MAR","ADM0_A3_SA":"MAR","ADM0_A3_EG":"MAR","ADM0_A3_MA":"MAR","ADM0_A3_PT":"MAR","ADM0_A3_AR":"MAR","ADM0_A3_JP":"MAR","ADM0_A3_KO":"MAR","ADM0_A3_VN":"MAR","ADM0_A3_TR":"MAR","ADM0_A3_ID":"MAR","ADM0_A3_PL":"MAR","ADM0_A3_GR":"MAR","ADM0_A3_IT":"MAR","ADM0_A3_NL":"MAR","ADM0_A3_SE":"MAR","ADM0_A3_BD":"MAR","ADM0_A3_UA":"MAR","ADM0_A3_UN":-99,"ADM0_A3_WB":-99,"CONTINENT":"Africa","REGION_UN":"Africa","SUBREGION":"Northern Africa","REGION_WB":"Middle East & North Africa","NAME_LEN":7,"LONG_LEN":7,"ABBREV_LEN":4,"TINY":-99,"HOMEPART":1,"MIN_ZOOM":0,"MIN_LABEL":2.7,"MAX_LABEL":8,"LABEL_X":-7.187296,"LABEL_Y":31.650723,"NE_ID":1159321035,"WIKIDATAID":"Q1028","NAME_AR":"المغرب","NAME_BN":"মরক্কো","NAME_DE":"Marokko","NAME_EN":"Morocco","NAME_ES":"Marruecos","NAME_FA":"مراکش","NAME_FR":"Maroc","NAME_EL":"Μαρόκο","NAME_HE":"מרוקו","NAME_HI":"मोरक्को","NAME_HU":"Marokkó","NAME_ID":"Maroko","NAME_IT":"Marocco","NAME_JA":"モロッコ","NAME_KO":"모로코","NAME_NL":"Marokko","NAME_PL":"Maroko","NAME_PT":"Marrocos","NAME_RU":"Марокко","NAME_SV":"Marocko","NAME_TR":"Fas","NAME_UK":"Марокко","NAME_UR":"مراکش","NAME_VI":"Maroc","NAME_ZH":"摩洛哥","NAME_ZHT":"摩洛哥","FCLASS_ISO":"Admin-0 country","TLC_DIFF":"","FCLASS_TLC":"Admin-0 country","FCLASS_US":"","FCLASS_FR":"","FCLASS_RU":"","FCLASS_ES":"","FCLASS_CN":"","FCLASS_TW":"","FCLASS_IN":"","FCLASS_NP":"","FCLASS_PK":"","FCLASS_DE":"","FCLASS_GB":"","FCLASS_BR":"","FCLASS_IL":"","FCLASS_PS":"","FCLASS_SA":"","FCLASS_EG":"","FCLASS_MA":"","FCLASS_PT":"","FCLASS_AR":"","FCLASS_JP":"","FCLASS_KO":"","FCLASS_VN":"","FCLASS_TR":"","FCLASS_ID":"","FCLASS_PL":"","FCLASS_GR":"","FCLASS_IT":"","FCLASS_NL":"","FCLASS_SE":"","FCLASS_BD":"","FCLASS_UA":""}},
{"type":"Feature","geometry":{"type":"Polygon","coordinates":[[[36.866,22],[36.691,22.205],[35.526,23.102],[35.494,23.752],[35.692,23.927],[34.795,25.034],[34.474,25.599],[34.105,26.142],[33.349,27.7],[32.735,28.705],[32.32,29.76],[32.423,29.851],[33.137,28.418],[33.588,27.971],[33.921,27.649],[34.155,27.823],[34.427,28.344],[34.642,29.099],[34.923,29.501],[34.823,29.761],[34.265,31.219],[33.773,30.967],[32.994,31.024],[32.192,31.26],[31.96,30.934],[31.688,31.43],[30.977,31.556],[30.095,31.473],[29.683,31.187],[28.914,30.87],[28.45,31.026],[27.458,31.321],[26.495,31.586],[25.165,31.569],[24.803,31.089],[24.958,30.662],[24.7,30.044],[25,29.239],[25,25.682],[25,22],[29.02,22],[32.9,22],[36.866,22]]]},"properties":{"featurecla":"Admin-0 country","scalerank":1,"LABELRANK":2,"SOVEREIGNT":"Egypt","SOV_A3":"EGY","ADM0_DIF":0,"LEVEL":2,"TYPE":"Sovereign country","TLC":"1","ADMIN":"Egypt","ADM0_A3":"EGY","GEOU_DIF":0,"GEOUNIT":"Egypt","GU_A3":"EGY","SU_DIF":0,"SUBUNIT":"Egypt","SU_A3":"EGY","BRK_DIFF":0,"NAME":"Egypt","NAME_LONG":"Egypt","BRK_A3":"EGY","BRK_NAME":"Egypt","BRK_GROUP":"","ABBREV":"Egypt","POSTAL":"EG","FORMAL_EN":"Arab Republic of Egypt","FORMAL_FR":"","NAME_CIAWF":"Egypt","NOTE_ADM0":"","NOTE_BRK":"","NAME_SORT":"Egypt, Arab Rep.","NAME_ALT":"","MAPCOLOR7":4,"MAPCOLOR8":6,"MAPCOLOR9":7,"MAPCOLOR13":2,"POP_EST":100388073,"POP_RANK":17,"POP_YEAR":2019,"GDP_MD":303092,"GDP_YEAR":2019,"ECONOMY":"5. Emerging region: G20","INCOME_GRP":"4. Lower middle income","FIPS_10":"EG","ISO_A2":"EG","ISO_A2_EH":"EG","ISO_A3":"EGY","ISO_A3_EH":"EGY","ISO_N3":"818","ISO_N3_EH":"818","UN_A3":"818","WB_A2":"EG","WB_A3":"EGY","WOE_ID":23424802,"WOE_ID_EH":23424802,"WOE_NOTE":"Exact WOE match as country","ADM0_ISO":"EGY","ADM0_DIFF":"","ADM0_TLC":"EGY","ADM0_A3_US":"EGY","ADM0_A3_FR":"EGY","ADM0_A3_RU":"EGY","ADM0_A3_ES":"EGY","ADM0_A3_CN":"EGY","ADM0_A3_TW":"EGY","ADM0_A3_IN":"EGY","ADM0_A3_NP":"EGY","ADM0_A3_PK":"EGY","ADM0_A3_DE":"EGY","ADM0_A3_GB":"EGY","ADM0_A3_BR":"EGY","ADM0_A3_IL":"EGY","ADM0_A3_PS":"EGY","ADM0_A3_SA":"EGY","ADM0_A3_EG":"EGY","ADM0_A3_MA":"EGY","ADM0_A3_PT":"EGY","ADM0_A3_AR":"EGY","ADM0_A3_JP":"EGY","ADM0_A3_KO":"EGY","ADM0_A3_VN":"EGY","ADM0_A3_TR":"EGY","ADM0_A3_ID":"EGY","ADM0_A3_PL":"EGY","ADM0_A3_GR":"EGY","ADM0_A3_IT":"EGY","ADM0_A3_NL":"EGY","ADM0_A3_SE":"EGY","ADM0_A3_BD":"EGY","ADM0_A3_UA":"EGY","ADM0_A3_UN":-99,"ADM0_A3_WB":-99,"CONTINENT":"Africa","REGION_UN":"Africa","SUBREGION":"Northern Africa","REGION_WB":"Middle East & North Africa","NAME_LEN":5,"LONG_LEN":5,"ABBREV_LEN":5,"TINY":-99,"HOMEPART":1,"MIN_ZOOM":0,"MIN_LABEL":1.7,"MAX_LABEL":6.7,"LABEL_X":29.445837,"LABEL_Y":26.186173,"NE_ID":1159320575,"WIKIDATAID":"Q79","NAME_AR":"مصر","NAME_BN":"মিশর","NAME_DE":"Ägypten","NAME_EN":"Egypt","NAME_ES":"Egipto","NAME_FA":"مصر","NAME_FR":"Égypte","NAME_EL":"Αίγυπτος","NAME_HE":"מצרים","NAME_HI":"मिस्र","NAME_HU":"Egyiptom","NAME_ID":"Mesir","NAME_IT":"Egitto","NAME_JA":"エジプト","NAME_KO":"이집트","NAME_NL":"Egypte","NAME_PL":"Egipt","NAME_PT":"Egito","NAME_RU":"Египет","NAME_SV":"Egypten","NAME_TR":"Mısır","NAME_UK":"Єгипет","NAME_UR":"مصر","NAME_VI":"Ai Cập","NAME_ZH":"埃及","NAME_ZHT":"埃及","FCLASS_ISO":"Admin-0 country","TLC_DIFF":"","FCLASS_TLC":"Admin-0 country","FCLASS_US":"","FCLASS_FR":"","FCLASS_RU":"","FCLASS_ES":"","FCLASS_CN":"","FCLASS_TW":"","FCLASS_IN":"","FCLASS_NP":"","FCLASS_PK":"","FCLASS_DE":"","FCLASS_GB":"","FCLASS_BR":"","FCLASS_IL":"","FCLASS_PS":"","FCLASS_SA":"","FCLASS_EG":"","FCLASS_MA":"","FCLASS_PT":"","FCLASS_AR":"","FCLASS_JP":"","FCLASS_KO":"","FCLASS_VN":"","FCLASS_TR":"","FCLASS_ID":"","FCLASS_PL":"","FCLASS_GR":"","FCLASS_IT":"","FCLASS_NL":"","FCLASS_SE":"","FCLASS_BD":"","FCLASS_UA":""}},
{"type":"Feature","geometry":{"type":"Polygon","coordinates":[[[25,22],[25,25.682],[25,29.239],[24.7,30.044],[24.958,30.662],[24.803,31.089],[25.165,31.569],[24.921,31.899],[23.928,32.017],[23.609,32.187],[23.237,32.191],[22.896,32.639],[21.543,32.843],[20.855,32.707],[20.134,32.238],[19.82,31.752],[20.053,30.986],[19.574,30.526],[19.086,30.266],[18.021,30.764],[16.612,31.182],[15.714,31.376],[15.246,32.265],[13.919,32.712],[13.083,32.879],[12.663,32.793],[11.489,33.137],[11.432,32.369],[10.945,32.082],[10.637,31.761],[9.95,31.376],[10.057,30.962],[9.97,30.539],[9.482,30.308],[9.806,29.425],[9.86,28.96],[9.684,28.144],[9.756,27.688],[9.629,27.141],[9.716,26.512],[9.319,26.094],[9.911,25.365],[9.948,24.937],[10.304,24.379],[10.771,24.563],[11.561,24.098],[12,23.472],[13.581,23.041],[14.144,22.491],[14.851,22.863],[15.861,23.41],[19.849,21.495],[23.838,19.58],[23.85,20],[25,20.003],[25,22]]]},"properties":{"featurecla":"Admin-0 country","scalerank":1,"LABELRANK":3,"SOVEREIGNT":"Libya","SOV_A3":"LBY","ADM0_DIF":0,"LEVEL":2,"TYPE":"Sovereign country","TLC":"1","ADMIN":"Libya","ADM0_A3":"LBY","GEOU_DIF":0,"GEOUNIT":"Libya","GU_A3":"LBY","SU_DIF":0,"SUBUNIT":"Libya","SU_A3":"LBY","BRK_DIFF":0,"NAME":"Libya","NAME_LONG":"Libya","BRK_A3":"LBY","BRK_NAME":"Libya","BRK_GROUP":"","ABBREV":"Libya","POSTAL":"LY","FORMAL_EN":"Libya","FORMAL_FR":"","NAME_CIAWF":"Libya","NOTE_ADM0":"","NOTE_BRK":"","NAME_SORT":"Libya","NAME_ALT":"","MAPCOLOR7":1,"MAPCOLOR8":2,"MAPCOLOR9":2,"MAPCOLOR13":11,"POP_EST":6777452,"POP_RANK":13,"POP_YEAR":2019,"GDP_MD":52091,"GDP_YEAR":2019,"ECONOMY":"6. Developing region","INCOME_GRP":"3. Upper middle income","FIPS_10":"LY","ISO_A2":"LY","ISO_A2_EH":"LY","ISO_A3":"LBY","ISO_A3_EH":"LBY","ISO_N3":"434","ISO_N3_EH":"434","UN_A3":"434","WB_A2":"LY","WB_A3":"LBY","WOE_ID":23424882,"WOE_ID_EH":23424882,"WOE_NOTE":"Exact WOE match as country","ADM0_ISO":"LBY","ADM0_DIFF":"","ADM0_TLC":"LBY","ADM0_A3_US":"LBY","ADM0_A3_FR":"LBY","ADM0_A3_RU":"LBY","ADM0_A3_ES":"LBY","ADM0_A3_CN":"LBY","ADM0_A3_TW":"LBY","ADM0_A3_IN":"LBY","ADM0_A3_NP":"LBY","ADM0_A3_PK":"LBY","ADM0_A3_DE":"LBY","ADM0_A3_GB":"LBY","ADM0_A3_BR":"LBY","ADM0_A3_IL":"LBY","ADM0_A3_PS":"LBY","ADM0_A3_SA":"LBY","ADM0_A3_EG":"LBY","ADM0_A3_MA":"LBY","ADM0_A3_PT":"LBY","ADM0_A3_AR":"LBY","ADM0_A3_JP":"LBY","ADM0_A3_KO":"LBY","ADM0_A3_VN":"LBY","ADM0_A3_TR":"LBY","ADM0_A3_ID":"LBY","ADM0_A3_PL":"LBY","ADM0_A3_GR":"LBY","ADM0_A3_IT":"LBY","ADM0_A3_NL":"LBY","ADM0_A3_SE":"LBY","ADM0_A3_BD":"LBY","ADM0_A3_UA":"LBY","ADM0_A3_UN":-99,"ADM0_A3_WB":-99,"CONTINENT":"Africa","REGION_UN":"Africa","SUBREGION":"Northern Africa","REGION_WB":"Middle East & North Africa","NAME_LEN":5,"LONG_LEN":5,"ABBREV_LEN":5,"TINY":-99,"HOMEPART":1,"MIN_ZOOM":0,"MIN_LABEL":3,"MAX_LABEL":8,"LABEL_X":18.011015,"LABEL_Y":26.638944,"NE_ID":1159321017,"WIKIDATAID":"Q1016","NAME_AR":"ليبيا","NAME_BN":"লিবিয়া","NAME_DE":"Libyen","NAME_EN":"Libya","NAME_ES":"Libia","NAME_FA":"لیبی","NAME_FR":"Libye","NAME_EL":"Λιβύη","NAME_HE":"לוב","NAME_HI":"लीबिया","NAME_HU":"Líbia","NAME_ID":"Libya","NAME_IT":"Libia","NAME_JA":"リビア","NAME_KO":"리비아","NAME_NL":"Libië","NAME_PL":"Libia","NAME_PT":"Líbia","NAME_RU":"Ливия","NAME_SV":"Libyen","NAME_TR":"Libya","NAME_UK":"Лівія","NAME_UR":"لیبیا","NAME_VI":"Libya","NAME_ZH":"利比亚","NAME_ZHT":"利比亞","FCLASS_ISO":"Admin-0 country","TLC_DIFF":"","FCLASS_TLC":"Admin-0 country","FCLASS_US":"","FCLASS_FR":"","FCLASS_RU":"","FCLASS_ES":"","FCLASS_CN":"","FCLASS_TW":"","FCLASS_IN":"","FCLASS_NP":"","FCLASS_PK":"","FCLASS_DE":"","FCLASS_GB":"","FCLASS_BR":"","FCLASS_IL":"","FCLASS_PS":"","FCLASS_SA":"","FCLASS_EG":"","FCLASS_MA":"","FCLASS_PT":"","FCLASS_AR":"","FCLASS_JP":"","FCLASS_KO":"","FCLASS_VN":"","FCLASS_TR":"","FCLASS_ID":"","FCLASS_PL":"","FCLASS_GR":"","FCLASS_IT":"","FCLASS_NL":"","FCLASS_SE":"","FCLASS_BD":"","FCLASS_UA":""}},
{"type":"Feature","geometry":{"type":"Polygon","coordinates":[[[47.789,8.003],[46.948,7.997],[43.679,9.184],[43.297,9.54],[42.928,10.022],[42.559,10.573],[42.777,10.927],[42.555,11.105],[42.314,11.034],[41.756,11.051],[41.74,11.355],[41.662,11.631],[42,12.1],[42.352,12.542],[42.01,12.866],[41.599,13.452],[41.155,13.773],[40.897,14.119],[40.026,14.52],[39.341,14.532],[39.099,14.741],[38.513,14.505],[37.906,14.959],[37.594,14.213],[36.43,14.422],[36.27,13.563],[35.864,12.578],[35.26,12.083],[34.832,11.319],[34.731,10.91],[34.257,10.63],[33.962,9.584],[33.975,8.685],[33.826,8.379],[33.295,8.355],[32.954,7.785],[33.568,7.713],[34.075,7.226],[34.25,6.826],[34.707,6.594],[35.298,5.506],[35.817,5.338],[35.817,4.777],[36.159,4.448],[36.855,4.448],[38.121,3.599],[38.437,3.589],[38.671,3.616],[38.893,3.501],[39.559,3.422],[39.855,3.839],[40.768,4.257],[41.172,3.919],[41.855,3.919],[42.129,4.234],[42.77,4.253],[43.661,4.958],[44.964,5.002],[47.789,8.003]]]},"properties":{"featurecla":"Admin-0 country","scalerank":1,"LABELRANK":2,"SOVEREIGNT":"Ethiopia","SOV_A3":"ETH","ADM0_DIF":0,"LEVEL":2,"TYPE":"Sovereign country","TLC":"1","ADMIN":"Ethiopia","ADM0_A3":"ETH","GEOU_DIF":0,"GEOUNIT":"Ethiopia","GU_A3":"ETH","SU_DIF":0,"SUBUNIT":"Ethiopia","SU_A3":"ETH","BRK_DIFF":0,"NAME":"Ethiopia","NAME_LONG":"Ethiopia","BRK_A3":"ETH","BRK_NAME":"Ethiopia","BRK_GROUP":"","ABBREV":"Eth.","POSTAL":"ET","FORMAL_EN":"Federal Democratic Republic of Ethiopia","FORMAL_FR":"","NAME_CIAWF":"Ethiopia","NOTE_ADM0":"","NOTE_BRK":"","NAME_SORT":"Ethiopia","NAME_ALT":"","MAPCOLOR7":4,"MAPCOLOR8":4,"MAPCOLOR9":1,"MAPCOLOR13":13,"POP_EST":112078730,"POP_RANK":17,"POP_YEAR":2019,"GDP_MD":95912,"GDP_YEAR":2019,"ECONOMY":"7. Least developed region","INCOME_GRP":"5. Low income","FIPS_10":"ET","ISO_A2":"ET","ISO_A2_EH":"ET","ISO_A3":"ETH","ISO_A3_EH":"ETH","ISO_N3":"231","ISO_N3_EH":"231","UN_A3":"231","WB_A2":"ET","WB_A3":"ETH","WOE_ID":23424808,"WOE_ID_EH":23424808,"WOE_NOTE":"Exact WOE match as country","ADM0_ISO":"ETH","ADM0_DIFF":"","ADM0_TLC":"ETH","ADM0_A3_US":"ETH","ADM0_A3_FR":"ETH","ADM0_A3_RU":"ETH","ADM0_A3_ES":"ETH","ADM0_A3_CN":"ETH","ADM0_A3_TW":"ETH","ADM0_A3_IN":"ETH","ADM0_A3_NP":"ETH","ADM0_A3_PK":"ETH","ADM0_A3_DE":"ETH","ADM0_A3_GB":"ETH","ADM0_A3_BR":"ETH","ADM0_A3_IL":"ETH","ADM0_A3_PS":"ETH","ADM0_A3_SA":"ETH","ADM0_A3_EG":"ETH","ADM0_A3_MA":"ETH","ADM0_A3_PT":"ETH","ADM0_A3_AR":"ETH","ADM0_A3_JP":"ETH","ADM0_A3_KO":"ETH","ADM0_A3_VN":"ETH","ADM0_A3_TR":"ETH","ADM0_A3_ID":"ETH","ADM0_A3_PL":"ETH","ADM0_A3_GR":"ETH","ADM0_A3_IT":"ETH","ADM0_A3_NL":"ETH","ADM0_A3_SE":"ETH","ADM0_A3_BD":"ETH","ADM0_A3_UA":"ETH","ADM0_A3_UN":-99,"ADM0_A3_WB":-99,"CONTINENT":"Africa","REGION_UN":"Africa","SUBREGION":"Eastern Africa","REGION_WB":"Sub-Saharan Africa","NAME_LEN":8,"LONG_LEN":8,"ABBREV_LEN":4,"TINY":-99,"HOMEPART":1,"MIN_ZOOM":0,"MIN_LABEL":2,"MAX_LABEL":7,"LABEL_X":39.0886,"LABEL_Y":8.032795,"NE_ID":1159320617,"WIKIDATAID":"Q115","NAME_AR":"إثيوبيا","NAME_BN":"ইথিওপিয়া","NAME_DE":"Äthiopien","NAME_EN":"Ethiopia","NAME_ES":"Etiopía","NAME_FA":"اتیوپی","NAME_FR":"Éthiopie","NAME_EL":"Αιθιοπία","NAME_HE":"אתיופיה","NAME_HI":"इथियोपिया","NAME_HU":"Etiópia","NAME_ID":"Ethiopia","NAME_IT":"Etiopia","NAME_JA":"エチオピア","NAME_KO":"에티오피아","NAME_NL":"Ethiopië","NAME_PL":"Etiopia","NAME_PT":"Etiópia","NAME_RU":"Эфиопия","NAME_SV":"Etiopien","NAME_TR":"Etiyopya","NAME_UK":"Ефіопія","NAME_UR":"ایتھوپیا","NAME_VI":"Ethiopia","NAME_ZH":"埃塞俄比亚","NAME_ZHT":"衣索比亞","FCLASS_ISO":"Admin-0 country","TLC_DIFF":"","FCLASS_TLC":"Admin-0 country","FCLASS_US":"","FCLASS_FR":"","FCLASS_RU":"","FCLASS_ES":"","FCLASS_CN":"","FCLASS_TW":"","FCLASS_IN":"","FCLASS_NP":"","FCLASS_PK":"","FCLASS_DE":"","FCLASS_GB":"","FCLASS_BR":"","FCLASS_IL":"","FCLASS_PS":"","FCLASS_SA":"","FCLASS_EG":"","FCLASS_MA":"","FCLASS_PT":"","FCLASS_AR":"","FCLASS_JP":"","FCLASS_KO":"","FCLASS_VN":"","FCLASS_TR":"","FCLASS_ID":"","FCLASS_PL":"","FCLASS_GR":"","FCLASS_IT":"","FCLASS_NL":"","FCLASS_SE":"","FCLASS_BD":"","FCLASS_UA":""}},
{"type":"Feature","geometry":{"type":"Polygon","coordinates":[[[42.352,12.542],[42,12.1],[41.662,11.631],[41.74,11.355],[41.756,11.051],[42.314,11.034],[42.555,11.105],[42.777,10.927],[43.145,11.462],[42.716,11.736],[43.286,11.975],[43.318,12.39],[43.081,12.7],[42.78,12.455],[42.352,12.542]]]},"properties":{"featurecla":"Admin-0 country","scalerank":1,"LABELRANK":5,"SOVEREIGNT":"Djibouti","SOV_A3":"DJI","ADM0_DIF":0,"LEVEL":2,"TYPE":"Sovereign country","TLC":"1","ADMIN":"Djibouti","ADM0_A3":"DJI","GEOU_DIF":0,"GEOUNIT":"Djibouti","GU_A3":"DJI","SU_DIF":0,"SUBUNIT":"Djibouti","SU_A3":"DJI","BRK_DIFF":0,"NAME":"Djibouti","NAME_LONG":"Djibouti","BRK_A3":"DJI","BRK_NAME":"Djibouti","BRK_GROUP":"","ABBREV":"Dji.","POSTAL":"DJ","FORMAL_EN":"Republic of Djibouti","FORMAL_FR":"","NAME_CIAWF":"Djibouti","NOTE_ADM0":"","NOTE_BRK":"","NAME_SORT":"Djibouti","NAME_ALT":"","MAPCOLOR7":1,"MAPCOLOR8":2,"MAPCOLOR9":4,"MAPCOLOR13":8,"POP_EST":973560,"POP_RANK":11,"POP_YEAR":2019,"GDP_MD":3324,"GDP_YEAR":2019,"ECONOMY":"7. Least developed region","INCOME_GRP":"4. Lower middle income","FIPS_10":"DJ","ISO_A2":"DJ","ISO_A2_EH":"DJ","ISO_A3":"DJI","ISO_A3_EH":"DJI","ISO_N3":"262","ISO_N3_EH":"262","UN_A3":"262","WB_A2":"DJ","WB_A3":"DJI","WOE_ID":23424797,"WOE_ID_EH":23424797,"WOE_NOTE":"Exact WOE match as country","ADM0_ISO":"DJI","ADM0_DIFF":"","ADM0_TLC":"DJI","ADM0_A3_US":"DJI","ADM0_A3_FR":"DJI","ADM0_A3_RU":"DJI","ADM0_A3_ES":"DJI","ADM0_A3_CN":"DJI","ADM0_A3_TW":"DJI","ADM0_A3_IN":"DJI","ADM0_A3_NP":"DJI","ADM0_A3_PK":"DJI","ADM0_A3_DE":"DJI","ADM0_A3_GB":"DJI","ADM0_A3_BR":"DJI","ADM0_A3_IL":"DJI","ADM0_A3_PS":"DJI","ADM0_A3_SA":"DJI","ADM0_A3_EG":"DJI","ADM0_A3_MA":"DJI","ADM0_A3_PT":"DJI","ADM0_A3_AR":"DJI","ADM0_A3_JP":"DJI","ADM0_A3_KO":"DJI","ADM0_A3_VN":"DJI","ADM0_A3_TR":"DJI","ADM0_A3_ID":"DJI","ADM0_A3_PL":"DJI","ADM0_A3_GR":"DJI","ADM0_A3_IT":"DJI","ADM0_A3_NL":"DJI","ADM0_A3_SE":"DJI","ADM0_A3_BD":"DJI","ADM0_A3_UA":"DJI","ADM0_A3_UN":-99,"ADM0_A3_WB":-99,"CONTINENT":"Africa","REGION_UN":"Africa","SUBREGION":"Eastern Africa","REGION_WB":"Middle East & North Africa","NAME_LEN":8,"LONG_LEN":8,"ABBREV_LEN":4,"TINY":-99,"HOMEPART":1,"MIN_ZOOM":0,"MIN_LABEL":4,"MAX_LABEL":9,"LABEL_X":42.498825,"LABEL_Y":11.976343,"NE_ID":1159320541,"WIKIDATAID":"Q977","NAME_AR":"جيبوتي","NAME_BN":"জিবুতি","NAME_DE":"Dschibuti","NAME_EN":"Djibouti","NAME_ES":"Yibuti","NAME_FA":"جیبوتی","NAME_FR":"Djibouti","NAME_EL":"Τζιμπουτί","NAME_HE":"ג'יבוטי","NAME_HI":"जिबूती","NAME_HU":"Dzsibuti","NAME_ID":"Djibouti","NAME_IT":"Gibuti","NAME_JA":"ジブチ","NAME_KO":"지부티","NAME_NL":"Djibouti","NAME_PL":"Dżibuti","NAME_PT":"Djibouti","NAME_RU":"Джибути","NAME_SV":"Djibouti","NAME_TR":"Cibuti","NAME_UK":"Джибуті","NAME_UR":"جبوتی","NAME_VI":"Djibouti","NAME_ZH":"吉布提","NAME_ZHT":"吉布地","FCLASS_ISO":"Admin-0 country","TLC_DIFF":"","FCLASS_TLC":"Admin-0 country","FCLASS_US":"","FCLASS_FR":"","FCLASS_RU":"","FCLASS_ES":"","FCLASS_CN":"","FCLASS_TW":"","FCLASS_IN":"","FCLASS_NP":"","FCLASS_PK":"","FCLASS_DE":"","FCLASS_GB":"","FCLASS_BR":"","FCLASS_IL":"","FCLASS_PS":"","FCLASS_SA":"","FCLASS_EG":"","FCLASS_MA":"","FCLASS_PT":"","FCLASS_AR":"","FCLASS_JP":"","FCLASS_KO":"","FCLASS_VN":"","FCLASS_TR":"","FCLASS_ID":"","FCLASS_PL":"","FCLASS_GR":"","FCLASS_IT":"","FCLASS_NL":"","FCLASS_SE":"","FCLASS_BD":"","FCLASS_UA":""}},
{"type":"Feature","geometry":{"type":"Polygon","coordinates":[[[48.948,11.411],[48.379,11.375],[48.022,11.193],[47.526,11.127],[46.645,10.817],[45.557,10.698],[44.614,10.442],[44.118,10.446],[43.667,10.864],[43.471,11.278],[43.145,11.462],[42.777,10.927],[42.559,10.573],[42.928,10.022],[43.297,9.54],[43.679,9.184],[46.948,7.997],[47.789,8.003],[48.487,8.838],[48.938,9.452],[48.938,9.974],[48.938,10.982],[48.942,11.394],[48.948,11.411]]]},"properties":{"featurecla":"Admin-0 country","scalerank":1,"LABELRANK":5,"SOVEREIGNT":"Somaliland","SOV_A3":"SOL","ADM0_DIF":0,"LEVEL":2,"TYPE":"Sovereign country","TLC":"1","ADMIN":"Somaliland","ADM0_A3":"SOL","GEOU_DIF":0,"GEOUNIT":"Somaliland","GU_A3":"SOL","SU_DIF":0,"SUBUNIT":"Somaliland","SU_A3":"SOL","BRK_DIFF":0,"NAME":"Somaliland","NAME_LONG":"Somaliland","BRK_A3":"SOL","BRK_NAME":"Somaliland","BRK_GROUP":"","ABBREV":"Solnd.","POSTAL":"SL","FORMAL_EN":"Republic of Somaliland","FORMAL_FR":"","NAME_CIAWF":"","NOTE_ADM0":"Disputed","NOTE_BRK":"Self admin.; Claimed by Somalia","NAME_SORT":"Somaliland","NAME_ALT":"","MAPCOLOR7":3,"MAPCOLOR8":6,"MAPCOLOR9":5,"MAPCOLOR13":2,"POP_EST":5096159,"POP_RANK":13,"POP_YEAR":2014,"GDP_MD":17836,"GDP_YEAR":2013,"ECONOMY":"6. Developing region","INCOME_GRP":"4. Lower middle income","FIPS_10":"-99","ISO_A2":"-99","ISO_A2_EH":"-99","ISO_A3":"-99","ISO_A3_EH":"-99","ISO_N3":"-99","ISO_N3_EH":"-99","UN_A3":"-099","WB_A2":"-99","WB_A3":"-99","WOE_ID":-99,"WOE_ID_EH":-99,"WOE_NOTE":"Includes old states of 2347021, 2347020, 2347017 and portion of 2347016.","ADM0_ISO":"SOM","ADM0_DIFF":"1","ADM0_TLC":"SOL","ADM0_A3_US":"SOM","ADM0_A3_FR":"SOM","ADM0_A3_RU":"SOM","ADM0_A3_ES":"SOM","ADM0_A3_CN":"SOM","ADM0_A3_TW":"SOL","ADM0_A3_IN":"SOM","ADM0_A3_NP":"SOM","ADM0_A3_PK":"SOM","ADM0_A3_DE":"SOM","ADM0_A3_GB":"SOM","ADM0_A3_BR":"SOM","ADM0_A3_IL":"SOM","ADM0_A3_PS":"SOM","ADM0_A3_SA":"SOM","ADM0_A3_EG":"SOM","ADM0_A3_MA":"SOM","ADM0_A3_PT":"SOM","ADM0_A3_AR":"SOM","ADM0_A3_JP":"SOM","ADM0_A3_KO":"SOM","ADM0_A3_VN":"SOM","ADM0_A3_TR":"SOM","ADM0_A3_ID":"SOM","ADM0_A3_PL":"SOM","ADM0_A3_GR":"SOM","ADM0_A3_IT":"SOM","ADM0_A3_NL":"SOM","ADM0_A3_SE":"SOM","ADM0_A3_BD":"SOM","ADM0_A3_UA":"SOM","ADM0_A3_UN":-99,"ADM0_A3_WB":-99,"CONTINENT":"Africa","REGION_UN":"Africa","SUBREGION":"Eastern Africa","REGION_WB":"Sub-Saharan Africa","NAME_LEN":10,"LONG_LEN":10,"ABBREV_LEN":6,"TINY":-99,"HOMEPART":1,"MIN_ZOOM":4,"MIN_LABEL":4.5,"MAX_LABEL":9,"LABEL_X":46.731595,"LABEL_Y":9.443889,"NE_ID":1159321259,"WIKIDATAID":"Q34754","NAME_AR":"صوماليلاند","NAME_BN":"সোমালিল্যান্ড","NAME_DE":"Somaliland","NAME_EN":"Somaliland","NAME_ES":"Somalilandia","NAME_FA":"سومالیلند","NAME_FR":"Somaliland","NAME_EL":"Σομαλιλάνδη","NAME_HE":"סומלילנד","NAME_HI":"सोमालीदेश","NAME_HU":"Szomáliföld","NAME_ID":"Somaliland","NAME_IT":"Somaliland","NAME_JA":"ソマリランド","NAME_KO":"소말릴란드","NAME_NL":"Somaliland","NAME_PL":"Somaliland","NAME_PT":"Somalilândia","NAME_RU":"Сомалиленд","NAME_SV":"Somaliland","NAME_TR":"Somaliland","NAME_UK":"Сомаліленд","NAME_UR":"صومالی لینڈ","NAME_VI":"Somaliland","NAME_ZH":"索马里兰","NAME_ZHT":"索馬利蘭","FCLASS_ISO":"Unrecognized","TLC_DIFF":"1","FCLASS_TLC":"Admin-0 country","FCLASS_US":"Unrecognized","FCLASS_FR":"Unrecognized","FCLASS_RU":"Unrecognized","FCLASS_ES":"Unrecognized","FCLASS_CN":"Unrecognized","FCLASS_TW":"Admin-0 country","FCLASS_IN":"Unrecognized","FCLASS_NP":"Unrecognized","FCLASS_PK":"Unrecognized","FCLASS_DE":"Unrecognized","FCLASS_GB":"Unrecognized","FCLASS_BR":"Unrecognized","FCLASS_IL":"Unrecognized","FCLASS_PS":"Unrecognized","FCLASS_SA":"Unrecognized","FCLASS_EG":"Unrecognized","FCLASS_MA":"Unrecognized","FCLASS_PT":"Unrecognized","FCLASS_AR":"Unrecognized","FCLASS_JP":"Unrecognized","FCLASS_KO":"Unrecognized","FCLASS_VN":"Unrecognized","FCLASS_TR":"Unrecognized","FCLASS_ID":"Unrecognized","FCLASS_PL":"Unrecognized","FCLASS_GR":"Unrecognized","FCLASS_IT":"Unrecognized","FCLASS_NL":"Unrecognized","FCLASS_SE":"Unrecognized","FCLASS_BD":"Unrecognized","FCLASS_UA":"Unrecognized"}},
{"type":"Feature","geometry":{"type":"Polygon","coordinates":[[[33.904,-0.95],[33.894,0.11],[34.18,0.515],[34.672,1.177],[35.036,1.906],[34.596,3.054],[34.479,3.556],[34.005,4.25],[33.39,3.79],[32.686,3.792],[31.881,3.558],[31.246,3.782],[30.834,3.509],[30.773,2.34],[31.174,2.204],[30.853,1.849],[30.469,1.584],[30.086,1.062],[29.876,0.597],[29.82,-0.205],[29.588,-0.587],[29.579,-1.341],[29.822,-1.443],[30.419,-1.135],[30.77,-1.015],[31.866,-1.027],[33.904,-0.95]]]},"properties":{"featurecla":"Admin-0 country","scalerank":1,"LABELRANK":3,"SOVEREIGNT":"Uganda","SOV_A3":"UGA","ADM0_DIF":0,"LEVEL":2,"TYPE":"Sovereign country","TLC":"1","ADMIN":"Uganda","ADM0_A3":"UGA","GEOU_DIF":0,"GEOUNIT":"Uganda","GU_A3":"UGA","SU_DIF":0,"SUBUNIT":"Uganda","SU_A3":"UGA","BRK_DIFF":0,"NAME":"Uganda","NAME_LONG":"Uganda","BRK_A3":"UGA","BRK_NAME":"Uganda","BRK_GROUP":"","ABBREV":"Uga.","POSTAL":"UG","FORMAL_EN":"Republic of Uganda","FORMAL_FR":"","NAME_CIAWF":"Uganda","NOTE_ADM0":"","NOTE_BRK":"","NAME_SORT":"Uganda","NAME_ALT":"","MAPCOLOR7":6,"MAPCOLOR8":3,"MAPCOLOR9":6,"MAPCOLOR13":4,"POP_EST":44269594,"POP_RANK":15,"POP_YEAR":2019,"GDP_MD":35165,"GDP_YEAR":2019,"ECONOMY":"7. Least developed region","INCOME_GRP":"5. Low income","FIPS_10":"UG","ISO_A2":"UG","ISO_A2_EH":"UG","ISO_A3":"UGA","ISO_A3_EH":"UGA","ISO_N3":"800","ISO_N3_EH":"800","UN_A3":"800","WB_A2":"UG","WB_A3":"UGA","WOE_ID":23424974,"WOE_ID_EH":23424974,"WOE_NOTE":"Exact WOE match as country","ADM0_ISO":"UGA","ADM0_DIFF":"","ADM0_TLC":"UGA","ADM0_A3_US":"UGA","ADM0_A3_FR":"UGA","ADM0_A3_RU":"UGA","ADM0_A3_ES":"UGA","ADM0_A3_CN":"UGA","ADM0_A3_TW":"UGA","ADM0_A3_IN":"UGA","ADM0_A3_NP":"UGA","ADM0_A3_PK":"UGA","ADM0_A3_DE":"UGA","ADM0_A3_GB":"UGA","ADM0_A3_BR":"UGA","ADM0_A3_IL":"UGA","ADM0_A3_PS":"UGA","ADM0_A3_SA":"UGA","ADM0_A3_EG":"UGA","ADM0_A3_MA":"UGA","ADM0_A3_PT":"UGA","ADM0_A3_AR":"UGA","ADM0_A3_JP":"UGA","ADM0_A3_KO":"UGA","ADM0_A3_VN":"UGA","ADM0_A3_TR":"UGA","ADM0_A3_ID":"UGA","ADM0_A3_PL":"UGA","ADM0_A3_GR":"UGA","ADM0_A3_IT":"UGA","ADM0_A3_NL":"UGA","ADM0_A3_SE":"UGA","ADM0_A3_BD":"UGA","ADM0_A3_UA":"UGA","ADM0_A3_UN":-99,"ADM0_A3_WB":-99,"CONTINENT":"Africa","REGION_UN":"Africa","SUBREGION":"Eastern Africa","REGION_WB":"Sub-Saharan Africa","NAME_LEN":6,"LONG_LEN":6,"ABBREV_LEN":4,"TINY":-99,"HOMEPART":1,"MIN_ZOOM":0,"MIN_LABEL":3,"MAX_LABEL":8,"LABEL_X":32.948555,"LABEL_Y":1.972589,"NE_ID":1159321343,"WIKIDATAID":"Q1036","NAME_AR":"أوغندا","NAME_BN":"উগান্ডা","NAME_DE":"Uganda","NAME_EN":"Uganda","NAME_ES":"Uganda","NAME_FA":"اوگاندا","NAME_FR":"Ouganda","NAME_EL":"Ουγκάντα","NAME_HE":"אוגנדה","NAME_HI":"युगाण्डा","NAME_HU":"Uganda","NAME_ID":"Uganda","NAME_IT":"Uganda","NAME_JA":"ウガンダ","NAME_KO":"우간다","NAME_NL":"Oeganda","NAME_PL":"Uganda","NAME_PT":"Uganda","NAME_RU":"Уганда","NAME_SV":"Uganda","NAME_TR":"Uganda","NAME_UK":"Уганда","NAME_UR":"یوگنڈا","NAME_VI":"Uganda","NAME_ZH":"乌干达","NAME_ZHT":"烏干達","FCLASS_ISO":"Admin-0 country","TLC_DIFF":"","FCLASS_TLC":"Admin-0 country","FCLASS_US":"","FCLASS_FR":"","FCLASS_RU":"","FCLASS_ES":"","FCLASS_CN":"","FCLASS_TW":"","FCLASS_IN":"","FCLASS_NP":"","FCLASS_PK":"","FCLASS_DE":"","FCLASS_GB":"","FCLASS_BR":"","FCLASS_IL":"","FCLASS_PS":"","FCLASS_SA":"","FCLASS_EG":"","FCLASS_MA":"","FCLASS_PT":"","FCLASS_AR":"","FCLASS_JP":"","FCLASS_KO":"","FCLASS_VN":"","FCLASS_TR":"","FCLASS_ID":"","FCLASS_PL":"","FCLASS_GR":"","FCLASS_IT":"","FCLASS_NL":"","FCLASS_SE":"","FCLASS_BD":"","FCLASS_UA":""}},
{"type":"Feature","geometry":{"type":"Polygon","coordinates":[[[30.419,-1.135],[29.822,-1.443],[29.579,-1.341],[29.292,-1.62],[29.255,-2.215],[29.117,-2.292],[29.025,-2.839],[29.632,-2.918],[29.938,-2.348],[30.47,-2.414],[30.758,-2.287],[30.816,-1.699],[30.419,-1.135]]]},"properties":{"featurecla":"Admin-0 country","scalerank":1,"LABELRANK":3,"SOVEREIGNT":"Rwanda","SOV_A3":"RWA","ADM0_DIF":0,"LEVEL":2,"TYPE":"Sovereign country","TLC":"1","ADMIN":"Rwanda","ADM0_A3":"RWA","GEOU_DIF":0,"GEOUNIT":"Rwanda","GU_A3":"RWA","SU_DIF":0,"SUBUNIT":"Rwanda","SU_A3":"RWA","BRK_DIFF":0,"NAME":"Rwanda","NAME_LONG":"Rwanda","BRK_A3":"RWA","BRK_NAME":"Rwanda","BRK_GROUP":"","ABBREV":"Rwa.","POSTAL":"RW","FORMAL_EN":"Republic of Rwanda","FORMAL_FR":"","NAME_CIAWF":"Rwanda","NOTE_ADM0":"","NOTE_BRK":"","NAME_SORT":"Rwanda","NAME_ALT":"","MAPCOLOR7":5,"MAPCOLOR8":2,"MAPCOLOR9":3,"MAPCOLOR13":10,"POP_EST":12626950,"POP_RANK":14,"POP_YEAR":2019,"GDP_MD":10354,"GDP_YEAR":2019,"ECONOMY":"7. Least developed region","INCOME_GRP":"5. Low income","FIPS_10":"RW","ISO_A2":"RW","ISO_A2_EH":"RW","ISO_A3":"RWA","ISO_A3_EH":"RWA","ISO_N3":"646","ISO_N3_EH":"646","UN_A3":"646","WB_A2":"RW","WB_A3":"RWA","WOE_ID":23424937,"WOE_ID_EH":23424937,"WOE_NOTE":"Exact WOE match as country","ADM0_ISO":"RWA","ADM0_DIFF":"","ADM0_TLC":"RWA","ADM0_A3_US":"RWA","ADM0_A3_FR":"RWA","ADM0_A3_RU":"RWA","ADM0_A3_ES":"RWA","ADM0_A3_CN":"RWA","ADM0_A3_TW":"RWA","ADM0_A3_IN":"RWA","ADM0_A3_NP":"RWA","ADM0_A3_PK":"RWA","ADM0_A3_DE":"RWA","ADM0_A3_GB":"RWA","ADM0_A3_BR":"RWA","ADM0_A3_IL":"RWA","ADM0_A3_PS":"RWA","ADM0_A3_SA":"RWA","ADM0_A3_EG":"RWA","ADM0_A3_MA":"RWA","ADM0_A3_PT":"RWA","ADM0_A3_AR":"RWA","ADM0_A3_JP":"RWA","ADM0_A3_KO":"RWA","ADM0_A3_VN":"RWA","ADM0_A3_TR":"RWA","ADM0_A3_ID":"RWA","ADM0_A3_PL":"RWA","ADM0_A3_GR":"RWA","ADM0_A3_IT":"RWA","ADM0_A3_NL":"RWA","ADM0_A3_SE":"RWA","ADM0_A3_BD":"RWA","ADM0_A3_UA":"RWA","ADM0_A3_UN":-99,"ADM0_A3_WB":-99,"CONTINENT":"Africa","REGION_UN":"Africa","SUBREGION":"Eastern Africa","REGION_WB":"Sub-Saharan Africa","NAME_LEN":6,"LONG_LEN":6,"ABBREV_LEN":4,"TINY":-99,"HOMEPART":1,"MIN_ZOOM":0,"MIN_LABEL":3,"MAX_LABEL":8,"LABEL_X":30.103894,"LABEL_Y":-1.897196,"NE_ID":1159321219,"WIKIDATAID":"Q1037","NAME_AR":"رواندا","NAME_BN":"রুয়ান্ডা","NAME_DE":"Ruanda","NAME_EN":"Rwanda","NAME_ES":"Ruanda","NAME_FA":"رواندا","NAME_FR":"Rwanda","NAME_EL":"Ρουάντα","NAME_HE":"רואנדה","NAME_HI":"रवाण्डा","NAME_HU":"Ruanda","NAME_ID":"Rwanda","NAME_IT":"Ruanda","NAME_JA":"ルワンダ","NAME_KO":"르완다","NAME_NL":"Rwanda","NAME_PL":"Rwanda","NAME_PT":"Ruanda","NAME_RU":"Руанда","NAME_SV":"Rwanda","NAME_TR":"Ruanda","NAME_UK":"Руанда","NAME_UR":"روانڈا","NAME_VI":"Rwanda","NAME_ZH":"卢旺达","NAME_ZHT":"盧旺達","FCLASS_ISO":"Admin-0 country","TLC_DIFF":"","FCLASS_TLC":"Admin-0 country","FCLASS_US":"","FCLASS_FR":"","FCLASS_RU":"","FCLASS_ES":"","FCLASS_CN":"","FCLASS_TW":"","FCLASS_IN":"","FCLASS_NP":"","FCLASS_PK":"","FCLASS_DE":"","FCLASS_GB":"","FCLASS_BR":"","FCLASS_IL":"","FCLASS_PS":"","FCLASS_SA":"","FCLASS_EG":"","FCLASS_MA":"","FCLASS_PT":"","FCLASS_AR":"","FCLASS_JP":"","FCLASS_KO":"","FCLASS_VN":"","FCLASS_TR":"","FCLASS_ID":"","FCLASS_PL":"","FCLASS_GR":"","FCLASS_IT":"","FCLASS_NL":"","FCLASS_SE":"","FCLASS_BD":"","FCLASS_UA":""}},
{"type":"Feature","geometry":{"type":"Polygon","coordinates":[[[18.56,42.65],[18.706,43.2],[19.032,43.433],[19.219,43.524],[19.454,43.568],[19.6,44.038],[19.118,44.423],[19.368,44.863],[19.005,44.86],[18.553,45.082],[17.862,45.068],[17.002,45.234],[16.535,45.212],[16.318,45.004],[15.959,45.234],[15.75,44.819],[16.24,44.351],[16.456,44.041],[16.916,43.668],[17.297,43.446],[17.675,43.029],[18.56,42.65]]]},"properties":{"featurecla":"Admin-0 country","scalerank":1,"LABELRANK":5,"SOVEREIGNT":"Bosnia and Herzegovina","SOV_A3":"BIH","ADM0_DIF":0,"LEVEL":2,"TYPE":"Sovereign country","TLC":"1","ADMIN":"Bosnia and Herzegovina","ADM0_A3":"BIH","GEOU_DIF":0,"GEOUNIT":"Bosnia and Herzegovina","GU_A3":"BIH","SU_DIF":0,"SUBUNIT":"Bosnia and Herzegovina","SU_A3":"BIH","BRK_DIFF":0,"NAME":"Bosnia and Herz.","NAME_LONG":"Bosnia and Herzegovina","BRK_A3":"BIH","BRK_NAME":"Bosnia and Herz.","BRK_GROUP":"","ABBREV":"B.H.","POSTAL":"BiH","FORMAL_EN":"Bosnia and Herzegovina","FORMAL_FR":"","NAME_CIAWF":"Bosnia and Herzegovina","NOTE_ADM0":"","NOTE_BRK":"","NAME_SORT":"Bosnia and Herzegovina","NAME_ALT":"","MAPCOLOR7":1,"MAPCOLOR8":1,"MAPCOLOR9":1,"MAPCOLOR13":2,"POP_EST":3301000,"POP_RANK":12,"POP_YEAR":2019,"GDP_MD":20164,"GDP_YEAR":2019,"ECONOMY":"6. Developing region","INCOME_GRP":"3. Upper middle income","FIPS_10":"BK","ISO_A2":"BA","ISO_A2_EH":"BA","ISO_A3":"BIH","ISO_A3_EH":"BIH","ISO_N3":"070","ISO_N3_EH":"070","UN_A3":"070","WB_A2":"BA","WB_A3":"BIH","WOE_ID":23424761,"WOE_ID_EH":23424761,"WOE_NOTE":"Exact WOE match as country","ADM0_ISO":"BIH","ADM0_DIFF":"","ADM0_TLC":"BIH","ADM0_A3_US":"BIH","ADM0_A3_FR":"BIH","ADM0_A3_RU":"BIH","ADM0_A3_ES":"BIH","ADM0_A3_CN":"BIH","ADM0_A3_TW":"BIH","ADM0_A3_IN":"BIH","ADM0_A3_NP":"BIH","ADM0_A3_PK":"BIH","ADM0_A3_DE":"BIH","ADM0_A3_GB":"BIH","ADM0_A3_BR":"BIH","ADM0_A3_IL":"BIH","ADM0_A3_PS":"BIH","ADM0_A3_SA":"BIH","ADM0_A3_EG":"BIH","ADM0_A3_MA":"BIH","ADM0_A3_PT":"BIH","ADM0_A3_AR":"BIH","ADM0_A3_JP":"BIH","ADM0_A3_KO":"BIH","ADM0_A3_VN":"BIH","ADM0_A3_TR":"BIH","ADM0_A3_ID":"BIH","ADM0_A3_PL":"BIH","ADM0_A3_GR":"BIH","ADM0_A3_IT":"BIH","ADM0_A3_NL":"BIH","ADM0_A3_SE":"BIH","ADM0_A3_BD":"BIH","ADM0_A3_UA":"BIH","ADM0_A3_UN":-99,"ADM0_A3_WB":-99,"CONTINENT":"Europe","REGION_UN":"Europe","SUBREGION":"Southern Europe","REGION_WB":"Europe & Central Asia","NAME_LEN":16,"LONG_LEN":22,"ABBREV_LEN":4,"TINY":-99,"HOMEPART":1,"MIN_ZOOM":0,"MIN_LABEL":4.5,"MAX_LABEL":6.8,"LABEL_X":18.06841,"LABEL_Y":44.091051,"NE_ID":1159320417,"WIKIDATAID":"Q225","NAME_AR":"البوسنة والهرسك","NAME_BN":"বসনিয়া ও হার্জেগোভিনা","NAME_DE":"Bosnien und Herzegowina","NAME_EN":"Bosnia and Herzegovina","NAME_ES":"Bosnia y Herzegovina","NAME_FA":"بوسنی و هرزگوین","NAME_FR":"Bosnie-Herzégovine","NAME_EL":"Βοσνία και Ερζεγοβίνη","NAME_HE":"בוסניה והרצגובינה","NAME_HI":"बॉस्निया और हर्ज़ेगोविना","NAME_HU":"Bosznia-Hercegovina","NAME_ID":"Bosnia dan Herzegovina","NAME_IT":"Bosnia ed Erzegovina","NAME_JA":"ボスニア・ヘルツェゴビナ","NAME_KO":"보스니아 헤르체고비나","NAME_NL":"Bosnië en Herzegovina","NAME_PL":"Bośnia i Hercegowina","NAME_PT":"Bósnia e Herzegovina","NAME_RU":"Босния и Герцеговина","NAME_SV":"Bosnien och Hercegovina","NAME_TR":"Bosna-Hersek","NAME_UK":"Боснія і Герцеговина","NAME_UR":"بوسنیا و ہرزیگووینا","NAME_VI":"Bosna và Hercegovina","NAME_ZH":"波斯尼亚和黑塞哥维那","NAME_ZHT":"波士尼亞與赫塞哥維納","FCLASS_ISO":"Admin-0 country","TLC_DIFF":"","FCLASS_TLC":"Admin-0 country","FCLASS_US":"","FCLASS_FR":"","FCLASS_RU":"","FCLASS_ES":"","FCLASS_CN":"","FCLASS_TW":"","FCLASS_IN":"","FCLASS_NP":"","FCLASS_PK":"","FCLASS_DE":"","FCLASS_GB":"","FCLASS_BR":"","FCLASS_IL":"","FCLASS_PS":"","FCLASS_SA":"","FCLASS_EG":"","FCLASS_MA":"","FCLASS_PT":"","FCLASS_AR":"","FCLASS_JP":"","FCLASS_KO":"","FCLASS_VN":"","FCLASS_TR":"","FCLASS_ID":"","FCLASS_PL":"","FCLASS_GR":"","FCLASS_IT":"","FCLASS_NL":"","FCLASS_SE":"","FCLASS_BD":"","FCLASS_UA":""}},
{"type":"Feature","geometry":{"type":"Polygon","coordinates":[[[22.381,42.32],[21.917,42.304],[21.577,42.245],[21.353,42.207],[20.762,42.052],[20.717,41.847],[20.59,41.855],[20.463,41.515],[20.605,41.086],[21.02,40.843],[21.674,40.931],[22.055,41.15],[22.597,41.13],[22.762,41.305],[22.952,41.338],[22.881,41.999],[22.381,42.32]]]},"properties":{"featurecla":"Admin-0 country","scalerank":1,"LABELRANK":6,"SOVEREIGNT":"North Macedonia","SOV_A3":"MKD","ADM0_DIF":0,"LEVEL":2,"TYPE":"Sovereign country","TLC":"1","ADMIN":"North Macedonia","ADM0_A3":"MKD","GEOU_DIF":0,"GEOUNIT":"North Macedonia","GU_A3":"MKD","SU_DIF":0,"SUBUNIT":"North Macedonia","SU_A3":"MKD","BRK_DIFF":0,"NAME":"North Macedonia","NAME_LONG":"North Macedonia","BRK_A3":"MKD","BRK_NAME":"North Macedonia","BRK_GROUP":"","ABBREV":"N. Mac.","POSTAL":"NM","FORMAL_EN":"Republic of North Macedonia","FORMAL_FR":"","NAME_CIAWF":"North Macedonia","NOTE_ADM0":"","NOTE_BRK":"","NAME_SORT":"North Macedonia","NAME_ALT":"","MAPCOLOR7":5,"MAPCOLOR8":3,"MAPCOLOR9":7,"MAPCOLOR13":3,"POP_EST":2083459,"POP_RANK":12,"POP_YEAR":2019,"GDP_MD":12547,"GDP_YEAR":2019,"ECONOMY":"6. Developing region","INCOME_GRP":"3. Upper middle income","FIPS_10":"MK","ISO_A2":"MK","ISO_A2_EH":"MK","ISO_A3":"MKD","ISO_A3_EH":"MKD","ISO_N3":"807","ISO_N3_EH":"807","UN_A3":"807","WB_A2":"MK","WB_A3":"MKD","WOE_ID":23424890,"WOE_ID_EH":23424890,"WOE_NOTE":"Exact WOE match as country","ADM0_ISO":"MKD","ADM0_DIFF":"","ADM0_TLC":"MKD","ADM0_A3_US":"MKD","ADM0_A3_FR":"MKD","ADM0_A3_RU":"MKD","ADM0_A3_ES":"MKD","ADM0_A3_CN":"MKD","ADM0_A3_TW":"MKD","ADM0_A3_IN":"MKD","ADM0_A3_NP":"MKD","ADM0_A3_PK":"MKD","ADM0_A3_DE":"MKD","ADM0_A3_GB":"MKD","ADM0_A3_BR":"MKD","ADM0_A3_IL":"MKD","ADM0_A3_PS":"MKD","ADM0_A3_SA":"MKD","ADM0_A3_EG":"MKD","ADM0_A3_MA":"MKD","ADM0_A3_PT":"MKD","ADM0_A3_AR":"MKD","ADM0_A3_JP":"MKD","ADM0_A3_KO":"MKD","ADM0_A3_VN":"MKD","ADM0_A3_TR":"MKD","ADM0_A3_ID":"MKD","ADM0_A3_PL":"MKD","ADM0_A3_GR":"MKD","ADM0_A3_IT":"MKD","ADM0_A3_NL":"MKD","ADM0_A3_SE":"MKD","ADM0_A3_BD":"MKD","ADM0_A3_UA":"MKD","ADM0_A3_UN":-99,"ADM0_A3_WB":-99,"CONTINENT":"Europe","REGION_UN":"Europe","SUBREGION":"Southern Europe","REGION_WB":"Europe & Central Asia","NAME_LEN":15,"LONG_LEN":15,"ABBREV_LEN":7,"TINY":-99,"HOMEPART":1,"MIN_ZOOM":0,"MIN_LABEL":5,"MAX_LABEL":10,"LABEL_X":21.555839,"LABEL_Y":41.558223,"NE_ID":1159321061,"WIKIDATAID":"Q221","NAME_AR":"مقدونيا الشمالية","NAME_BN":"উত্তর মেসিডোনিয়া","NAME_DE":"Nordmazedonien","NAME_EN":"North Macedonia","NAME_ES":"Macedonia del Norte","NAME_FA":"مقدونیه شمالی","NAME_FR":"Macédoine du Nord","NAME_EL":"Βόρεια Μακεδονία","NAME_HE":"מקדוניה הצפונית","NAME_HI":"उत्तर मैसिडोनिया","NAME_HU":"Észak-Macedónia","NAME_ID":"Republik Makedonia Utara","NAME_IT":"Macedonia del Nord","NAME_JA":"北マケドニア","NAME_KO":"북마케도니아","NAME_NL":"Noord-Macedonië","NAME_PL":"Macedonia Północna","NAME_PT":"Macedónia do Norte","NAME_RU":"Северная Македония","NAME_SV":"Nordmakedonien","NAME_TR":"Kuzey Makedonya","NAME_UK":"Північна Македонія","NAME_UR":"شمالی مقدونیہ","NAME_VI":"Bắc Macedonia","NAME_ZH":"北马其顿","NAME_ZHT":"北馬其頓","FCLASS_ISO":"Admin-0 country","TLC_DIFF":"","FCLASS_TLC":"Admin-0 country","FCLASS_US":"","FCLASS_FR":"","FCLASS_RU":"","FCLASS_ES":"","FCLASS_CN":"","FCLASS_TW":"","FCLASS_IN":"","FCLASS_NP":"","FCLASS_PK":"","FCLASS_DE":"","FCLASS_GB":"","FCLASS_BR":"","FCLASS_IL":"","FCLASS_PS":"","FCLASS_SA":"","FCLASS_EG":"","FCLASS_MA":"","FCLASS_PT":"","FCLASS_AR":"","FCLASS_JP":"","FCLASS_KO":"","FCLASS_VN":"","FCLASS_TR":"","FCLASS_ID":"","FCLASS_PL":"","FCLASS_GR":"","FCLASS_IT":"","FCLASS_NL":"","FCLASS_SE":"","FCLASS_BD":"","FCLASS_UA":""}},
{"type":"Feature","geometry":{"type":"Polygon","coordinates":[[[18.83,45.909],[19.073,45.522],[19.39,45.237],[19.005,44.86],[19.368,44.863],[19.118,44.423],[19.6,44.038],[19.454,43.568],[19.219,43.524],[19.484,43.352],[19.63,43.214],[19.959,43.106],[20.34,42.899],[20.258,42.813],[20.497,42.885],[20.635,43.217],[20.814,43.272],[20.957,43.131],[21.143,43.069],[21.274,42.91],[21.439,42.863],[21.633,42.677],[21.775,42.683],[21.663,42.439],[21.543,42.32],[21.577,42.245],[21.917,42.304],[22.381,42.32],[22.545,42.461],[22.437,42.58],[22.605,42.899],[22.986,43.211],[22.5,43.643],[22.41,44.008],[22.657,44.235],[22.474,44.409],[22.706,44.578],[22.459,44.703],[22.145,44.478],[21.562,44.769],[21.484,45.181],[20.874,45.416],[20.762,45.735],[20.22,46.127],[19.596,46.172],[18.83,45.909]]]},"properties":{"featurecla":"Admin-0 country","scalerank":1,"LABELRANK":5,"SOVEREIGNT":"Republic of Serbia","SOV_A3":"SRB","ADM0_DIF":0,"LEVEL":2,"TYPE":"Sovereign country","TLC":"1","ADMIN":"Republic of Serbia","ADM0_A3":"SRB","GEOU_DIF":0,"GEOUNIT":"Republic of Serbia","GU_A3":"SRB","SU_DIF":0,"SUBUNIT":"Republic of Serbia","SU_A3":"SRB","BRK_DIFF":0,"NAME":"Serbia","NAME_LONG":"Serbia","BRK_A3":"SRB","BRK_NAME":"Serbia","BRK_GROUP":"","ABBREV":"Serb.","POSTAL":"RS","FORMAL_EN":"Republic of Serbia","FORMAL_FR":"","NAME_CIAWF":"Serbia","NOTE_ADM0":"","NOTE_BRK":"","NAME_SORT":"Serbia","NAME_ALT":"","MAPCOLOR7":3,"MAPCOLOR8":3,"MAPCOLOR9":2,"MAPCOLOR13":10,"POP_EST":6944975,"POP_RANK":13,"POP_YEAR":2019,"GDP_MD":51475,"GDP_YEAR":2019,"ECONOMY":"6. Developing region","INCOME_GRP":"3. Upper middle income","FIPS_10":"RI","ISO_A2":"RS","ISO_A2_EH":"RS","ISO_A3":"SRB","ISO_A3_EH":"SRB","ISO_N3":"688","ISO_N3_EH":"688","UN_A3":"688","WB_A2":"YF","WB_A3":"SRB","WOE_ID":-90,"WOE_ID_EH":20069818,"WOE_NOTE":"Expired WOE also contains Kosovo.","ADM0_ISO":"SRB","ADM0_DIFF":"","ADM0_TLC":"SRB","ADM0_A3_US":"SRB","ADM0_A3_FR":"SRB","ADM0_A3_RU":"SRB","ADM0_A3_ES":"SRB","ADM0_A3_CN":"SRB","ADM0_A3_TW":"SRB","ADM0_A3_IN":"SRB","ADM0_A3_NP":"SRB","ADM0_A3_PK":"SRB","ADM0_A3_DE":"SRB","ADM0_A3_GB":"SRB","ADM0_A3_BR":"SRB","ADM0_A3_IL":"SRB","ADM0_A3_PS":"SRB","ADM0_A3_SA":"SRB","ADM0_A3_EG":"SRB","ADM0_A3_MA":"SRB","ADM0_A3_PT":"SRB","ADM0_A3_AR":"SRB","ADM0_A3_JP":"SRB","ADM0_A3_KO":"SRB","ADM0_A3_VN":"SRB","ADM0_A3_TR":"SRB","ADM0_A3_ID":"SRB","ADM0_A3_PL":"SRB","ADM0_A3_GR":"SRB","ADM0_A3_IT":"SRB","ADM0_A3_NL":"SRB","ADM0_A3_SE":"SRB","ADM0_A3_BD":"SRB","ADM0_A3_UA":"SRB","ADM0_A3_UN":-99,"ADM0_A3_WB":-99,"CONTINENT":"Europe","REGION_UN":"Europe","SUBREGION":"Southern Europe","REGION_WB":"Europe & Central Asia","NAME_LEN":6,"LONG_LEN":6,"ABBREV_LEN":5,"TINY":-99,"HOMEPART":1,"MIN_ZOOM":0,"MIN_LABEL":4,"MAX_LABEL":7,"LABEL_X":20.787989,"LABEL_Y":44.189919,"NE_ID":1159321267,"WIKIDATAID":"Q403","NAME_AR":"صربيا","NAME_BN":"সার্বিয়া","NAME_DE":"Serbien","NAME_EN":"Serbia","NAME_ES":"Serbia","NAME_FA":"صربستان","NAME_FR":"Serbie","NAME_EL":"Σερβία","NAME_HE":"סרביה","NAME_HI":"सर्बिया","NAME_HU":"Szerbia","NAME_ID":"Serbia","NAME_IT":"Serbia","NAME_JA":"セルビア","NAME_KO":"세르비아","NAME_NL":"Servië","NAME_PL":"Serbia","NAME_PT":"Sérvia","NAME_RU":"Сербия","NAME_SV":"Serbien","NAME_TR":"Sırbistan","NAME_UK":"Сербія","NAME_UR":"سربیا","NAME_VI":"Serbia","NAME_ZH":"塞尔维亚","NAME_ZHT":"塞爾維亞","FCLASS_ISO":"Admin-0 country","TLC_DIFF":"","FCLASS_TLC":"Admin-0 country","FCLASS_US":"","FCLASS_FR":"","FCLASS_RU":"","FCLASS_ES":"","FCLASS_CN":"","FCLASS_TW":"","FCLASS_IN":"","FCLASS_NP":"","FCLASS_PK":"","FCLASS_DE":"","FCLASS_GB":"","FCLASS_BR":"","FCLASS_IL":"","FCLASS_PS":"","FCLASS_SA":"","FCLASS_EG":"","FCLASS_MA":"","FCLASS_PT":"","FCLASS_AR":"","FCLASS_JP":"","FCLASS_KO":"","FCLASS_VN":"","FCLASS_TR":"","FCLASS_ID":"","FCLASS_PL":"","FCLASS_GR":"","FCLASS_IT":"","FCLASS_NL":"","FCLASS_SE":"","FCLASS_BD":"","FCLASS_UA":""}},
{"type":"Feature","geometry":{"type":"Polygon","coordinates":[[[20.071,42.589],[20.258,42.813],[20.34,42.899],[19.959,43.106],[19.63,43.214],[19.484,43.352],[19.219,43.524],[19.032,43.433],[18.706,43.2],[18.56,42.65],[18.45,42.48],[18.882,42.282],[19.162,41.955],[19.372,41.878],[19.304,42.196],[19.738,42.688],[19.802,42.5],[20.071,42.589]]]},"properties":{"featurecla":"Admin-0 country","scalerank":1,"LABELRANK":6,"SOVEREIGNT":"Montenegro","SOV_A3":"MNE","ADM0_DIF":0,"LEVEL":2,"TYPE":"Sovereign country","TLC":"1","ADMIN":"Montenegro","ADM0_A3":"MNE","GEOU_DIF":0,"GEOUNIT":"Montenegro","GU_A3":"MNE","SU_DIF":0,"SUBUNIT":"Montenegro","SU_A3":"MNE","BRK_DIFF":0,"NAME":"Montenegro","NAME_LONG":"Montenegro","BRK_A3":"MNE","BRK_NAME":"Montenegro","BRK_GROUP":"","ABBREV":"Mont.","POSTAL":"ME","FORMAL_EN":"Montenegro","FORMAL_FR":"","NAME_CIAWF":"Montenegro","NOTE_ADM0":"","NOTE_BRK":"","NAME_SORT":"Montenegro","NAME_ALT":"","MAPCOLOR7":4,"MAPCOLOR8":1,"MAPCOLOR9":4,"MAPCOLOR13":5,"POP_EST":622137,"POP_RANK":11,"POP_YEAR":2019,"GDP_MD":5542,"GDP_YEAR":2019,"ECONOMY":"6. Developing region","INCOME_GRP":"3. Upper middle income","FIPS_10":"MJ","ISO_A2":"ME","ISO_A2_EH":"ME","ISO_A3":"MNE","ISO_A3_EH":"MNE","ISO_N3":"499","ISO_N3_EH":"499","UN_A3":"499","WB_A2":"ME","WB_A3":"MNE","WOE_ID":20069817,"WOE_ID_EH":20069817,"WOE_NOTE":"Exact WOE match as country","ADM0_ISO":"MNE","ADM0_DIFF":"","ADM0_TLC":"MNE","ADM0_A3_US":"MNE","ADM0_A3_FR":"MNE","ADM0_A3_RU":"MNE","ADM0_A3_ES":"MNE","ADM0_A3_CN":"MNE","ADM0_A3_TW":"MNE","ADM0_A3_IN":"MNE","ADM0_A3_NP":"MNE","ADM0_A3_PK":"MNE","ADM0_A3_DE":"MNE","ADM0_A3_GB":"MNE","ADM0_A3_BR":"MNE","ADM0_A3_IL":"MNE","ADM0_A3_PS":"MNE","ADM0_A3_SA":"MNE","ADM0_A3_EG":"MNE","ADM0_A3_MA":"MNE","ADM0_A3_PT":"MNE","ADM0_A3_AR":"MNE","ADM0_A3_JP":"MNE","ADM0_A3_KO":"MNE","ADM0_A3_VN":"MNE","ADM0_A3_TR":"MNE","ADM0_A3_ID":"MNE","ADM0_A3_PL":"MNE","ADM0_A3_GR":"MNE","ADM0_A3_IT":"MNE","ADM0_A3_NL":"MNE","ADM0_A3_SE":"MNE","ADM0_A3_BD":"MNE","ADM0_A3_UA":"MNE","ADM0_A3_UN":-99,"ADM0_A3_WB":-99,"CONTINENT":"Europe","REGION_UN":"Europe","SUBREGION":"Southern Europe","REGION_WB":"Europe & Central Asia","NAME_LEN":10,"LONG_LEN":10,"ABBREV_LEN":5,"TINY":-99,"HOMEPART":1,"MIN_ZOOM":0,"MIN_LABEL":5,"MAX_LABEL":10,"LABEL_X":19.143727,"LABEL_Y":42.803101,"NE_ID":1159321069,"WIKIDATAID":"Q236","NAME_AR":"الجبل الأسود","NAME_BN":"মন্টিনিগ্রো","NAME_DE":"Montenegro","NAME_EN":"Montenegro","NAME_ES":"Montenegro","NAME_FA":"مونتهنگرو","NAME_FR":"Monténégro","NAME_EL":"Μαυροβούνιο","NAME_HE":"מונטנגרו","NAME_HI":"मॉन्टेनीग्रो","NAME_HU":"Montenegró","NAME_ID":"Montenegro","NAME_IT":"Montenegro","NAME_JA":"モンテネグロ","NAME_KO":"몬테네그로","NAME_NL":"Montenegro","NAME_PL":"Czarnogóra","NAME_PT":"Montenegro","NAME_RU":"Черногория","NAME_SV":"Montenegro","NAME_TR":"Karadağ","NAME_UK":"Чорногорія","NAME_UR":"مونٹینیگرو","NAME_VI":"Montenegro","NAME_ZH":"黑山","NAME_ZHT":"蒙特內哥羅","FCLASS_ISO":"Admin-0 country","TLC_DIFF":"","FCLASS_TLC":"Admin-0 country","FCLASS_US":"","FCLASS_FR":"","FCLASS_RU":"","FCLASS_ES":"","FCLASS_CN":"","FCLASS_TW":"","FCLASS_IN":"","FCLASS_NP":"","FCLASS_PK":"","FCLASS_DE":"","FCLASS_GB":"","FCLASS_BR":"","FCLASS_IL":"","FCLASS_PS":"","FCLASS_SA":"","FCLASS_EG":"","FCLASS_MA":"","FCLASS_PT":"","FCLASS_AR":"","FCLASS_JP":"","FCLASS_KO":"","FCLASS_VN":"","FCLASS_TR":"","FCLASS_ID":"","FCLASS_PL":"","FCLASS_GR":"","FCLASS_IT":"","FCLASS_NL":"","FCLASS_SE":"","FCLASS_BD":"","FCLASS_UA":""}},
{"type":"Feature","geometry":{"type":"Polygon","coordinates":[[[20.59,41.855],[20.717,41.847],[20.762,42.052],[21.353,42.207],[21.577,42.245],[21.543,42.32],[21.663,42.439],[21.775,42.683],[21.633,42.677],[21.439,42.863],[21.274,42.91],[21.143,43.069],[20.957,43.131],[20.814,43.272],[20.635,43.217],[20.497,42.885],[20.258,42.813],[20.071,42.589],[20.284,42.32],[20.523,42.218],[20.59,41.855]]]},"properties":{"featurecla":"Admin-0 country","scalerank":1,"LABELRANK":6,"SOVEREIGNT":"Kosovo","SOV_A3":"KOS","ADM0_DIF":0,"LEVEL":2,"TYPE":"Disputed","TLC":"1","ADMIN":"Kosovo","ADM0_A3":"KOS","GEOU_DIF":0,"GEOUNIT":"Kosovo","GU_A3":"KOS","SU_DIF":0,"SUBUNIT":"Kosovo","SU_A3":"KOS","BRK_DIFF":0,"NAME":"Kosovo","NAME_LONG":"Kosovo","BRK_A3":"KOS","BRK_NAME":"Kosovo","BRK_GROUP":"","ABBREV":"Kos.","POSTAL":"KO","FORMAL_EN":"Republic of Kosovo","FORMAL_FR":"","NAME_CIAWF":"Kosovo","NOTE_ADM0":"","NOTE_BRK":"","NAME_SORT":"Kosovo","NAME_ALT":"","MAPCOLOR7":2,"MAPCOLOR8":2,"MAPCOLOR9":3,"MAPCOLOR13":11,"POP_EST":1794248,"POP_RANK":12,"POP_YEAR":2019,"GDP_MD":7926,"GDP_YEAR":2019,"ECONOMY":"6. Developing region","INCOME_GRP":"4. Lower middle income","FIPS_10":"KV","ISO_A2":"-99","ISO_A2_EH":"XK","ISO_A3":"-99","ISO_A3_EH":"-99","ISO_N3":"-99","ISO_N3_EH":"-99","UN_A3":"-099","WB_A2":"KV","WB_A3":"KSV","WOE_ID":-90,"WOE_ID_EH":29389201,"WOE_NOTE":"Subunit of Serbia in WOE still; should include 29389201, 29389207, 29389218, 29389209 and 29389214.","ADM0_ISO":"SRB","ADM0_DIFF":"1","ADM0_TLC":"KOS","ADM0_A3_US":"KOS","ADM0_A3_FR":"KOS","ADM0_A3_RU":"SRB","ADM0_A3_ES":"SRB","ADM0_A3_CN":"SRB","ADM0_A3_TW":"KOS","ADM0_A3_IN":"SRB","ADM0_A3_NP":"SRB","ADM0_A3_PK":"KOS","ADM0_A3_DE":"KOS","ADM0_A3_GB":"SRB","ADM0_A3_BR":"KOS","ADM0_A3_IL":"KOS","ADM0_A3_PS":"SRB","ADM0_A3_SA":"KOS","ADM0_A3_EG":"KOS","ADM0_A3_MA":"SRB","ADM0_A3_PT":"KOS","ADM0_A3_AR":"SRB","ADM0_A3_JP":"KOS","ADM0_A3_KO":"KOS","ADM0_A3_VN":"SRB","ADM0_A3_TR":"KOS","ADM0_A3_ID":"SRB","ADM0_A3_PL":"KOS","ADM0_A3_GR":"SRB","ADM0_A3_IT":"KOS","ADM0_A3_NL":"KOS","ADM0_A3_SE":"KOS","ADM0_A3_BD":"KOS","ADM0_A3_UA":"SRB","ADM0_A3_UN":-99,"ADM0_A3_WB":-99,"CONTINENT":"Europe","REGION_UN":"Europe","SUBREGION":"Southern Europe","REGION_WB":"Europe & Central Asia","NAME_LEN":6,"LONG_LEN":6,"ABBREV_LEN":4,"TINY":-99,"HOMEPART":1,"MIN_ZOOM":0,"MIN_LABEL":5,"MAX_LABEL":10,"LABEL_X":20.860719,"LABEL_Y":42.593587,"NE_ID":1159321007,"WIKIDATAID":"Q1246","NAME_AR":"كوسوفو","NAME_BN":"কসোভো","NAME_DE":"Kosovo","NAME_EN":"Kosovo","NAME_ES":"Kosovo","NAME_FA":"کوزووو","NAME_FR":"Kosovo","NAME_EL":"Κοσσυφοπέδιο","NAME_HE":"קוסובו","NAME_HI":"कोसोवो गणराज्य","NAME_HU":"Koszovó","NAME_ID":"Kosovo","NAME_IT":"Kosovo","NAME_JA":"コソボ共和国","NAME_KO":"코소보","NAME_NL":"Kosovo","NAME_PL":"Kosowo","NAME_PT":"Kosovo","NAME_RU":"Республика Косово","NAME_SV":"Kosovo","NAME_TR":"Kosova","NAME_UK":"Косово","NAME_UR":"کوسووہ","NAME_VI":"Kosovo","NAME_ZH":"科索沃","NAME_ZHT":"科索沃","FCLASS_ISO":"Unrecognized","TLC_DIFF":"1","FCLASS_TLC":"Admin-0 country","FCLASS_US":"Admin-0 country","FCLASS_FR":"Admin-0 country","FCLASS_RU":"Admin-1 region","FCLASS_ES":"Unrecognized","FCLASS_CN":"Unrecognized","FCLASS_TW":"Admin-0 country","FCLASS_IN":"Admin-1 region","FCLASS_NP":"Unrecognized","FCLASS_PK":"Admin-0 country","FCLASS_DE":"Admin-0 country","FCLASS_GB":"Admin-0 country","FCLASS_BR":"Unrecognized","FCLASS_IL":"Admin-0 country","FCLASS_PS":"Unrecognized","FCLASS_SA":"Admin-0 country","FCLASS_EG":"Admin-0 country","FCLASS_MA":"Unrecognized","FCLASS_PT":"Admin-0 country","FCLASS_AR":"Unrecognized","FCLASS_JP":"Admin-0 country","FCLASS_KO":"Admin-0 country","FCLASS_VN":"Unrecognized","FCLASS_TR":"Admin-0 country","FCLASS_ID":"Unrecognized","FCLASS_PL":"Admin-0 country","FCLASS_GR":"Unrecognized","FCLASS_IT":"Admin-0 country","FCLASS_NL":"Admin-0 country","FCLASS_SE":"Admin-0 country","FCLASS_BD":"Admin-0 country","FCLASS_UA":"Unrecognized"}},
{"type":"Feature","geometry":{"type":"Polygon","coordinates":[[[-61.68,10.76],[-61.66,10.365],[-61.95,10.09],[-61.77,10],[-60.935,10.11],[-60.895,10.855],[-61.105,10.89],[-61.68,10.76]]]},"properties":{"featurecla":"Admin-0 country","scalerank":1,"LABELRANK":5,"SOVEREIGNT":"Trinidad and Tobago","SOV_A3":"TTO","ADM0_DIF":0,"LEVEL":2,"TYPE":"Sovereign country","TLC":"1","ADMIN":"Trinidad and Tobago","ADM0_A3":"TTO","GEOU_DIF":0,"GEOUNIT":"Trinidad and Tobago","GU_A3":"TTO","SU_DIF":0,"SUBUNIT":"Trinidad and Tobago","SU_A3":"TTO","BRK_DIFF":0,"NAME":"Trinidad and Tobago","NAME_LONG":"Trinidad and Tobago","BRK_A3":"TTO","BRK_NAME":"Trinidad and Tobago","BRK_GROUP":"","ABBREV":"Tr.T.","POSTAL":"TT","FORMAL_EN":"Republic of Trinidad and Tobago","FORMAL_FR":"","NAME_CIAWF":"Trinidad and Tobago","NOTE_ADM0":"","NOTE_BRK":"","NAME_SORT":"Trinidad and Tobago","NAME_ALT":"","MAPCOLOR7":5,"MAPCOLOR8":6,"MAPCOLOR9":2,"MAPCOLOR13":5,"POP_EST":1394973,"POP_RANK":12,"POP_YEAR":2019,"GDP_MD":24269,"GDP_YEAR":2019,"ECONOMY":"6. Developing region","INCOME_GRP":"2. High income: nonOECD","FIPS_10":"TD","ISO_A2":"TT","ISO_A2_EH":"TT","ISO_A3":"TTO","ISO_A3_EH":"TTO","ISO_N3":"780","ISO_N3_EH":"780","UN_A3":"780","WB_A2":"TT","WB_A3":"TTO","WOE_ID":23424958,"WOE_ID_EH":23424958,"WOE_NOTE":"Exact WOE match as country","ADM0_ISO":"TTO","ADM0_DIFF":"","ADM0_TLC":"TTO","ADM0_A3_US":"TTO","ADM0_A3_FR":"TTO","ADM0_A3_RU":"TTO","ADM0_A3_ES":"TTO","ADM0_A3_CN":"TTO","ADM0_A3_TW":"TTO","ADM0_A3_IN":"TTO","ADM0_A3_NP":"TTO","ADM0_A3_PK":"TTO","ADM0_A3_DE":"TTO","ADM0_A3_GB":"TTO","ADM0_A3_BR":"TTO","ADM0_A3_IL":"TTO","ADM0_A3_PS":"TTO","ADM0_A3_SA":"TTO","ADM0_A3_EG":"TTO","ADM0_A3_MA":"TTO","ADM0_A3_PT":"TTO","ADM0_A3_AR":"TTO","ADM0_A3_JP":"TTO","ADM0_A3_KO":"TTO","ADM0_A3_VN":"TTO","ADM0_A3_TR":"TTO","ADM0_A3_ID":"TTO","ADM0_A3_PL":"TTO","ADM0_A3_GR":"TTO","ADM0_A3_IT":"TTO","ADM0_A3_NL":"TTO","ADM0_A3_SE":"TTO","ADM0_A3_BD":"TTO","ADM0_A3_UA":"TTO","ADM0_A3_UN":-99,"ADM0_A3_WB":-99,"CONTINENT":"North America","REGION_UN":"Americas","SUBREGION":"Caribbean","REGION_WB":"Latin America & Caribbean","NAME_LEN":19,"LONG_LEN":19,"ABBREV_LEN":5,"TINY":2,"HOMEPART":1,"MIN_ZOOM":0,"MIN_LABEL":4.5,"MAX_LABEL":9.5,"LABEL_X":-60.9184,"LABEL_Y":10.9989,"NE_ID":1159321321,"WIKIDATAID":"Q754","NAME_AR":"ترينيداد وتوباغو","NAME_BN":"ত্রিনিদাদ ও টোবাগো","NAME_DE":"Trinidad und Tobago","NAME_EN":"Trinidad and Tobago","NAME_ES":"Trinidad y Tobago","NAME_FA":"ترینیداد و توباگو","NAME_FR":"Trinité-et-Tobago","NAME_EL":"Τρινιντάντ και Τομπάγκο","NAME_HE":"טרינידד וטובגו","NAME_HI":"त्रिनिदाद और टोबैगो","NAME_HU":"Trinidad és Tobago","NAME_ID":"Trinidad dan Tobago","NAME_IT":"Trinidad e Tobago","NAME_JA":"トリニダード・トバゴ","NAME_KO":"트리니다드 토바고","NAME_NL":"Trinidad en Tobago","NAME_PL":"Trynidad i Tobago","NAME_PT":"Trinidad e Tobago","NAME_RU":"Тринидад и Тобаго","NAME_SV":"Trinidad och Tobago","NAME_TR":"Trinidad ve Tobago","NAME_UK":"Тринідад і Тобаго","NAME_UR":"ٹرینیڈاڈ و ٹوباگو","NAME_VI":"Trinidad và Tobago","NAME_ZH":"特立尼达和多巴哥","NAME_ZHT":"千里達及托巴哥","FCLASS_ISO":"Admin-0 country","TLC_DIFF":"","FCLASS_TLC":"Admin-0 country","FCLASS_US":"","FCLASS_FR":"","FCLASS_RU":"","FCLASS_ES":"","FCLASS_CN":"","FCLASS_TW":"","FCLASS_IN":"","FCLASS_NP":"","FCLASS_PK":"","FCLASS_DE":"","FCLASS_GB":"","FCLASS_BR":"","FCLASS_IL":"","FCLASS_PS":"","FCLASS_SA":"","FCLASS_EG":"","FCLASS_MA":"","FCLASS_PT":"","FCLASS_AR":"","FCLASS_JP":"","FCLASS_KO":"","FCLASS_VN":"","FCLASS_TR":"","FCLASS_ID":"","FCLASS_PL":"","FCLASS_GR":"","FCLASS_IT":"","FCLASS_NL":"","FCLASS_SE":"","FCLASS_BD":"","FCLASS_UA":""}},
{"type":"Feature","geometry":{"type":"Polygon","coordinates":[[[30.834,3.509],[31.246,3.782],[31.881,3.558],[32.686,3.792],[33.39,3.79],[34.005,4.25],[34.62,4.847],[35.298,5.506],[34.707,6.594],[34.25,6.826],[34.075,7.226],[33.568,7.713],[32.954,7.785],[33.295,8.355],[33.826,8.379],[33.975,8.685],[33.963,9.464],[33.825,9.484],[33.842,9.982],[33.722,10.325],[33.207,10.72],[33.087,11.441],[33.207,12.179],[32.743,12.248],[32.675,12.025],[32.074,11.973],[32.314,11.681],[32.4,11.081],[31.851,10.531],[31.353,9.81],[30.838,9.707],[29.997,10.291],[29.619,10.085],[29.516,9.793],[29.001,9.604],[28.967,9.398],[27.971,9.398],[27.834,9.604],[27.113,9.639],[26.752,9.467],[26.477,9.553],[25.962,10.136],[25.791,10.411],[25.07,10.274],[24.795,9.81],[24.537,8.918],[24.194,8.729],[23.887,8.62],[24.567,8.229],[25.115,7.825],[25.124,7.5],[25.797,6.979],[26.213,6.547],[26.466,5.947],[27.213,5.551],[27.374,5.234],[27.98,4.408],[28.429,4.287],[28.697,4.455],[29.159,4.389],[29.716,4.601],[29.954,4.174],[30.834,3.509]]]},"properties":{"featurecla":"Admin-0 country","scalerank":1,"LABELRANK":3,"SOVEREIGNT":"South Sudan","SOV_A3":"SDS","ADM0_DIF":0,"LEVEL":2,"TYPE":"Sovereign country","TLC":"1","ADMIN":"South Sudan","ADM0_A3":"SDS","GEOU_DIF":0,"GEOUNIT":"South Sudan","GU_A3":"SDS","SU_DIF":0,"SUBUNIT":"South Sudan","SU_A3":"SDS","BRK_DIFF":0,"NAME":"S. Sudan","NAME_LONG":"South Sudan","BRK_A3":"SDS","BRK_NAME":"S. Sudan","BRK_GROUP":"","ABBREV":"S. Sud.","POSTAL":"SS","FORMAL_EN":"Republic of South Sudan","FORMAL_FR":"","NAME_CIAWF":"South Sudan","NOTE_ADM0":"","NOTE_BRK":"","NAME_SORT":"South Sudan","NAME_ALT":"","MAPCOLOR7":1,"MAPCOLOR8":3,"MAPCOLOR9":3,"MAPCOLOR13":5,"POP_EST":11062113,"POP_RANK":14,"POP_YEAR":2019,"GDP_MD":11998,"GDP_YEAR":2015,"ECONOMY":"7. Least developed region","INCOME_GRP":"5. Low income","FIPS_10":"-99","ISO_A2":"SS","ISO_A2_EH":"SS","ISO_A3":"SSD","ISO_A3_EH":"SSD","ISO_N3":"728","ISO_N3_EH":"728","UN_A3":"728","WB_A2":"SS","WB_A3":"SSD","WOE_ID":-99,"WOE_ID_EH":-99,"WOE_NOTE":"Includes states of 20069899, 20069897, 20069898, 20069901, 20069909, and 20069908 but maybe more?","ADM0_ISO":"SSD","ADM0_DIFF":"1","ADM0_TLC":"SDS","ADM0_A3_US":"SDS","ADM0_A3_FR":"SDS","ADM0_A3_RU":"SDS","ADM0_A3_ES":"SDS","ADM0_A3_CN":"SDS","ADM0_A3_TW":"SDS","ADM0_A3_IN":"SDS","ADM0_A3_NP":"SDS","ADM0_A3_PK":"SDS","ADM0_A3_DE":"SDS","ADM0_A3_GB":"SDS","ADM0_A3_BR":"SDS","ADM0_A3_IL":"SDS","ADM0_A3_PS":"SDS","ADM0_A3_SA":"SDS","ADM0_A3_EG":"SDS","ADM0_A3_MA":"SDS","ADM0_A3_PT":"SDS","ADM0_A3_AR":"SDS","ADM0_A3_JP":"SDS","ADM0_A3_KO":"SDS","ADM0_A3_VN":"SDS","ADM0_A3_TR":"SDS","ADM0_A3_ID":"SDS","ADM0_A3_PL":"SDS","ADM0_A3_GR":"SDS","ADM0_A3_IT":"SDS","ADM0_A3_NL":"SDS","ADM0_A3_SE":"SDS","ADM0_A3_BD":"SDS","ADM0_A3_UA":"SDS","ADM0_A3_UN":-99,"ADM0_A3_WB":-99,"CONTINENT":"Africa","REGION_UN":"Africa","SUBREGION":"Eastern Africa","REGION_WB":"Sub-Saharan Africa","NAME_LEN":8,"LONG_LEN":11,"ABBREV_LEN":7,"TINY":-99,"HOMEPART":1,"MIN_ZOOM":0,"MIN_LABEL":3,"MAX_LABEL":8,"LABEL_X":30.390151,"LABEL_Y":7.230477,"NE_ID":1159321235,"WIKIDATAID":"Q958","NAME_AR":"جنوب السودان","NAME_BN":"দক্ষিণ সুদান","NAME_DE":"Südsudan","NAME_EN":"South Sudan","NAME_ES":"Sudán del Sur","NAME_FA":"سودان جنوبی","NAME_FR":"Soudan du Sud","NAME_EL":"Νότιο Σουδάν","NAME_HE":"דרום סודאן","NAME_HI":"दक्षिण सूडान","NAME_HU":"Dél-Szudán","NAME_ID":"Sudan Selatan","NAME_IT":"Sudan del Sud","NAME_JA":"南スーダン","NAME_KO":"남수단","NAME_NL":"Zuid-Soedan","NAME_PL":"Sudan Południowy","NAME_PT":"Sudão do Sul","NAME_RU":"Южный Судан","NAME_SV":"Sydsudan","NAME_TR":"Güney Sudan","NAME_UK":"Південний Судан","NAME_UR":"جنوبی سوڈان","NAME_VI":"Nam Sudan","NAME_ZH":"南苏丹","NAME_ZHT":"南蘇丹","FCLASS_ISO":"Admin-0 country","TLC_DIFF":"","FCLASS_TLC":"Admin-0 country","FCLASS_US":"","FCLASS_FR":"","FCLASS_RU":"","FCLASS_ES":"","FCLASS_CN":"","FCLASS_TW":"","FCLASS_IN":"","FCLASS_NP":"","FCLASS_PK":"","FCLASS_DE":"","FCLASS_GB":"","FCLASS_BR":"","FCLASS_IL":"","FCLASS_PS":"","FCLASS_SA":"","FCLASS_EG":"","FCLASS_MA":"","FCLASS_PT":"","FCLASS_AR":"","FCLASS_JP":"","FCLASS_KO":"","FCLASS_VN":"","FCLASS_TR":"","FCLASS_ID":"","FCLASS_PL":"","FCLASS_GR":"","FCLASS_IT":"","FCLASS_NL":"","FCLASS_SE":"","FCLASS_BD":"","FCLASS_UA":""}}
]}